d_min_beats,scope,fold,score,perf,tol,n_pred,tp,fp,fn,wrong,P,R,F1
0.0,all,train,Beethoven/Piano_Sonatas/11-2/xml_score.musicxml,Beethoven/Piano_Sonatas/11-2/MaximovI04.mid,0.0,736,39,697,127,0,0.052989,0.23494,0.086475
0.0,all,train,Beethoven/Piano_Sonatas/11-2/xml_score.musicxml,Beethoven/Piano_Sonatas/11-2/MaximovI04.mid,1.0,736,85,651,81,0,0.115489,0.512048,0.18847
0.0,all,train,Beethoven/Piano_Sonatas/11-2/xml_score.musicxml,Beethoven/Piano_Sonatas/11-2/MaximovI04.mid,2.0,736,98,638,68,0,0.133152,0.590361,0.217295
0.0,all,val,Beethoven/Piano_Sonatas/21-3/xml_score.musicxml,Beethoven/Piano_Sonatas/21-3/KimSY04M.mid,0.0,714,0,714,7,0,0.0,0.0,0.0
0.0,all,val,Beethoven/Piano_Sonatas/21-3/xml_score.musicxml,Beethoven/Piano_Sonatas/21-3/KimSY04M.mid,1.0,714,6,708,1,0,0.008403,0.857143,0.016644
0.0,all,val,Beethoven/Piano_Sonatas/21-3/xml_score.musicxml,Beethoven/Piano_Sonatas/21-3/KimSY04M.mid,2.0,714,7,707,0,0,0.009804,1.0,0.019417
0.0,all,val,Beethoven/Piano_Sonatas/21-3/xml_score.musicxml,Beethoven/Piano_Sonatas/21-3/Sekino05M.mid,0.0,647,0,647,7,0,0.0,0.0,0.0
0.0,all,val,Beethoven/Piano_Sonatas/21-3/xml_score.musicxml,Beethoven/Piano_Sonatas/21-3/Sekino05M.mid,1.0,647,7,640,0,0,0.010819,1.0,0.021407
0.0,all,val,Beethoven/Piano_Sonatas/21-3/xml_score.musicxml,Beethoven/Piano_Sonatas/21-3/Sekino05M.mid,2.0,647,7,640,0,0,0.010819,1.0,0.021407
0.0,all,val,Beethoven/Piano_Sonatas/21-3/xml_score.musicxml,Beethoven/Piano_Sonatas/21-3/YOO05M.mid,0.0,606,2,604,5,0,0.0033,0.285714,0.006525
0.0,all,val,Beethoven/Piano_Sonatas/21-3/xml_score.musicxml,Beethoven/Piano_Sonatas/21-3/YOO05M.mid,1.0,606,7,599,0,0,0.011551,1.0,0.022838
0.0,all,val,Beethoven/Piano_Sonatas/21-3/xml_score.musicxml,Beethoven/Piano_Sonatas/21-3/YOO05M.mid,2.0,606,7,599,0,0,0.011551,1.0,0.022838
0.0,all,train,Beethoven/Piano_Sonatas/26-2/xml_score.musicxml,Beethoven/Piano_Sonatas/26-2/HONG05M.mid,0.0,257,3,254,0,0,0.011673,1.0,0.023077
0.0,all,train,Beethoven/Piano_Sonatas/26-2/xml_score.musicxml,Beethoven/Piano_Sonatas/26-2/HONG05M.mid,1.0,257,3,254,0,0,0.011673,1.0,0.023077
0.0,all,train,Beethoven/Piano_Sonatas/26-2/xml_score.musicxml,Beethoven/Piano_Sonatas/26-2/HONG05M.mid,2.0,257,3,254,0,0,0.011673,1.0,0.023077
0.0,all,train,Beethoven/Piano_Sonatas/26-2/xml_score.musicxml,Beethoven/Piano_Sonatas/26-2/Huang02.mid,0.0,298,2,296,1,0,0.006711,0.666667,0.013289
0.0,all,train,Beethoven/Piano_Sonatas/26-2/xml_score.musicxml,Beethoven/Piano_Sonatas/26-2/Huang02.mid,1.0,298,3,295,0,0,0.010067,1.0,0.019934
0.0,all,train,Beethoven/Piano_Sonatas/26-2/xml_score.musicxml,Beethoven/Piano_Sonatas/26-2/Huang02.mid,2.0,298,3,295,0,0,0.010067,1.0,0.019934
0.0,all,train,Beethoven/Piano_Sonatas/26-2/xml_score.musicxml,Beethoven/Piano_Sonatas/26-2/LEE_K05M.mid,0.0,278,0,278,3,0,0.0,0.0,0.0
0.0,all,train,Beethoven/Piano_Sonatas/26-2/xml_score.musicxml,Beethoven/Piano_Sonatas/26-2/LEE_K05M.mid,1.0,278,3,275,0,0,0.010791,1.0,0.021352
0.0,all,train,Beethoven/Piano_Sonatas/26-2/xml_score.musicxml,Beethoven/Piano_Sonatas/26-2/LEE_K05M.mid,2.0,278,3,275,0,0,0.010791,1.0,0.021352
0.0,all,train,Beethoven/Piano_Sonatas/26-2/xml_score.musicxml,Beethoven/Piano_Sonatas/26-2/Tysman01.mid,0.0,315,2,313,1,0,0.006349,0.666667,0.012579
0.0,all,train,Beethoven/Piano_Sonatas/26-2/xml_score.musicxml,Beethoven/Piano_Sonatas/26-2/Tysman01.mid,1.0,315,3,312,0,0,0.009524,1.0,0.018868
0.0,all,train,Beethoven/Piano_Sonatas/26-2/xml_score.musicxml,Beethoven/Piano_Sonatas/26-2/Tysman01.mid,2.0,315,3,312,0,0,0.009524,1.0,0.018868
0.0,all,train,Beethoven/Piano_Sonatas/26-2/xml_score.musicxml,Beethoven/Piano_Sonatas/26-2/Zhdanov05.mid,0.0,178,1,177,2,0,0.005618,0.333333,0.01105
0.0,all,train,Beethoven/Piano_Sonatas/26-2/xml_score.musicxml,Beethoven/Piano_Sonatas/26-2/Zhdanov05.mid,1.0,178,2,176,1,0,0.011236,0.666667,0.022099
0.0,all,train,Beethoven/Piano_Sonatas/26-2/xml_score.musicxml,Beethoven/Piano_Sonatas/26-2/Zhdanov05.mid,2.0,178,2,176,1,0,0.011236,0.666667,0.022099
0.0,all,test,Beethoven/Piano_Sonatas/28-1/xml_score.musicxml,Beethoven/Piano_Sonatas/28-1/Atzinger01.mid,0.0,411,1,410,1,0,0.002433,0.5,0.004843
0.0,all,test,Beethoven/Piano_Sonatas/28-1/xml_score.musicxml,Beethoven/Piano_Sonatas/28-1/Atzinger01.mid,1.0,411,2,409,0,0,0.004866,1.0,0.009685
0.0,all,test,Beethoven/Piano_Sonatas/28-1/xml_score.musicxml,Beethoven/Piano_Sonatas/28-1/Atzinger01.mid,2.0,411,2,409,0,0,0.004866,1.0,0.009685
0.0,all,test,Beethoven/Piano_Sonatas/28-1/xml_score.musicxml,Beethoven/Piano_Sonatas/28-1/KimHJ02M.mid,0.0,418,0,418,2,0,0.0,0.0,0.0
0.0,all,test,Beethoven/Piano_Sonatas/28-1/xml_score.musicxml,Beethoven/Piano_Sonatas/28-1/KimHJ02M.mid,1.0,418,2,416,0,0,0.004785,1.0,0.009524
0.0,all,test,Beethoven/Piano_Sonatas/28-1/xml_score.musicxml,Beethoven/Piano_Sonatas/28-1/KimHJ02M.mid,2.0,418,2,416,0,0,0.004785,1.0,0.009524
0.0,all,test,Beethoven/Piano_Sonatas/28-1/xml_score.musicxml,Beethoven/Piano_Sonatas/28-1/KyykhynenT06M.mid,0.0,446,0,446,2,0,0.0,0.0,0.0
0.0,all,test,Beethoven/Piano_Sonatas/28-1/xml_score.musicxml,Beethoven/Piano_Sonatas/28-1/KyykhynenT06M.mid,1.0,446,2,444,0,0,0.004484,1.0,0.008929
0.0,all,test,Beethoven/Piano_Sonatas/28-1/xml_score.musicxml,Beethoven/Piano_Sonatas/28-1/KyykhynenT06M.mid,2.0,446,2,444,0,0,0.004484,1.0,0.008929
0.0,all,test,Beethoven/Piano_Sonatas/28-1/xml_score.musicxml,Beethoven/Piano_Sonatas/28-1/WangY04M.mid,0.0,425,2,423,0,0,0.004706,1.0,0.009368
0.0,all,test,Beethoven/Piano_Sonatas/28-1/xml_score.musicxml,Beethoven/Piano_Sonatas/28-1/WangY04M.mid,1.0,425,2,423,0,0,0.004706,1.0,0.009368
0.0,all,test,Beethoven/Piano_Sonatas/28-1/xml_score.musicxml,Beethoven/Piano_Sonatas/28-1/WangY04M.mid,2.0,425,2,423,0,0,0.004706,1.0,0.009368
0.0,all,test,Beethoven/Piano_Sonatas/28-1/xml_score.musicxml,Beethoven/Piano_Sonatas/28-1/Zhdanov01.mid,0.0,404,1,403,1,0,0.002475,0.5,0.004926
0.0,all,test,Beethoven/Piano_Sonatas/28-1/xml_score.musicxml,Beethoven/Piano_Sonatas/28-1/Zhdanov01.mid,1.0,404,2,402,0,0,0.00495,1.0,0.009852
0.0,all,test,Beethoven/Piano_Sonatas/28-1/xml_score.musicxml,Beethoven/Piano_Sonatas/28-1/Zhdanov01.mid,2.0,404,2,402,0,0,0.00495,1.0,0.009852
0.0,all,train,Beethoven/Piano_Sonatas/29-2/xml_score.musicxml,Beethoven/Piano_Sonatas/29-2/ChowK03.mid,0.0,293,0,293,4,0,0.0,0.0,0.0
0.0,all,train,Beethoven/Piano_Sonatas/29-2/xml_score.musicxml,Beethoven/Piano_Sonatas/29-2/ChowK03.mid,1.0,293,3,290,1,0,0.010239,0.75,0.020202
0.0,all,train,Beethoven/Piano_Sonatas/29-2/xml_score.musicxml,Beethoven/Piano_Sonatas/29-2/ChowK03.mid,2.0,293,4,289,0,0,0.013652,1.0,0.026936
0.0,all,train,Beethoven/Piano_Sonatas/29-3/xml_score.musicxml,Beethoven/Piano_Sonatas/29-3/ChowK04.mid,0.0,1315,2,1313,4,0,0.001521,0.333333,0.003028
0.0,all,train,Beethoven/Piano_Sonatas/29-3/xml_score.musicxml,Beethoven/Piano_Sonatas/29-3/ChowK04.mid,1.0,1315,5,1310,1,0,0.003802,0.833333,0.00757
0.0,all,train,Beethoven/Piano_Sonatas/29-3/xml_score.musicxml,Beethoven/Piano_Sonatas/29-3/ChowK04.mid,2.0,1315,6,1309,0,0,0.004563,1.0,0.009084
0.0,all,test,Beethoven/Piano_Sonatas/29-4/xml_score.musicxml,Beethoven/Piano_Sonatas/29-4/ChowK05M.mid,0.0,1440,2,1438,20,0,0.001389,0.090909,0.002736
0.0,all,test,Beethoven/Piano_Sonatas/29-4/xml_score.musicxml,Beethoven/Piano_Sonatas/29-4/ChowK05M.mid,1.0,1440,18,1422,4,0,0.0125,0.818182,0.024624
0.0,all,test,Beethoven/Piano_Sonatas/29-4/xml_score.musicxml,Beethoven/Piano_Sonatas/29-4/ChowK05M.mid,2.0,1440,20,1420,2,1,0.013889,0.909091,0.02736
0.0,all,test,Chopin/Ballades/1/xml_score.musicxml,Chopin/Ballades/1/Ali01.mid,0.0,668,54,614,411,0,0.080838,0.116129,0.095322
0.0,all,test,Chopin/Ballades/1/xml_score.musicxml,Chopin/Ballades/1/Ali01.mid,1.0,668,327,341,138,7,0.489521,0.703226,0.577229
0.0,all,test,Chopin/Ballades/1/xml_score.musicxml,Chopin/Ballades/1/Ali01.mid,2.0,668,387,281,78,0,0.579341,0.832258,0.683142
0.0,all,test,Chopin/Ballades/1/xml_score.musicxml,Chopin/Ballades/1/BuiJL04M.mid,0.0,827,57,770,408,0,0.068924,0.122581,0.088235
0.0,all,test,Chopin/Ballades/1/xml_score.musicxml,Chopin/Ballades/1/BuiJL04M.mid,1.0,827,385,442,80,5,0.465538,0.827957,0.595975
0.0,all,test,Chopin/Ballades/1/xml_score.musicxml,Chopin/Ballades/1/BuiJL04M.mid,2.0,827,419,408,46,1,0.506651,0.901075,0.648607
0.0,all,test,Chopin/Ballades/1/xml_score.musicxml,Chopin/Ballades/1/Day04.mid,0.0,862,71,791,394,0,0.082367,0.152688,0.107008
0.0,all,test,Chopin/Ballades/1/xml_score.musicxml,Chopin/Ballades/1/Day04.mid,1.0,862,360,502,105,23,0.417633,0.774194,0.542577
0.0,all,test,Chopin/Ballades/1/xml_score.musicxml,Chopin/Ballades/1/Day04.mid,2.0,862,423,439,42,3,0.490719,0.909677,0.637528
0.0,all,test,Chopin/Ballades/1/xml_score.musicxml,Chopin/Ballades/1/Dossin05.mid,0.0,664,37,627,428,0,0.055723,0.07957,0.065545
0.0,all,test,Chopin/Ballades/1/xml_score.musicxml,Chopin/Ballades/1/Dossin05.mid,1.0,664,298,366,167,7,0.448795,0.64086,0.527901
0.0,all,test,Chopin/Ballades/1/xml_score.musicxml,Chopin/Ballades/1/Dossin05.mid,2.0,664,338,326,127,2,0.509036,0.726882,0.59876
0.0,all,test,Chopin/Ballades/1/xml_score.musicxml,Chopin/Ballades/1/JIA06M.mid,0.0,775,43,732,422,0,0.055484,0.092473,0.069355
0.0,all,test,Chopin/Ballades/1/xml_score.musicxml,Chopin/Ballades/1/JIA06M.mid,1.0,775,336,439,129,13,0.433548,0.722581,0.541935
0.0,all,test,Chopin/Ballades/1/xml_score.musicxml,Chopin/Ballades/1/JIA06M.mid,2.0,775,405,370,60,2,0.522581,0.870968,0.653226
0.0,all,test,Chopin/Ballades/1/xml_score.musicxml,Chopin/Ballades/1/KimSuyeon04M.mid,0.0,853,35,818,430,0,0.041032,0.075269,0.053111
0.0,all,test,Chopin/Ballades/1/xml_score.musicxml,Chopin/Ballades/1/KimSuyeon04M.mid,1.0,853,353,500,112,10,0.413834,0.75914,0.53566
0.0,all,test,Chopin/Ballades/1/xml_score.musicxml,Chopin/Ballades/1/KimSuyeon04M.mid,2.0,853,425,428,40,1,0.498242,0.913978,0.644917
0.0,all,test,Chopin/Ballades/1/xml_score.musicxml,Chopin/Ballades/1/LeeKoeun03.mid,0.0,795,51,744,414,0,0.064151,0.109677,0.080952
0.0,all,test,Chopin/Ballades/1/xml_score.musicxml,Chopin/Ballades/1/LeeKoeun03.mid,1.0,795,321,474,144,14,0.403774,0.690323,0.509524
0.0,all,test,Chopin/Ballades/1/xml_score.musicxml,Chopin/Ballades/1/LeeKoeun03.mid,2.0,795,405,390,60,4,0.509434,0.870968,0.642857
0.0,all,test,Chopin/Ballades/1/xml_score.musicxml,Chopin/Ballades/1/LeeKoeun06.mid,0.0,759,36,723,429,0,0.047431,0.077419,0.058824
0.0,all,test,Chopin/Ballades/1/xml_score.musicxml,Chopin/Ballades/1/LeeKoeun06.mid,1.0,759,307,452,158,21,0.40448,0.660215,0.501634
0.0,all,test,Chopin/Ballades/1/xml_score.musicxml,Chopin/Ballades/1/LeeKoeun06.mid,2.0,759,400,359,65,2,0.527009,0.860215,0.653595
0.0,all,test,Chopin/Ballades/1/xml_score.musicxml,Chopin/Ballades/1/LinTao04.mid,0.0,807,62,745,403,0,0.076828,0.133333,0.097484
0.0,all,test,Chopin/Ballades/1/xml_score.musicxml,Chopin/Ballades/1/LinTao04.mid,1.0,807,356,451,109,22,0.44114,0.765591,0.559748
0.0,all,test,Chopin/Ballades/1/xml_score.musicxml,Chopin/Ballades/1/LinTao04.mid,2.0,807,433,374,32,3,0.536555,0.931183,0.680818
0.0,all,test,Chopin/Ballades/1/xml_score.musicxml,Chopin/Ballades/1/McNamara02.mid,0.0,786,34,752,431,0,0.043257,0.073118,0.054357
0.0,all,test,Chopin/Ballades/1/xml_score.musicxml,Chopin/Ballades/1/McNamara02.mid,1.0,786,354,432,111,11,0.450382,0.76129,0.565947
0.0,all,test,Chopin/Ballades/1/xml_score.musicxml,Chopin/Ballades/1/McNamara02.mid,2.0,786,423,363,42,2,0.538168,0.909677,0.676259
0.0,all,test,Chopin/Ballades/1/xml_score.musicxml,Chopin/Ballades/1/Mo07M.mid,0.0,814,71,743,394,0,0.087224,0.152688,0.111024
0.0,all,test,Chopin/Ballades/1/xml_score.musicxml,Chopin/Ballades/1/Mo07M.mid,1.0,814,373,441,92,14,0.458231,0.802151,0.583268
0.0,all,test,Chopin/Ballades/1/xml_score.musicxml,Chopin/Ballades/1/Mo07M.mid,2.0,814,436,378,29,0,0.535627,0.937634,0.681783
0.0,all,test,Chopin/Ballades/1/xml_score.musicxml,Chopin/Ballades/1/MunA19M.mid,0.0,737,40,697,425,0,0.054274,0.086022,0.066556
0.0,all,test,Chopin/Ballades/1/xml_score.musicxml,Chopin/Ballades/1/MunA19M.mid,1.0,737,244,493,221,38,0.331072,0.524731,0.40599
0.0,all,test,Chopin/Ballades/1/xml_score.musicxml,Chopin/Ballades/1/MunA19M.mid,2.0,737,339,398,126,12,0.459973,0.729032,0.56406
0.0,all,test,Chopin/Ballades/1/xml_score.musicxml,Chopin/Ballades/1/Richardson13M.mid,0.0,760,53,707,412,0,0.069737,0.113978,0.086531
0.0,all,test,Chopin/Ballades/1/xml_score.musicxml,Chopin/Ballades/1/Richardson13M.mid,1.0,760,331,429,134,26,0.435526,0.711828,0.540408
0.0,all,test,Chopin/Ballades/1/xml_score.musicxml,Chopin/Ballades/1/Richardson13M.mid,2.0,760,424,336,41,3,0.557895,0.911828,0.692245
0.0,all,test,Chopin/Ballades/1/xml_score.musicxml,Chopin/Ballades/1/SINKEV05.mid,0.0,952,31,921,434,0,0.032563,0.066667,0.043754
0.0,all,test,Chopin/Ballades/1/xml_score.musicxml,Chopin/Ballades/1/SINKEV05.mid,1.0,952,394,558,71,3,0.413866,0.847312,0.556104
0.0,all,test,Chopin/Ballades/1/xml_score.musicxml,Chopin/Ballades/1/SINKEV05.mid,2.0,952,433,519,32,1,0.454832,0.931183,0.61115
0.0,all,test,Chopin/Ballades/1/xml_score.musicxml,Chopin/Ballades/1/SINKEV11.mid,0.0,918,39,879,426,0,0.042484,0.083871,0.056399
0.0,all,test,Chopin/Ballades/1/xml_score.musicxml,Chopin/Ballades/1/SINKEV11.mid,1.0,918,381,537,84,9,0.415033,0.819355,0.550976
0.0,all,test,Chopin/Ballades/1/xml_score.musicxml,Chopin/Ballades/1/SINKEV11.mid,2.0,918,431,487,34,0,0.469499,0.926882,0.623283
0.0,all,test,Chopin/Ballades/1/xml_score.musicxml,Chopin/Ballades/1/Sladek04M.mid,0.0,743,31,712,434,0,0.041723,0.066667,0.051325
0.0,all,test,Chopin/Ballades/1/xml_score.musicxml,Chopin/Ballades/1/Sladek04M.mid,1.0,743,348,395,117,17,0.468371,0.748387,0.576159
0.0,all,test,Chopin/Ballades/1/xml_score.musicxml,Chopin/Ballades/1/Sladek04M.mid,2.0,743,425,318,40,1,0.572005,0.913978,0.703642
0.0,all,test,Chopin/Ballades/1/xml_score.musicxml,Chopin/Ballades/1/YeSijing01.mid,0.0,812,75,737,390,0,0.092365,0.16129,0.117463
0.0,all,test,Chopin/Ballades/1/xml_score.musicxml,Chopin/Ballades/1/YeSijing01.mid,1.0,812,384,428,81,16,0.472906,0.825806,0.60141
0.0,all,test,Chopin/Ballades/1/xml_score.musicxml,Chopin/Ballades/1/YeSijing01.mid,2.0,812,442,370,23,1,0.544335,0.950538,0.692247
0.0,all,test,Chopin/Ballades/1/xml_score.musicxml,Chopin/Ballades/1/Zhou06M.mid,0.0,819,54,765,411,0,0.065934,0.116129,0.084112
0.0,all,test,Chopin/Ballades/1/xml_score.musicxml,Chopin/Ballades/1/Zhou06M.mid,1.0,819,383,436,82,17,0.467643,0.823656,0.596573
0.0,all,test,Chopin/Ballades/1/xml_score.musicxml,Chopin/Ballades/1/Zhou06M.mid,2.0,819,442,377,23,0,0.539683,0.950538,0.688474
0.0,all,train,Chopin/Ballades/3/xml_score.musicxml,Chopin/Ballades/3/Ko11M.mid,0.0,858,156,702,322,0,0.181818,0.32636,0.233533
0.0,all,train,Chopin/Ballades/3/xml_score.musicxml,Chopin/Ballades/3/Ko11M.mid,1.0,858,434,424,44,2,0.505828,0.90795,0.649701
0.0,all,train,Chopin/Ballades/3/xml_score.musicxml,Chopin/Ballades/3/Ko11M.mid,2.0,858,468,390,10,0,0.545455,0.979079,0.700599
0.0,all,train,Chopin/Ballades/3/xml_score.musicxml,Chopin/Ballades/3/LinPeng06M.mid,0.0,718,116,602,362,0,0.16156,0.242678,0.19398
0.0,all,train,Chopin/Ballades/3/xml_score.musicxml,Chopin/Ballades/3/LinPeng06M.mid,1.0,718,418,300,60,2,0.582173,0.874477,0.698997
0.0,all,train,Chopin/Ballades/3/xml_score.musicxml,Chopin/Ballades/3/LinPeng06M.mid,2.0,718,447,271,31,1,0.622563,0.935146,0.747492
0.0,all,train,Chopin/Ballades/3/xml_score.musicxml,Chopin/Ballades/3/Tan02.mid,0.0,846,158,688,320,0,0.186761,0.330544,0.238671
0.0,all,train,Chopin/Ballades/3/xml_score.musicxml,Chopin/Ballades/3/Tan02.mid,1.0,846,454,392,24,0,0.536643,0.949791,0.685801
0.0,all,train,Chopin/Ballades/3/xml_score.musicxml,Chopin/Ballades/3/Tan02.mid,2.0,846,472,374,6,0,0.55792,0.987448,0.712991
0.0,all,train,Chopin/Barcarolle/xml_score.musicxml,Chopin/Barcarolle/Kociuban13.mid,0.0,648,42,606,413,0,0.064815,0.092308,0.076156
0.0,all,train,Chopin/Barcarolle/xml_score.musicxml,Chopin/Barcarolle/Kociuban13.mid,1.0,648,401,247,54,4,0.618827,0.881319,0.727108
0.0,all,train,Chopin/Barcarolle/xml_score.musicxml,Chopin/Barcarolle/Kociuban13.mid,2.0,648,435,213,20,0,0.671296,0.956044,0.788758
0.0,all,train,Chopin/Barcarolle/xml_score.musicxml,Chopin/Barcarolle/LeeSH05M.mid,0.0,769,39,730,416,0,0.050715,0.085714,0.063725
0.0,all,train,Chopin/Barcarolle/xml_score.musicxml,Chopin/Barcarolle/LeeSH05M.mid,1.0,769,410,359,45,2,0.53316,0.901099,0.669935
0.0,all,train,Chopin/Barcarolle/xml_score.musicxml,Chopin/Barcarolle/LeeSH05M.mid,2.0,769,433,336,22,2,0.563069,0.951648,0.707516
0.0,all,train,Chopin/Barcarolle/xml_score.musicxml,Chopin/Barcarolle/Na03.mid,0.0,638,59,579,396,0,0.092476,0.12967,0.10796
0.0,all,train,Chopin/Barcarolle/xml_score.musicxml,Chopin/Barcarolle/Na03.mid,1.0,638,396,242,59,0,0.62069,0.87033,0.724611
0.0,all,train,Chopin/Barcarolle/xml_score.musicxml,Chopin/Barcarolle/Na03.mid,2.0,638,416,222,39,1,0.652038,0.914286,0.761208
0.0,all,train,Chopin/Barcarolle/xml_score.musicxml,Chopin/Barcarolle/Na09M.mid,0.0,719,52,667,403,0,0.072323,0.114286,0.088586
0.0,all,train,Chopin/Barcarolle/xml_score.musicxml,Chopin/Barcarolle/Na09M.mid,1.0,719,415,304,40,3,0.577191,0.912088,0.706985
0.0,all,train,Chopin/Barcarolle/xml_score.musicxml,Chopin/Barcarolle/Na09M.mid,2.0,719,437,282,18,0,0.607789,0.96044,0.744463
0.0,all,train,Chopin/Barcarolle/xml_score.musicxml,Chopin/Barcarolle/Ozel10M.mid,0.0,763,60,703,395,0,0.078637,0.131868,0.098522
0.0,all,train,Chopin/Barcarolle/xml_score.musicxml,Chopin/Barcarolle/Ozel10M.mid,1.0,763,423,340,32,4,0.554391,0.92967,0.694581
0.0,all,train,Chopin/Barcarolle/xml_score.musicxml,Chopin/Barcarolle/Ozel10M.mid,2.0,763,445,318,10,3,0.583224,0.978022,0.730706
0.0,all,train,Chopin/Barcarolle/xml_score.musicxml,Chopin/Barcarolle/Park10M.mid,0.0,582,56,526,399,0,0.09622,0.123077,0.108004
0.0,all,train,Chopin/Barcarolle/xml_score.musicxml,Chopin/Barcarolle/Park10M.mid,1.0,582,324,258,131,4,0.556701,0.712088,0.624879
0.0,all,train,Chopin/Barcarolle/xml_score.musicxml,Chopin/Barcarolle/Park10M.mid,2.0,582,355,227,100,5,0.609966,0.78022,0.684667
0.0,all,train,Chopin/Barcarolle/xml_score.musicxml,Chopin/Barcarolle/Rozanski07M.mid,0.0,358,55,303,400,0,0.153631,0.120879,0.135301
0.0,all,train,Chopin/Barcarolle/xml_score.musicxml,Chopin/Barcarolle/Rozanski07M.mid,1.0,358,252,106,203,2,0.703911,0.553846,0.619926
0.0,all,train,Chopin/Barcarolle/xml_score.musicxml,Chopin/Barcarolle/Rozanski07M.mid,2.0,358,274,84,181,1,0.765363,0.602198,0.674047
0.0,all,train,Chopin/Barcarolle/xml_score.musicxml,Chopin/Barcarolle/Verbaite03.mid,0.0,780,78,702,377,0,0.1,0.171429,0.126316
0.0,all,train,Chopin/Barcarolle/xml_score.musicxml,Chopin/Barcarolle/Verbaite03.mid,1.0,780,424,356,31,4,0.54359,0.931868,0.68664
0.0,all,train,Chopin/Barcarolle/xml_score.musicxml,Chopin/Barcarolle/Verbaite03.mid,2.0,780,448,332,7,1,0.574359,0.984615,0.725506
0.0,all,train,Chopin/Barcarolle/xml_score.musicxml,Chopin/Barcarolle/Wilshire04.mid,0.0,857,71,786,384,0,0.082847,0.156044,0.108232
0.0,all,train,Chopin/Barcarolle/xml_score.musicxml,Chopin/Barcarolle/Wilshire04.mid,1.0,857,423,434,32,1,0.493582,0.92967,0.644817
0.0,all,train,Chopin/Barcarolle/xml_score.musicxml,Chopin/Barcarolle/Wilshire04.mid,2.0,857,443,414,12,0,0.516919,0.973626,0.675305
0.0,all,train,Chopin/Etudes_op_10/1/xml_score.musicxml,Chopin/Etudes_op_10/1/Avdeeva02.mid,0.0,158,0,158,5,0,0.0,0.0,0.0
0.0,all,train,Chopin/Etudes_op_10/1/xml_score.musicxml,Chopin/Etudes_op_10/1/Avdeeva02.mid,1.0,158,3,155,2,0,0.018987,0.6,0.03681
0.0,all,train,Chopin/Etudes_op_10/1/xml_score.musicxml,Chopin/Etudes_op_10/1/Avdeeva02.mid,2.0,158,3,155,2,0,0.018987,0.6,0.03681
0.0,all,train,Chopin/Etudes_op_10/1/xml_score.musicxml,Chopin/Etudes_op_10/1/ChenW03M.mid,0.0,138,0,138,5,0,0.0,0.0,0.0
0.0,all,train,Chopin/Etudes_op_10/1/xml_score.musicxml,Chopin/Etudes_op_10/1/ChenW03M.mid,1.0,138,2,136,3,0,0.014493,0.4,0.027972
0.0,all,train,Chopin/Etudes_op_10/1/xml_score.musicxml,Chopin/Etudes_op_10/1/ChenW03M.mid,2.0,138,2,136,3,0,0.014493,0.4,0.027972
0.0,all,train,Chopin/Etudes_op_10/1/xml_score.musicxml,Chopin/Etudes_op_10/1/HSU02.mid,0.0,177,3,174,2,0,0.016949,0.6,0.032967
0.0,all,train,Chopin/Etudes_op_10/1/xml_score.musicxml,Chopin/Etudes_op_10/1/HSU02.mid,1.0,177,4,173,1,0,0.022599,0.8,0.043956
0.0,all,train,Chopin/Etudes_op_10/1/xml_score.musicxml,Chopin/Etudes_op_10/1/HSU02.mid,2.0,177,4,173,1,0,0.022599,0.8,0.043956
0.0,all,train,Chopin/Etudes_op_10/1/xml_score.musicxml,Chopin/Etudes_op_10/1/ISHIDA04.mid,0.0,185,1,184,4,0,0.005405,0.2,0.010526
0.0,all,train,Chopin/Etudes_op_10/1/xml_score.musicxml,Chopin/Etudes_op_10/1/ISHIDA04.mid,1.0,185,3,182,2,1,0.016216,0.6,0.031579
0.0,all,train,Chopin/Etudes_op_10/1/xml_score.musicxml,Chopin/Etudes_op_10/1/ISHIDA04.mid,2.0,185,3,182,2,1,0.016216,0.6,0.031579
0.0,all,train,Chopin/Etudes_op_10/1/xml_score.musicxml,Chopin/Etudes_op_10/1/Jussow03.mid,0.0,150,0,150,5,0,0.0,0.0,0.0
0.0,all,train,Chopin/Etudes_op_10/1/xml_score.musicxml,Chopin/Etudes_op_10/1/Jussow03.mid,1.0,150,2,148,3,1,0.013333,0.4,0.025806
0.0,all,train,Chopin/Etudes_op_10/1/xml_score.musicxml,Chopin/Etudes_op_10/1/Jussow03.mid,2.0,150,2,148,3,1,0.013333,0.4,0.025806
0.0,all,train,Chopin/Etudes_op_10/1/xml_score.musicxml,Chopin/Etudes_op_10/1/KaiRuiR03M.mid,0.0,150,1,149,4,0,0.006667,0.2,0.012903
0.0,all,train,Chopin/Etudes_op_10/1/xml_score.musicxml,Chopin/Etudes_op_10/1/KaiRuiR03M.mid,1.0,150,2,148,3,1,0.013333,0.4,0.025806
0.0,all,train,Chopin/Etudes_op_10/1/xml_score.musicxml,Chopin/Etudes_op_10/1/KaiRuiR03M.mid,2.0,150,2,148,3,1,0.013333,0.4,0.025806
0.0,all,train,Chopin/Etudes_op_10/1/xml_score.musicxml,Chopin/Etudes_op_10/1/LeeHanchien02.mid,0.0,167,0,167,5,0,0.0,0.0,0.0
0.0,all,train,Chopin/Etudes_op_10/1/xml_score.musicxml,Chopin/Etudes_op_10/1/LeeHanchien02.mid,1.0,167,3,164,2,1,0.017964,0.6,0.034884
0.0,all,train,Chopin/Etudes_op_10/1/xml_score.musicxml,Chopin/Etudes_op_10/1/LeeHanchien02.mid,2.0,167,3,164,2,1,0.017964,0.6,0.034884
0.0,all,train,Chopin/Etudes_op_10/1/xml_score.musicxml,Chopin/Etudes_op_10/1/LiYZ02M.mid,0.0,166,2,164,3,0,0.012048,0.4,0.023392
0.0,all,train,Chopin/Etudes_op_10/1/xml_score.musicxml,Chopin/Etudes_op_10/1/LiYZ02M.mid,1.0,166,4,162,1,0,0.024096,0.8,0.046784
0.0,all,train,Chopin/Etudes_op_10/1/xml_score.musicxml,Chopin/Etudes_op_10/1/LiYZ02M.mid,2.0,166,4,162,1,0,0.024096,0.8,0.046784
0.0,all,train,Chopin/Etudes_op_10/1/xml_score.musicxml,Chopin/Etudes_op_10/1/LuM02M.mid,0.0,261,2,259,3,0,0.007663,0.4,0.015038
0.0,all,train,Chopin/Etudes_op_10/1/xml_score.musicxml,Chopin/Etudes_op_10/1/LuM02M.mid,1.0,261,5,256,0,0,0.019157,1.0,0.037594
0.0,all,train,Chopin/Etudes_op_10/1/xml_score.musicxml,Chopin/Etudes_op_10/1/LuM02M.mid,2.0,261,5,256,0,0,0.019157,1.0,0.037594
0.0,all,train,Chopin/Etudes_op_10/1/xml_score.musicxml,Chopin/Etudes_op_10/1/Mikhailoff05.mid,0.0,157,0,157,5,0,0.0,0.0,0.0
0.0,all,train,Chopin/Etudes_op_10/1/xml_score.musicxml,Chopin/Etudes_op_10/1/Mikhailoff05.mid,1.0,157,2,155,3,0,0.012739,0.4,0.024691
0.0,all,train,Chopin/Etudes_op_10/1/xml_score.musicxml,Chopin/Etudes_op_10/1/Mikhailoff05.mid,2.0,157,2,155,3,0,0.012739,0.4,0.024691
0.0,all,train,Chopin/Etudes_op_10/1/xml_score.musicxml,Chopin/Etudes_op_10/1/MorozovS02.mid,0.0,155,1,154,4,0,0.006452,0.2,0.0125
0.0,all,train,Chopin/Etudes_op_10/1/xml_score.musicxml,Chopin/Etudes_op_10/1/MorozovS02.mid,1.0,155,3,152,2,0,0.019355,0.6,0.0375
0.0,all,train,Chopin/Etudes_op_10/1/xml_score.musicxml,Chopin/Etudes_op_10/1/MorozovS02.mid,2.0,155,3,152,2,0,0.019355,0.6,0.0375
0.0,all,train,Chopin/Etudes_op_10/1/xml_score.musicxml,Chopin/Etudes_op_10/1/MunA07M.mid,0.0,153,1,152,4,0,0.006536,0.2,0.012658
0.0,all,train,Chopin/Etudes_op_10/1/xml_score.musicxml,Chopin/Etudes_op_10/1/MunA07M.mid,1.0,153,3,150,2,0,0.019608,0.6,0.037975
0.0,all,train,Chopin/Etudes_op_10/1/xml_score.musicxml,Chopin/Etudes_op_10/1/MunA07M.mid,2.0,153,3,150,2,0,0.019608,0.6,0.037975
0.0,all,train,Chopin/Etudes_op_10/1/xml_score.musicxml,Chopin/Etudes_op_10/1/NAKAJI02.mid,0.0,166,1,165,4,0,0.006024,0.2,0.011696
0.0,all,train,Chopin/Etudes_op_10/1/xml_score.musicxml,Chopin/Etudes_op_10/1/NAKAJI02.mid,1.0,166,4,162,1,0,0.024096,0.8,0.046784
0.0,all,train,Chopin/Etudes_op_10/1/xml_score.musicxml,Chopin/Etudes_op_10/1/NAKAJI02.mid,2.0,166,4,162,1,0,0.024096,0.8,0.046784
0.0,all,train,Chopin/Etudes_op_10/1/xml_score.musicxml,Chopin/Etudes_op_10/1/Park02.mid,0.0,166,0,166,5,0,0.0,0.0,0.0
0.0,all,train,Chopin/Etudes_op_10/1/xml_score.musicxml,Chopin/Etudes_op_10/1/Park02.mid,1.0,166,2,164,3,1,0.012048,0.4,0.023392
0.0,all,train,Chopin/Etudes_op_10/1/xml_score.musicxml,Chopin/Etudes_op_10/1/Park02.mid,2.0,166,3,163,2,1,0.018072,0.6,0.035088
0.0,all,train,Chopin/Etudes_op_10/1/xml_score.musicxml,Chopin/Etudes_op_10/1/Savitski03.mid,0.0,138,0,138,5,0,0.0,0.0,0.0
0.0,all,train,Chopin/Etudes_op_10/1/xml_score.musicxml,Chopin/Etudes_op_10/1/Savitski03.mid,1.0,138,2,136,3,1,0.014493,0.4,0.027972
0.0,all,train,Chopin/Etudes_op_10/1/xml_score.musicxml,Chopin/Etudes_op_10/1/Savitski03.mid,2.0,138,2,136,3,1,0.014493,0.4,0.027972
0.0,all,train,Chopin/Etudes_op_10/1/xml_score.musicxml,Chopin/Etudes_op_10/1/Shelest02.mid,0.0,152,0,152,5,0,0.0,0.0,0.0
0.0,all,train,Chopin/Etudes_op_10/1/xml_score.musicxml,Chopin/Etudes_op_10/1/Shelest02.mid,1.0,152,2,150,3,1,0.013158,0.4,0.025478
0.0,all,train,Chopin/Etudes_op_10/1/xml_score.musicxml,Chopin/Etudes_op_10/1/Shelest02.mid,2.0,152,2,150,3,1,0.013158,0.4,0.025478
0.0,all,train,Chopin/Etudes_op_10/1/xml_score.musicxml,Chopin/Etudes_op_10/1/Stahievitch03.mid,0.0,162,0,162,5,0,0.0,0.0,0.0
0.0,all,train,Chopin/Etudes_op_10/1/xml_score.musicxml,Chopin/Etudes_op_10/1/Stahievitch03.mid,1.0,162,3,159,2,0,0.018519,0.6,0.035928
0.0,all,train,Chopin/Etudes_op_10/1/xml_score.musicxml,Chopin/Etudes_op_10/1/Stahievitch03.mid,2.0,162,3,159,2,0,0.018519,0.6,0.035928
0.0,all,train,Chopin/Etudes_op_10/1/xml_score.musicxml,Chopin/Etudes_op_10/1/SunY03M.mid,0.0,163,1,162,4,0,0.006135,0.2,0.011905
0.0,all,train,Chopin/Etudes_op_10/1/xml_score.musicxml,Chopin/Etudes_op_10/1/SunY03M.mid,1.0,163,2,161,3,1,0.01227,0.4,0.02381
0.0,all,train,Chopin/Etudes_op_10/1/xml_score.musicxml,Chopin/Etudes_op_10/1/SunY03M.mid,2.0,163,2,161,3,1,0.01227,0.4,0.02381
0.0,all,train,Chopin/Etudes_op_10/1/xml_score.musicxml,Chopin/Etudes_op_10/1/Terenkova02.mid,0.0,171,1,170,4,0,0.005848,0.2,0.011364
0.0,all,train,Chopin/Etudes_op_10/1/xml_score.musicxml,Chopin/Etudes_op_10/1/Terenkova02.mid,1.0,171,3,168,2,0,0.017544,0.6,0.034091
0.0,all,train,Chopin/Etudes_op_10/1/xml_score.musicxml,Chopin/Etudes_op_10/1/Terenkova02.mid,2.0,171,3,168,2,0,0.017544,0.6,0.034091
0.0,all,train,Chopin/Etudes_op_10/1/xml_score.musicxml,Chopin/Etudes_op_10/1/Tysman02.mid,0.0,176,0,176,5,0,0.0,0.0,0.0
0.0,all,train,Chopin/Etudes_op_10/1/xml_score.musicxml,Chopin/Etudes_op_10/1/Tysman02.mid,1.0,176,2,174,3,1,0.011364,0.4,0.022099
0.0,all,train,Chopin/Etudes_op_10/1/xml_score.musicxml,Chopin/Etudes_op_10/1/Tysman02.mid,2.0,176,3,173,2,1,0.017045,0.6,0.033149
0.0,all,train,Chopin/Etudes_op_10/1/xml_score.musicxml,Chopin/Etudes_op_10/1/Verbaite02.mid,0.0,166,3,163,2,0,0.018072,0.6,0.035088
0.0,all,train,Chopin/Etudes_op_10/1/xml_score.musicxml,Chopin/Etudes_op_10/1/Verbaite02.mid,1.0,166,4,162,1,0,0.024096,0.8,0.046784
0.0,all,train,Chopin/Etudes_op_10/1/xml_score.musicxml,Chopin/Etudes_op_10/1/Verbaite02.mid,2.0,166,4,162,1,1,0.024096,0.8,0.046784
0.0,all,train,Chopin/Etudes_op_10/1/xml_score.musicxml,Chopin/Etudes_op_10/1/YeF03M.mid,0.0,170,0,170,5,0,0.0,0.0,0.0
0.0,all,train,Chopin/Etudes_op_10/1/xml_score.musicxml,Chopin/Etudes_op_10/1/YeF03M.mid,1.0,170,2,168,3,0,0.011765,0.4,0.022857
0.0,all,train,Chopin/Etudes_op_10/1/xml_score.musicxml,Chopin/Etudes_op_10/1/YeF03M.mid,2.0,170,2,168,3,0,0.011765,0.4,0.022857
0.0,all,train,Chopin/Etudes_op_10/1/xml_score.musicxml,Chopin/Etudes_op_10/1/YuP02M.mid,0.0,152,2,150,3,0,0.013158,0.4,0.025478
0.0,all,train,Chopin/Etudes_op_10/1/xml_score.musicxml,Chopin/Etudes_op_10/1/YuP02M.mid,1.0,152,3,149,2,1,0.019737,0.6,0.038217
0.0,all,train,Chopin/Etudes_op_10/1/xml_score.musicxml,Chopin/Etudes_op_10/1/YuP02M.mid,2.0,152,3,149,2,1,0.019737,0.6,0.038217
0.0,all,train,Chopin/Etudes_op_10/1/xml_score.musicxml,Chopin/Etudes_op_10/1/Zhdanov02.mid,0.0,160,0,160,5,0,0.0,0.0,0.0
0.0,all,train,Chopin/Etudes_op_10/1/xml_score.musicxml,Chopin/Etudes_op_10/1/Zhdanov02.mid,1.0,160,2,158,3,1,0.0125,0.4,0.024242
0.0,all,train,Chopin/Etudes_op_10/1/xml_score.musicxml,Chopin/Etudes_op_10/1/Zhdanov02.mid,2.0,160,2,158,3,1,0.0125,0.4,0.024242
0.0,all,train,Chopin/Etudes_op_10/1/xml_score.musicxml,Chopin/Etudes_op_10/1/Zukiewicz02.mid,0.0,163,1,162,4,0,0.006135,0.2,0.011905
0.0,all,train,Chopin/Etudes_op_10/1/xml_score.musicxml,Chopin/Etudes_op_10/1/Zukiewicz02.mid,1.0,163,2,161,3,0,0.01227,0.4,0.02381
0.0,all,train,Chopin/Etudes_op_10/1/xml_score.musicxml,Chopin/Etudes_op_10/1/Zukiewicz02.mid,2.0,163,2,161,3,0,0.01227,0.4,0.02381
0.0,all,train,Chopin/Etudes_op_10/10/xml_score.musicxml,Chopin/Etudes_op_10/10/Na_2009_02.mid,0.0,327,66,261,220,0,0.201835,0.230769,0.215334
0.0,all,train,Chopin/Etudes_op_10/10/xml_score.musicxml,Chopin/Etudes_op_10/10/Na_2009_02.mid,1.0,327,265,62,21,0,0.810398,0.926573,0.8646
0.0,all,train,Chopin/Etudes_op_10/10/xml_score.musicxml,Chopin/Etudes_op_10/10/Na_2009_02.mid,2.0,327,272,55,14,0,0.831804,0.951049,0.887439
0.0,all,train,Chopin/Etudes_op_10/10/xml_score.musicxml,Chopin/Etudes_op_10/10/WangH02M.mid,0.0,277,152,125,134,0,0.548736,0.531469,0.539964
0.0,all,train,Chopin/Etudes_op_10/10/xml_score.musicxml,Chopin/Etudes_op_10/10/WangH02M.mid,1.0,277,259,18,27,1,0.935018,0.905594,0.920071
0.0,all,train,Chopin/Etudes_op_10/10/xml_score.musicxml,Chopin/Etudes_op_10/10/WangH02M.mid,2.0,277,267,10,19,0,0.963899,0.933566,0.94849
0.0,all,train,Chopin/Etudes_op_10/10/xml_score.musicxml,Chopin/Etudes_op_10/10/Wilshire02.mid,0.0,439,124,315,162,0,0.28246,0.433566,0.342069
0.0,all,train,Chopin/Etudes_op_10/10/xml_score.musicxml,Chopin/Etudes_op_10/10/Wilshire02.mid,1.0,439,263,176,23,0,0.599089,0.91958,0.725517
0.0,all,train,Chopin/Etudes_op_10/10/xml_score.musicxml,Chopin/Etudes_op_10/10/Wilshire02.mid,2.0,439,271,168,15,0,0.617312,0.947552,0.747586
0.0,all,train,Chopin/Etudes_op_10/10/xml_score.musicxml,Chopin/Etudes_op_10/10/Yanagitani02.mid,0.0,312,146,166,140,0,0.467949,0.51049,0.488294
0.0,all,train,Chopin/Etudes_op_10/10/xml_score.musicxml,Chopin/Etudes_op_10/10/Yanagitani02.mid,1.0,312,268,44,18,1,0.858974,0.937063,0.896321
0.0,all,train,Chopin/Etudes_op_10/10/xml_score.musicxml,Chopin/Etudes_op_10/10/Yanagitani02.mid,2.0,312,273,39,13,0,0.875,0.954545,0.913043
0.0,all,train,Chopin/Etudes_op_10/5/xml_score.musicxml,Chopin/Etudes_op_10/5/Bach02.mid,0.0,202,1,201,11,0,0.00495,0.083333,0.009346
0.0,all,train,Chopin/Etudes_op_10/5/xml_score.musicxml,Chopin/Etudes_op_10/5/Bach02.mid,1.0,202,7,195,5,2,0.034653,0.583333,0.065421
0.0,all,train,Chopin/Etudes_op_10/5/xml_score.musicxml,Chopin/Etudes_op_10/5/Bach02.mid,2.0,202,10,192,2,0,0.049505,0.833333,0.093458
0.0,all,train,Chopin/Etudes_op_10/5/xml_score.musicxml,Chopin/Etudes_op_10/5/Feiner_2006_02.mid,0.0,321,4,317,8,0,0.012461,0.333333,0.024024
0.0,all,train,Chopin/Etudes_op_10/5/xml_score.musicxml,Chopin/Etudes_op_10/5/Feiner_2006_02.mid,1.0,321,9,312,3,0,0.028037,0.75,0.054054
0.0,all,train,Chopin/Etudes_op_10/5/xml_score.musicxml,Chopin/Etudes_op_10/5/Feiner_2006_02.mid,2.0,321,11,310,1,0,0.034268,0.916667,0.066066
0.0,all,train,Chopin/Etudes_op_10/5/xml_score.musicxml,Chopin/Etudes_op_10/5/KimEunhae04.mid,0.0,179,1,178,11,0,0.005587,0.083333,0.010471
0.0,all,train,Chopin/Etudes_op_10/5/xml_score.musicxml,Chopin/Etudes_op_10/5/KimEunhae04.mid,1.0,179,8,171,4,0,0.044693,0.666667,0.08377
0.0,all,train,Chopin/Etudes_op_10/5/xml_score.musicxml,Chopin/Etudes_op_10/5/KimEunhae04.mid,2.0,179,11,168,1,0,0.061453,0.916667,0.115183
0.0,all,train,Chopin/Etudes_op_10/5/xml_score.musicxml,Chopin/Etudes_op_10/5/Koshoeva02.mid,0.0,248,4,244,8,0,0.016129,0.333333,0.030769
0.0,all,train,Chopin/Etudes_op_10/5/xml_score.musicxml,Chopin/Etudes_op_10/5/Koshoeva02.mid,1.0,248,7,241,5,3,0.028226,0.583333,0.053846
0.0,all,train,Chopin/Etudes_op_10/5/xml_score.musicxml,Chopin/Etudes_op_10/5/Koshoeva02.mid,2.0,248,12,236,0,0,0.048387,1.0,0.092308
0.0,all,train,Chopin/Etudes_op_10/5/xml_score.musicxml,Chopin/Etudes_op_10/5/LIAO03.mid,0.0,234,2,232,10,0,0.008547,0.166667,0.01626
0.0,all,train,Chopin/Etudes_op_10/5/xml_score.musicxml,Chopin/Etudes_op_10/5/LIAO03.mid,1.0,234,9,225,3,1,0.038462,0.75,0.073171
0.0,all,train,Chopin/Etudes_op_10/5/xml_score.musicxml,Chopin/Etudes_op_10/5/LIAO03.mid,2.0,234,11,223,1,1,0.047009,0.916667,0.089431
0.0,all,train,Chopin/Etudes_op_10/5/xml_score.musicxml,Chopin/Etudes_op_10/5/LiA03M.mid,0.0,220,0,220,12,0,0.0,0.0,0.0
0.0,all,train,Chopin/Etudes_op_10/5/xml_score.musicxml,Chopin/Etudes_op_10/5/LiA03M.mid,1.0,220,6,214,6,3,0.027273,0.5,0.051724
0.0,all,train,Chopin/Etudes_op_10/5/xml_score.musicxml,Chopin/Etudes_op_10/5/LiA03M.mid,2.0,220,10,210,2,0,0.045455,0.833333,0.086207
0.0,all,train,Chopin/Etudes_op_10/5/xml_score.musicxml,Chopin/Etudes_op_10/5/LiC02M.mid,0.0,222,2,220,10,0,0.009009,0.166667,0.017094
0.0,all,train,Chopin/Etudes_op_10/5/xml_score.musicxml,Chopin/Etudes_op_10/5/LiC02M.mid,1.0,222,9,213,3,1,0.040541,0.75,0.076923
0.0,all,train,Chopin/Etudes_op_10/5/xml_score.musicxml,Chopin/Etudes_op_10/5/LiC02M.mid,2.0,222,11,211,1,1,0.04955,0.916667,0.094017
0.0,all,train,Chopin/Etudes_op_10/5/xml_score.musicxml,Chopin/Etudes_op_10/5/Rozanski03.mid,0.0,210,1,209,11,0,0.004762,0.083333,0.009009
0.0,all,train,Chopin/Etudes_op_10/5/xml_score.musicxml,Chopin/Etudes_op_10/5/Rozanski03.mid,1.0,210,6,204,6,0,0.028571,0.5,0.054054
0.0,all,train,Chopin/Etudes_op_10/5/xml_score.musicxml,Chopin/Etudes_op_10/5/Rozanski03.mid,2.0,210,9,201,3,0,0.042857,0.75,0.081081
0.0,all,train,Chopin/Etudes_op_10/5/xml_score.musicxml,Chopin/Etudes_op_10/5/Tario02.mid,0.0,229,2,227,10,0,0.008734,0.166667,0.016598
0.0,all,train,Chopin/Etudes_op_10/5/xml_score.musicxml,Chopin/Etudes_op_10/5/Tario02.mid,1.0,229,8,221,4,1,0.034934,0.666667,0.06639
0.0,all,train,Chopin/Etudes_op_10/5/xml_score.musicxml,Chopin/Etudes_op_10/5/Tario02.mid,2.0,229,11,218,1,0,0.048035,0.916667,0.091286
0.0,all,train,Chopin/Etudes_op_10/5/xml_score.musicxml,Chopin/Etudes_op_10/5/USHIKI03.mid,0.0,174,0,174,12,0,0.0,0.0,0.0
0.0,all,train,Chopin/Etudes_op_10/5/xml_score.musicxml,Chopin/Etudes_op_10/5/USHIKI03.mid,1.0,174,6,168,6,0,0.034483,0.5,0.064516
0.0,all,train,Chopin/Etudes_op_10/5/xml_score.musicxml,Chopin/Etudes_op_10/5/USHIKI03.mid,2.0,174,10,164,2,0,0.057471,0.833333,0.107527
0.0,all,train,Chopin/Etudes_op_10/5/xml_score.musicxml,Chopin/Etudes_op_10/5/ZhangW03M.mid,0.0,236,3,233,9,0,0.012712,0.25,0.024194
0.0,all,train,Chopin/Etudes_op_10/5/xml_score.musicxml,Chopin/Etudes_op_10/5/ZhangW03M.mid,1.0,236,8,228,4,3,0.033898,0.666667,0.064516
0.0,all,train,Chopin/Etudes_op_10/5/xml_score.musicxml,Chopin/Etudes_op_10/5/ZhangW03M.mid,2.0,236,10,226,2,1,0.042373,0.833333,0.080645
0.0,all,val,Chopin/Etudes_op_10/7/xml_score.musicxml,Chopin/Etudes_op_10/7/ChenL02.mid,0.0,195,6,189,12,0,0.030769,0.333333,0.056338
0.0,all,val,Chopin/Etudes_op_10/7/xml_score.musicxml,Chopin/Etudes_op_10/7/ChenL02.mid,1.0,195,18,177,0,0,0.092308,1.0,0.169014
0.0,all,val,Chopin/Etudes_op_10/7/xml_score.musicxml,Chopin/Etudes_op_10/7/ChenL02.mid,2.0,195,18,177,0,0,0.092308,1.0,0.169014
0.0,all,val,Chopin/Etudes_op_10/7/xml_score.musicxml,Chopin/Etudes_op_10/7/Namirovsky02.mid,0.0,337,10,327,8,0,0.029674,0.555556,0.056338
0.0,all,val,Chopin/Etudes_op_10/7/xml_score.musicxml,Chopin/Etudes_op_10/7/Namirovsky02.mid,1.0,337,17,320,1,0,0.050445,0.944444,0.095775
0.0,all,val,Chopin/Etudes_op_10/7/xml_score.musicxml,Chopin/Etudes_op_10/7/Namirovsky02.mid,2.0,337,17,320,1,1,0.050445,0.944444,0.095775
0.0,all,val,Chopin/Etudes_op_10/7/xml_score.musicxml,Chopin/Etudes_op_10/7/SINKEV03.mid,0.0,146,6,140,12,0,0.041096,0.333333,0.073171
0.0,all,val,Chopin/Etudes_op_10/7/xml_score.musicxml,Chopin/Etudes_op_10/7/SINKEV03.mid,1.0,146,18,128,0,0,0.123288,1.0,0.219512
0.0,all,val,Chopin/Etudes_op_10/7/xml_score.musicxml,Chopin/Etudes_op_10/7/SINKEV03.mid,2.0,146,18,128,0,0,0.123288,1.0,0.219512
0.0,all,test,Chopin/Etudes_op_10/8/xml_score.musicxml,Chopin/Etudes_op_10/8/BENABD02.mid,0.0,368,20,348,52,0,0.054348,0.277778,0.090909
0.0,all,test,Chopin/Etudes_op_10/8/xml_score.musicxml,Chopin/Etudes_op_10/8/BENABD02.mid,1.0,368,50,318,22,4,0.13587,0.694444,0.227273
0.0,all,test,Chopin/Etudes_op_10/8/xml_score.musicxml,Chopin/Etudes_op_10/8/BENABD02.mid,2.0,368,66,302,6,0,0.179348,0.916667,0.3
0.0,all,test,Chopin/Etudes_op_10/8/xml_score.musicxml,Chopin/Etudes_op_10/8/Benabdallah02.mid,0.0,381,11,370,61,0,0.028871,0.152778,0.048565
0.0,all,test,Chopin/Etudes_op_10/8/xml_score.musicxml,Chopin/Etudes_op_10/8/Benabdallah02.mid,1.0,381,52,329,20,3,0.136483,0.722222,0.229581
0.0,all,test,Chopin/Etudes_op_10/8/xml_score.musicxml,Chopin/Etudes_op_10/8/Benabdallah02.mid,2.0,381,66,315,6,0,0.173228,0.916667,0.291391
0.0,all,test,Chopin/Etudes_op_10/8/xml_score.musicxml,Chopin/Etudes_op_10/8/CHOE01.mid,0.0,344,14,330,58,0,0.040698,0.194444,0.067308
0.0,all,test,Chopin/Etudes_op_10/8/xml_score.musicxml,Chopin/Etudes_op_10/8/CHOE01.mid,1.0,344,49,295,23,3,0.142442,0.680556,0.235577
0.0,all,test,Chopin/Etudes_op_10/8/xml_score.musicxml,Chopin/Etudes_op_10/8/CHOE01.mid,2.0,344,65,279,7,1,0.188953,0.902778,0.3125
0.0,all,test,Chopin/Etudes_op_10/8/xml_score.musicxml,Chopin/Etudes_op_10/8/ChenJie03.mid,0.0,338,15,323,57,0,0.044379,0.208333,0.073171
0.0,all,test,Chopin/Etudes_op_10/8/xml_score.musicxml,Chopin/Etudes_op_10/8/ChenJie03.mid,1.0,338,58,280,14,3,0.171598,0.805556,0.282927
0.0,all,test,Chopin/Etudes_op_10/8/xml_score.musicxml,Chopin/Etudes_op_10/8/ChenJie03.mid,2.0,338,72,266,0,0,0.213018,1.0,0.35122
0.0,all,test,Chopin/Etudes_op_10/8/xml_score.musicxml,Chopin/Etudes_op_10/8/FONG02.mid,0.0,233,11,222,61,0,0.04721,0.152778,0.072131
0.0,all,test,Chopin/Etudes_op_10/8/xml_score.musicxml,Chopin/Etudes_op_10/8/FONG02.mid,1.0,233,42,191,30,4,0.180258,0.583333,0.27541
0.0,all,test,Chopin/Etudes_op_10/8/xml_score.musicxml,Chopin/Etudes_op_10/8/FONG02.mid,2.0,233,52,181,20,4,0.223176,0.722222,0.340984
0.0,all,test,Chopin/Etudes_op_10/8/xml_score.musicxml,Chopin/Etudes_op_10/8/Georgieva03.mid,0.0,337,8,329,64,0,0.023739,0.111111,0.03912
0.0,all,test,Chopin/Etudes_op_10/8/xml_score.musicxml,Chopin/Etudes_op_10/8/Georgieva03.mid,1.0,337,53,284,19,4,0.15727,0.736111,0.259169
0.0,all,test,Chopin/Etudes_op_10/8/xml_score.musicxml,Chopin/Etudes_op_10/8/Georgieva03.mid,2.0,337,67,270,5,1,0.198813,0.930556,0.327628
0.0,all,test,Chopin/Etudes_op_10/8/xml_score.musicxml,Chopin/Etudes_op_10/8/IVLEVA02.mid,0.0,290,15,275,57,0,0.051724,0.208333,0.082873
0.0,all,test,Chopin/Etudes_op_10/8/xml_score.musicxml,Chopin/Etudes_op_10/8/IVLEVA02.mid,1.0,290,55,235,17,3,0.189655,0.763889,0.303867
0.0,all,test,Chopin/Etudes_op_10/8/xml_score.musicxml,Chopin/Etudes_op_10/8/IVLEVA02.mid,2.0,290,69,221,3,0,0.237931,0.958333,0.381215
0.0,all,test,Chopin/Etudes_op_10/8/xml_score.musicxml,Chopin/Etudes_op_10/8/Kwok02.mid,0.0,311,9,302,63,0,0.028939,0.125,0.046997
0.0,all,test,Chopin/Etudes_op_10/8/xml_score.musicxml,Chopin/Etudes_op_10/8/Kwok02.mid,1.0,311,53,258,19,3,0.170418,0.736111,0.276762
0.0,all,test,Chopin/Etudes_op_10/8/xml_score.musicxml,Chopin/Etudes_op_10/8/Kwok02.mid,2.0,311,63,248,9,1,0.202572,0.875,0.328982
0.0,all,test,Chopin/Etudes_op_10/8/xml_score.musicxml,Chopin/Etudes_op_10/8/KyykhynenT09M.mid,0.0,217,10,207,62,0,0.046083,0.138889,0.069204
0.0,all,test,Chopin/Etudes_op_10/8/xml_score.musicxml,Chopin/Etudes_op_10/8/KyykhynenT09M.mid,1.0,217,47,170,25,5,0.21659,0.652778,0.32526
0.0,all,test,Chopin/Etudes_op_10/8/xml_score.musicxml,Chopin/Etudes_op_10/8/KyykhynenT09M.mid,2.0,217,57,160,15,1,0.262673,0.791667,0.394464
0.0,all,test,Chopin/Etudes_op_10/8/xml_score.musicxml,Chopin/Etudes_op_10/8/LeeEunjin02.mid,0.0,388,20,368,52,0,0.051546,0.277778,0.086957
0.0,all,test,Chopin/Etudes_op_10/8/xml_score.musicxml,Chopin/Etudes_op_10/8/LeeEunjin02.mid,1.0,388,55,333,17,2,0.141753,0.763889,0.23913
0.0,all,test,Chopin/Etudes_op_10/8/xml_score.musicxml,Chopin/Etudes_op_10/8/LeeEunjin02.mid,2.0,388,65,323,7,0,0.167526,0.902778,0.282609
0.0,all,test,Chopin/Etudes_op_10/8/xml_score.musicxml,Chopin/Etudes_op_10/8/LeeHwakyu02.mid,0.0,285,10,275,62,0,0.035088,0.138889,0.056022
0.0,all,test,Chopin/Etudes_op_10/8/xml_score.musicxml,Chopin/Etudes_op_10/8/LeeHwakyu02.mid,1.0,285,54,231,18,6,0.189474,0.75,0.302521
0.0,all,test,Chopin/Etudes_op_10/8/xml_score.musicxml,Chopin/Etudes_op_10/8/LeeHwakyu02.mid,2.0,285,71,214,1,0,0.249123,0.986111,0.397759
0.0,all,test,Chopin/Etudes_op_10/8/xml_score.musicxml,Chopin/Etudes_op_10/8/LeeJisun02.mid,0.0,453,24,429,48,0,0.05298,0.333333,0.091429
0.0,all,test,Chopin/Etudes_op_10/8/xml_score.musicxml,Chopin/Etudes_op_10/8/LeeJisun02.mid,1.0,453,61,392,11,4,0.134658,0.847222,0.232381
0.0,all,test,Chopin/Etudes_op_10/8/xml_score.musicxml,Chopin/Etudes_op_10/8/LeeJisun02.mid,2.0,453,70,383,2,2,0.154525,0.972222,0.266667
0.0,all,test,Chopin/Etudes_op_10/8/xml_score.musicxml,Chopin/Etudes_op_10/8/LiuLangning02.mid,0.0,300,20,280,52,0,0.066667,0.277778,0.107527
0.0,all,test,Chopin/Etudes_op_10/8/xml_score.musicxml,Chopin/Etudes_op_10/8/LiuLangning02.mid,1.0,300,49,251,23,3,0.163333,0.680556,0.263441
0.0,all,test,Chopin/Etudes_op_10/8/xml_score.musicxml,Chopin/Etudes_op_10/8/LiuLangning02.mid,2.0,300,63,237,9,0,0.21,0.875,0.33871
0.0,all,test,Chopin/Etudes_op_10/8/xml_score.musicxml,Chopin/Etudes_op_10/8/Lou03M.mid,0.0,362,13,349,59,0,0.035912,0.180556,0.059908
0.0,all,test,Chopin/Etudes_op_10/8/xml_score.musicxml,Chopin/Etudes_op_10/8/Lou03M.mid,1.0,362,54,308,18,4,0.149171,0.75,0.248848
0.0,all,test,Chopin/Etudes_op_10/8/xml_score.musicxml,Chopin/Etudes_op_10/8/Lou03M.mid,2.0,362,65,297,7,0,0.179558,0.902778,0.299539
0.0,all,test,Chopin/Etudes_op_10/8/xml_score.musicxml,Chopin/Etudes_op_10/8/LuEric03M.mid,0.0,272,13,259,59,0,0.047794,0.180556,0.075581
0.0,all,test,Chopin/Etudes_op_10/8/xml_score.musicxml,Chopin/Etudes_op_10/8/LuEric03M.mid,1.0,272,41,231,31,11,0.150735,0.569444,0.238372
0.0,all,test,Chopin/Etudes_op_10/8/xml_score.musicxml,Chopin/Etudes_op_10/8/LuEric03M.mid,2.0,272,67,205,5,0,0.246324,0.930556,0.389535
0.0,all,test,Chopin/Etudes_op_10/8/xml_score.musicxml,Chopin/Etudes_op_10/8/Masycheva02.mid,0.0,323,17,306,55,0,0.052632,0.236111,0.086076
0.0,all,test,Chopin/Etudes_op_10/8/xml_score.musicxml,Chopin/Etudes_op_10/8/Masycheva02.mid,1.0,323,52,271,20,3,0.160991,0.722222,0.263291
0.0,all,test,Chopin/Etudes_op_10/8/xml_score.musicxml,Chopin/Etudes_op_10/8/Masycheva02.mid,2.0,323,63,260,9,0,0.195046,0.875,0.318987
0.0,all,test,Chopin/Etudes_op_10/8/xml_score.musicxml,Chopin/Etudes_op_10/8/MiyashitaM05M.mid,0.0,465,19,446,53,0,0.04086,0.263889,0.070764
0.0,all,test,Chopin/Etudes_op_10/8/xml_score.musicxml,Chopin/Etudes_op_10/8/MiyashitaM05M.mid,1.0,465,60,405,12,2,0.129032,0.833333,0.223464
0.0,all,test,Chopin/Etudes_op_10/8/xml_score.musicxml,Chopin/Etudes_op_10/8/MiyashitaM05M.mid,2.0,465,66,399,6,0,0.141935,0.916667,0.24581
0.0,all,test,Chopin/Etudes_op_10/8/xml_score.musicxml,Chopin/Etudes_op_10/8/ParkH02.mid,0.0,427,10,417,62,0,0.023419,0.138889,0.04008
0.0,all,test,Chopin/Etudes_op_10/8/xml_score.musicxml,Chopin/Etudes_op_10/8/ParkH02.mid,1.0,427,54,373,18,6,0.126464,0.75,0.216433
0.0,all,test,Chopin/Etudes_op_10/8/xml_score.musicxml,Chopin/Etudes_op_10/8/ParkH02.mid,2.0,427,66,361,6,1,0.154567,0.916667,0.264529
0.0,all,test,Chopin/Etudes_op_10/8/xml_score.musicxml,Chopin/Etudes_op_10/8/Rizikov03M.mid,0.0,368,9,359,63,0,0.024457,0.125,0.040909
0.0,all,test,Chopin/Etudes_op_10/8/xml_score.musicxml,Chopin/Etudes_op_10/8/Rizikov03M.mid,1.0,368,55,313,17,3,0.149457,0.763889,0.25
0.0,all,test,Chopin/Etudes_op_10/8/xml_score.musicxml,Chopin/Etudes_op_10/8/Rizikov03M.mid,2.0,368,60,308,12,0,0.163043,0.833333,0.272727
0.0,all,test,Chopin/Etudes_op_10/8/xml_score.musicxml,Chopin/Etudes_op_10/8/SCHU03.mid,0.0,288,15,273,57,0,0.052083,0.208333,0.083333
0.0,all,test,Chopin/Etudes_op_10/8/xml_score.musicxml,Chopin/Etudes_op_10/8/SCHU03.mid,1.0,288,47,241,25,5,0.163194,0.652778,0.261111
0.0,all,test,Chopin/Etudes_op_10/8/xml_score.musicxml,Chopin/Etudes_op_10/8/SCHU03.mid,2.0,288,65,223,7,0,0.225694,0.902778,0.361111
0.0,all,test,Chopin/Etudes_op_10/8/xml_score.musicxml,Chopin/Etudes_op_10/8/Sekino03.mid,0.0,424,12,412,60,0,0.028302,0.166667,0.048387
0.0,all,test,Chopin/Etudes_op_10/8/xml_score.musicxml,Chopin/Etudes_op_10/8/Sekino03.mid,1.0,424,50,374,22,6,0.117925,0.694444,0.201613
0.0,all,test,Chopin/Etudes_op_10/8/xml_score.musicxml,Chopin/Etudes_op_10/8/Sekino03.mid,2.0,424,65,359,7,0,0.153302,0.902778,0.262097
0.0,all,test,Chopin/Etudes_op_10/8/xml_score.musicxml,Chopin/Etudes_op_10/8/Shilyaev02.mid,0.0,403,12,391,60,0,0.029777,0.166667,0.050526
0.0,all,test,Chopin/Etudes_op_10/8/xml_score.musicxml,Chopin/Etudes_op_10/8/Shilyaev02.mid,1.0,403,51,352,21,6,0.126551,0.708333,0.214737
0.0,all,test,Chopin/Etudes_op_10/8/xml_score.musicxml,Chopin/Etudes_op_10/8/Shilyaev02.mid,2.0,403,65,338,7,0,0.16129,0.902778,0.273684
0.0,all,test,Chopin/Etudes_op_10/8/xml_score.musicxml,Chopin/Etudes_op_10/8/Soukhovetski02.mid,0.0,289,8,281,64,0,0.027682,0.111111,0.044321
0.0,all,test,Chopin/Etudes_op_10/8/xml_score.musicxml,Chopin/Etudes_op_10/8/Soukhovetski02.mid,1.0,289,50,239,22,5,0.17301,0.694444,0.277008
0.0,all,test,Chopin/Etudes_op_10/8/xml_score.musicxml,Chopin/Etudes_op_10/8/Soukhovetski02.mid,2.0,289,65,224,7,0,0.224913,0.902778,0.360111
0.0,all,test,Chopin/Etudes_op_10/8/xml_score.musicxml,Chopin/Etudes_op_10/8/Tak02.mid,0.0,215,10,205,62,0,0.046512,0.138889,0.069686
0.0,all,test,Chopin/Etudes_op_10/8/xml_score.musicxml,Chopin/Etudes_op_10/8/Tak02.mid,1.0,215,43,172,29,4,0.2,0.597222,0.299652
0.0,all,test,Chopin/Etudes_op_10/8/xml_score.musicxml,Chopin/Etudes_op_10/8/Tak02.mid,2.0,215,50,165,22,2,0.232558,0.694444,0.348432
0.0,all,test,Chopin/Etudes_op_10/8/xml_score.musicxml,Chopin/Etudes_op_10/8/Tetzloff02.mid,0.0,327,13,314,59,0,0.039755,0.180556,0.065163
0.0,all,test,Chopin/Etudes_op_10/8/xml_score.musicxml,Chopin/Etudes_op_10/8/Tetzloff02.mid,1.0,327,55,272,17,4,0.168196,0.763889,0.275689
0.0,all,test,Chopin/Etudes_op_10/8/xml_score.musicxml,Chopin/Etudes_op_10/8/Tetzloff02.mid,2.0,327,69,258,3,0,0.211009,0.958333,0.345865
0.0,all,test,Chopin/Etudes_op_10/8/xml_score.musicxml,Chopin/Etudes_op_10/8/Tetzloff07M.mid,0.0,304,13,291,59,0,0.042763,0.180556,0.069149
0.0,all,test,Chopin/Etudes_op_10/8/xml_score.musicxml,Chopin/Etudes_op_10/8/Tetzloff07M.mid,1.0,304,52,252,20,3,0.171053,0.722222,0.276596
0.0,all,test,Chopin/Etudes_op_10/8/xml_score.musicxml,Chopin/Etudes_op_10/8/Tetzloff07M.mid,2.0,304,67,237,5,0,0.220395,0.930556,0.356383
0.0,all,test,Chopin/Etudes_op_10/8/xml_score.musicxml,Chopin/Etudes_op_10/8/YOU02.mid,0.0,335,14,321,58,0,0.041791,0.194444,0.068796
0.0,all,test,Chopin/Etudes_op_10/8/xml_score.musicxml,Chopin/Etudes_op_10/8/YOU02.mid,1.0,335,46,289,26,6,0.137313,0.638889,0.226044
0.0,all,test,Chopin/Etudes_op_10/8/xml_score.musicxml,Chopin/Etudes_op_10/8/YOU02.mid,2.0,335,66,269,6,0,0.197015,0.916667,0.324324
0.0,all,test,Chopin/Etudes_op_10/8/xml_score.musicxml,Chopin/Etudes_op_10/8/Zhou03M.mid,0.0,246,14,232,58,0,0.056911,0.194444,0.08805
0.0,all,test,Chopin/Etudes_op_10/8/xml_score.musicxml,Chopin/Etudes_op_10/8/Zhou03M.mid,1.0,246,49,197,23,7,0.199187,0.680556,0.308176
0.0,all,test,Chopin/Etudes_op_10/8/xml_score.musicxml,Chopin/Etudes_op_10/8/Zhou03M.mid,2.0,246,62,184,10,0,0.252033,0.861111,0.389937
0.0,all,train,Chopin/Etudes_op_25/1/xml_score.musicxml,Chopin/Etudes_op_25/1/Erice03.mid,0.0,205,42,163,140,0,0.204878,0.230769,0.217054
0.0,all,train,Chopin/Etudes_op_25/1/xml_score.musicxml,Chopin/Etudes_op_25/1/Erice03.mid,1.0,205,145,60,37,2,0.707317,0.796703,0.749354
0.0,all,train,Chopin/Etudes_op_25/1/xml_score.musicxml,Chopin/Etudes_op_25/1/Erice03.mid,2.0,205,152,53,30,3,0.741463,0.835165,0.78553
0.0,all,train,Chopin/Etudes_op_25/1/xml_score.musicxml,Chopin/Etudes_op_25/1/LeeN03M.mid,0.0,224,50,174,132,0,0.223214,0.274725,0.246305
0.0,all,train,Chopin/Etudes_op_25/1/xml_score.musicxml,Chopin/Etudes_op_25/1/LeeN03M.mid,1.0,224,162,62,20,2,0.723214,0.89011,0.79803
0.0,all,train,Chopin/Etudes_op_25/1/xml_score.musicxml,Chopin/Etudes_op_25/1/LeeN03M.mid,2.0,224,171,53,11,0,0.763393,0.93956,0.842365
0.0,all,train,Chopin/Etudes_op_25/1/xml_score.musicxml,Chopin/Etudes_op_25/1/TongB02M.mid,0.0,148,38,110,144,0,0.256757,0.208791,0.230303
0.0,all,train,Chopin/Etudes_op_25/1/xml_score.musicxml,Chopin/Etudes_op_25/1/TongB02M.mid,1.0,148,119,29,63,4,0.804054,0.653846,0.721212
0.0,all,train,Chopin/Etudes_op_25/1/xml_score.musicxml,Chopin/Etudes_op_25/1/TongB02M.mid,2.0,148,127,21,55,5,0.858108,0.697802,0.769697
0.0,all,train,Chopin/Etudes_op_25/1/xml_score.musicxml,Chopin/Etudes_op_25/1/TuanS04M.mid,0.0,156,25,131,157,0,0.160256,0.137363,0.147929
0.0,all,train,Chopin/Etudes_op_25/1/xml_score.musicxml,Chopin/Etudes_op_25/1/TuanS04M.mid,1.0,156,124,32,58,6,0.794872,0.681319,0.733728
0.0,all,train,Chopin/Etudes_op_25/1/xml_score.musicxml,Chopin/Etudes_op_25/1/TuanS04M.mid,2.0,156,132,24,50,6,0.846154,0.725275,0.781065
0.0,all,train,Chopin/Etudes_op_25/1/xml_score.musicxml,Chopin/Etudes_op_25/1/Wong03M.mid,0.0,214,61,153,121,0,0.285047,0.335165,0.308081
0.0,all,train,Chopin/Etudes_op_25/1/xml_score.musicxml,Chopin/Etudes_op_25/1/Wong03M.mid,1.0,214,157,57,25,6,0.733645,0.862637,0.792929
0.0,all,train,Chopin/Etudes_op_25/1/xml_score.musicxml,Chopin/Etudes_op_25/1/Wong03M.mid,2.0,214,171,43,11,5,0.799065,0.93956,0.863636
0.0,all,train,Chopin/Etudes_op_25/12/xml_score.musicxml,Chopin/Etudes_op_25/12/Atzinger03.mid,0.0,219,0,219,1,0,0.0,0.0,0.0
0.0,all,train,Chopin/Etudes_op_25/12/xml_score.musicxml,Chopin/Etudes_op_25/12/Atzinger03.mid,1.0,219,0,219,1,1,0.0,0.0,0.0
0.0,all,train,Chopin/Etudes_op_25/12/xml_score.musicxml,Chopin/Etudes_op_25/12/Atzinger03.mid,2.0,219,1,218,0,0,0.004566,1.0,0.009091
0.0,all,train,Chopin/Etudes_op_25/12/xml_score.musicxml,Chopin/Etudes_op_25/12/BorickC04M.mid,0.0,186,0,186,1,0,0.0,0.0,0.0
0.0,all,train,Chopin/Etudes_op_25/12/xml_score.musicxml,Chopin/Etudes_op_25/12/BorickC04M.mid,1.0,186,0,186,1,0,0.0,0.0,0.0
0.0,all,train,Chopin/Etudes_op_25/12/xml_score.musicxml,Chopin/Etudes_op_25/12/BorickC04M.mid,2.0,186,1,185,0,0,0.005376,1.0,0.010695
0.0,all,train,Chopin/Etudes_op_25/12/xml_score.musicxml,Chopin/Etudes_op_25/12/Golubeva02.mid,0.0,233,0,233,1,0,0.0,0.0,0.0
0.0,all,train,Chopin/Etudes_op_25/12/xml_score.musicxml,Chopin/Etudes_op_25/12/Golubeva02.mid,1.0,233,0,233,1,0,0.0,0.0,0.0
0.0,all,train,Chopin/Etudes_op_25/12/xml_score.musicxml,Chopin/Etudes_op_25/12/Golubeva02.mid,2.0,233,1,232,0,0,0.004292,1.0,0.008547
0.0,all,train,Chopin/Etudes_op_25/12/xml_score.musicxml,Chopin/Etudes_op_25/12/HouKimberly03M.mid,0.0,187,0,187,1,0,0.0,0.0,0.0
0.0,all,train,Chopin/Etudes_op_25/12/xml_score.musicxml,Chopin/Etudes_op_25/12/HouKimberly03M.mid,1.0,187,0,187,1,0,0.0,0.0,0.0
0.0,all,train,Chopin/Etudes_op_25/12/xml_score.musicxml,Chopin/Etudes_op_25/12/HouKimberly03M.mid,2.0,187,1,186,0,0,0.005348,1.0,0.010638
0.0,all,train,Chopin/Etudes_op_25/12/xml_score.musicxml,Chopin/Etudes_op_25/12/KWON03.mid,0.0,206,1,205,0,0,0.004854,1.0,0.009662
0.0,all,train,Chopin/Etudes_op_25/12/xml_score.musicxml,Chopin/Etudes_op_25/12/KWON03.mid,1.0,206,1,205,0,0,0.004854,1.0,0.009662
0.0,all,train,Chopin/Etudes_op_25/12/xml_score.musicxml,Chopin/Etudes_op_25/12/KWON03.mid,2.0,206,1,205,0,0,0.004854,1.0,0.009662
0.0,all,train,Chopin/Etudes_op_25/12/xml_score.musicxml,Chopin/Etudes_op_25/12/Kunz03.mid,0.0,186,0,186,1,0,0.0,0.0,0.0
0.0,all,train,Chopin/Etudes_op_25/12/xml_score.musicxml,Chopin/Etudes_op_25/12/Kunz03.mid,1.0,186,1,185,0,0,0.005376,1.0,0.010695
0.0,all,train,Chopin/Etudes_op_25/12/xml_score.musicxml,Chopin/Etudes_op_25/12/Kunz03.mid,2.0,186,1,185,0,0,0.005376,1.0,0.010695
0.0,all,train,Chopin/Etudes_op_25/12/xml_score.musicxml,Chopin/Etudes_op_25/12/LuA04M.mid,0.0,202,0,202,1,0,0.0,0.0,0.0
0.0,all,train,Chopin/Etudes_op_25/12/xml_score.musicxml,Chopin/Etudes_op_25/12/LuA04M.mid,1.0,202,0,202,1,0,0.0,0.0,0.0
0.0,all,train,Chopin/Etudes_op_25/12/xml_score.musicxml,Chopin/Etudes_op_25/12/LuA04M.mid,2.0,202,1,201,0,0,0.00495,1.0,0.009852
0.0,all,train,Chopin/Etudes_op_25/12/xml_score.musicxml,Chopin/Etudes_op_25/12/Meek01.mid,0.0,227,0,227,1,0,0.0,0.0,0.0
0.0,all,train,Chopin/Etudes_op_25/12/xml_score.musicxml,Chopin/Etudes_op_25/12/Meek01.mid,1.0,227,0,227,1,0,0.0,0.0,0.0
0.0,all,train,Chopin/Etudes_op_25/12/xml_score.musicxml,Chopin/Etudes_op_25/12/Meek01.mid,2.0,227,1,226,0,0,0.004405,1.0,0.008772
0.0,all,train,Chopin/Etudes_op_25/12/xml_score.musicxml,Chopin/Etudes_op_25/12/Yang03.mid,0.0,194,0,194,1,0,0.0,0.0,0.0
0.0,all,train,Chopin/Etudes_op_25/12/xml_score.musicxml,Chopin/Etudes_op_25/12/Yang03.mid,1.0,194,0,194,1,1,0.0,0.0,0.0
0.0,all,train,Chopin/Etudes_op_25/12/xml_score.musicxml,Chopin/Etudes_op_25/12/Yang03.mid,2.0,194,1,193,0,0,0.005155,1.0,0.010256
0.0,all,val,Chopin/Etudes_op_25/8/xml_score.musicxml,Chopin/Etudes_op_25/8/DeTurck02.mid,0.0,178,33,145,63,0,0.185393,0.34375,0.240876
0.0,all,val,Chopin/Etudes_op_25/8/xml_score.musicxml,Chopin/Etudes_op_25/8/DeTurck02.mid,1.0,178,94,84,2,0,0.52809,0.979167,0.686131
0.0,all,val,Chopin/Etudes_op_25/8/xml_score.musicxml,Chopin/Etudes_op_25/8/DeTurck02.mid,2.0,178,95,83,1,0,0.533708,0.989583,0.693431
0.0,all,val,Chopin/Etudes_op_25/8/xml_score.musicxml,Chopin/Etudes_op_25/8/MORET03.mid,0.0,192,40,152,56,0,0.208333,0.416667,0.277778
0.0,all,val,Chopin/Etudes_op_25/8/xml_score.musicxml,Chopin/Etudes_op_25/8/MORET03.mid,1.0,192,86,106,10,0,0.447917,0.895833,0.597222
0.0,all,val,Chopin/Etudes_op_25/8/xml_score.musicxml,Chopin/Etudes_op_25/8/MORET03.mid,2.0,192,96,96,0,0,0.5,1.0,0.666667
0.0,all,val,Chopin/Etudes_op_25/8/xml_score.musicxml,Chopin/Etudes_op_25/8/SOLOM03.mid,0.0,148,54,94,42,0,0.364865,0.5625,0.442623
0.0,all,val,Chopin/Etudes_op_25/8/xml_score.musicxml,Chopin/Etudes_op_25/8/SOLOM03.mid,1.0,148,87,61,9,0,0.587838,0.90625,0.713115
0.0,all,val,Chopin/Etudes_op_25/8/xml_score.musicxml,Chopin/Etudes_op_25/8/SOLOM03.mid,2.0,148,93,55,3,0,0.628378,0.96875,0.762295
0.0,all,val,Chopin/Etudes_op_25/8/xml_score.musicxml,Chopin/Etudes_op_25/8/Toscano02.mid,0.0,155,48,107,48,0,0.309677,0.5,0.38247
0.0,all,val,Chopin/Etudes_op_25/8/xml_score.musicxml,Chopin/Etudes_op_25/8/Toscano02.mid,1.0,155,94,61,2,0,0.606452,0.979167,0.749004
0.0,all,val,Chopin/Etudes_op_25/8/xml_score.musicxml,Chopin/Etudes_op_25/8/Toscano02.mid,2.0,155,96,59,0,0,0.619355,1.0,0.76494
0.0,all,train,Chopin/Scherzos/20/xml_score.musicxml,Chopin/Scherzos/20/Kurz04M.mid,0.0,673,120,553,300,0,0.178306,0.285714,0.219579
0.0,all,train,Chopin/Scherzos/20/xml_score.musicxml,Chopin/Scherzos/20/Kurz04M.mid,1.0,673,348,325,72,0,0.517088,0.828571,0.63678
0.0,all,train,Chopin/Scherzos/20/xml_score.musicxml,Chopin/Scherzos/20/Kurz04M.mid,2.0,673,353,320,67,0,0.524517,0.840476,0.645929
0.0,all,train,Chopin/Scherzos/20/xml_score.musicxml,Chopin/Scherzos/20/Wong03.mid,0.0,980,175,805,245,0,0.178571,0.416667,0.25
0.0,all,train,Chopin/Scherzos/20/xml_score.musicxml,Chopin/Scherzos/20/Wong03.mid,1.0,980,398,582,22,2,0.406122,0.947619,0.568571
0.0,all,train,Chopin/Scherzos/20/xml_score.musicxml,Chopin/Scherzos/20/Wong03.mid,2.0,980,401,579,19,3,0.409184,0.954762,0.572857
0.0,all,train,Chopin/Scherzos/20/xml_score.musicxml,Chopin/Scherzos/20/Wong04M.mid,0.0,884,76,808,344,0,0.085973,0.180952,0.116564
0.0,all,train,Chopin/Scherzos/20/xml_score.musicxml,Chopin/Scherzos/20/Wong04M.mid,1.0,884,319,565,101,4,0.36086,0.759524,0.489264
0.0,all,train,Chopin/Scherzos/20/xml_score.musicxml,Chopin/Scherzos/20/Wong04M.mid,2.0,884,358,526,62,0,0.404977,0.852381,0.54908
0.0,all,train,Chopin/Scherzos/20/xml_score.musicxml,Chopin/Scherzos/20/ZhangYunling04M.mid,0.0,1047,146,901,274,0,0.139446,0.347619,0.199046
0.0,all,train,Chopin/Scherzos/20/xml_score.musicxml,Chopin/Scherzos/20/ZhangYunling04M.mid,1.0,1047,407,640,13,3,0.38873,0.969048,0.554874
0.0,all,train,Chopin/Scherzos/20/xml_score.musicxml,Chopin/Scherzos/20/ZhangYunling04M.mid,2.0,1047,413,634,7,1,0.39446,0.983333,0.563054
0.0,all,test,Chopin/Scherzos/31/xml_score.musicxml,Chopin/Scherzos/31/ChenW04M.mid,0.0,981,22,959,457,0,0.022426,0.045929,0.030137
0.0,all,test,Chopin/Scherzos/31/xml_score.musicxml,Chopin/Scherzos/31/ChenW04M.mid,1.0,981,372,609,107,15,0.379205,0.776618,0.509589
0.0,all,test,Chopin/Scherzos/31/xml_score.musicxml,Chopin/Scherzos/31/ChenW04M.mid,2.0,981,436,545,43,3,0.444444,0.91023,0.59726
0.0,all,test,Chopin/Scherzos/31/xml_score.musicxml,Chopin/Scherzos/31/Dossin06.mid,0.0,883,28,855,451,0,0.03171,0.058455,0.041116
0.0,all,test,Chopin/Scherzos/31/xml_score.musicxml,Chopin/Scherzos/31/Dossin06.mid,1.0,883,301,582,178,16,0.340883,0.628392,0.441997
0.0,all,test,Chopin/Scherzos/31/xml_score.musicxml,Chopin/Scherzos/31/Dossin06.mid,2.0,883,364,519,115,4,0.412231,0.759916,0.534508
0.0,all,test,Chopin/Scherzos/31/xml_score.musicxml,Chopin/Scherzos/31/HuNY08M.mid,0.0,1008,41,967,438,0,0.040675,0.085595,0.055145
0.0,all,test,Chopin/Scherzos/31/xml_score.musicxml,Chopin/Scherzos/31/HuNY08M.mid,1.0,1008,331,677,148,20,0.328373,0.691023,0.445192
0.0,all,test,Chopin/Scherzos/31/xml_score.musicxml,Chopin/Scherzos/31/HuNY08M.mid,2.0,1008,397,611,82,4,0.393849,0.82881,0.533961
0.0,all,test,Chopin/Scherzos/31/xml_score.musicxml,Chopin/Scherzos/31/Jussow04.mid,0.0,847,45,802,434,0,0.053129,0.093946,0.067873
0.0,all,test,Chopin/Scherzos/31/xml_score.musicxml,Chopin/Scherzos/31/Jussow04.mid,1.0,847,367,480,112,9,0.433294,0.76618,0.553544
0.0,all,test,Chopin/Scherzos/31/xml_score.musicxml,Chopin/Scherzos/31/Jussow04.mid,2.0,847,402,445,77,6,0.474616,0.839248,0.606335
0.0,all,test,Chopin/Scherzos/31/xml_score.musicxml,Chopin/Scherzos/31/Jussow11M.mid,0.0,801,60,741,419,0,0.074906,0.125261,0.09375
0.0,all,test,Chopin/Scherzos/31/xml_score.musicxml,Chopin/Scherzos/31/Jussow11M.mid,1.0,801,367,434,112,8,0.458177,0.76618,0.573437
0.0,all,test,Chopin/Scherzos/31/xml_score.musicxml,Chopin/Scherzos/31/Jussow11M.mid,2.0,801,404,397,75,2,0.50437,0.843424,0.63125
0.0,all,test,Chopin/Scherzos/31/xml_score.musicxml,Chopin/Scherzos/31/LeeN04M.mid,0.0,1060,21,1039,458,0,0.019811,0.043841,0.02729
0.0,all,test,Chopin/Scherzos/31/xml_score.musicxml,Chopin/Scherzos/31/LeeN04M.mid,1.0,1060,323,737,156,24,0.304717,0.674322,0.419753
0.0,all,test,Chopin/Scherzos/31/xml_score.musicxml,Chopin/Scherzos/31/LeeN04M.mid,2.0,1060,409,651,70,3,0.385849,0.853862,0.531514
0.0,all,test,Chopin/Scherzos/31/xml_score.musicxml,Chopin/Scherzos/31/LinTami06M.mid,0.0,952,12,940,467,0,0.012605,0.025052,0.016771
0.0,all,test,Chopin/Scherzos/31/xml_score.musicxml,Chopin/Scherzos/31/LinTami06M.mid,1.0,952,330,622,149,20,0.346639,0.688935,0.461216
0.0,all,test,Chopin/Scherzos/31/xml_score.musicxml,Chopin/Scherzos/31/LinTami06M.mid,2.0,952,398,554,81,6,0.418067,0.830898,0.556254
0.0,all,test,Chopin/Scherzos/31/xml_score.musicxml,Chopin/Scherzos/31/LuoJ12M.mid,0.0,1210,40,1170,439,0,0.033058,0.083507,0.047365
0.0,all,test,Chopin/Scherzos/31/xml_score.musicxml,Chopin/Scherzos/31/LuoJ12M.mid,1.0,1210,383,827,96,14,0.316529,0.799582,0.453523
0.0,all,test,Chopin/Scherzos/31/xml_score.musicxml,Chopin/Scherzos/31/LuoJ12M.mid,2.0,1210,432,778,47,4,0.357025,0.901879,0.511545
0.0,all,test,Chopin/Scherzos/31/xml_score.musicxml,Chopin/Scherzos/31/SunD04M.mid,0.0,1083,31,1052,448,0,0.028624,0.064718,0.039693
0.0,all,test,Chopin/Scherzos/31/xml_score.musicxml,Chopin/Scherzos/31/SunD04M.mid,1.0,1083,351,732,128,20,0.3241,0.732777,0.449424
0.0,all,test,Chopin/Scherzos/31/xml_score.musicxml,Chopin/Scherzos/31/SunD04M.mid,2.0,1083,434,649,45,6,0.400739,0.906054,0.555698
0.0,all,test,Chopin/Scherzos/31/xml_score.musicxml,Chopin/Scherzos/31/TongB04M.mid,0.0,954,24,930,455,0,0.025157,0.050104,0.033496
0.0,all,test,Chopin/Scherzos/31/xml_score.musicxml,Chopin/Scherzos/31/TongB04M.mid,1.0,954,346,608,133,14,0.362683,0.722338,0.482903
0.0,all,test,Chopin/Scherzos/31/xml_score.musicxml,Chopin/Scherzos/31/TongB04M.mid,2.0,954,408,546,71,7,0.427673,0.851775,0.569435
0.0,all,test,Chopin/Scherzos/31/xml_score.musicxml,Chopin/Scherzos/31/TuanS05M.mid,0.0,981,15,966,464,0,0.015291,0.031315,0.020548
0.0,all,test,Chopin/Scherzos/31/xml_score.musicxml,Chopin/Scherzos/31/TuanS05M.mid,1.0,981,331,650,148,21,0.337411,0.691023,0.453425
0.0,all,test,Chopin/Scherzos/31/xml_score.musicxml,Chopin/Scherzos/31/TuanS05M.mid,2.0,981,424,557,55,1,0.432212,0.885177,0.580822
0.0,all,test,Chopin/Scherzos/31/xml_score.musicxml,Chopin/Scherzos/31/ZhangW04M.mid,0.0,1171,20,1151,459,0,0.017079,0.041754,0.024242
0.0,all,test,Chopin/Scherzos/31/xml_score.musicxml,Chopin/Scherzos/31/ZhangW04M.mid,1.0,1171,387,784,92,21,0.330487,0.807933,0.469091
0.0,all,test,Chopin/Scherzos/31/xml_score.musicxml,Chopin/Scherzos/31/ZhangW04M.mid,2.0,1171,445,726,34,11,0.380017,0.929019,0.539394
0.0,all,train,Chopin/Scherzos/39/xml_score.musicxml,Chopin/Scherzos/39/Arciglione13M.mid,0.0,713,27,686,191,0,0.037868,0.123853,0.058002
0.0,all,train,Chopin/Scherzos/39/xml_score.musicxml,Chopin/Scherzos/39/Arciglione13M.mid,1.0,713,101,612,117,2,0.141655,0.463303,0.216971
0.0,all,train,Chopin/Scherzos/39/xml_score.musicxml,Chopin/Scherzos/39/Arciglione13M.mid,2.0,713,116,597,102,1,0.162693,0.53211,0.249194
0.0,all,train,Chopin/Scherzos/39/xml_score.musicxml,Chopin/Scherzos/39/Bult-ItoS05M.mid,0.0,744,35,709,183,0,0.047043,0.16055,0.072765
0.0,all,train,Chopin/Scherzos/39/xml_score.musicxml,Chopin/Scherzos/39/Bult-ItoS05M.mid,1.0,744,148,596,70,1,0.198925,0.678899,0.307692
0.0,all,train,Chopin/Scherzos/39/xml_score.musicxml,Chopin/Scherzos/39/Bult-ItoS05M.mid,2.0,744,167,577,51,2,0.224462,0.766055,0.347193
0.0,all,train,Chopin/Sonata_2/1st_no_repeat/xml_score.musicxml,Chopin/Sonata_2/1st_no_repeat/Giltburg02.mid,0.0,579,0,579,1,0,0.0,0.0,0.0
0.0,all,train,Chopin/Sonata_2/1st_no_repeat/xml_score.musicxml,Chopin/Sonata_2/1st_no_repeat/Giltburg02.mid,1.0,579,0,579,1,1,0.0,0.0,0.0
0.0,all,train,Chopin/Sonata_2/1st_no_repeat/xml_score.musicxml,Chopin/Sonata_2/1st_no_repeat/Giltburg02.mid,2.0,579,1,578,0,0,0.001727,1.0,0.003448
0.0,all,train,Chopin/Sonata_2/1st_no_repeat/xml_score.musicxml,Chopin/Sonata_2/1st_no_repeat/Jia03.mid,0.0,775,0,775,1,0,0.0,0.0,0.0
0.0,all,train,Chopin/Sonata_2/1st_no_repeat/xml_score.musicxml,Chopin/Sonata_2/1st_no_repeat/Jia03.mid,1.0,775,0,775,1,0,0.0,0.0,0.0
0.0,all,train,Chopin/Sonata_2/1st_no_repeat/xml_score.musicxml,Chopin/Sonata_2/1st_no_repeat/Jia03.mid,2.0,775,1,774,0,0,0.00129,1.0,0.002577
0.0,all,train,Chopin/Sonata_2/1st_no_repeat/xml_score.musicxml,Chopin/Sonata_2/1st_no_repeat/Knoll10.mid,0.0,694,0,694,1,0,0.0,0.0,0.0
0.0,all,train,Chopin/Sonata_2/1st_no_repeat/xml_score.musicxml,Chopin/Sonata_2/1st_no_repeat/Knoll10.mid,1.0,694,0,694,1,1,0.0,0.0,0.0
0.0,all,train,Chopin/Sonata_2/1st_no_repeat/xml_score.musicxml,Chopin/Sonata_2/1st_no_repeat/Knoll10.mid,2.0,694,1,693,0,0,0.001441,1.0,0.002878
0.0,all,train,Chopin/Sonata_2/1st_no_repeat/xml_score.musicxml,Chopin/Sonata_2/1st_no_repeat/MATSUM03.mid,0.0,418,0,418,1,0,0.0,0.0,0.0
0.0,all,train,Chopin/Sonata_2/1st_no_repeat/xml_score.musicxml,Chopin/Sonata_2/1st_no_repeat/MATSUM03.mid,1.0,418,0,418,1,1,0.0,0.0,0.0
0.0,all,train,Chopin/Sonata_2/1st_no_repeat/xml_score.musicxml,Chopin/Sonata_2/1st_no_repeat/MATSUM03.mid,2.0,418,1,417,0,0,0.002392,1.0,0.004773
0.0,all,test,Chopin/Sonata_2/2nd_no_repeat/xml_score.musicxml,Chopin/Sonata_2/2nd_no_repeat/Giltburg02.mid,0.0,645,0,645,1,0,0.0,0.0,0.0
0.0,all,test,Chopin/Sonata_2/2nd_no_repeat/xml_score.musicxml,Chopin/Sonata_2/2nd_no_repeat/Giltburg02.mid,1.0,645,0,645,1,0,0.0,0.0,0.0
0.0,all,test,Chopin/Sonata_2/2nd_no_repeat/xml_score.musicxml,Chopin/Sonata_2/2nd_no_repeat/Giltburg02.mid,2.0,645,0,645,1,0,0.0,0.0,0.0
0.0,all,test,Chopin/Sonata_2/2nd_no_repeat/xml_score.musicxml,Chopin/Sonata_2/2nd_no_repeat/Knoll10.mid,0.0,707,0,707,1,0,0.0,0.0,0.0
0.0,all,test,Chopin/Sonata_2/2nd_no_repeat/xml_score.musicxml,Chopin/Sonata_2/2nd_no_repeat/Knoll10.mid,1.0,707,0,707,1,0,0.0,0.0,0.0
0.0,all,test,Chopin/Sonata_2/2nd_no_repeat/xml_score.musicxml,Chopin/Sonata_2/2nd_no_repeat/Knoll10.mid,2.0,707,0,707,1,0,0.0,0.0,0.0
0.0,all,train,Chopin/Sonata_3/2nd/xml_score.musicxml,Chopin/Sonata_3/2nd/GarritsonL09.mid,0.0,291,0,291,42,0,0.0,0.0,0.0
0.0,all,train,Chopin/Sonata_3/2nd/xml_score.musicxml,Chopin/Sonata_3/2nd/GarritsonL09.mid,1.0,291,31,260,11,0,0.106529,0.738095,0.186186
0.0,all,train,Chopin/Sonata_3/2nd/xml_score.musicxml,Chopin/Sonata_3/2nd/GarritsonL09.mid,2.0,291,37,254,5,2,0.127148,0.880952,0.222222
0.0,all,train,Chopin/Sonata_3/2nd/xml_score.musicxml,Chopin/Sonata_3/2nd/HONG08.mid,0.0,275,0,275,42,0,0.0,0.0,0.0
0.0,all,train,Chopin/Sonata_3/2nd/xml_score.musicxml,Chopin/Sonata_3/2nd/HONG08.mid,1.0,275,16,259,26,0,0.058182,0.380952,0.100946
0.0,all,train,Chopin/Sonata_3/2nd/xml_score.musicxml,Chopin/Sonata_3/2nd/HONG08.mid,2.0,275,27,248,15,1,0.098182,0.642857,0.170347
0.0,all,train,Chopin/Sonata_3/2nd/xml_score.musicxml,Chopin/Sonata_3/2nd/HuangSW04.mid,0.0,330,4,326,38,0,0.012121,0.095238,0.021505
0.0,all,train,Chopin/Sonata_3/2nd/xml_score.musicxml,Chopin/Sonata_3/2nd/HuangSW04.mid,1.0,330,26,304,16,1,0.078788,0.619048,0.139785
0.0,all,train,Chopin/Sonata_3/2nd/xml_score.musicxml,Chopin/Sonata_3/2nd/HuangSW04.mid,2.0,330,34,296,8,2,0.10303,0.809524,0.182796
0.0,all,train,Chopin/Sonata_3/2nd/xml_score.musicxml,Chopin/Sonata_3/2nd/Huangci06.mid,0.0,290,6,284,36,0,0.02069,0.142857,0.036145
0.0,all,train,Chopin/Sonata_3/2nd/xml_score.musicxml,Chopin/Sonata_3/2nd/Huangci06.mid,1.0,290,16,274,26,5,0.055172,0.380952,0.096386
0.0,all,train,Chopin/Sonata_3/2nd/xml_score.musicxml,Chopin/Sonata_3/2nd/Huangci06.mid,2.0,290,19,271,23,6,0.065517,0.452381,0.114458
0.0,all,train,Chopin/Sonata_3/2nd/xml_score.musicxml,Chopin/Sonata_3/2nd/KimSJ08.mid,0.0,320,0,320,42,0,0.0,0.0,0.0
0.0,all,train,Chopin/Sonata_3/2nd/xml_score.musicxml,Chopin/Sonata_3/2nd/KimSJ08.mid,1.0,320,2,318,40,1,0.00625,0.047619,0.01105
0.0,all,train,Chopin/Sonata_3/2nd/xml_score.musicxml,Chopin/Sonata_3/2nd/KimSJ08.mid,2.0,320,11,309,31,3,0.034375,0.261905,0.060773
0.0,all,train,Chopin/Sonata_3/2nd/xml_score.musicxml,Chopin/Sonata_3/2nd/KimSY21.mid,0.0,259,0,259,42,0,0.0,0.0,0.0
0.0,all,train,Chopin/Sonata_3/2nd/xml_score.musicxml,Chopin/Sonata_3/2nd/KimSY21.mid,1.0,259,29,230,13,0,0.111969,0.690476,0.192691
0.0,all,train,Chopin/Sonata_3/2nd/xml_score.musicxml,Chopin/Sonata_3/2nd/KimSY21.mid,2.0,259,38,221,4,0,0.146718,0.904762,0.252492
0.0,all,train,Chopin/Sonata_3/2nd/xml_score.musicxml,Chopin/Sonata_3/2nd/SCHU09.mid,0.0,235,0,235,42,0,0.0,0.0,0.0
0.0,all,train,Chopin/Sonata_3/2nd/xml_score.musicxml,Chopin/Sonata_3/2nd/SCHU09.mid,1.0,235,1,234,41,0,0.004255,0.02381,0.00722
0.0,all,train,Chopin/Sonata_3/2nd/xml_score.musicxml,Chopin/Sonata_3/2nd/SCHU09.mid,2.0,235,7,228,35,2,0.029787,0.166667,0.050542
0.0,all,train,Chopin/Sonata_3/2nd/xml_score.musicxml,Chopin/Sonata_3/2nd/Shybayeva07.mid,0.0,367,0,367,42,0,0.0,0.0,0.0
0.0,all,train,Chopin/Sonata_3/2nd/xml_score.musicxml,Chopin/Sonata_3/2nd/Shybayeva07.mid,1.0,367,24,343,18,0,0.065395,0.571429,0.117359
0.0,all,train,Chopin/Sonata_3/2nd/xml_score.musicxml,Chopin/Sonata_3/2nd/Shybayeva07.mid,2.0,367,32,335,10,0,0.087193,0.761905,0.156479
0.0,all,train,Chopin/Sonata_3/2nd/xml_score.musicxml,Chopin/Sonata_3/2nd/mikahailoff01.mid,0.0,267,0,267,42,0,0.0,0.0,0.0
0.0,all,train,Chopin/Sonata_3/2nd/xml_score.musicxml,Chopin/Sonata_3/2nd/mikahailoff01.mid,1.0,267,20,247,22,1,0.074906,0.47619,0.12945
0.0,all,train,Chopin/Sonata_3/2nd/xml_score.musicxml,Chopin/Sonata_3/2nd/mikahailoff01.mid,2.0,267,32,235,10,2,0.11985,0.761905,0.20712
0.0,all,train,Chopin/Sonata_3/3rd/xml_score.musicxml,Chopin/Sonata_3/3rd/GarritsonL10.mid,0.0,651,4,647,16,0,0.006144,0.2,0.011923
0.0,all,train,Chopin/Sonata_3/3rd/xml_score.musicxml,Chopin/Sonata_3/3rd/GarritsonL10.mid,1.0,651,20,631,0,0,0.030722,1.0,0.059613
0.0,all,train,Chopin/Sonata_3/3rd/xml_score.musicxml,Chopin/Sonata_3/3rd/GarritsonL10.mid,2.0,651,20,631,0,0,0.030722,1.0,0.059613
0.0,all,train,Chopin/Sonata_3/3rd/xml_score.musicxml,Chopin/Sonata_3/3rd/HONG08.mid,0.0,570,6,564,14,0,0.010526,0.3,0.020339
0.0,all,train,Chopin/Sonata_3/3rd/xml_score.musicxml,Chopin/Sonata_3/3rd/HONG08.mid,1.0,570,14,556,6,5,0.024561,0.7,0.047458
0.0,all,train,Chopin/Sonata_3/3rd/xml_score.musicxml,Chopin/Sonata_3/3rd/HONG08.mid,2.0,570,20,550,0,0,0.035088,1.0,0.067797
0.0,all,train,Chopin/Sonata_3/3rd/xml_score.musicxml,Chopin/Sonata_3/3rd/HuangSW05.mid,0.0,586,7,579,13,0,0.011945,0.35,0.023102
0.0,all,train,Chopin/Sonata_3/3rd/xml_score.musicxml,Chopin/Sonata_3/3rd/HuangSW05.mid,1.0,586,18,568,2,0,0.030717,0.9,0.059406
0.0,all,train,Chopin/Sonata_3/3rd/xml_score.musicxml,Chopin/Sonata_3/3rd/HuangSW05.mid,2.0,586,20,566,0,0,0.03413,1.0,0.066007
0.0,all,train,Chopin/Sonata_3/3rd/xml_score.musicxml,Chopin/Sonata_3/3rd/Huangci06.mid,0.0,625,7,618,13,0,0.0112,0.35,0.021705
0.0,all,train,Chopin/Sonata_3/3rd/xml_score.musicxml,Chopin/Sonata_3/3rd/Huangci06.mid,1.0,625,19,606,1,1,0.0304,0.95,0.058915
0.0,all,train,Chopin/Sonata_3/3rd/xml_score.musicxml,Chopin/Sonata_3/3rd/Huangci06.mid,2.0,625,20,605,0,0,0.032,1.0,0.062016
0.0,all,train,Chopin/Sonata_3/3rd/xml_score.musicxml,Chopin/Sonata_3/3rd/KimSJ09.mid,0.0,551,2,549,18,0,0.00363,0.1,0.007005
0.0,all,train,Chopin/Sonata_3/3rd/xml_score.musicxml,Chopin/Sonata_3/3rd/KimSJ09.mid,1.0,551,19,532,1,1,0.034483,0.95,0.06655
0.0,all,train,Chopin/Sonata_3/3rd/xml_score.musicxml,Chopin/Sonata_3/3rd/KimSJ09.mid,2.0,551,20,531,0,0,0.036298,1.0,0.070053
0.0,all,train,Chopin/Sonata_3/3rd/xml_score.musicxml,Chopin/Sonata_3/3rd/KimSY22.mid,0.0,553,2,551,18,0,0.003617,0.1,0.006981
0.0,all,train,Chopin/Sonata_3/3rd/xml_score.musicxml,Chopin/Sonata_3/3rd/KimSY22.mid,1.0,553,20,533,0,0,0.036166,1.0,0.069808
0.0,all,train,Chopin/Sonata_3/3rd/xml_score.musicxml,Chopin/Sonata_3/3rd/KimSY22.mid,2.0,553,20,533,0,0,0.036166,1.0,0.069808
0.0,all,train,Chopin/Sonata_3/3rd/xml_score.musicxml,Chopin/Sonata_3/3rd/SCHU09.mid,0.0,514,2,512,18,0,0.003891,0.1,0.007491
0.0,all,train,Chopin/Sonata_3/3rd/xml_score.musicxml,Chopin/Sonata_3/3rd/SCHU09.mid,1.0,514,16,498,4,3,0.031128,0.8,0.059925
0.0,all,train,Chopin/Sonata_3/3rd/xml_score.musicxml,Chopin/Sonata_3/3rd/SCHU09.mid,2.0,514,20,494,0,0,0.038911,1.0,0.074906
0.0,all,train,Chopin/Sonata_3/3rd/xml_score.musicxml,Chopin/Sonata_3/3rd/Shybayeva07.mid,0.0,569,2,567,18,0,0.003515,0.1,0.006791
0.0,all,train,Chopin/Sonata_3/3rd/xml_score.musicxml,Chopin/Sonata_3/3rd/Shybayeva07.mid,1.0,569,16,553,4,2,0.02812,0.8,0.054329
0.0,all,train,Chopin/Sonata_3/3rd/xml_score.musicxml,Chopin/Sonata_3/3rd/Shybayeva07.mid,2.0,569,20,549,0,0,0.035149,1.0,0.067912
0.0,all,train,Chopin/Sonata_3/3rd/xml_score.musicxml,Chopin/Sonata_3/3rd/mikahailoff01.mid,0.0,545,3,542,17,0,0.005505,0.15,0.010619
0.0,all,train,Chopin/Sonata_3/3rd/xml_score.musicxml,Chopin/Sonata_3/3rd/mikahailoff01.mid,1.0,545,18,527,2,2,0.033028,0.9,0.063717
0.0,all,train,Chopin/Sonata_3/3rd/xml_score.musicxml,Chopin/Sonata_3/3rd/mikahailoff01.mid,2.0,545,20,525,0,0,0.036697,1.0,0.070796
0.0,all,train,Chopin/Sonata_3/4th/xml_score.musicxml,Chopin/Sonata_3/4th/GarritsonL11M.mid,0.0,954,4,950,10,0,0.004193,0.285714,0.008264
0.0,all,train,Chopin/Sonata_3/4th/xml_score.musicxml,Chopin/Sonata_3/4th/GarritsonL11M.mid,1.0,954,12,942,2,3,0.012579,0.857143,0.024793
0.0,all,train,Chopin/Sonata_3/4th/xml_score.musicxml,Chopin/Sonata_3/4th/GarritsonL11M.mid,2.0,954,14,940,0,0,0.014675,1.0,0.028926
0.0,all,train,Chopin/Sonata_3/4th/xml_score.musicxml,Chopin/Sonata_3/4th/HONG08.mid,0.0,817,2,815,12,0,0.002448,0.142857,0.004813
0.0,all,train,Chopin/Sonata_3/4th/xml_score.musicxml,Chopin/Sonata_3/4th/HONG08.mid,1.0,817,7,810,7,2,0.008568,0.5,0.016847
0.0,all,train,Chopin/Sonata_3/4th/xml_score.musicxml,Chopin/Sonata_3/4th/HONG08.mid,2.0,817,12,805,2,1,0.014688,0.857143,0.028881
0.0,all,train,Chopin/Sonata_3/4th/xml_score.musicxml,Chopin/Sonata_3/4th/HuangSW06M.mid,0.0,893,3,890,11,0,0.003359,0.214286,0.006615
0.0,all,train,Chopin/Sonata_3/4th/xml_score.musicxml,Chopin/Sonata_3/4th/HuangSW06M.mid,1.0,893,10,883,4,4,0.011198,0.714286,0.022051
0.0,all,train,Chopin/Sonata_3/4th/xml_score.musicxml,Chopin/Sonata_3/4th/HuangSW06M.mid,2.0,893,14,879,0,0,0.015677,1.0,0.030871
0.0,all,train,Chopin/Sonata_3/4th/xml_score.musicxml,Chopin/Sonata_3/4th/Huangci06.mid,0.0,842,2,840,12,0,0.002375,0.142857,0.004673
0.0,all,train,Chopin/Sonata_3/4th/xml_score.musicxml,Chopin/Sonata_3/4th/Huangci06.mid,1.0,842,10,832,4,2,0.011876,0.714286,0.023364
0.0,all,train,Chopin/Sonata_3/4th/xml_score.musicxml,Chopin/Sonata_3/4th/Huangci06.mid,2.0,842,11,831,3,5,0.013064,0.785714,0.025701
0.0,all,train,Chopin/Sonata_3/4th/xml_score.musicxml,Chopin/Sonata_3/4th/KimSJ10M.mid,0.0,827,3,824,11,0,0.003628,0.214286,0.007134
0.0,all,train,Chopin/Sonata_3/4th/xml_score.musicxml,Chopin/Sonata_3/4th/KimSJ10M.mid,1.0,827,11,816,3,1,0.013301,0.785714,0.026159
0.0,all,train,Chopin/Sonata_3/4th/xml_score.musicxml,Chopin/Sonata_3/4th/KimSJ10M.mid,2.0,827,13,814,1,0,0.015719,0.928571,0.030916
0.0,all,train,Chopin/Sonata_3/4th/xml_score.musicxml,Chopin/Sonata_3/4th/KimSY23M.mid,0.0,922,1,921,13,0,0.001085,0.071429,0.002137
0.0,all,train,Chopin/Sonata_3/4th/xml_score.musicxml,Chopin/Sonata_3/4th/KimSY23M.mid,1.0,922,8,914,6,1,0.008677,0.571429,0.017094
0.0,all,train,Chopin/Sonata_3/4th/xml_score.musicxml,Chopin/Sonata_3/4th/KimSY23M.mid,2.0,922,14,908,0,0,0.015184,1.0,0.029915
0.0,all,train,Chopin/Sonata_3/4th/xml_score.musicxml,Chopin/Sonata_3/4th/SCHU09.mid,0.0,859,2,857,12,0,0.002328,0.142857,0.004582
0.0,all,train,Chopin/Sonata_3/4th/xml_score.musicxml,Chopin/Sonata_3/4th/SCHU09.mid,1.0,859,10,849,4,2,0.011641,0.714286,0.02291
0.0,all,train,Chopin/Sonata_3/4th/xml_score.musicxml,Chopin/Sonata_3/4th/SCHU09.mid,2.0,859,13,846,1,0,0.015134,0.928571,0.029782
0.0,all,train,Chopin/Sonata_3/4th/xml_score.musicxml,Chopin/Sonata_3/4th/Shybayeva07.mid,0.0,1037,1,1036,13,0,0.000964,0.071429,0.001903
0.0,all,train,Chopin/Sonata_3/4th/xml_score.musicxml,Chopin/Sonata_3/4th/Shybayeva07.mid,1.0,1037,8,1029,6,2,0.007715,0.571429,0.015224
0.0,all,train,Chopin/Sonata_3/4th/xml_score.musicxml,Chopin/Sonata_3/4th/Shybayeva07.mid,2.0,1037,14,1023,0,0,0.0135,1.0,0.026641
0.0,all,train,Chopin/Sonata_3/4th/xml_score.musicxml,Chopin/Sonata_3/4th/mikahailoff01.mid,0.0,926,2,924,12,0,0.00216,0.142857,0.004255
0.0,all,train,Chopin/Sonata_3/4th/xml_score.musicxml,Chopin/Sonata_3/4th/mikahailoff01.mid,1.0,926,10,916,4,3,0.010799,0.714286,0.021277
0.0,all,train,Chopin/Sonata_3/4th/xml_score.musicxml,Chopin/Sonata_3/4th/mikahailoff01.mid,2.0,926,13,913,1,0,0.014039,0.928571,0.02766
0.0,all,val,Debussy/Images_Book_1/1_Reflets_dans_lEau/xml_score.musicxml,Debussy/Images_Book_1/1_Reflets_dans_lEau/Kleisen11M.mid,0.0,242,1,241,9,0,0.004132,0.1,0.007937
0.0,all,val,Debussy/Images_Book_1/1_Reflets_dans_lEau/xml_score.musicxml,Debussy/Images_Book_1/1_Reflets_dans_lEau/Kleisen11M.mid,1.0,242,9,233,1,0,0.03719,0.9,0.071429
0.0,all,val,Debussy/Images_Book_1/1_Reflets_dans_lEau/xml_score.musicxml,Debussy/Images_Book_1/1_Reflets_dans_lEau/Kleisen11M.mid,2.0,242,10,232,0,0,0.041322,1.0,0.079365
0.0,all,val,Debussy/Images_Book_1/1_Reflets_dans_lEau/xml_score.musicxml,Debussy/Images_Book_1/1_Reflets_dans_lEau/ParkJH13M.mid,0.0,227,3,224,7,0,0.013216,0.3,0.025316
0.0,all,val,Debussy/Images_Book_1/1_Reflets_dans_lEau/xml_score.musicxml,Debussy/Images_Book_1/1_Reflets_dans_lEau/ParkJH13M.mid,1.0,227,5,222,5,1,0.022026,0.5,0.042194
0.0,all,val,Debussy/Images_Book_1/1_Reflets_dans_lEau/xml_score.musicxml,Debussy/Images_Book_1/1_Reflets_dans_lEau/ParkJH13M.mid,2.0,227,10,217,0,0,0.044053,1.0,0.084388
0.0,all,train,Liszt/Ballade_2/xml_score.musicxml,Liszt/Ballade_2/Broberg03.mid,0.0,944,6,938,28,0,0.006356,0.176471,0.01227
0.0,all,train,Liszt/Ballade_2/xml_score.musicxml,Liszt/Ballade_2/Broberg03.mid,1.0,944,34,910,0,0,0.036017,1.0,0.06953
0.0,all,train,Liszt/Ballade_2/xml_score.musicxml,Liszt/Ballade_2/Broberg03.mid,2.0,944,34,910,0,0,0.036017,1.0,0.06953
0.0,all,train,Liszt/Ballade_2/xml_score.musicxml,Liszt/Ballade_2/GarritsonL04M.mid,0.0,1213,10,1203,24,0,0.008244,0.294118,0.016038
0.0,all,train,Liszt/Ballade_2/xml_score.musicxml,Liszt/Ballade_2/GarritsonL04M.mid,1.0,1213,33,1180,1,0,0.027205,0.970588,0.052927
0.0,all,train,Liszt/Ballade_2/xml_score.musicxml,Liszt/Ballade_2/GarritsonL04M.mid,2.0,1213,34,1179,0,0,0.02803,1.0,0.054531
0.0,all,train,Liszt/Ballade_2/xml_score.musicxml,Liszt/Ballade_2/Jin07M.mid,0.0,1093,14,1079,20,0,0.012809,0.411765,0.024845
0.0,all,train,Liszt/Ballade_2/xml_score.musicxml,Liszt/Ballade_2/Jin07M.mid,1.0,1093,32,1061,2,0,0.029277,0.941176,0.056788
0.0,all,train,Liszt/Ballade_2/xml_score.musicxml,Liszt/Ballade_2/Jin07M.mid,2.0,1093,32,1061,2,0,0.029277,0.941176,0.056788
0.0,all,train,Liszt/Ballade_2/xml_score.musicxml,Liszt/Ballade_2/KIM_J04.mid,0.0,1013,7,1006,27,0,0.00691,0.205882,0.013372
0.0,all,train,Liszt/Ballade_2/xml_score.musicxml,Liszt/Ballade_2/KIM_J04.mid,1.0,1013,34,979,0,0,0.033564,1.0,0.064947
0.0,all,train,Liszt/Ballade_2/xml_score.musicxml,Liszt/Ballade_2/KIM_J04.mid,2.0,1013,34,979,0,0,0.033564,1.0,0.064947
0.0,all,train,Liszt/Ballade_2/xml_score.musicxml,Liszt/Ballade_2/Min06M.mid,0.0,1009,6,1003,28,0,0.005946,0.176471,0.011505
0.0,all,train,Liszt/Ballade_2/xml_score.musicxml,Liszt/Ballade_2/Min06M.mid,1.0,1009,34,975,0,0,0.033697,1.0,0.065197
0.0,all,train,Liszt/Ballade_2/xml_score.musicxml,Liszt/Ballade_2/Min06M.mid,2.0,1009,34,975,0,0,0.033697,1.0,0.065197
0.0,all,train,Liszt/Ballade_2/xml_score.musicxml,Liszt/Ballade_2/Sham05.mid,0.0,1167,5,1162,29,0,0.004284,0.147059,0.008326
0.0,all,train,Liszt/Ballade_2/xml_score.musicxml,Liszt/Ballade_2/Sham05.mid,1.0,1167,31,1136,3,0,0.026564,0.911765,0.051624
0.0,all,train,Liszt/Ballade_2/xml_score.musicxml,Liszt/Ballade_2/Sham05.mid,2.0,1167,31,1136,3,0,0.026564,0.911765,0.051624
0.0,all,train,Liszt/Gran_Etudes_de_Paganini/2_La_campanella/xml_score.musicxml,Liszt/Gran_Etudes_de_Paganini/2_La_campanella/Albright04.mid,0.0,484,2,482,12,0,0.004132,0.142857,0.008032
0.0,all,train,Liszt/Gran_Etudes_de_Paganini/2_La_campanella/xml_score.musicxml,Liszt/Gran_Etudes_de_Paganini/2_La_campanella/Albright04.mid,1.0,484,12,472,2,0,0.024793,0.857143,0.048193
0.0,all,train,Liszt/Gran_Etudes_de_Paganini/2_La_campanella/xml_score.musicxml,Liszt/Gran_Etudes_de_Paganini/2_La_campanella/Albright04.mid,2.0,484,12,472,2,0,0.024793,0.857143,0.048193
0.0,all,train,Liszt/Gran_Etudes_de_Paganini/2_La_campanella/xml_score.musicxml,Liszt/Gran_Etudes_de_Paganini/2_La_campanella/Ali03.mid,0.0,346,3,343,11,0,0.008671,0.214286,0.016667
0.0,all,train,Liszt/Gran_Etudes_de_Paganini/2_La_campanella/xml_score.musicxml,Liszt/Gran_Etudes_de_Paganini/2_La_campanella/Ali03.mid,1.0,346,9,337,5,0,0.026012,0.642857,0.05
0.0,all,train,Liszt/Gran_Etudes_de_Paganini/2_La_campanella/xml_score.musicxml,Liszt/Gran_Etudes_de_Paganini/2_La_campanella/Ali03.mid,2.0,346,11,335,3,0,0.031792,0.785714,0.061111
0.0,all,train,Liszt/Gran_Etudes_de_Paganini/2_La_campanella/xml_score.musicxml,Liszt/Gran_Etudes_de_Paganini/2_La_campanella/Bogdanovitch02.mid,0.0,398,4,394,10,0,0.01005,0.285714,0.019417
0.0,all,train,Liszt/Gran_Etudes_de_Paganini/2_La_campanella/xml_score.musicxml,Liszt/Gran_Etudes_de_Paganini/2_La_campanella/Bogdanovitch02.mid,1.0,398,12,386,2,0,0.030151,0.857143,0.058252
0.0,all,train,Liszt/Gran_Etudes_de_Paganini/2_La_campanella/xml_score.musicxml,Liszt/Gran_Etudes_de_Paganini/2_La_campanella/Bogdanovitch02.mid,2.0,398,13,385,1,0,0.032663,0.928571,0.063107
0.0,all,train,Liszt/Gran_Etudes_de_Paganini/2_La_campanella/xml_score.musicxml,Liszt/Gran_Etudes_de_Paganini/2_La_campanella/BuiJL03M.mid,0.0,443,3,440,11,0,0.006772,0.214286,0.013129
0.0,all,train,Liszt/Gran_Etudes_de_Paganini/2_La_campanella/xml_score.musicxml,Liszt/Gran_Etudes_de_Paganini/2_La_campanella/BuiJL03M.mid,1.0,443,11,432,3,0,0.024831,0.785714,0.04814
0.0,all,train,Liszt/Gran_Etudes_de_Paganini/2_La_campanella/xml_score.musicxml,Liszt/Gran_Etudes_de_Paganini/2_La_campanella/BuiJL03M.mid,2.0,443,13,430,1,0,0.029345,0.928571,0.056893
0.0,all,train,Liszt/Gran_Etudes_de_Paganini/2_La_campanella/xml_score.musicxml,Liszt/Gran_Etudes_de_Paganini/2_La_campanella/FALIKS02_2004.mid,0.0,409,2,407,12,0,0.00489,0.142857,0.009456
0.0,all,train,Liszt/Gran_Etudes_de_Paganini/2_La_campanella/xml_score.musicxml,Liszt/Gran_Etudes_de_Paganini/2_La_campanella/FALIKS02_2004.mid,1.0,409,10,399,4,0,0.02445,0.714286,0.047281
0.0,all,train,Liszt/Gran_Etudes_de_Paganini/2_La_campanella/xml_score.musicxml,Liszt/Gran_Etudes_de_Paganini/2_La_campanella/FALIKS02_2004.mid,2.0,409,11,398,3,0,0.026895,0.785714,0.052009
0.0,all,train,Liszt/Gran_Etudes_de_Paganini/2_La_campanella/xml_score.musicxml,Liszt/Gran_Etudes_de_Paganini/2_La_campanella/Faliks02.mid,0.0,425,3,422,11,0,0.007059,0.214286,0.013667
0.0,all,train,Liszt/Gran_Etudes_de_Paganini/2_La_campanella/xml_score.musicxml,Liszt/Gran_Etudes_de_Paganini/2_La_campanella/Faliks02.mid,1.0,425,11,414,3,0,0.025882,0.785714,0.050114
0.0,all,train,Liszt/Gran_Etudes_de_Paganini/2_La_campanella/xml_score.musicxml,Liszt/Gran_Etudes_de_Paganini/2_La_campanella/Faliks02.mid,2.0,425,12,413,2,0,0.028235,0.857143,0.05467
0.0,all,train,Liszt/Gran_Etudes_de_Paganini/2_La_campanella/xml_score.musicxml,Liszt/Gran_Etudes_de_Paganini/2_La_campanella/Faliks03.mid,0.0,446,1,445,13,0,0.002242,0.071429,0.004348
0.0,all,train,Liszt/Gran_Etudes_de_Paganini/2_La_campanella/xml_score.musicxml,Liszt/Gran_Etudes_de_Paganini/2_La_campanella/Faliks03.mid,1.0,446,12,434,2,0,0.026906,0.857143,0.052174
0.0,all,train,Liszt/Gran_Etudes_de_Paganini/2_La_campanella/xml_score.musicxml,Liszt/Gran_Etudes_de_Paganini/2_La_campanella/Faliks03.mid,2.0,446,12,434,2,0,0.026906,0.857143,0.052174
0.0,all,train,Liszt/Gran_Etudes_de_Paganini/2_La_campanella/xml_score.musicxml,Liszt/Gran_Etudes_de_Paganini/2_La_campanella/Gasanov02.mid,0.0,433,3,430,11,0,0.006928,0.214286,0.013423
0.0,all,train,Liszt/Gran_Etudes_de_Paganini/2_La_campanella/xml_score.musicxml,Liszt/Gran_Etudes_de_Paganini/2_La_campanella/Gasanov02.mid,1.0,433,11,422,3,0,0.025404,0.785714,0.049217
0.0,all,train,Liszt/Gran_Etudes_de_Paganini/2_La_campanella/xml_score.musicxml,Liszt/Gran_Etudes_de_Paganini/2_La_campanella/Gasanov02.mid,2.0,433,12,421,2,0,0.027714,0.857143,0.053691
0.0,all,train,Liszt/Gran_Etudes_de_Paganini/2_La_campanella/xml_score.musicxml,Liszt/Gran_Etudes_de_Paganini/2_La_campanella/HUAN_J03.mid,0.0,459,2,457,12,0,0.004357,0.142857,0.008457
0.0,all,train,Liszt/Gran_Etudes_de_Paganini/2_La_campanella/xml_score.musicxml,Liszt/Gran_Etudes_de_Paganini/2_La_campanella/HUAN_J03.mid,1.0,459,12,447,2,0,0.026144,0.857143,0.05074
0.0,all,train,Liszt/Gran_Etudes_de_Paganini/2_La_campanella/xml_score.musicxml,Liszt/Gran_Etudes_de_Paganini/2_La_campanella/HUAN_J03.mid,2.0,459,14,445,0,0,0.030501,1.0,0.059197
0.0,all,train,Liszt/Gran_Etudes_de_Paganini/2_La_campanella/xml_score.musicxml,Liszt/Gran_Etudes_de_Paganini/2_La_campanella/Hao03.mid,0.0,436,1,435,13,0,0.002294,0.071429,0.004444
0.0,all,train,Liszt/Gran_Etudes_de_Paganini/2_La_campanella/xml_score.musicxml,Liszt/Gran_Etudes_de_Paganini/2_La_campanella/Hao03.mid,1.0,436,11,425,3,0,0.025229,0.785714,0.048889
0.0,all,train,Liszt/Gran_Etudes_de_Paganini/2_La_campanella/xml_score.musicxml,Liszt/Gran_Etudes_de_Paganini/2_La_campanella/Hao03.mid,2.0,436,12,424,2,0,0.027523,0.857143,0.053333
0.0,all,train,Liszt/Gran_Etudes_de_Paganini/2_La_campanella/xml_score.musicxml,Liszt/Gran_Etudes_de_Paganini/2_La_campanella/KanM06.mid,0.0,455,2,453,12,0,0.004396,0.142857,0.008529
0.0,all,train,Liszt/Gran_Etudes_de_Paganini/2_La_campanella/xml_score.musicxml,Liszt/Gran_Etudes_de_Paganini/2_La_campanella/KanM06.mid,1.0,455,12,443,2,0,0.026374,0.857143,0.051173
0.0,all,train,Liszt/Gran_Etudes_de_Paganini/2_La_campanella/xml_score.musicxml,Liszt/Gran_Etudes_de_Paganini/2_La_campanella/KanM06.mid,2.0,455,12,443,2,0,0.026374,0.857143,0.051173
0.0,all,train,Liszt/Gran_Etudes_de_Paganini/2_La_campanella/xml_score.musicxml,Liszt/Gran_Etudes_de_Paganini/2_La_campanella/Kolessova07.mid,0.0,322,2,320,12,0,0.006211,0.142857,0.011905
0.0,all,train,Liszt/Gran_Etudes_de_Paganini/2_La_campanella/xml_score.musicxml,Liszt/Gran_Etudes_de_Paganini/2_La_campanella/Kolessova07.mid,1.0,322,11,311,3,0,0.034161,0.785714,0.065476
0.0,all,train,Liszt/Gran_Etudes_de_Paganini/2_La_campanella/xml_score.musicxml,Liszt/Gran_Etudes_de_Paganini/2_La_campanella/Kolessova07.mid,2.0,322,12,310,2,0,0.037267,0.857143,0.071429
0.0,all,train,Liszt/Gran_Etudes_de_Paganini/2_La_campanella/xml_score.musicxml,Liszt/Gran_Etudes_de_Paganini/2_La_campanella/LeungR04M.mid,0.0,465,7,458,7,0,0.015054,0.5,0.029228
0.0,all,train,Liszt/Gran_Etudes_de_Paganini/2_La_campanella/xml_score.musicxml,Liszt/Gran_Etudes_de_Paganini/2_La_campanella/LeungR04M.mid,1.0,465,11,454,3,0,0.023656,0.785714,0.045929
0.0,all,train,Liszt/Gran_Etudes_de_Paganini/2_La_campanella/xml_score.musicxml,Liszt/Gran_Etudes_de_Paganini/2_La_campanella/LeungR04M.mid,2.0,465,12,453,2,0,0.025806,0.857143,0.050104
0.0,all,train,Liszt/Gran_Etudes_de_Paganini/2_La_campanella/xml_score.musicxml,Liszt/Gran_Etudes_de_Paganini/2_La_campanella/Levitsky02.mid,0.0,316,2,314,12,0,0.006329,0.142857,0.012121
0.0,all,train,Liszt/Gran_Etudes_de_Paganini/2_La_campanella/xml_score.musicxml,Liszt/Gran_Etudes_de_Paganini/2_La_campanella/Levitsky02.mid,1.0,316,5,311,9,1,0.015823,0.357143,0.030303
0.0,all,train,Liszt/Gran_Etudes_de_Paganini/2_La_campanella/xml_score.musicxml,Liszt/Gran_Etudes_de_Paganini/2_La_campanella/Levitsky02.mid,2.0,316,7,309,7,0,0.022152,0.5,0.042424
0.0,all,train,Liszt/Gran_Etudes_de_Paganini/2_La_campanella/xml_score.musicxml,Liszt/Gran_Etudes_de_Paganini/2_La_campanella/Levitsky06M.mid,0.0,299,4,295,10,0,0.013378,0.285714,0.025559
0.0,all,train,Liszt/Gran_Etudes_de_Paganini/2_La_campanella/xml_score.musicxml,Liszt/Gran_Etudes_de_Paganini/2_La_campanella/Levitsky06M.mid,1.0,299,7,292,7,0,0.023411,0.5,0.044728
0.0,all,train,Liszt/Gran_Etudes_de_Paganini/2_La_campanella/xml_score.musicxml,Liszt/Gran_Etudes_de_Paganini/2_La_campanella/Levitsky06M.mid,2.0,299,10,289,4,0,0.033445,0.714286,0.063898
0.0,all,train,Liszt/Gran_Etudes_de_Paganini/2_La_campanella/xml_score.musicxml,Liszt/Gran_Etudes_de_Paganini/2_La_campanella/Lin02.mid,0.0,486,4,482,10,0,0.00823,0.285714,0.016
0.0,all,train,Liszt/Gran_Etudes_de_Paganini/2_La_campanella/xml_score.musicxml,Liszt/Gran_Etudes_de_Paganini/2_La_campanella/Lin02.mid,1.0,486,10,476,4,0,0.020576,0.714286,0.04
0.0,all,train,Liszt/Gran_Etudes_de_Paganini/2_La_campanella/xml_score.musicxml,Liszt/Gran_Etudes_de_Paganini/2_La_campanella/Lin02.mid,2.0,486,12,474,2,0,0.024691,0.857143,0.048
0.0,all,train,Liszt/Gran_Etudes_de_Paganini/2_La_campanella/xml_score.musicxml,Liszt/Gran_Etudes_de_Paganini/2_La_campanella/Lin07M.mid,0.0,503,5,498,9,0,0.00994,0.357143,0.019342
0.0,all,train,Liszt/Gran_Etudes_de_Paganini/2_La_campanella/xml_score.musicxml,Liszt/Gran_Etudes_de_Paganini/2_La_campanella/Lin07M.mid,1.0,503,10,493,4,0,0.019881,0.714286,0.038685
0.0,all,train,Liszt/Gran_Etudes_de_Paganini/2_La_campanella/xml_score.musicxml,Liszt/Gran_Etudes_de_Paganini/2_La_campanella/Lin07M.mid,2.0,503,12,491,2,0,0.023857,0.857143,0.046422
0.0,all,train,Liszt/Gran_Etudes_de_Paganini/2_La_campanella/xml_score.musicxml,Liszt/Gran_Etudes_de_Paganini/2_La_campanella/LiuC05M.mid,0.0,465,2,463,12,0,0.004301,0.142857,0.008351
0.0,all,train,Liszt/Gran_Etudes_de_Paganini/2_La_campanella/xml_score.musicxml,Liszt/Gran_Etudes_de_Paganini/2_La_campanella/LiuC05M.mid,1.0,465,10,455,4,1,0.021505,0.714286,0.041754
0.0,all,train,Liszt/Gran_Etudes_de_Paganini/2_La_campanella/xml_score.musicxml,Liszt/Gran_Etudes_de_Paganini/2_La_campanella/LiuC05M.mid,2.0,465,12,453,2,0,0.025806,0.857143,0.050104
0.0,all,train,Liszt/Gran_Etudes_de_Paganini/2_La_campanella/xml_score.musicxml,Liszt/Gran_Etudes_de_Paganini/2_La_campanella/LiuY03M.mid,0.0,419,1,418,13,0,0.002387,0.071429,0.004619
0.0,all,train,Liszt/Gran_Etudes_de_Paganini/2_La_campanella/xml_score.musicxml,Liszt/Gran_Etudes_de_Paganini/2_La_campanella/LiuY03M.mid,1.0,419,11,408,3,0,0.026253,0.785714,0.050808
0.0,all,train,Liszt/Gran_Etudes_de_Paganini/2_La_campanella/xml_score.musicxml,Liszt/Gran_Etudes_de_Paganini/2_La_campanella/LiuY03M.mid,2.0,419,12,407,2,0,0.02864,0.857143,0.055427
0.0,all,train,Liszt/Gran_Etudes_de_Paganini/2_La_campanella/xml_score.musicxml,Liszt/Gran_Etudes_de_Paganini/2_La_campanella/MunA08M.mid,0.0,413,5,408,9,0,0.012107,0.357143,0.023419
0.0,all,train,Liszt/Gran_Etudes_de_Paganini/2_La_campanella/xml_score.musicxml,Liszt/Gran_Etudes_de_Paganini/2_La_campanella/MunA08M.mid,1.0,413,12,401,2,0,0.029056,0.857143,0.056206
0.0,all,train,Liszt/Gran_Etudes_de_Paganini/2_La_campanella/xml_score.musicxml,Liszt/Gran_Etudes_de_Paganini/2_La_campanella/MunA08M.mid,2.0,413,12,401,2,0,0.029056,0.857143,0.056206
0.0,all,train,Liszt/Gran_Etudes_de_Paganini/2_La_campanella/xml_score.musicxml,Liszt/Gran_Etudes_de_Paganini/2_La_campanella/SEBAST02.mid,0.0,361,4,357,10,0,0.01108,0.285714,0.021333
0.0,all,train,Liszt/Gran_Etudes_de_Paganini/2_La_campanella/xml_score.musicxml,Liszt/Gran_Etudes_de_Paganini/2_La_campanella/SEBAST02.mid,1.0,361,11,350,3,0,0.030471,0.785714,0.058667
0.0,all,train,Liszt/Gran_Etudes_de_Paganini/2_La_campanella/xml_score.musicxml,Liszt/Gran_Etudes_de_Paganini/2_La_campanella/SEBAST02.mid,2.0,361,12,349,2,0,0.033241,0.857143,0.064
0.0,all,train,Liszt/Gran_Etudes_de_Paganini/2_La_campanella/xml_score.musicxml,Liszt/Gran_Etudes_de_Paganini/2_La_campanella/Seredenko02.mid,0.0,576,4,572,10,0,0.006944,0.285714,0.013559
0.0,all,train,Liszt/Gran_Etudes_de_Paganini/2_La_campanella/xml_score.musicxml,Liszt/Gran_Etudes_de_Paganini/2_La_campanella/Seredenko02.mid,1.0,576,11,565,3,0,0.019097,0.785714,0.037288
0.0,all,train,Liszt/Gran_Etudes_de_Paganini/2_La_campanella/xml_score.musicxml,Liszt/Gran_Etudes_de_Paganini/2_La_campanella/Seredenko02.mid,2.0,576,13,563,1,0,0.022569,0.928571,0.044068
0.0,all,train,Liszt/Gran_Etudes_de_Paganini/2_La_campanella/xml_score.musicxml,Liszt/Gran_Etudes_de_Paganini/2_La_campanella/Sychev03.mid,0.0,382,4,378,10,0,0.010471,0.285714,0.020202
0.0,all,train,Liszt/Gran_Etudes_de_Paganini/2_La_campanella/xml_score.musicxml,Liszt/Gran_Etudes_de_Paganini/2_La_campanella/Sychev03.mid,1.0,382,11,371,3,0,0.028796,0.785714,0.055556
0.0,all,train,Liszt/Gran_Etudes_de_Paganini/2_La_campanella/xml_score.musicxml,Liszt/Gran_Etudes_de_Paganini/2_La_campanella/Sychev03.mid,2.0,382,12,370,2,0,0.031414,0.857143,0.060606
0.0,all,train,Liszt/Gran_Etudes_de_Paganini/2_La_campanella/xml_score.musicxml,Liszt/Gran_Etudes_de_Paganini/2_La_campanella/TET03.mid,0.0,507,5,502,9,0,0.009862,0.357143,0.019194
0.0,all,train,Liszt/Gran_Etudes_de_Paganini/2_La_campanella/xml_score.musicxml,Liszt/Gran_Etudes_de_Paganini/2_La_campanella/TET03.mid,1.0,507,11,496,3,0,0.021696,0.785714,0.042226
0.0,all,train,Liszt/Gran_Etudes_de_Paganini/2_La_campanella/xml_score.musicxml,Liszt/Gran_Etudes_de_Paganini/2_La_campanella/TET03.mid,2.0,507,12,495,2,0,0.023669,0.857143,0.046065
0.0,all,train,Liszt/Gran_Etudes_de_Paganini/2_La_campanella/xml_score.musicxml,Liszt/Gran_Etudes_de_Paganini/2_La_campanella/VuV06M.mid,0.0,453,5,448,9,0,0.011038,0.357143,0.021413
0.0,all,train,Liszt/Gran_Etudes_de_Paganini/2_La_campanella/xml_score.musicxml,Liszt/Gran_Etudes_de_Paganini/2_La_campanella/VuV06M.mid,1.0,453,11,442,3,0,0.024283,0.785714,0.047109
0.0,all,train,Liszt/Gran_Etudes_de_Paganini/2_La_campanella/xml_score.musicxml,Liszt/Gran_Etudes_de_Paganini/2_La_campanella/VuV06M.mid,2.0,453,12,441,2,0,0.02649,0.857143,0.051392
0.0,all,train,Liszt/Gran_Etudes_de_Paganini/2_La_campanella/xml_score.musicxml,Liszt/Gran_Etudes_de_Paganini/2_La_campanella/Yang05M.mid,0.0,372,3,369,11,0,0.008065,0.214286,0.015544
0.0,all,train,Liszt/Gran_Etudes_de_Paganini/2_La_campanella/xml_score.musicxml,Liszt/Gran_Etudes_de_Paganini/2_La_campanella/Yang05M.mid,1.0,372,12,360,2,0,0.032258,0.857143,0.062176
0.0,all,train,Liszt/Gran_Etudes_de_Paganini/2_La_campanella/xml_score.musicxml,Liszt/Gran_Etudes_de_Paganini/2_La_campanella/Yang05M.mid,2.0,372,12,360,2,0,0.032258,0.857143,0.062176
0.0,all,train,Liszt/Gran_Etudes_de_Paganini/2_La_campanella/xml_score.musicxml,Liszt/Gran_Etudes_de_Paganini/2_La_campanella/Yoon02.mid,0.0,445,5,440,9,0,0.011236,0.357143,0.021786
0.0,all,train,Liszt/Gran_Etudes_de_Paganini/2_La_campanella/xml_score.musicxml,Liszt/Gran_Etudes_de_Paganini/2_La_campanella/Yoon02.mid,1.0,445,12,433,2,0,0.026966,0.857143,0.052288
0.0,all,train,Liszt/Gran_Etudes_de_Paganini/2_La_campanella/xml_score.musicxml,Liszt/Gran_Etudes_de_Paganini/2_La_campanella/Yoon02.mid,2.0,445,12,433,2,0,0.026966,0.857143,0.052288
0.0,all,train,Liszt/Gran_Etudes_de_Paganini/2_La_campanella/xml_score.musicxml,Liszt/Gran_Etudes_de_Paganini/2_La_campanella/ZhangH02.mid,0.0,338,3,335,11,0,0.008876,0.214286,0.017045
0.0,all,train,Liszt/Gran_Etudes_de_Paganini/2_La_campanella/xml_score.musicxml,Liszt/Gran_Etudes_de_Paganini/2_La_campanella/ZhangH02.mid,1.0,338,11,327,3,0,0.032544,0.785714,0.0625
0.0,all,train,Liszt/Gran_Etudes_de_Paganini/2_La_campanella/xml_score.musicxml,Liszt/Gran_Etudes_de_Paganini/2_La_campanella/ZhangH02.mid,2.0,338,12,326,2,0,0.035503,0.857143,0.068182
0.0,all,train,Liszt/Gran_Etudes_de_Paganini/2_La_campanella/xml_score.musicxml,Liszt/Gran_Etudes_de_Paganini/2_La_campanella/ZhangH07M.mid,0.0,310,3,307,11,0,0.009677,0.214286,0.018519
0.0,all,train,Liszt/Gran_Etudes_de_Paganini/2_La_campanella/xml_score.musicxml,Liszt/Gran_Etudes_de_Paganini/2_La_campanella/ZhangH07M.mid,1.0,310,12,298,2,0,0.03871,0.857143,0.074074
0.0,all,train,Liszt/Gran_Etudes_de_Paganini/2_La_campanella/xml_score.musicxml,Liszt/Gran_Etudes_de_Paganini/2_La_campanella/ZhangH07M.mid,2.0,310,13,297,1,0,0.041935,0.928571,0.080247
0.0,all,val,Liszt/Transcendental_Etudes/10/xml_score.musicxml,Liszt/Transcendental_Etudes/10/CaoJ03M.mid,0.0,620,4,616,6,0,0.006452,0.4,0.012698
0.0,all,val,Liszt/Transcendental_Etudes/10/xml_score.musicxml,Liszt/Transcendental_Etudes/10/CaoJ03M.mid,1.0,620,10,610,0,0,0.016129,1.0,0.031746
0.0,all,val,Liszt/Transcendental_Etudes/10/xml_score.musicxml,Liszt/Transcendental_Etudes/10/CaoJ03M.mid,2.0,620,10,610,0,0,0.016129,1.0,0.031746
0.0,all,val,Liszt/Transcendental_Etudes/10/xml_score.musicxml,Liszt/Transcendental_Etudes/10/Goldberg02.mid,0.0,619,7,612,3,0,0.011309,0.7,0.022258
0.0,all,val,Liszt/Transcendental_Etudes/10/xml_score.musicxml,Liszt/Transcendental_Etudes/10/Goldberg02.mid,1.0,619,10,609,0,0,0.016155,1.0,0.031797
0.0,all,val,Liszt/Transcendental_Etudes/10/xml_score.musicxml,Liszt/Transcendental_Etudes/10/Goldberg02.mid,2.0,619,10,609,0,0,0.016155,1.0,0.031797
0.0,all,val,Liszt/Transcendental_Etudes/10/xml_score.musicxml,Liszt/Transcendental_Etudes/10/HAGINO03.mid,0.0,601,4,597,6,0,0.006656,0.4,0.013093
0.0,all,val,Liszt/Transcendental_Etudes/10/xml_score.musicxml,Liszt/Transcendental_Etudes/10/HAGINO03.mid,1.0,601,10,591,0,0,0.016639,1.0,0.032733
0.0,all,val,Liszt/Transcendental_Etudes/10/xml_score.musicxml,Liszt/Transcendental_Etudes/10/HAGINO03.mid,2.0,601,10,591,0,0,0.016639,1.0,0.032733
0.0,all,val,Liszt/Transcendental_Etudes/10/xml_score.musicxml,Liszt/Transcendental_Etudes/10/Huang17M.mid,0.0,562,7,555,3,0,0.012456,0.7,0.024476
0.0,all,val,Liszt/Transcendental_Etudes/10/xml_score.musicxml,Liszt/Transcendental_Etudes/10/Huang17M.mid,1.0,562,10,552,0,0,0.017794,1.0,0.034965
0.0,all,val,Liszt/Transcendental_Etudes/10/xml_score.musicxml,Liszt/Transcendental_Etudes/10/Huang17M.mid,2.0,562,10,552,0,0,0.017794,1.0,0.034965
0.0,all,val,Liszt/Transcendental_Etudes/10/xml_score.musicxml,Liszt/Transcendental_Etudes/10/Hwang03.mid,0.0,521,7,514,3,0,0.013436,0.7,0.026365
0.0,all,val,Liszt/Transcendental_Etudes/10/xml_score.musicxml,Liszt/Transcendental_Etudes/10/Hwang03.mid,1.0,521,10,511,0,0,0.019194,1.0,0.037665
0.0,all,val,Liszt/Transcendental_Etudes/10/xml_score.musicxml,Liszt/Transcendental_Etudes/10/Hwang03.mid,2.0,521,10,511,0,0,0.019194,1.0,0.037665
0.0,all,val,Liszt/Transcendental_Etudes/10/xml_score.musicxml,Liszt/Transcendental_Etudes/10/Kim02.mid,0.0,504,3,501,7,0,0.005952,0.3,0.011673
0.0,all,val,Liszt/Transcendental_Etudes/10/xml_score.musicxml,Liszt/Transcendental_Etudes/10/Kim02.mid,1.0,504,8,496,2,0,0.015873,0.8,0.031128
0.0,all,val,Liszt/Transcendental_Etudes/10/xml_score.musicxml,Liszt/Transcendental_Etudes/10/Kim02.mid,2.0,504,10,494,0,0,0.019841,1.0,0.038911
0.0,all,val,Liszt/Transcendental_Etudes/10/xml_score.musicxml,Liszt/Transcendental_Etudes/10/Ladid02.mid,0.0,550,8,542,2,0,0.014545,0.8,0.028571
0.0,all,val,Liszt/Transcendental_Etudes/10/xml_score.musicxml,Liszt/Transcendental_Etudes/10/Ladid02.mid,1.0,550,10,540,0,0,0.018182,1.0,0.035714
0.0,all,val,Liszt/Transcendental_Etudes/10/xml_score.musicxml,Liszt/Transcendental_Etudes/10/Ladid02.mid,2.0,550,10,540,0,0,0.018182,1.0,0.035714
0.0,all,val,Liszt/Transcendental_Etudes/10/xml_score.musicxml,Liszt/Transcendental_Etudes/10/LeungM06M.mid,0.0,616,6,610,4,0,0.00974,0.6,0.019169
0.0,all,val,Liszt/Transcendental_Etudes/10/xml_score.musicxml,Liszt/Transcendental_Etudes/10/LeungM06M.mid,1.0,616,10,606,0,0,0.016234,1.0,0.031949
0.0,all,val,Liszt/Transcendental_Etudes/10/xml_score.musicxml,Liszt/Transcendental_Etudes/10/LeungM06M.mid,2.0,616,10,606,0,0,0.016234,1.0,0.031949
0.0,all,val,Liszt/Transcendental_Etudes/10/xml_score.musicxml,Liszt/Transcendental_Etudes/10/MCVEY02.mid,0.0,615,5,610,5,0,0.00813,0.5,0.016
0.0,all,val,Liszt/Transcendental_Etudes/10/xml_score.musicxml,Liszt/Transcendental_Etudes/10/MCVEY02.mid,1.0,615,10,605,0,0,0.01626,1.0,0.032
0.0,all,val,Liszt/Transcendental_Etudes/10/xml_score.musicxml,Liszt/Transcendental_Etudes/10/MCVEY02.mid,2.0,615,10,605,0,0,0.01626,1.0,0.032
0.0,all,val,Liszt/Transcendental_Etudes/10/xml_score.musicxml,Liszt/Transcendental_Etudes/10/MorozovY03.mid,0.0,609,5,604,5,0,0.00821,0.5,0.016155
0.0,all,val,Liszt/Transcendental_Etudes/10/xml_score.musicxml,Liszt/Transcendental_Etudes/10/MorozovY03.mid,1.0,609,10,599,0,0,0.01642,1.0,0.03231
0.0,all,val,Liszt/Transcendental_Etudes/10/xml_score.musicxml,Liszt/Transcendental_Etudes/10/MorozovY03.mid,2.0,609,10,599,0,0,0.01642,1.0,0.03231
0.0,all,val,Liszt/Transcendental_Etudes/10/xml_score.musicxml,Liszt/Transcendental_Etudes/10/Qin03.mid,0.0,489,5,484,5,0,0.010225,0.5,0.02004
0.0,all,val,Liszt/Transcendental_Etudes/10/xml_score.musicxml,Liszt/Transcendental_Etudes/10/Qin03.mid,1.0,489,10,479,0,0,0.02045,1.0,0.04008
0.0,all,val,Liszt/Transcendental_Etudes/10/xml_score.musicxml,Liszt/Transcendental_Etudes/10/Qin03.mid,2.0,489,10,479,0,0,0.02045,1.0,0.04008
0.0,all,val,Liszt/Transcendental_Etudes/10/xml_score.musicxml,Liszt/Transcendental_Etudes/10/SUDBIN02.mid,0.0,519,4,515,6,0,0.007707,0.4,0.015123
0.0,all,val,Liszt/Transcendental_Etudes/10/xml_score.musicxml,Liszt/Transcendental_Etudes/10/SUDBIN02.mid,1.0,519,10,509,0,0,0.019268,1.0,0.037807
0.0,all,val,Liszt/Transcendental_Etudes/10/xml_score.musicxml,Liszt/Transcendental_Etudes/10/SUDBIN02.mid,2.0,519,10,509,0,0,0.019268,1.0,0.037807
0.0,all,val,Liszt/Transcendental_Etudes/10/xml_score.musicxml,Liszt/Transcendental_Etudes/10/Shamray02.mid,0.0,589,6,583,4,0,0.010187,0.6,0.020033
0.0,all,val,Liszt/Transcendental_Etudes/10/xml_score.musicxml,Liszt/Transcendental_Etudes/10/Shamray02.mid,1.0,589,10,579,0,0,0.016978,1.0,0.033389
0.0,all,val,Liszt/Transcendental_Etudes/10/xml_score.musicxml,Liszt/Transcendental_Etudes/10/Shamray02.mid,2.0,589,10,579,0,0,0.016978,1.0,0.033389
0.0,all,val,Liszt/Transcendental_Etudes/10/xml_score.musicxml,Liszt/Transcendental_Etudes/10/Tran02.mid,0.0,556,3,553,7,0,0.005396,0.3,0.010601
0.0,all,val,Liszt/Transcendental_Etudes/10/xml_score.musicxml,Liszt/Transcendental_Etudes/10/Tran02.mid,1.0,556,10,546,0,0,0.017986,1.0,0.035336
0.0,all,val,Liszt/Transcendental_Etudes/10/xml_score.musicxml,Liszt/Transcendental_Etudes/10/Tran02.mid,2.0,556,10,546,0,0,0.017986,1.0,0.035336
0.0,all,val,Liszt/Transcendental_Etudes/10/xml_score.musicxml,Liszt/Transcendental_Etudes/10/Uiasiuk03.mid,0.0,574,6,568,4,0,0.010453,0.6,0.020548
0.0,all,val,Liszt/Transcendental_Etudes/10/xml_score.musicxml,Liszt/Transcendental_Etudes/10/Uiasiuk03.mid,1.0,574,10,564,0,0,0.017422,1.0,0.034247
0.0,all,val,Liszt/Transcendental_Etudes/10/xml_score.musicxml,Liszt/Transcendental_Etudes/10/Uiasiuk03.mid,2.0,574,10,564,0,0,0.017422,1.0,0.034247
0.0,all,val,Liszt/Transcendental_Etudes/10/xml_score.musicxml,Liszt/Transcendental_Etudes/10/Yeletskiy03.mid,0.0,522,6,516,4,0,0.011494,0.6,0.022556
0.0,all,val,Liszt/Transcendental_Etudes/10/xml_score.musicxml,Liszt/Transcendental_Etudes/10/Yeletskiy03.mid,1.0,522,10,512,0,0,0.019157,1.0,0.037594
0.0,all,val,Liszt/Transcendental_Etudes/10/xml_score.musicxml,Liszt/Transcendental_Etudes/10/Yeletskiy03.mid,2.0,522,10,512,0,0,0.019157,1.0,0.037594
0.0,all,test,Liszt/Transcendental_Etudes/5/xml_score.musicxml,Liszt/Transcendental_Etudes/5/Gryaznov02.mid,0.0,233,6,227,4,0,0.025751,0.6,0.049383
0.0,all,test,Liszt/Transcendental_Etudes/5/xml_score.musicxml,Liszt/Transcendental_Etudes/5/Gryaznov02.mid,1.0,233,9,224,1,0,0.038627,0.9,0.074074
0.0,all,test,Liszt/Transcendental_Etudes/5/xml_score.musicxml,Liszt/Transcendental_Etudes/5/Gryaznov02.mid,2.0,233,10,223,0,0,0.042918,1.0,0.082305
0.0,all,test,Liszt/Transcendental_Etudes/5/xml_score.musicxml,Liszt/Transcendental_Etudes/5/HUAN_B03.mid,0.0,335,7,328,3,0,0.020896,0.7,0.04058
0.0,all,test,Liszt/Transcendental_Etudes/5/xml_score.musicxml,Liszt/Transcendental_Etudes/5/HUAN_B03.mid,1.0,335,10,325,0,0,0.029851,1.0,0.057971
0.0,all,test,Liszt/Transcendental_Etudes/5/xml_score.musicxml,Liszt/Transcendental_Etudes/5/HUAN_B03.mid,2.0,335,10,325,0,0,0.029851,1.0,0.057971
0.0,all,test,Liszt/Transcendental_Etudes/5/xml_score.musicxml,Liszt/Transcendental_Etudes/5/Huang16M.mid,0.0,281,4,277,6,0,0.014235,0.4,0.027491
0.0,all,test,Liszt/Transcendental_Etudes/5/xml_score.musicxml,Liszt/Transcendental_Etudes/5/Huang16M.mid,1.0,281,10,271,0,0,0.035587,1.0,0.068729
0.0,all,test,Liszt/Transcendental_Etudes/5/xml_score.musicxml,Liszt/Transcendental_Etudes/5/Huang16M.mid,2.0,281,10,271,0,0,0.035587,1.0,0.068729
0.0,all,test,Liszt/Transcendental_Etudes/5/xml_score.musicxml,Liszt/Transcendental_Etudes/5/Huangci01.mid,0.0,394,8,386,2,0,0.020305,0.8,0.039604
0.0,all,test,Liszt/Transcendental_Etudes/5/xml_score.musicxml,Liszt/Transcendental_Etudes/5/Huangci01.mid,1.0,394,10,384,0,0,0.025381,1.0,0.049505
0.0,all,test,Liszt/Transcendental_Etudes/5/xml_score.musicxml,Liszt/Transcendental_Etudes/5/Huangci01.mid,2.0,394,10,384,0,0,0.025381,1.0,0.049505
0.0,all,test,Liszt/Transcendental_Etudes/5/xml_score.musicxml,Liszt/Transcendental_Etudes/5/KIM_W02.mid,0.0,409,9,400,1,0,0.022005,0.9,0.042959
0.0,all,test,Liszt/Transcendental_Etudes/5/xml_score.musicxml,Liszt/Transcendental_Etudes/5/KIM_W02.mid,1.0,409,10,399,0,0,0.02445,1.0,0.047733
0.0,all,test,Liszt/Transcendental_Etudes/5/xml_score.musicxml,Liszt/Transcendental_Etudes/5/KIM_W02.mid,2.0,409,10,399,0,0,0.02445,1.0,0.047733
0.0,all,test,Liszt/Transcendental_Etudes/5/xml_score.musicxml,Liszt/Transcendental_Etudes/5/LiuY06M.mid,0.0,570,10,560,0,0,0.017544,1.0,0.034483
0.0,all,test,Liszt/Transcendental_Etudes/5/xml_score.musicxml,Liszt/Transcendental_Etudes/5/LiuY06M.mid,1.0,570,10,560,0,0,0.017544,1.0,0.034483
0.0,all,test,Liszt/Transcendental_Etudes/5/xml_score.musicxml,Liszt/Transcendental_Etudes/5/LiuY06M.mid,2.0,570,10,560,0,0,0.017544,1.0,0.034483
0.0,all,test,Liszt/Transcendental_Etudes/5/xml_score.musicxml,Liszt/Transcendental_Etudes/5/Min03M.mid,0.0,340,8,332,2,0,0.023529,0.8,0.045714
0.0,all,test,Liszt/Transcendental_Etudes/5/xml_score.musicxml,Liszt/Transcendental_Etudes/5/Min03M.mid,1.0,340,10,330,0,0,0.029412,1.0,0.057143
0.0,all,test,Liszt/Transcendental_Etudes/5/xml_score.musicxml,Liszt/Transcendental_Etudes/5/Min03M.mid,2.0,340,10,330,0,0,0.029412,1.0,0.057143
0.0,all,test,Liszt/Transcendental_Etudes/5/xml_score.musicxml,Liszt/Transcendental_Etudes/5/Park03M.mid,0.0,349,6,343,4,0,0.017192,0.6,0.033426
0.0,all,test,Liszt/Transcendental_Etudes/5/xml_score.musicxml,Liszt/Transcendental_Etudes/5/Park03M.mid,1.0,349,9,340,1,0,0.025788,0.9,0.050139
0.0,all,test,Liszt/Transcendental_Etudes/5/xml_score.musicxml,Liszt/Transcendental_Etudes/5/Park03M.mid,2.0,349,10,339,0,0,0.028653,1.0,0.05571
0.0,all,test,Liszt/Transcendental_Etudes/5/xml_score.musicxml,Liszt/Transcendental_Etudes/5/Sun09.mid,0.0,443,6,437,4,0,0.013544,0.6,0.02649
0.0,all,test,Liszt/Transcendental_Etudes/5/xml_score.musicxml,Liszt/Transcendental_Etudes/5/Sun09.mid,1.0,443,10,433,0,0,0.022573,1.0,0.04415
0.0,all,test,Liszt/Transcendental_Etudes/5/xml_score.musicxml,Liszt/Transcendental_Etudes/5/Sun09.mid,2.0,443,10,433,0,0,0.022573,1.0,0.04415
0.0,all,test,Liszt/Transcendental_Etudes/5/xml_score.musicxml,Liszt/Transcendental_Etudes/5/Wang06M.mid,0.0,368,6,362,4,0,0.016304,0.6,0.031746
0.0,all,test,Liszt/Transcendental_Etudes/5/xml_score.musicxml,Liszt/Transcendental_Etudes/5/Wang06M.mid,1.0,368,10,358,0,0,0.027174,1.0,0.05291
0.0,all,test,Liszt/Transcendental_Etudes/5/xml_score.musicxml,Liszt/Transcendental_Etudes/5/Wang06M.mid,2.0,368,10,358,0,0,0.027174,1.0,0.05291
0.0,all,test,Liszt/Transcendental_Etudes/5/xml_score.musicxml,Liszt/Transcendental_Etudes/5/WangY02M.mid,0.0,500,5,495,5,0,0.01,0.5,0.019608
0.0,all,test,Liszt/Transcendental_Etudes/5/xml_score.musicxml,Liszt/Transcendental_Etudes/5/WangY02M.mid,1.0,500,10,490,0,0,0.02,1.0,0.039216
0.0,all,test,Liszt/Transcendental_Etudes/5/xml_score.musicxml,Liszt/Transcendental_Etudes/5/WangY02M.mid,2.0,500,10,490,0,0,0.02,1.0,0.039216
0.0,all,train,Ravel/Pavane/xml_score.musicxml,Ravel/Pavane/ChenS03.mid,0.0,299,2,297,2,0,0.006689,0.5,0.013201
0.0,all,train,Ravel/Pavane/xml_score.musicxml,Ravel/Pavane/ChenS03.mid,1.0,299,3,296,1,0,0.010033,0.75,0.019802
0.0,all,train,Ravel/Pavane/xml_score.musicxml,Ravel/Pavane/ChenS03.mid,2.0,299,3,296,1,0,0.010033,0.75,0.019802
0.0,all,train,Ravel/Pavane/xml_score.musicxml,Ravel/Pavane/Zhdanov08.mid,0.0,255,0,255,4,0,0.0,0.0,0.0
0.0,all,train,Ravel/Pavane/xml_score.musicxml,Ravel/Pavane/Zhdanov08.mid,1.0,255,3,252,1,0,0.011765,0.75,0.023166
0.0,all,train,Ravel/Pavane/xml_score.musicxml,Ravel/Pavane/Zhdanov08.mid,2.0,255,4,251,0,0,0.015686,1.0,0.030888
0.0,all,train,Schumann/Kreisleriana/4/xml_score.musicxml,Schumann/Kreisleriana/4/ParkJH07.mid,0.0,239,2,237,4,0,0.008368,0.333333,0.016327
0.0,all,train,Schumann/Kreisleriana/4/xml_score.musicxml,Schumann/Kreisleriana/4/ParkJH07.mid,1.0,239,6,233,0,0,0.025105,1.0,0.04898
0.0,all,train,Schumann/Kreisleriana/4/xml_score.musicxml,Schumann/Kreisleriana/4/ParkJH07.mid,2.0,239,6,233,0,0,0.025105,1.0,0.04898
0.0,all,train,Schumann/Kreisleriana/4/xml_score.musicxml,Schumann/Kreisleriana/4/Yarden09.mid,0.0,234,2,232,4,0,0.008547,0.333333,0.016667
0.0,all,train,Schumann/Kreisleriana/4/xml_score.musicxml,Schumann/Kreisleriana/4/Yarden09.mid,1.0,234,6,228,0,0,0.025641,1.0,0.05
0.0,all,train,Schumann/Kreisleriana/4/xml_score.musicxml,Schumann/Kreisleriana/4/Yarden09.mid,2.0,234,6,228,0,0,0.025641,1.0,0.05
0.0,all,train,Schumann/Kreisleriana/6/xml_score.musicxml,Schumann/Kreisleriana/6/JohannsonP07.mid,0.0,243,9,234,3,0,0.037037,0.75,0.070588
0.0,all,train,Schumann/Kreisleriana/6/xml_score.musicxml,Schumann/Kreisleriana/6/JohannsonP07.mid,1.0,243,11,232,1,0,0.045267,0.916667,0.086275
0.0,all,train,Schumann/Kreisleriana/6/xml_score.musicxml,Schumann/Kreisleriana/6/JohannsonP07.mid,2.0,243,11,232,1,0,0.045267,0.916667,0.086275
0.0,all,train,Schumann/Kreisleriana/6/xml_score.musicxml,Schumann/Kreisleriana/6/ParkJH09.mid,0.0,261,5,256,7,0,0.019157,0.416667,0.03663
0.0,all,train,Schumann/Kreisleriana/6/xml_score.musicxml,Schumann/Kreisleriana/6/ParkJH09.mid,1.0,261,11,250,1,0,0.042146,0.916667,0.080586
0.0,all,train,Schumann/Kreisleriana/6/xml_score.musicxml,Schumann/Kreisleriana/6/ParkJH09.mid,2.0,261,11,250,1,0,0.042146,0.916667,0.080586
0.0,all,train,Schumann/Kreisleriana/6/xml_score.musicxml,Schumann/Kreisleriana/6/Yarden09.mid,0.0,254,6,248,6,0,0.023622,0.5,0.045113
0.0,all,train,Schumann/Kreisleriana/6/xml_score.musicxml,Schumann/Kreisleriana/6/Yarden09.mid,1.0,254,11,243,1,0,0.043307,0.916667,0.082707
0.0,all,train,Schumann/Kreisleriana/6/xml_score.musicxml,Schumann/Kreisleriana/6/Yarden09.mid,2.0,254,11,243,1,0,0.043307,0.916667,0.082707
0.0,all,train,Scriabin/Etudes_op_8/11/xml_score.musicxml,Scriabin/Etudes_op_8/11/Shi03.mid,0.0,252,2,250,0,0,0.007937,1.0,0.015748
0.0,all,train,Scriabin/Etudes_op_8/11/xml_score.musicxml,Scriabin/Etudes_op_8/11/Shi03.mid,1.0,252,2,250,0,0,0.007937,1.0,0.015748
0.0,all,train,Scriabin/Etudes_op_8/11/xml_score.musicxml,Scriabin/Etudes_op_8/11/Shi03.mid,2.0,252,2,250,0,0,0.007937,1.0,0.015748
0.0,all,train,Scriabin/Etudes_op_8/11/xml_score.musicxml,Scriabin/Etudes_op_8/11/Shi08M.mid,0.0,251,1,250,1,0,0.003984,0.5,0.007905
0.0,all,train,Scriabin/Etudes_op_8/11/xml_score.musicxml,Scriabin/Etudes_op_8/11/Shi08M.mid,1.0,251,2,249,0,0,0.007968,1.0,0.01581
0.0,all,train,Scriabin/Etudes_op_8/11/xml_score.musicxml,Scriabin/Etudes_op_8/11/Shi08M.mid,2.0,251,2,249,0,0,0.007968,1.0,0.01581
0.0,all,train,Scriabin/Etudes_op_8/11/xml_score.musicxml,Scriabin/Etudes_op_8/11/YeF09.mid,0.0,307,1,306,1,0,0.003257,0.5,0.006472
0.0,all,train,Scriabin/Etudes_op_8/11/xml_score.musicxml,Scriabin/Etudes_op_8/11/YeF09.mid,1.0,307,2,305,0,0,0.006515,1.0,0.012945
0.0,all,train,Scriabin/Etudes_op_8/11/xml_score.musicxml,Scriabin/Etudes_op_8/11/YeF09.mid,2.0,307,2,305,0,0,0.006515,1.0,0.012945
0.0,all,train,Scriabin/Sonatas/5/xml_score.musicxml,Scriabin/Sonatas/5/ChernovA06M.mid,0.0,693,1,692,16,0,0.001443,0.058824,0.002817
0.0,all,train,Scriabin/Sonatas/5/xml_score.musicxml,Scriabin/Sonatas/5/ChernovA06M.mid,1.0,693,3,690,14,4,0.004329,0.176471,0.008451
0.0,all,train,Scriabin/Sonatas/5/xml_score.musicxml,Scriabin/Sonatas/5/ChernovA06M.mid,2.0,693,8,685,9,0,0.011544,0.470588,0.022535
0.0,all,train,Scriabin/Sonatas/5/xml_score.musicxml,Scriabin/Sonatas/5/FALIKS06.mid,0.0,641,1,640,16,0,0.00156,0.058824,0.00304
0.0,all,train,Scriabin/Sonatas/5/xml_score.musicxml,Scriabin/Sonatas/5/FALIKS06.mid,1.0,641,11,630,6,0,0.017161,0.647059,0.033435
0.0,all,train,Scriabin/Sonatas/5/xml_score.musicxml,Scriabin/Sonatas/5/FALIKS06.mid,2.0,641,14,627,3,0,0.021841,0.823529,0.042553
0.0,all,train,Scriabin/Sonatas/5/xml_score.musicxml,Scriabin/Sonatas/5/FaB05M.mid,0.0,519,5,514,12,0,0.009634,0.294118,0.018657
0.0,all,train,Scriabin/Sonatas/5/xml_score.musicxml,Scriabin/Sonatas/5/FaB05M.mid,1.0,519,14,505,3,0,0.026975,0.823529,0.052239
0.0,all,train,Scriabin/Sonatas/5/xml_score.musicxml,Scriabin/Sonatas/5/FaB05M.mid,2.0,519,15,504,2,0,0.028902,0.882353,0.05597
0.0,all,train,Scriabin/Sonatas/5/xml_score.musicxml,Scriabin/Sonatas/5/GarritsonL06M.mid,0.0,823,4,819,13,0,0.00486,0.235294,0.009524
0.0,all,train,Scriabin/Sonatas/5/xml_score.musicxml,Scriabin/Sonatas/5/GarritsonL06M.mid,1.0,823,16,807,1,0,0.019441,0.941176,0.038095
0.0,all,train,Scriabin/Sonatas/5/xml_score.musicxml,Scriabin/Sonatas/5/GarritsonL06M.mid,2.0,823,16,807,1,0,0.019441,0.941176,0.038095
0.0,all,train,Scriabin/Sonatas/5/xml_score.musicxml,Scriabin/Sonatas/5/Ko07M.mid,0.0,853,1,852,16,0,0.001172,0.058824,0.002299
0.0,all,train,Scriabin/Sonatas/5/xml_score.musicxml,Scriabin/Sonatas/5/Ko07M.mid,1.0,853,11,842,6,2,0.012896,0.647059,0.025287
0.0,all,train,Scriabin/Sonatas/5/xml_score.musicxml,Scriabin/Sonatas/5/Ko07M.mid,2.0,853,15,838,2,0,0.017585,0.882353,0.034483
0.0,all,train,Scriabin/Sonatas/5/xml_score.musicxml,Scriabin/Sonatas/5/Na03.mid,0.0,784,5,779,12,0,0.006378,0.294118,0.012484
0.0,all,train,Scriabin/Sonatas/5/xml_score.musicxml,Scriabin/Sonatas/5/Na03.mid,1.0,784,12,772,5,1,0.015306,0.705882,0.029963
0.0,all,train,Scriabin/Sonatas/5/xml_score.musicxml,Scriabin/Sonatas/5/Na03.mid,2.0,784,13,771,4,0,0.016582,0.764706,0.032459
0.0,all,train,Scriabin/Sonatas/5/xml_score.musicxml,Scriabin/Sonatas/5/Na07M.mid,0.0,798,4,794,13,0,0.005013,0.235294,0.009816
0.0,all,train,Scriabin/Sonatas/5/xml_score.musicxml,Scriabin/Sonatas/5/Na07M.mid,1.0,798,13,785,4,0,0.016291,0.764706,0.031902
0.0,all,train,Scriabin/Sonatas/5/xml_score.musicxml,Scriabin/Sonatas/5/Na07M.mid,2.0,798,13,785,4,0,0.016291,0.764706,0.031902
0.0,all,train,Scriabin/Sonatas/5/xml_score.musicxml,Scriabin/Sonatas/5/TET02.mid,0.0,819,5,814,12,0,0.006105,0.294118,0.011962
0.0,all,train,Scriabin/Sonatas/5/xml_score.musicxml,Scriabin/Sonatas/5/TET02.mid,1.0,819,13,806,4,0,0.015873,0.764706,0.0311
0.0,all,train,Scriabin/Sonatas/5/xml_score.musicxml,Scriabin/Sonatas/5/TET02.mid,2.0,819,14,805,3,0,0.017094,0.823529,0.033493
0.0,all,train,Scriabin/Sonatas/5/xml_score.musicxml,Scriabin/Sonatas/5/Yeletskiy02.mid,0.0,602,3,599,14,0,0.004983,0.176471,0.009693
0.0,all,train,Scriabin/Sonatas/5/xml_score.musicxml,Scriabin/Sonatas/5/Yeletskiy02.mid,1.0,602,16,586,1,0,0.026578,0.941176,0.051696
0.0,all,train,Scriabin/Sonatas/5/xml_score.musicxml,Scriabin/Sonatas/5/Yeletskiy02.mid,2.0,602,17,585,0,0,0.028239,1.0,0.054927
0.0,all,train,Scriabin/Sonatas/5/xml_score.musicxml,Scriabin/Sonatas/5/Yeletskiy07M.mid,0.0,511,3,508,14,0,0.005871,0.176471,0.011364
0.0,all,train,Scriabin/Sonatas/5/xml_score.musicxml,Scriabin/Sonatas/5/Yeletskiy07M.mid,1.0,511,16,495,1,1,0.031311,0.941176,0.060606
0.0,all,train,Scriabin/Sonatas/5/xml_score.musicxml,Scriabin/Sonatas/5/Yeletskiy07M.mid,2.0,511,17,494,0,0,0.033268,1.0,0.064394
0.25,all,train,Beethoven/Piano_Sonatas/11-2/xml_score.musicxml,Beethoven/Piano_Sonatas/11-2/MaximovI04.mid,0.0,104,5,99,161,0,0.048077,0.03012,0.037037
0.25,all,train,Beethoven/Piano_Sonatas/11-2/xml_score.musicxml,Beethoven/Piano_Sonatas/11-2/MaximovI04.mid,1.0,104,13,91,153,0,0.125,0.078313,0.096296
0.25,all,train,Beethoven/Piano_Sonatas/11-2/xml_score.musicxml,Beethoven/Piano_Sonatas/11-2/MaximovI04.mid,2.0,104,22,82,144,0,0.211538,0.13253,0.162963
0.25,all,val,Beethoven/Piano_Sonatas/21-3/xml_score.musicxml,Beethoven/Piano_Sonatas/21-3/KimSY04M.mid,0.0,465,0,465,7,0,0.0,0.0,0.0
0.25,all,val,Beethoven/Piano_Sonatas/21-3/xml_score.musicxml,Beethoven/Piano_Sonatas/21-3/KimSY04M.mid,1.0,465,6,459,1,0,0.012903,0.857143,0.025424
0.25,all,val,Beethoven/Piano_Sonatas/21-3/xml_score.musicxml,Beethoven/Piano_Sonatas/21-3/KimSY04M.mid,2.0,465,7,458,0,0,0.015054,1.0,0.029661
0.25,all,val,Beethoven/Piano_Sonatas/21-3/xml_score.musicxml,Beethoven/Piano_Sonatas/21-3/Sekino05M.mid,0.0,180,0,180,7,0,0.0,0.0,0.0
0.25,all,val,Beethoven/Piano_Sonatas/21-3/xml_score.musicxml,Beethoven/Piano_Sonatas/21-3/Sekino05M.mid,1.0,180,3,177,4,0,0.016667,0.428571,0.032086
0.25,all,val,Beethoven/Piano_Sonatas/21-3/xml_score.musicxml,Beethoven/Piano_Sonatas/21-3/Sekino05M.mid,2.0,180,3,177,4,0,0.016667,0.428571,0.032086
0.25,all,val,Beethoven/Piano_Sonatas/21-3/xml_score.musicxml,Beethoven/Piano_Sonatas/21-3/YOO05M.mid,0.0,287,2,285,5,0,0.006969,0.285714,0.013605
0.25,all,val,Beethoven/Piano_Sonatas/21-3/xml_score.musicxml,Beethoven/Piano_Sonatas/21-3/YOO05M.mid,1.0,287,5,282,2,0,0.017422,0.714286,0.034014
0.25,all,val,Beethoven/Piano_Sonatas/21-3/xml_score.musicxml,Beethoven/Piano_Sonatas/21-3/YOO05M.mid,2.0,287,5,282,2,0,0.017422,0.714286,0.034014
0.25,all,train,Beethoven/Piano_Sonatas/26-2/xml_score.musicxml,Beethoven/Piano_Sonatas/26-2/HONG05M.mid,0.0,35,3,32,0,0,0.085714,1.0,0.157895
0.25,all,train,Beethoven/Piano_Sonatas/26-2/xml_score.musicxml,Beethoven/Piano_Sonatas/26-2/HONG05M.mid,1.0,35,3,32,0,0,0.085714,1.0,0.157895
0.25,all,train,Beethoven/Piano_Sonatas/26-2/xml_score.musicxml,Beethoven/Piano_Sonatas/26-2/HONG05M.mid,2.0,35,3,32,0,0,0.085714,1.0,0.157895
0.25,all,train,Beethoven/Piano_Sonatas/26-2/xml_score.musicxml,Beethoven/Piano_Sonatas/26-2/Huang02.mid,0.0,17,0,17,3,0,0.0,0.0,0.0
0.25,all,train,Beethoven/Piano_Sonatas/26-2/xml_score.musicxml,Beethoven/Piano_Sonatas/26-2/Huang02.mid,1.0,17,1,16,2,0,0.058824,0.333333,0.1
0.25,all,train,Beethoven/Piano_Sonatas/26-2/xml_score.musicxml,Beethoven/Piano_Sonatas/26-2/Huang02.mid,2.0,17,2,15,1,0,0.117647,0.666667,0.2
0.25,all,train,Beethoven/Piano_Sonatas/26-2/xml_score.musicxml,Beethoven/Piano_Sonatas/26-2/LEE_K05M.mid,0.0,15,0,15,3,0,0.0,0.0,0.0
0.25,all,train,Beethoven/Piano_Sonatas/26-2/xml_score.musicxml,Beethoven/Piano_Sonatas/26-2/LEE_K05M.mid,1.0,15,0,15,3,0,0.0,0.0,0.0
0.25,all,train,Beethoven/Piano_Sonatas/26-2/xml_score.musicxml,Beethoven/Piano_Sonatas/26-2/LEE_K05M.mid,2.0,15,0,15,3,0,0.0,0.0,0.0
0.25,all,train,Beethoven/Piano_Sonatas/26-2/xml_score.musicxml,Beethoven/Piano_Sonatas/26-2/Tysman01.mid,0.0,24,0,24,3,0,0.0,0.0,0.0
0.25,all,train,Beethoven/Piano_Sonatas/26-2/xml_score.musicxml,Beethoven/Piano_Sonatas/26-2/Tysman01.mid,1.0,24,2,22,1,0,0.083333,0.666667,0.148148
0.25,all,train,Beethoven/Piano_Sonatas/26-2/xml_score.musicxml,Beethoven/Piano_Sonatas/26-2/Tysman01.mid,2.0,24,2,22,1,0,0.083333,0.666667,0.148148
0.25,all,train,Beethoven/Piano_Sonatas/26-2/xml_score.musicxml,Beethoven/Piano_Sonatas/26-2/Zhdanov05.mid,0.0,21,1,20,2,0,0.047619,0.333333,0.083333
0.25,all,train,Beethoven/Piano_Sonatas/26-2/xml_score.musicxml,Beethoven/Piano_Sonatas/26-2/Zhdanov05.mid,1.0,21,2,19,1,0,0.095238,0.666667,0.166667
0.25,all,train,Beethoven/Piano_Sonatas/26-2/xml_score.musicxml,Beethoven/Piano_Sonatas/26-2/Zhdanov05.mid,2.0,21,2,19,1,0,0.095238,0.666667,0.166667
0.25,all,test,Beethoven/Piano_Sonatas/28-1/xml_score.musicxml,Beethoven/Piano_Sonatas/28-1/Atzinger01.mid,0.0,249,1,248,1,0,0.004016,0.5,0.007968
0.25,all,test,Beethoven/Piano_Sonatas/28-1/xml_score.musicxml,Beethoven/Piano_Sonatas/28-1/Atzinger01.mid,1.0,249,2,247,0,0,0.008032,1.0,0.015936
0.25,all,test,Beethoven/Piano_Sonatas/28-1/xml_score.musicxml,Beethoven/Piano_Sonatas/28-1/Atzinger01.mid,2.0,249,2,247,0,0,0.008032,1.0,0.015936
0.25,all,test,Beethoven/Piano_Sonatas/28-1/xml_score.musicxml,Beethoven/Piano_Sonatas/28-1/KimHJ02M.mid,0.0,109,0,109,2,0,0.0,0.0,0.0
0.25,all,test,Beethoven/Piano_Sonatas/28-1/xml_score.musicxml,Beethoven/Piano_Sonatas/28-1/KimHJ02M.mid,1.0,109,2,107,0,0,0.018349,1.0,0.036036
0.25,all,test,Beethoven/Piano_Sonatas/28-1/xml_score.musicxml,Beethoven/Piano_Sonatas/28-1/KimHJ02M.mid,2.0,109,2,107,0,0,0.018349,1.0,0.036036
0.25,all,test,Beethoven/Piano_Sonatas/28-1/xml_score.musicxml,Beethoven/Piano_Sonatas/28-1/KyykhynenT06M.mid,0.0,137,0,137,2,0,0.0,0.0,0.0
0.25,all,test,Beethoven/Piano_Sonatas/28-1/xml_score.musicxml,Beethoven/Piano_Sonatas/28-1/KyykhynenT06M.mid,1.0,137,2,135,0,0,0.014599,1.0,0.028777
0.25,all,test,Beethoven/Piano_Sonatas/28-1/xml_score.musicxml,Beethoven/Piano_Sonatas/28-1/KyykhynenT06M.mid,2.0,137,2,135,0,0,0.014599,1.0,0.028777
0.25,all,test,Beethoven/Piano_Sonatas/28-1/xml_score.musicxml,Beethoven/Piano_Sonatas/28-1/WangY04M.mid,0.0,59,2,57,0,0,0.033898,1.0,0.065574
0.25,all,test,Beethoven/Piano_Sonatas/28-1/xml_score.musicxml,Beethoven/Piano_Sonatas/28-1/WangY04M.mid,1.0,59,2,57,0,0,0.033898,1.0,0.065574
0.25,all,test,Beethoven/Piano_Sonatas/28-1/xml_score.musicxml,Beethoven/Piano_Sonatas/28-1/WangY04M.mid,2.0,59,2,57,0,0,0.033898,1.0,0.065574
0.25,all,test,Beethoven/Piano_Sonatas/28-1/xml_score.musicxml,Beethoven/Piano_Sonatas/28-1/Zhdanov01.mid,0.0,102,1,101,1,0,0.009804,0.5,0.019231
0.25,all,test,Beethoven/Piano_Sonatas/28-1/xml_score.musicxml,Beethoven/Piano_Sonatas/28-1/Zhdanov01.mid,1.0,102,2,100,0,0,0.019608,1.0,0.038462
0.25,all,test,Beethoven/Piano_Sonatas/28-1/xml_score.musicxml,Beethoven/Piano_Sonatas/28-1/Zhdanov01.mid,2.0,102,2,100,0,0,0.019608,1.0,0.038462
0.25,all,train,Beethoven/Piano_Sonatas/29-2/xml_score.musicxml,Beethoven/Piano_Sonatas/29-2/ChowK03.mid,0.0,216,0,216,4,0,0.0,0.0,0.0
0.25,all,train,Beethoven/Piano_Sonatas/29-2/xml_score.musicxml,Beethoven/Piano_Sonatas/29-2/ChowK03.mid,1.0,216,2,214,2,0,0.009259,0.5,0.018182
0.25,all,train,Beethoven/Piano_Sonatas/29-2/xml_score.musicxml,Beethoven/Piano_Sonatas/29-2/ChowK03.mid,2.0,216,2,214,2,0,0.009259,0.5,0.018182
0.25,all,train,Beethoven/Piano_Sonatas/29-3/xml_score.musicxml,Beethoven/Piano_Sonatas/29-3/ChowK04.mid,0.0,4,0,4,6,0,0.0,0.0,0.0
0.25,all,train,Beethoven/Piano_Sonatas/29-3/xml_score.musicxml,Beethoven/Piano_Sonatas/29-3/ChowK04.mid,1.0,4,0,4,6,0,0.0,0.0,0.0
0.25,all,train,Beethoven/Piano_Sonatas/29-3/xml_score.musicxml,Beethoven/Piano_Sonatas/29-3/ChowK04.mid,2.0,4,1,3,5,0,0.25,0.166667,0.2
0.25,all,test,Beethoven/Piano_Sonatas/29-4/xml_score.musicxml,Beethoven/Piano_Sonatas/29-4/ChowK05M.mid,0.0,821,1,820,21,0,0.001218,0.045455,0.002372
0.25,all,test,Beethoven/Piano_Sonatas/29-4/xml_score.musicxml,Beethoven/Piano_Sonatas/29-4/ChowK05M.mid,1.0,821,4,817,18,5,0.004872,0.181818,0.00949
0.25,all,test,Beethoven/Piano_Sonatas/29-4/xml_score.musicxml,Beethoven/Piano_Sonatas/29-4/ChowK05M.mid,2.0,821,10,811,12,1,0.01218,0.454545,0.023725
0.25,all,test,Chopin/Ballades/1/xml_score.musicxml,Chopin/Ballades/1/Ali01.mid,0.0,172,16,156,449,0,0.093023,0.034409,0.050235
0.25,all,test,Chopin/Ballades/1/xml_score.musicxml,Chopin/Ballades/1/Ali01.mid,1.0,172,89,83,376,4,0.517442,0.191398,0.279435
0.25,all,test,Chopin/Ballades/1/xml_score.musicxml,Chopin/Ballades/1/Ali01.mid,2.0,172,112,60,353,1,0.651163,0.24086,0.351648
0.25,all,test,Chopin/Ballades/1/xml_score.musicxml,Chopin/Ballades/1/BuiJL04M.mid,0.0,262,24,238,441,0,0.091603,0.051613,0.066025
0.25,all,test,Chopin/Ballades/1/xml_score.musicxml,Chopin/Ballades/1/BuiJL04M.mid,1.0,262,127,135,338,3,0.484733,0.273118,0.349381
0.25,all,test,Chopin/Ballades/1/xml_score.musicxml,Chopin/Ballades/1/BuiJL04M.mid,2.0,262,143,119,322,2,0.545802,0.307527,0.393398
0.25,all,test,Chopin/Ballades/1/xml_score.musicxml,Chopin/Ballades/1/Day04.mid,0.0,305,27,278,438,0,0.088525,0.058065,0.07013
0.25,all,test,Chopin/Ballades/1/xml_score.musicxml,Chopin/Ballades/1/Day04.mid,1.0,305,127,178,338,8,0.416393,0.273118,0.32987
0.25,all,test,Chopin/Ballades/1/xml_score.musicxml,Chopin/Ballades/1/Day04.mid,2.0,305,142,163,323,2,0.465574,0.305376,0.368831
0.25,all,test,Chopin/Ballades/1/xml_score.musicxml,Chopin/Ballades/1/Dossin05.mid,0.0,184,11,173,454,0,0.059783,0.023656,0.033898
0.25,all,test,Chopin/Ballades/1/xml_score.musicxml,Chopin/Ballades/1/Dossin05.mid,1.0,184,77,107,388,2,0.418478,0.165591,0.237288
0.25,all,test,Chopin/Ballades/1/xml_score.musicxml,Chopin/Ballades/1/Dossin05.mid,2.0,184,94,90,371,1,0.51087,0.202151,0.289676
0.25,all,test,Chopin/Ballades/1/xml_score.musicxml,Chopin/Ballades/1/JIA06M.mid,0.0,266,16,250,449,0,0.06015,0.034409,0.043776
0.25,all,test,Chopin/Ballades/1/xml_score.musicxml,Chopin/Ballades/1/JIA06M.mid,1.0,266,114,152,351,10,0.428571,0.245161,0.311902
0.25,all,test,Chopin/Ballades/1/xml_score.musicxml,Chopin/Ballades/1/JIA06M.mid,2.0,266,142,124,323,3,0.533835,0.305376,0.388509
0.25,all,test,Chopin/Ballades/1/xml_score.musicxml,Chopin/Ballades/1/KimSuyeon04M.mid,0.0,224,17,207,448,0,0.075893,0.036559,0.049347
0.25,all,test,Chopin/Ballades/1/xml_score.musicxml,Chopin/Ballades/1/KimSuyeon04M.mid,1.0,224,94,130,371,3,0.419643,0.202151,0.272859
0.25,all,test,Chopin/Ballades/1/xml_score.musicxml,Chopin/Ballades/1/KimSuyeon04M.mid,2.0,224,112,112,353,0,0.5,0.24086,0.325109
0.25,all,test,Chopin/Ballades/1/xml_score.musicxml,Chopin/Ballades/1/LeeKoeun03.mid,0.0,228,23,205,442,0,0.100877,0.049462,0.066378
0.25,all,test,Chopin/Ballades/1/xml_score.musicxml,Chopin/Ballades/1/LeeKoeun03.mid,1.0,228,109,119,356,2,0.47807,0.234409,0.314574
0.25,all,test,Chopin/Ballades/1/xml_score.musicxml,Chopin/Ballades/1/LeeKoeun03.mid,2.0,228,125,103,340,0,0.548246,0.268817,0.36075
0.25,all,test,Chopin/Ballades/1/xml_score.musicxml,Chopin/Ballades/1/LeeKoeun06.mid,0.0,186,11,175,454,0,0.05914,0.023656,0.033794
0.25,all,test,Chopin/Ballades/1/xml_score.musicxml,Chopin/Ballades/1/LeeKoeun06.mid,1.0,186,93,93,372,2,0.5,0.2,0.285714
0.25,all,test,Chopin/Ballades/1/xml_score.musicxml,Chopin/Ballades/1/LeeKoeun06.mid,2.0,186,107,79,358,0,0.575269,0.230108,0.328725
0.25,all,test,Chopin/Ballades/1/xml_score.musicxml,Chopin/Ballades/1/LinTao04.mid,0.0,212,21,191,444,0,0.099057,0.045161,0.062038
0.25,all,test,Chopin/Ballades/1/xml_score.musicxml,Chopin/Ballades/1/LinTao04.mid,1.0,212,102,110,363,5,0.481132,0.219355,0.301329
0.25,all,test,Chopin/Ballades/1/xml_score.musicxml,Chopin/Ballades/1/LinTao04.mid,2.0,212,123,89,342,3,0.580189,0.264516,0.363368
0.25,all,test,Chopin/Ballades/1/xml_score.musicxml,Chopin/Ballades/1/McNamara02.mid,0.0,210,14,196,451,0,0.066667,0.030108,0.041481
0.25,all,test,Chopin/Ballades/1/xml_score.musicxml,Chopin/Ballades/1/McNamara02.mid,1.0,210,107,103,358,5,0.509524,0.230108,0.317037
0.25,all,test,Chopin/Ballades/1/xml_score.musicxml,Chopin/Ballades/1/McNamara02.mid,2.0,210,125,85,340,1,0.595238,0.268817,0.37037
0.25,all,test,Chopin/Ballades/1/xml_score.musicxml,Chopin/Ballades/1/Mo07M.mid,0.0,196,21,175,444,0,0.107143,0.045161,0.06354
0.25,all,test,Chopin/Ballades/1/xml_score.musicxml,Chopin/Ballades/1/Mo07M.mid,1.0,196,83,113,382,1,0.423469,0.178495,0.251135
0.25,all,test,Chopin/Ballades/1/xml_score.musicxml,Chopin/Ballades/1/Mo07M.mid,2.0,196,92,104,373,5,0.469388,0.197849,0.278366
0.25,all,test,Chopin/Ballades/1/xml_score.musicxml,Chopin/Ballades/1/MunA19M.mid,0.0,192,12,180,453,0,0.0625,0.025806,0.03653
0.25,all,test,Chopin/Ballades/1/xml_score.musicxml,Chopin/Ballades/1/MunA19M.mid,1.0,192,71,121,394,17,0.369792,0.152688,0.216134
0.25,all,test,Chopin/Ballades/1/xml_score.musicxml,Chopin/Ballades/1/MunA19M.mid,2.0,192,103,89,362,4,0.536458,0.221505,0.313546
0.25,all,test,Chopin/Ballades/1/xml_score.musicxml,Chopin/Ballades/1/Richardson13M.mid,0.0,256,20,236,445,0,0.078125,0.043011,0.055479
0.25,all,test,Chopin/Ballades/1/xml_score.musicxml,Chopin/Ballades/1/Richardson13M.mid,1.0,256,112,144,353,10,0.4375,0.24086,0.31068
0.25,all,test,Chopin/Ballades/1/xml_score.musicxml,Chopin/Ballades/1/Richardson13M.mid,2.0,256,145,111,320,0,0.566406,0.311828,0.402219
0.25,all,test,Chopin/Ballades/1/xml_score.musicxml,Chopin/Ballades/1/SINKEV05.mid,0.0,256,12,244,453,0,0.046875,0.025806,0.033287
0.25,all,test,Chopin/Ballades/1/xml_score.musicxml,Chopin/Ballades/1/SINKEV05.mid,1.0,256,126,130,339,1,0.492188,0.270968,0.349515
0.25,all,test,Chopin/Ballades/1/xml_score.musicxml,Chopin/Ballades/1/SINKEV05.mid,2.0,256,133,123,332,1,0.519531,0.286022,0.368932
0.25,all,test,Chopin/Ballades/1/xml_score.musicxml,Chopin/Ballades/1/SINKEV11.mid,0.0,196,13,183,452,0,0.066327,0.027957,0.039334
0.25,all,test,Chopin/Ballades/1/xml_score.musicxml,Chopin/Ballades/1/SINKEV11.mid,1.0,196,94,102,371,1,0.479592,0.202151,0.284418
0.25,all,test,Chopin/Ballades/1/xml_score.musicxml,Chopin/Ballades/1/SINKEV11.mid,2.0,196,101,95,364,0,0.515306,0.217204,0.305598
0.25,all,test,Chopin/Ballades/1/xml_score.musicxml,Chopin/Ballades/1/Sladek04M.mid,0.0,245,19,226,446,0,0.077551,0.04086,0.053521
0.25,all,test,Chopin/Ballades/1/xml_score.musicxml,Chopin/Ballades/1/Sladek04M.mid,1.0,245,115,130,350,8,0.469388,0.247312,0.323944
0.25,all,test,Chopin/Ballades/1/xml_score.musicxml,Chopin/Ballades/1/Sladek04M.mid,2.0,245,135,110,330,1,0.55102,0.290323,0.380282
0.25,all,test,Chopin/Ballades/1/xml_score.musicxml,Chopin/Ballades/1/YeSijing01.mid,0.0,328,42,286,423,0,0.128049,0.090323,0.105927
0.25,all,test,Chopin/Ballades/1/xml_score.musicxml,Chopin/Ballades/1/YeSijing01.mid,1.0,328,155,173,310,5,0.472561,0.333333,0.390921
0.25,all,test,Chopin/Ballades/1/xml_score.musicxml,Chopin/Ballades/1/YeSijing01.mid,2.0,328,177,151,288,0,0.539634,0.380645,0.446406
0.25,all,test,Chopin/Ballades/1/xml_score.musicxml,Chopin/Ballades/1/Zhou06M.mid,0.0,252,24,228,441,0,0.095238,0.051613,0.066946
0.25,all,test,Chopin/Ballades/1/xml_score.musicxml,Chopin/Ballades/1/Zhou06M.mid,1.0,252,104,148,361,3,0.412698,0.223656,0.290098
0.25,all,test,Chopin/Ballades/1/xml_score.musicxml,Chopin/Ballades/1/Zhou06M.mid,2.0,252,118,134,347,1,0.468254,0.253763,0.329149
0.25,all,train,Chopin/Ballades/3/xml_score.musicxml,Chopin/Ballades/3/Ko11M.mid,0.0,72,13,59,465,0,0.180556,0.027197,0.047273
0.25,all,train,Chopin/Ballades/3/xml_score.musicxml,Chopin/Ballades/3/Ko11M.mid,1.0,72,38,34,440,2,0.527778,0.079498,0.138182
0.25,all,train,Chopin/Ballades/3/xml_score.musicxml,Chopin/Ballades/3/Ko11M.mid,2.0,72,44,28,434,0,0.611111,0.09205,0.16
0.25,all,train,Chopin/Ballades/3/xml_score.musicxml,Chopin/Ballades/3/LinPeng06M.mid,0.0,132,11,121,467,0,0.083333,0.023013,0.036066
0.25,all,train,Chopin/Ballades/3/xml_score.musicxml,Chopin/Ballades/3/LinPeng06M.mid,1.0,132,90,42,388,2,0.681818,0.188285,0.295082
0.25,all,train,Chopin/Ballades/3/xml_score.musicxml,Chopin/Ballades/3/LinPeng06M.mid,2.0,132,99,33,379,0,0.75,0.207113,0.32459
0.25,all,train,Chopin/Ballades/3/xml_score.musicxml,Chopin/Ballades/3/Tan02.mid,0.0,174,38,136,440,0,0.218391,0.079498,0.116564
0.25,all,train,Chopin/Ballades/3/xml_score.musicxml,Chopin/Ballades/3/Tan02.mid,1.0,174,102,72,376,3,0.586207,0.213389,0.312883
0.25,all,train,Chopin/Ballades/3/xml_score.musicxml,Chopin/Ballades/3/Tan02.mid,2.0,174,112,62,366,0,0.643678,0.23431,0.343558
0.25,all,train,Chopin/Barcarolle/xml_score.musicxml,Chopin/Barcarolle/Kociuban13.mid,0.0,46,3,43,452,0,0.065217,0.006593,0.011976
0.25,all,train,Chopin/Barcarolle/xml_score.musicxml,Chopin/Barcarolle/Kociuban13.mid,1.0,46,20,26,435,0,0.434783,0.043956,0.07984
0.25,all,train,Chopin/Barcarolle/xml_score.musicxml,Chopin/Barcarolle/Kociuban13.mid,2.0,46,23,23,432,0,0.5,0.050549,0.091816
0.25,all,train,Chopin/Barcarolle/xml_score.musicxml,Chopin/Barcarolle/LeeSH05M.mid,0.0,60,0,60,455,0,0.0,0.0,0.0
0.25,all,train,Chopin/Barcarolle/xml_score.musicxml,Chopin/Barcarolle/LeeSH05M.mid,1.0,60,26,34,429,3,0.433333,0.057143,0.100971
0.25,all,train,Chopin/Barcarolle/xml_score.musicxml,Chopin/Barcarolle/LeeSH05M.mid,2.0,60,29,31,426,3,0.483333,0.063736,0.112621
0.25,all,train,Chopin/Barcarolle/xml_score.musicxml,Chopin/Barcarolle/Na03.mid,0.0,38,1,37,454,0,0.026316,0.002198,0.004057
0.25,all,train,Chopin/Barcarolle/xml_score.musicxml,Chopin/Barcarolle/Na03.mid,1.0,38,22,16,433,0,0.578947,0.048352,0.089249
0.25,all,train,Chopin/Barcarolle/xml_score.musicxml,Chopin/Barcarolle/Na03.mid,2.0,38,28,10,427,0,0.736842,0.061538,0.11359
0.25,all,train,Chopin/Barcarolle/xml_score.musicxml,Chopin/Barcarolle/Na09M.mid,0.0,56,3,53,452,0,0.053571,0.006593,0.011742
0.25,all,train,Chopin/Barcarolle/xml_score.musicxml,Chopin/Barcarolle/Na09M.mid,1.0,56,30,26,425,2,0.535714,0.065934,0.117417
0.25,all,train,Chopin/Barcarolle/xml_score.musicxml,Chopin/Barcarolle/Na09M.mid,2.0,56,39,17,416,0,0.696429,0.085714,0.152642
0.25,all,train,Chopin/Barcarolle/xml_score.musicxml,Chopin/Barcarolle/Ozel10M.mid,0.0,40,2,38,453,0,0.05,0.004396,0.008081
0.25,all,train,Chopin/Barcarolle/xml_score.musicxml,Chopin/Barcarolle/Ozel10M.mid,1.0,40,24,16,431,2,0.6,0.052747,0.09697
0.25,all,train,Chopin/Barcarolle/xml_score.musicxml,Chopin/Barcarolle/Ozel10M.mid,2.0,40,31,9,424,2,0.775,0.068132,0.125253
0.25,all,train,Chopin/Barcarolle/xml_score.musicxml,Chopin/Barcarolle/Park10M.mid,0.0,20,1,19,454,0,0.05,0.002198,0.004211
0.25,all,train,Chopin/Barcarolle/xml_score.musicxml,Chopin/Barcarolle/Park10M.mid,1.0,20,11,9,444,3,0.55,0.024176,0.046316
0.25,all,train,Chopin/Barcarolle/xml_score.musicxml,Chopin/Barcarolle/Park10M.mid,2.0,20,16,4,439,2,0.8,0.035165,0.067368
0.25,all,train,Chopin/Barcarolle/xml_score.musicxml,Chopin/Barcarolle/Rozanski07M.mid,0.0,8,0,8,455,0,0.0,0.0,0.0
0.25,all,train,Chopin/Barcarolle/xml_score.musicxml,Chopin/Barcarolle/Rozanski07M.mid,1.0,8,3,5,452,1,0.375,0.006593,0.012959
0.25,all,train,Chopin/Barcarolle/xml_score.musicxml,Chopin/Barcarolle/Rozanski07M.mid,2.0,8,5,3,450,0,0.625,0.010989,0.021598
0.25,all,train,Chopin/Barcarolle/xml_score.musicxml,Chopin/Barcarolle/Verbaite03.mid,0.0,18,1,17,454,0,0.055556,0.002198,0.004228
0.25,all,train,Chopin/Barcarolle/xml_score.musicxml,Chopin/Barcarolle/Verbaite03.mid,1.0,18,7,11,448,3,0.388889,0.015385,0.029598
0.25,all,train,Chopin/Barcarolle/xml_score.musicxml,Chopin/Barcarolle/Verbaite03.mid,2.0,18,11,7,444,2,0.611111,0.024176,0.046512
0.25,all,train,Chopin/Barcarolle/xml_score.musicxml,Chopin/Barcarolle/Wilshire04.mid,0.0,30,1,29,454,0,0.033333,0.002198,0.004124
0.25,all,train,Chopin/Barcarolle/xml_score.musicxml,Chopin/Barcarolle/Wilshire04.mid,1.0,30,14,16,441,1,0.466667,0.030769,0.057732
0.25,all,train,Chopin/Barcarolle/xml_score.musicxml,Chopin/Barcarolle/Wilshire04.mid,2.0,30,19,11,436,0,0.633333,0.041758,0.078351
0.25,all,train,Chopin/Etudes_op_10/1/xml_score.musicxml,Chopin/Etudes_op_10/1/Avdeeva02.mid,0.0,124,0,124,5,0,0.0,0.0,0.0
0.25,all,train,Chopin/Etudes_op_10/1/xml_score.musicxml,Chopin/Etudes_op_10/1/Avdeeva02.mid,1.0,124,3,121,2,0,0.024194,0.6,0.046512
0.25,all,train,Chopin/Etudes_op_10/1/xml_score.musicxml,Chopin/Etudes_op_10/1/Avdeeva02.mid,2.0,124,3,121,2,0,0.024194,0.6,0.046512
0.25,all,train,Chopin/Etudes_op_10/1/xml_score.musicxml,Chopin/Etudes_op_10/1/ChenW03M.mid,0.0,132,0,132,5,0,0.0,0.0,0.0
0.25,all,train,Chopin/Etudes_op_10/1/xml_score.musicxml,Chopin/Etudes_op_10/1/ChenW03M.mid,1.0,132,2,130,3,0,0.015152,0.4,0.029197
0.25,all,train,Chopin/Etudes_op_10/1/xml_score.musicxml,Chopin/Etudes_op_10/1/ChenW03M.mid,2.0,132,2,130,3,0,0.015152,0.4,0.029197
0.25,all,train,Chopin/Etudes_op_10/1/xml_score.musicxml,Chopin/Etudes_op_10/1/HSU02.mid,0.0,170,3,167,2,0,0.017647,0.6,0.034286
0.25,all,train,Chopin/Etudes_op_10/1/xml_score.musicxml,Chopin/Etudes_op_10/1/HSU02.mid,1.0,170,4,166,1,0,0.023529,0.8,0.045714
0.25,all,train,Chopin/Etudes_op_10/1/xml_score.musicxml,Chopin/Etudes_op_10/1/HSU02.mid,2.0,170,4,166,1,0,0.023529,0.8,0.045714
0.25,all,train,Chopin/Etudes_op_10/1/xml_score.musicxml,Chopin/Etudes_op_10/1/ISHIDA04.mid,0.0,173,1,172,4,0,0.00578,0.2,0.011236
0.25,all,train,Chopin/Etudes_op_10/1/xml_score.musicxml,Chopin/Etudes_op_10/1/ISHIDA04.mid,1.0,173,3,170,2,1,0.017341,0.6,0.033708
0.25,all,train,Chopin/Etudes_op_10/1/xml_score.musicxml,Chopin/Etudes_op_10/1/ISHIDA04.mid,2.0,173,3,170,2,1,0.017341,0.6,0.033708
0.25,all,train,Chopin/Etudes_op_10/1/xml_score.musicxml,Chopin/Etudes_op_10/1/Jussow03.mid,0.0,120,0,120,5,0,0.0,0.0,0.0
0.25,all,train,Chopin/Etudes_op_10/1/xml_score.musicxml,Chopin/Etudes_op_10/1/Jussow03.mid,1.0,120,2,118,3,1,0.016667,0.4,0.032
0.25,all,train,Chopin/Etudes_op_10/1/xml_score.musicxml,Chopin/Etudes_op_10/1/Jussow03.mid,2.0,120,2,118,3,1,0.016667,0.4,0.032
0.25,all,train,Chopin/Etudes_op_10/1/xml_score.musicxml,Chopin/Etudes_op_10/1/KaiRuiR03M.mid,0.0,92,1,91,4,0,0.01087,0.2,0.020619
0.25,all,train,Chopin/Etudes_op_10/1/xml_score.musicxml,Chopin/Etudes_op_10/1/KaiRuiR03M.mid,1.0,92,2,90,3,1,0.021739,0.4,0.041237
0.25,all,train,Chopin/Etudes_op_10/1/xml_score.musicxml,Chopin/Etudes_op_10/1/KaiRuiR03M.mid,2.0,92,2,90,3,1,0.021739,0.4,0.041237
0.25,all,train,Chopin/Etudes_op_10/1/xml_score.musicxml,Chopin/Etudes_op_10/1/LeeHanchien02.mid,0.0,120,0,120,5,0,0.0,0.0,0.0
0.25,all,train,Chopin/Etudes_op_10/1/xml_score.musicxml,Chopin/Etudes_op_10/1/LeeHanchien02.mid,1.0,120,1,119,4,2,0.008333,0.2,0.016
0.25,all,train,Chopin/Etudes_op_10/1/xml_score.musicxml,Chopin/Etudes_op_10/1/LeeHanchien02.mid,2.0,120,1,119,4,2,0.008333,0.2,0.016
0.25,all,train,Chopin/Etudes_op_10/1/xml_score.musicxml,Chopin/Etudes_op_10/1/LiYZ02M.mid,0.0,148,2,146,3,0,0.013514,0.4,0.026144
0.25,all,train,Chopin/Etudes_op_10/1/xml_score.musicxml,Chopin/Etudes_op_10/1/LiYZ02M.mid,1.0,148,4,144,1,0,0.027027,0.8,0.052288
0.25,all,train,Chopin/Etudes_op_10/1/xml_score.musicxml,Chopin/Etudes_op_10/1/LiYZ02M.mid,2.0,148,4,144,1,0,0.027027,0.8,0.052288
0.25,all,train,Chopin/Etudes_op_10/1/xml_score.musicxml,Chopin/Etudes_op_10/1/LuM02M.mid,0.0,172,1,171,4,0,0.005814,0.2,0.011299
0.25,all,train,Chopin/Etudes_op_10/1/xml_score.musicxml,Chopin/Etudes_op_10/1/LuM02M.mid,1.0,172,4,168,1,0,0.023256,0.8,0.045198
0.25,all,train,Chopin/Etudes_op_10/1/xml_score.musicxml,Chopin/Etudes_op_10/1/LuM02M.mid,2.0,172,4,168,1,0,0.023256,0.8,0.045198
0.25,all,train,Chopin/Etudes_op_10/1/xml_score.musicxml,Chopin/Etudes_op_10/1/Mikhailoff05.mid,0.0,126,0,126,5,0,0.0,0.0,0.0
0.25,all,train,Chopin/Etudes_op_10/1/xml_score.musicxml,Chopin/Etudes_op_10/1/Mikhailoff05.mid,1.0,126,2,124,3,0,0.015873,0.4,0.030534
0.25,all,train,Chopin/Etudes_op_10/1/xml_score.musicxml,Chopin/Etudes_op_10/1/Mikhailoff05.mid,2.0,126,2,124,3,0,0.015873,0.4,0.030534
0.25,all,train,Chopin/Etudes_op_10/1/xml_score.musicxml,Chopin/Etudes_op_10/1/MorozovS02.mid,0.0,128,0,128,5,0,0.0,0.0,0.0
0.25,all,train,Chopin/Etudes_op_10/1/xml_score.musicxml,Chopin/Etudes_op_10/1/MorozovS02.mid,1.0,128,2,126,3,0,0.015625,0.4,0.030075
0.25,all,train,Chopin/Etudes_op_10/1/xml_score.musicxml,Chopin/Etudes_op_10/1/MorozovS02.mid,2.0,128,2,126,3,0,0.015625,0.4,0.030075
0.25,all,train,Chopin/Etudes_op_10/1/xml_score.musicxml,Chopin/Etudes_op_10/1/MunA07M.mid,0.0,133,1,132,4,0,0.007519,0.2,0.014493
0.25,all,train,Chopin/Etudes_op_10/1/xml_score.musicxml,Chopin/Etudes_op_10/1/MunA07M.mid,1.0,133,3,130,2,0,0.022556,0.6,0.043478
0.25,all,train,Chopin/Etudes_op_10/1/xml_score.musicxml,Chopin/Etudes_op_10/1/MunA07M.mid,2.0,133,3,130,2,0,0.022556,0.6,0.043478
0.25,all,train,Chopin/Etudes_op_10/1/xml_score.musicxml,Chopin/Etudes_op_10/1/NAKAJI02.mid,0.0,116,0,116,5,0,0.0,0.0,0.0
0.25,all,train,Chopin/Etudes_op_10/1/xml_score.musicxml,Chopin/Etudes_op_10/1/NAKAJI02.mid,1.0,116,2,114,3,0,0.017241,0.4,0.033058
0.25,all,train,Chopin/Etudes_op_10/1/xml_score.musicxml,Chopin/Etudes_op_10/1/NAKAJI02.mid,2.0,116,2,114,3,0,0.017241,0.4,0.033058
0.25,all,train,Chopin/Etudes_op_10/1/xml_score.musicxml,Chopin/Etudes_op_10/1/Park02.mid,0.0,145,0,145,5,0,0.0,0.0,0.0
0.25,all,train,Chopin/Etudes_op_10/1/xml_score.musicxml,Chopin/Etudes_op_10/1/Park02.mid,1.0,145,2,143,3,1,0.013793,0.4,0.026667
0.25,all,train,Chopin/Etudes_op_10/1/xml_score.musicxml,Chopin/Etudes_op_10/1/Park02.mid,2.0,145,3,142,2,1,0.02069,0.6,0.04
0.25,all,train,Chopin/Etudes_op_10/1/xml_score.musicxml,Chopin/Etudes_op_10/1/Savitski03.mid,0.0,80,0,80,5,0,0.0,0.0,0.0
0.25,all,train,Chopin/Etudes_op_10/1/xml_score.musicxml,Chopin/Etudes_op_10/1/Savitski03.mid,1.0,80,2,78,3,1,0.025,0.4,0.047059
0.25,all,train,Chopin/Etudes_op_10/1/xml_score.musicxml,Chopin/Etudes_op_10/1/Savitski03.mid,2.0,80,2,78,3,1,0.025,0.4,0.047059
0.25,all,train,Chopin/Etudes_op_10/1/xml_score.musicxml,Chopin/Etudes_op_10/1/Shelest02.mid,0.0,84,0,84,5,0,0.0,0.0,0.0
0.25,all,train,Chopin/Etudes_op_10/1/xml_score.musicxml,Chopin/Etudes_op_10/1/Shelest02.mid,1.0,84,2,82,3,1,0.02381,0.4,0.044944
0.25,all,train,Chopin/Etudes_op_10/1/xml_score.musicxml,Chopin/Etudes_op_10/1/Shelest02.mid,2.0,84,2,82,3,1,0.02381,0.4,0.044944
0.25,all,train,Chopin/Etudes_op_10/1/xml_score.musicxml,Chopin/Etudes_op_10/1/Stahievitch03.mid,0.0,156,0,156,5,0,0.0,0.0,0.0
0.25,all,train,Chopin/Etudes_op_10/1/xml_score.musicxml,Chopin/Etudes_op_10/1/Stahievitch03.mid,1.0,156,3,153,2,0,0.019231,0.6,0.037267
0.25,all,train,Chopin/Etudes_op_10/1/xml_score.musicxml,Chopin/Etudes_op_10/1/Stahievitch03.mid,2.0,156,3,153,2,0,0.019231,0.6,0.037267
0.25,all,train,Chopin/Etudes_op_10/1/xml_score.musicxml,Chopin/Etudes_op_10/1/SunY03M.mid,0.0,136,1,135,4,0,0.007353,0.2,0.014184
0.25,all,train,Chopin/Etudes_op_10/1/xml_score.musicxml,Chopin/Etudes_op_10/1/SunY03M.mid,1.0,136,2,134,3,1,0.014706,0.4,0.028369
0.25,all,train,Chopin/Etudes_op_10/1/xml_score.musicxml,Chopin/Etudes_op_10/1/SunY03M.mid,2.0,136,2,134,3,1,0.014706,0.4,0.028369
0.25,all,train,Chopin/Etudes_op_10/1/xml_score.musicxml,Chopin/Etudes_op_10/1/Terenkova02.mid,0.0,150,1,149,4,0,0.006667,0.2,0.012903
0.25,all,train,Chopin/Etudes_op_10/1/xml_score.musicxml,Chopin/Etudes_op_10/1/Terenkova02.mid,1.0,150,3,147,2,0,0.02,0.6,0.03871
0.25,all,train,Chopin/Etudes_op_10/1/xml_score.musicxml,Chopin/Etudes_op_10/1/Terenkova02.mid,2.0,150,3,147,2,0,0.02,0.6,0.03871
0.25,all,train,Chopin/Etudes_op_10/1/xml_score.musicxml,Chopin/Etudes_op_10/1/Tysman02.mid,0.0,102,0,102,5,0,0.0,0.0,0.0
0.25,all,train,Chopin/Etudes_op_10/1/xml_score.musicxml,Chopin/Etudes_op_10/1/Tysman02.mid,1.0,102,2,100,3,1,0.019608,0.4,0.037383
0.25,all,train,Chopin/Etudes_op_10/1/xml_score.musicxml,Chopin/Etudes_op_10/1/Tysman02.mid,2.0,102,3,99,2,1,0.029412,0.6,0.056075
0.25,all,train,Chopin/Etudes_op_10/1/xml_score.musicxml,Chopin/Etudes_op_10/1/Verbaite02.mid,0.0,106,1,105,4,0,0.009434,0.2,0.018018
0.25,all,train,Chopin/Etudes_op_10/1/xml_score.musicxml,Chopin/Etudes_op_10/1/Verbaite02.mid,1.0,106,2,104,3,0,0.018868,0.4,0.036036
0.25,all,train,Chopin/Etudes_op_10/1/xml_score.musicxml,Chopin/Etudes_op_10/1/Verbaite02.mid,2.0,106,2,104,3,1,0.018868,0.4,0.036036
0.25,all,train,Chopin/Etudes_op_10/1/xml_score.musicxml,Chopin/Etudes_op_10/1/YeF03M.mid,0.0,128,0,128,5,0,0.0,0.0,0.0
0.25,all,train,Chopin/Etudes_op_10/1/xml_score.musicxml,Chopin/Etudes_op_10/1/YeF03M.mid,1.0,128,2,126,3,0,0.015625,0.4,0.030075
0.25,all,train,Chopin/Etudes_op_10/1/xml_score.musicxml,Chopin/Etudes_op_10/1/YeF03M.mid,2.0,128,2,126,3,0,0.015625,0.4,0.030075
0.25,all,train,Chopin/Etudes_op_10/1/xml_score.musicxml,Chopin/Etudes_op_10/1/YuP02M.mid,0.0,86,0,86,5,0,0.0,0.0,0.0
0.25,all,train,Chopin/Etudes_op_10/1/xml_score.musicxml,Chopin/Etudes_op_10/1/YuP02M.mid,1.0,86,1,85,4,1,0.011628,0.2,0.021978
0.25,all,train,Chopin/Etudes_op_10/1/xml_score.musicxml,Chopin/Etudes_op_10/1/YuP02M.mid,2.0,86,1,85,4,1,0.011628,0.2,0.021978
0.25,all,train,Chopin/Etudes_op_10/1/xml_score.musicxml,Chopin/Etudes_op_10/1/Zhdanov02.mid,0.0,142,0,142,5,0,0.0,0.0,0.0
0.25,all,train,Chopin/Etudes_op_10/1/xml_score.musicxml,Chopin/Etudes_op_10/1/Zhdanov02.mid,1.0,142,2,140,3,1,0.014085,0.4,0.027211
0.25,all,train,Chopin/Etudes_op_10/1/xml_score.musicxml,Chopin/Etudes_op_10/1/Zhdanov02.mid,2.0,142,2,140,3,1,0.014085,0.4,0.027211
0.25,all,train,Chopin/Etudes_op_10/1/xml_score.musicxml,Chopin/Etudes_op_10/1/Zukiewicz02.mid,0.0,120,1,119,4,0,0.008333,0.2,0.016
0.25,all,train,Chopin/Etudes_op_10/1/xml_score.musicxml,Chopin/Etudes_op_10/1/Zukiewicz02.mid,1.0,120,2,118,3,0,0.016667,0.4,0.032
0.25,all,train,Chopin/Etudes_op_10/1/xml_score.musicxml,Chopin/Etudes_op_10/1/Zukiewicz02.mid,2.0,120,2,118,3,0,0.016667,0.4,0.032
0.25,all,train,Chopin/Etudes_op_10/10/xml_score.musicxml,Chopin/Etudes_op_10/10/Na_2009_02.mid,0.0,94,21,73,265,0,0.223404,0.073427,0.110526
0.25,all,train,Chopin/Etudes_op_10/10/xml_score.musicxml,Chopin/Etudes_op_10/10/Na_2009_02.mid,1.0,94,84,10,202,1,0.893617,0.293706,0.442105
0.25,all,train,Chopin/Etudes_op_10/10/xml_score.musicxml,Chopin/Etudes_op_10/10/Na_2009_02.mid,2.0,94,91,3,195,0,0.968085,0.318182,0.478947
0.25,all,train,Chopin/Etudes_op_10/10/xml_score.musicxml,Chopin/Etudes_op_10/10/WangH02M.mid,0.0,40,12,28,274,0,0.3,0.041958,0.07362
0.25,all,train,Chopin/Etudes_op_10/10/xml_score.musicxml,Chopin/Etudes_op_10/10/WangH02M.mid,1.0,40,33,7,253,2,0.825,0.115385,0.202454
0.25,all,train,Chopin/Etudes_op_10/10/xml_score.musicxml,Chopin/Etudes_op_10/10/WangH02M.mid,2.0,40,39,1,247,0,0.975,0.136364,0.239264
0.25,all,train,Chopin/Etudes_op_10/10/xml_score.musicxml,Chopin/Etudes_op_10/10/Wilshire02.mid,0.0,8,2,6,284,0,0.25,0.006993,0.013605
0.25,all,train,Chopin/Etudes_op_10/10/xml_score.musicxml,Chopin/Etudes_op_10/10/Wilshire02.mid,1.0,8,5,3,281,1,0.625,0.017483,0.034014
0.25,all,train,Chopin/Etudes_op_10/10/xml_score.musicxml,Chopin/Etudes_op_10/10/Wilshire02.mid,2.0,8,7,1,279,0,0.875,0.024476,0.047619
0.25,all,train,Chopin/Etudes_op_10/10/xml_score.musicxml,Chopin/Etudes_op_10/10/Yanagitani02.mid,0.0,32,11,21,275,0,0.34375,0.038462,0.069182
0.25,all,train,Chopin/Etudes_op_10/10/xml_score.musicxml,Chopin/Etudes_op_10/10/Yanagitani02.mid,1.0,32,25,7,261,1,0.78125,0.087413,0.157233
0.25,all,train,Chopin/Etudes_op_10/10/xml_score.musicxml,Chopin/Etudes_op_10/10/Yanagitani02.mid,2.0,32,26,6,260,0,0.8125,0.090909,0.163522
0.25,all,train,Chopin/Etudes_op_10/5/xml_score.musicxml,Chopin/Etudes_op_10/5/Bach02.mid,0.0,60,0,60,12,0,0.0,0.0,0.0
0.25,all,train,Chopin/Etudes_op_10/5/xml_score.musicxml,Chopin/Etudes_op_10/5/Bach02.mid,1.0,60,3,57,9,1,0.05,0.25,0.083333
0.25,all,train,Chopin/Etudes_op_10/5/xml_score.musicxml,Chopin/Etudes_op_10/5/Bach02.mid,2.0,60,7,53,5,0,0.116667,0.583333,0.194444
0.25,all,train,Chopin/Etudes_op_10/5/xml_score.musicxml,Chopin/Etudes_op_10/5/Feiner_2006_02.mid,0.0,109,3,106,9,0,0.027523,0.25,0.049587
0.25,all,train,Chopin/Etudes_op_10/5/xml_score.musicxml,Chopin/Etudes_op_10/5/Feiner_2006_02.mid,1.0,109,8,101,4,0,0.073394,0.666667,0.132231
0.25,all,train,Chopin/Etudes_op_10/5/xml_score.musicxml,Chopin/Etudes_op_10/5/Feiner_2006_02.mid,2.0,109,10,99,2,0,0.091743,0.833333,0.165289
0.25,all,train,Chopin/Etudes_op_10/5/xml_score.musicxml,Chopin/Etudes_op_10/5/KimEunhae04.mid,0.0,92,0,92,12,0,0.0,0.0,0.0
0.25,all,train,Chopin/Etudes_op_10/5/xml_score.musicxml,Chopin/Etudes_op_10/5/KimEunhae04.mid,1.0,92,4,88,8,1,0.043478,0.333333,0.076923
0.25,all,train,Chopin/Etudes_op_10/5/xml_score.musicxml,Chopin/Etudes_op_10/5/KimEunhae04.mid,2.0,92,6,86,6,0,0.065217,0.5,0.115385
0.25,all,train,Chopin/Etudes_op_10/5/xml_score.musicxml,Chopin/Etudes_op_10/5/Koshoeva02.mid,0.0,143,3,140,9,0,0.020979,0.25,0.03871
0.25,all,train,Chopin/Etudes_op_10/5/xml_score.musicxml,Chopin/Etudes_op_10/5/Koshoeva02.mid,1.0,143,5,138,7,2,0.034965,0.416667,0.064516
0.25,all,train,Chopin/Etudes_op_10/5/xml_score.musicxml,Chopin/Etudes_op_10/5/Koshoeva02.mid,2.0,143,11,132,1,0,0.076923,0.916667,0.141935
0.25,all,train,Chopin/Etudes_op_10/5/xml_score.musicxml,Chopin/Etudes_op_10/5/LIAO03.mid,0.0,105,1,104,11,0,0.009524,0.083333,0.017094
0.25,all,train,Chopin/Etudes_op_10/5/xml_score.musicxml,Chopin/Etudes_op_10/5/LIAO03.mid,1.0,105,4,101,8,0,0.038095,0.333333,0.068376
0.25,all,train,Chopin/Etudes_op_10/5/xml_score.musicxml,Chopin/Etudes_op_10/5/LIAO03.mid,2.0,105,8,97,4,0,0.07619,0.666667,0.136752
0.25,all,train,Chopin/Etudes_op_10/5/xml_score.musicxml,Chopin/Etudes_op_10/5/LiA03M.mid,0.0,129,0,129,12,0,0.0,0.0,0.0
0.25,all,train,Chopin/Etudes_op_10/5/xml_score.musicxml,Chopin/Etudes_op_10/5/LiA03M.mid,1.0,129,6,123,6,2,0.046512,0.5,0.085106
0.25,all,train,Chopin/Etudes_op_10/5/xml_score.musicxml,Chopin/Etudes_op_10/5/LiA03M.mid,2.0,129,10,119,2,0,0.077519,0.833333,0.141844
0.25,all,train,Chopin/Etudes_op_10/5/xml_score.musicxml,Chopin/Etudes_op_10/5/LiC02M.mid,0.0,84,0,84,12,0,0.0,0.0,0.0
0.25,all,train,Chopin/Etudes_op_10/5/xml_score.musicxml,Chopin/Etudes_op_10/5/LiC02M.mid,1.0,84,3,81,9,0,0.035714,0.25,0.0625
0.25,all,train,Chopin/Etudes_op_10/5/xml_score.musicxml,Chopin/Etudes_op_10/5/LiC02M.mid,2.0,84,4,80,8,0,0.047619,0.333333,0.083333
0.25,all,train,Chopin/Etudes_op_10/5/xml_score.musicxml,Chopin/Etudes_op_10/5/Rozanski03.mid,0.0,82,0,82,12,0,0.0,0.0,0.0
0.25,all,train,Chopin/Etudes_op_10/5/xml_score.musicxml,Chopin/Etudes_op_10/5/Rozanski03.mid,1.0,82,2,80,10,0,0.02439,0.166667,0.042553
0.25,all,train,Chopin/Etudes_op_10/5/xml_score.musicxml,Chopin/Etudes_op_10/5/Rozanski03.mid,2.0,82,6,76,6,0,0.073171,0.5,0.12766
0.25,all,train,Chopin/Etudes_op_10/5/xml_score.musicxml,Chopin/Etudes_op_10/5/Tario02.mid,0.0,124,1,123,11,0,0.008065,0.083333,0.014706
0.25,all,train,Chopin/Etudes_op_10/5/xml_score.musicxml,Chopin/Etudes_op_10/5/Tario02.mid,1.0,124,3,121,9,1,0.024194,0.25,0.044118
0.25,all,train,Chopin/Etudes_op_10/5/xml_score.musicxml,Chopin/Etudes_op_10/5/Tario02.mid,2.0,124,6,118,6,0,0.048387,0.5,0.088235
0.25,all,train,Chopin/Etudes_op_10/5/xml_score.musicxml,Chopin/Etudes_op_10/5/USHIKI03.mid,0.0,133,0,133,12,0,0.0,0.0,0.0
0.25,all,train,Chopin/Etudes_op_10/5/xml_score.musicxml,Chopin/Etudes_op_10/5/USHIKI03.mid,1.0,133,5,128,7,1,0.037594,0.416667,0.068966
0.25,all,train,Chopin/Etudes_op_10/5/xml_score.musicxml,Chopin/Etudes_op_10/5/USHIKI03.mid,2.0,133,7,126,5,0,0.052632,0.583333,0.096552
0.25,all,train,Chopin/Etudes_op_10/5/xml_score.musicxml,Chopin/Etudes_op_10/5/ZhangW03M.mid,0.0,114,1,113,11,0,0.008772,0.083333,0.015873
0.25,all,train,Chopin/Etudes_op_10/5/xml_score.musicxml,Chopin/Etudes_op_10/5/ZhangW03M.mid,1.0,114,3,111,9,1,0.026316,0.25,0.047619
0.25,all,train,Chopin/Etudes_op_10/5/xml_score.musicxml,Chopin/Etudes_op_10/5/ZhangW03M.mid,2.0,114,6,108,6,0,0.052632,0.5,0.095238
0.25,all,val,Chopin/Etudes_op_10/7/xml_score.musicxml,Chopin/Etudes_op_10/7/ChenL02.mid,0.0,80,0,80,18,0,0.0,0.0,0.0
0.25,all,val,Chopin/Etudes_op_10/7/xml_score.musicxml,Chopin/Etudes_op_10/7/ChenL02.mid,1.0,80,12,68,6,0,0.15,0.666667,0.244898
0.25,all,val,Chopin/Etudes_op_10/7/xml_score.musicxml,Chopin/Etudes_op_10/7/ChenL02.mid,2.0,80,15,65,3,1,0.1875,0.833333,0.306122
0.25,all,val,Chopin/Etudes_op_10/7/xml_score.musicxml,Chopin/Etudes_op_10/7/Namirovsky02.mid,0.0,38,1,37,17,0,0.026316,0.055556,0.035714
0.25,all,val,Chopin/Etudes_op_10/7/xml_score.musicxml,Chopin/Etudes_op_10/7/Namirovsky02.mid,1.0,38,3,35,15,0,0.078947,0.166667,0.107143
0.25,all,val,Chopin/Etudes_op_10/7/xml_score.musicxml,Chopin/Etudes_op_10/7/Namirovsky02.mid,2.0,38,6,32,12,1,0.157895,0.333333,0.214286
0.25,all,val,Chopin/Etudes_op_10/7/xml_score.musicxml,Chopin/Etudes_op_10/7/SINKEV03.mid,0.0,68,6,62,12,0,0.088235,0.333333,0.139535
0.25,all,val,Chopin/Etudes_op_10/7/xml_score.musicxml,Chopin/Etudes_op_10/7/SINKEV03.mid,1.0,68,17,51,1,0,0.25,0.944444,0.395349
0.25,all,val,Chopin/Etudes_op_10/7/xml_score.musicxml,Chopin/Etudes_op_10/7/SINKEV03.mid,2.0,68,17,51,1,0,0.25,0.944444,0.395349
0.25,all,test,Chopin/Etudes_op_10/8/xml_score.musicxml,Chopin/Etudes_op_10/8/BENABD02.mid,0.0,198,13,185,59,0,0.065657,0.180556,0.096296
0.25,all,test,Chopin/Etudes_op_10/8/xml_score.musicxml,Chopin/Etudes_op_10/8/BENABD02.mid,1.0,198,40,158,32,4,0.20202,0.555556,0.296296
0.25,all,test,Chopin/Etudes_op_10/8/xml_score.musicxml,Chopin/Etudes_op_10/8/BENABD02.mid,2.0,198,57,141,15,1,0.287879,0.791667,0.422222
0.25,all,test,Chopin/Etudes_op_10/8/xml_score.musicxml,Chopin/Etudes_op_10/8/Benabdallah02.mid,0.0,226,8,218,64,0,0.035398,0.111111,0.053691
0.25,all,test,Chopin/Etudes_op_10/8/xml_score.musicxml,Chopin/Etudes_op_10/8/Benabdallah02.mid,1.0,226,43,183,29,3,0.190265,0.597222,0.288591
0.25,all,test,Chopin/Etudes_op_10/8/xml_score.musicxml,Chopin/Etudes_op_10/8/Benabdallah02.mid,2.0,226,57,169,15,0,0.252212,0.791667,0.38255
0.25,all,test,Chopin/Etudes_op_10/8/xml_score.musicxml,Chopin/Etudes_op_10/8/CHOE01.mid,0.0,227,8,219,64,0,0.035242,0.111111,0.053512
0.25,all,test,Chopin/Etudes_op_10/8/xml_score.musicxml,Chopin/Etudes_op_10/8/CHOE01.mid,1.0,227,34,193,38,3,0.14978,0.472222,0.227425
0.25,all,test,Chopin/Etudes_op_10/8/xml_score.musicxml,Chopin/Etudes_op_10/8/CHOE01.mid,2.0,227,49,178,23,1,0.215859,0.680556,0.327759
0.25,all,test,Chopin/Etudes_op_10/8/xml_score.musicxml,Chopin/Etudes_op_10/8/ChenJie03.mid,0.0,222,5,217,67,0,0.022523,0.069444,0.034014
0.25,all,test,Chopin/Etudes_op_10/8/xml_score.musicxml,Chopin/Etudes_op_10/8/ChenJie03.mid,1.0,222,37,185,35,3,0.166667,0.513889,0.251701
0.25,all,test,Chopin/Etudes_op_10/8/xml_score.musicxml,Chopin/Etudes_op_10/8/ChenJie03.mid,2.0,222,51,171,21,1,0.22973,0.708333,0.346939
0.25,all,test,Chopin/Etudes_op_10/8/xml_score.musicxml,Chopin/Etudes_op_10/8/FONG02.mid,0.0,191,8,183,64,0,0.041885,0.111111,0.060837
0.25,all,test,Chopin/Etudes_op_10/8/xml_score.musicxml,Chopin/Etudes_op_10/8/FONG02.mid,1.0,191,36,155,36,4,0.188482,0.5,0.273764
0.25,all,test,Chopin/Etudes_op_10/8/xml_score.musicxml,Chopin/Etudes_op_10/8/FONG02.mid,2.0,191,46,145,26,3,0.240838,0.638889,0.34981
0.25,all,test,Chopin/Etudes_op_10/8/xml_score.musicxml,Chopin/Etudes_op_10/8/Georgieva03.mid,0.0,232,7,225,65,0,0.030172,0.097222,0.046053
0.25,all,test,Chopin/Etudes_op_10/8/xml_score.musicxml,Chopin/Etudes_op_10/8/Georgieva03.mid,1.0,232,45,187,27,4,0.193966,0.625,0.296053
0.25,all,test,Chopin/Etudes_op_10/8/xml_score.musicxml,Chopin/Etudes_op_10/8/Georgieva03.mid,2.0,232,62,170,10,1,0.267241,0.861111,0.407895
0.25,all,test,Chopin/Etudes_op_10/8/xml_score.musicxml,Chopin/Etudes_op_10/8/IVLEVA02.mid,0.0,233,10,223,62,0,0.042918,0.138889,0.065574
0.25,all,test,Chopin/Etudes_op_10/8/xml_score.musicxml,Chopin/Etudes_op_10/8/IVLEVA02.mid,1.0,233,41,192,31,3,0.175966,0.569444,0.268852
0.25,all,test,Chopin/Etudes_op_10/8/xml_score.musicxml,Chopin/Etudes_op_10/8/IVLEVA02.mid,2.0,233,58,175,14,0,0.248927,0.805556,0.380328
0.25,all,test,Chopin/Etudes_op_10/8/xml_score.musicxml,Chopin/Etudes_op_10/8/Kwok02.mid,0.0,246,7,239,65,0,0.028455,0.097222,0.044025
0.25,all,test,Chopin/Etudes_op_10/8/xml_score.musicxml,Chopin/Etudes_op_10/8/Kwok02.mid,1.0,246,44,202,28,4,0.178862,0.611111,0.27673
0.25,all,test,Chopin/Etudes_op_10/8/xml_score.musicxml,Chopin/Etudes_op_10/8/Kwok02.mid,2.0,246,59,187,13,2,0.239837,0.819444,0.371069
0.25,all,test,Chopin/Etudes_op_10/8/xml_score.musicxml,Chopin/Etudes_op_10/8/KyykhynenT09M.mid,0.0,180,7,173,65,0,0.038889,0.097222,0.055556
0.25,all,test,Chopin/Etudes_op_10/8/xml_score.musicxml,Chopin/Etudes_op_10/8/KyykhynenT09M.mid,1.0,180,43,137,29,4,0.238889,0.597222,0.34127
0.25,all,test,Chopin/Etudes_op_10/8/xml_score.musicxml,Chopin/Etudes_op_10/8/KyykhynenT09M.mid,2.0,180,54,126,18,1,0.3,0.75,0.428571
0.25,all,test,Chopin/Etudes_op_10/8/xml_score.musicxml,Chopin/Etudes_op_10/8/LeeEunjin02.mid,0.0,287,14,273,58,0,0.04878,0.194444,0.077994
0.25,all,test,Chopin/Etudes_op_10/8/xml_score.musicxml,Chopin/Etudes_op_10/8/LeeEunjin02.mid,1.0,287,45,242,27,4,0.156794,0.625,0.250696
0.25,all,test,Chopin/Etudes_op_10/8/xml_score.musicxml,Chopin/Etudes_op_10/8/LeeEunjin02.mid,2.0,287,59,228,13,0,0.205575,0.819444,0.328691
0.25,all,test,Chopin/Etudes_op_10/8/xml_score.musicxml,Chopin/Etudes_op_10/8/LeeHwakyu02.mid,0.0,215,4,211,68,0,0.018605,0.055556,0.027875
0.25,all,test,Chopin/Etudes_op_10/8/xml_score.musicxml,Chopin/Etudes_op_10/8/LeeHwakyu02.mid,1.0,215,44,171,28,7,0.204651,0.611111,0.30662
0.25,all,test,Chopin/Etudes_op_10/8/xml_score.musicxml,Chopin/Etudes_op_10/8/LeeHwakyu02.mid,2.0,215,61,154,11,2,0.283721,0.847222,0.425087
0.25,all,test,Chopin/Etudes_op_10/8/xml_score.musicxml,Chopin/Etudes_op_10/8/LeeJisun02.mid,0.0,281,10,271,62,0,0.035587,0.138889,0.056657
0.25,all,test,Chopin/Etudes_op_10/8/xml_score.musicxml,Chopin/Etudes_op_10/8/LeeJisun02.mid,1.0,281,40,241,32,4,0.142349,0.555556,0.226629
0.25,all,test,Chopin/Etudes_op_10/8/xml_score.musicxml,Chopin/Etudes_op_10/8/LeeJisun02.mid,2.0,281,52,229,20,2,0.185053,0.722222,0.294618
0.25,all,test,Chopin/Etudes_op_10/8/xml_score.musicxml,Chopin/Etudes_op_10/8/LiuLangning02.mid,0.0,190,9,181,63,0,0.047368,0.125,0.068702
0.25,all,test,Chopin/Etudes_op_10/8/xml_score.musicxml,Chopin/Etudes_op_10/8/LiuLangning02.mid,1.0,190,31,159,41,4,0.163158,0.430556,0.236641
0.25,all,test,Chopin/Etudes_op_10/8/xml_score.musicxml,Chopin/Etudes_op_10/8/LiuLangning02.mid,2.0,190,48,142,24,1,0.252632,0.666667,0.366412
0.25,all,test,Chopin/Etudes_op_10/8/xml_score.musicxml,Chopin/Etudes_op_10/8/Lou03M.mid,0.0,300,8,292,64,0,0.026667,0.111111,0.043011
0.25,all,test,Chopin/Etudes_op_10/8/xml_score.musicxml,Chopin/Etudes_op_10/8/Lou03M.mid,1.0,300,47,253,25,4,0.156667,0.652778,0.252688
0.25,all,test,Chopin/Etudes_op_10/8/xml_score.musicxml,Chopin/Etudes_op_10/8/Lou03M.mid,2.0,300,61,239,11,0,0.203333,0.847222,0.327957
0.25,all,test,Chopin/Etudes_op_10/8/xml_score.musicxml,Chopin/Etudes_op_10/8/LuEric03M.mid,0.0,236,7,229,65,0,0.029661,0.097222,0.045455
0.25,all,test,Chopin/Etudes_op_10/8/xml_score.musicxml,Chopin/Etudes_op_10/8/LuEric03M.mid,1.0,236,36,200,36,11,0.152542,0.5,0.233766
0.25,all,test,Chopin/Etudes_op_10/8/xml_score.musicxml,Chopin/Etudes_op_10/8/LuEric03M.mid,2.0,236,59,177,13,1,0.25,0.819444,0.383117
0.25,all,test,Chopin/Etudes_op_10/8/xml_score.musicxml,Chopin/Etudes_op_10/8/Masycheva02.mid,0.0,239,12,227,60,0,0.050209,0.166667,0.07717
0.25,all,test,Chopin/Etudes_op_10/8/xml_score.musicxml,Chopin/Etudes_op_10/8/Masycheva02.mid,1.0,239,41,198,31,3,0.171548,0.569444,0.263666
0.25,all,test,Chopin/Etudes_op_10/8/xml_score.musicxml,Chopin/Etudes_op_10/8/Masycheva02.mid,2.0,239,50,189,22,0,0.209205,0.694444,0.321543
0.25,all,test,Chopin/Etudes_op_10/8/xml_score.musicxml,Chopin/Etudes_op_10/8/MiyashitaM05M.mid,0.0,120,6,114,66,0,0.05,0.083333,0.0625
0.25,all,test,Chopin/Etudes_op_10/8/xml_score.musicxml,Chopin/Etudes_op_10/8/MiyashitaM05M.mid,1.0,120,22,98,50,5,0.183333,0.305556,0.229167
0.25,all,test,Chopin/Etudes_op_10/8/xml_score.musicxml,Chopin/Etudes_op_10/8/MiyashitaM05M.mid,2.0,120,30,90,42,5,0.25,0.416667,0.3125
0.25,all,test,Chopin/Etudes_op_10/8/xml_score.musicxml,Chopin/Etudes_op_10/8/ParkH02.mid,0.0,375,6,369,66,0,0.016,0.083333,0.026846
0.25,all,test,Chopin/Etudes_op_10/8/xml_score.musicxml,Chopin/Etudes_op_10/8/ParkH02.mid,1.0,375,50,325,22,6,0.133333,0.694444,0.223714
0.25,all,test,Chopin/Etudes_op_10/8/xml_score.musicxml,Chopin/Etudes_op_10/8/ParkH02.mid,2.0,375,64,311,8,1,0.170667,0.888889,0.286353
0.25,all,test,Chopin/Etudes_op_10/8/xml_score.musicxml,Chopin/Etudes_op_10/8/Rizikov03M.mid,0.0,216,3,213,69,0,0.013889,0.041667,0.020833
0.25,all,test,Chopin/Etudes_op_10/8/xml_score.musicxml,Chopin/Etudes_op_10/8/Rizikov03M.mid,1.0,216,35,181,37,6,0.162037,0.486111,0.243056
0.25,all,test,Chopin/Etudes_op_10/8/xml_score.musicxml,Chopin/Etudes_op_10/8/Rizikov03M.mid,2.0,216,43,173,29,2,0.199074,0.597222,0.298611
0.25,all,test,Chopin/Etudes_op_10/8/xml_score.musicxml,Chopin/Etudes_op_10/8/SCHU03.mid,0.0,273,15,258,57,0,0.054945,0.208333,0.086957
0.25,all,test,Chopin/Etudes_op_10/8/xml_score.musicxml,Chopin/Etudes_op_10/8/SCHU03.mid,1.0,273,47,226,25,5,0.172161,0.652778,0.272464
0.25,all,test,Chopin/Etudes_op_10/8/xml_score.musicxml,Chopin/Etudes_op_10/8/SCHU03.mid,2.0,273,65,208,7,0,0.238095,0.902778,0.376812
0.25,all,test,Chopin/Etudes_op_10/8/xml_score.musicxml,Chopin/Etudes_op_10/8/Sekino03.mid,0.0,124,2,122,70,0,0.016129,0.027778,0.020408
0.25,all,test,Chopin/Etudes_op_10/8/xml_score.musicxml,Chopin/Etudes_op_10/8/Sekino03.mid,1.0,124,25,99,47,6,0.201613,0.347222,0.255102
0.25,all,test,Chopin/Etudes_op_10/8/xml_score.musicxml,Chopin/Etudes_op_10/8/Sekino03.mid,2.0,124,36,88,36,3,0.290323,0.5,0.367347
0.25,all,test,Chopin/Etudes_op_10/8/xml_score.musicxml,Chopin/Etudes_op_10/8/Shilyaev02.mid,0.0,266,10,256,62,0,0.037594,0.138889,0.059172
0.25,all,test,Chopin/Etudes_op_10/8/xml_score.musicxml,Chopin/Etudes_op_10/8/Shilyaev02.mid,1.0,266,47,219,25,6,0.176692,0.652778,0.278107
0.25,all,test,Chopin/Etudes_op_10/8/xml_score.musicxml,Chopin/Etudes_op_10/8/Shilyaev02.mid,2.0,266,64,202,8,0,0.240602,0.888889,0.378698
0.25,all,test,Chopin/Etudes_op_10/8/xml_score.musicxml,Chopin/Etudes_op_10/8/Soukhovetski02.mid,0.0,237,4,233,68,0,0.016878,0.055556,0.02589
0.25,all,test,Chopin/Etudes_op_10/8/xml_score.musicxml,Chopin/Etudes_op_10/8/Soukhovetski02.mid,1.0,237,42,195,30,5,0.177215,0.583333,0.271845
0.25,all,test,Chopin/Etudes_op_10/8/xml_score.musicxml,Chopin/Etudes_op_10/8/Soukhovetski02.mid,2.0,237,60,177,12,1,0.253165,0.833333,0.38835
0.25,all,test,Chopin/Etudes_op_10/8/xml_score.musicxml,Chopin/Etudes_op_10/8/Tak02.mid,0.0,196,10,186,62,0,0.05102,0.138889,0.074627
0.25,all,test,Chopin/Etudes_op_10/8/xml_score.musicxml,Chopin/Etudes_op_10/8/Tak02.mid,1.0,196,43,153,29,4,0.219388,0.597222,0.320896
0.25,all,test,Chopin/Etudes_op_10/8/xml_score.musicxml,Chopin/Etudes_op_10/8/Tak02.mid,2.0,196,50,146,22,2,0.255102,0.694444,0.373134
0.25,all,test,Chopin/Etudes_op_10/8/xml_score.musicxml,Chopin/Etudes_op_10/8/Tetzloff02.mid,0.0,176,7,169,65,0,0.039773,0.097222,0.056452
0.25,all,test,Chopin/Etudes_op_10/8/xml_score.musicxml,Chopin/Etudes_op_10/8/Tetzloff02.mid,1.0,176,34,142,38,6,0.193182,0.472222,0.274194
0.25,all,test,Chopin/Etudes_op_10/8/xml_score.musicxml,Chopin/Etudes_op_10/8/Tetzloff02.mid,2.0,176,51,125,21,3,0.289773,0.708333,0.41129
0.25,all,test,Chopin/Etudes_op_10/8/xml_score.musicxml,Chopin/Etudes_op_10/8/Tetzloff07M.mid,0.0,160,5,155,67,0,0.03125,0.069444,0.043103
0.25,all,test,Chopin/Etudes_op_10/8/xml_score.musicxml,Chopin/Etudes_op_10/8/Tetzloff07M.mid,1.0,160,30,130,42,5,0.1875,0.416667,0.258621
0.25,all,test,Chopin/Etudes_op_10/8/xml_score.musicxml,Chopin/Etudes_op_10/8/Tetzloff07M.mid,2.0,160,47,113,25,2,0.29375,0.652778,0.405172
0.25,all,test,Chopin/Etudes_op_10/8/xml_score.musicxml,Chopin/Etudes_op_10/8/YOU02.mid,0.0,158,7,151,65,0,0.044304,0.097222,0.06087
0.25,all,test,Chopin/Etudes_op_10/8/xml_score.musicxml,Chopin/Etudes_op_10/8/YOU02.mid,1.0,158,24,134,48,6,0.151899,0.333333,0.208696
0.25,all,test,Chopin/Etudes_op_10/8/xml_score.musicxml,Chopin/Etudes_op_10/8/YOU02.mid,2.0,158,40,118,32,2,0.253165,0.555556,0.347826
0.25,all,test,Chopin/Etudes_op_10/8/xml_score.musicxml,Chopin/Etudes_op_10/8/Zhou03M.mid,0.0,144,6,138,66,0,0.041667,0.083333,0.055556
0.25,all,test,Chopin/Etudes_op_10/8/xml_score.musicxml,Chopin/Etudes_op_10/8/Zhou03M.mid,1.0,144,29,115,43,6,0.201389,0.402778,0.268519
0.25,all,test,Chopin/Etudes_op_10/8/xml_score.musicxml,Chopin/Etudes_op_10/8/Zhou03M.mid,2.0,144,43,101,29,1,0.298611,0.597222,0.398148
0.25,all,train,Chopin/Etudes_op_25/1/xml_score.musicxml,Chopin/Etudes_op_25/1/Erice03.mid,0.0,2,0,2,182,0,0.0,0.0,0.0
0.25,all,train,Chopin/Etudes_op_25/1/xml_score.musicxml,Chopin/Etudes_op_25/1/Erice03.mid,1.0,2,0,2,182,0,0.0,0.0,0.0
0.25,all,train,Chopin/Etudes_op_25/1/xml_score.musicxml,Chopin/Etudes_op_25/1/Erice03.mid,2.0,2,0,2,182,0,0.0,0.0,0.0
0.25,all,train,Chopin/Etudes_op_25/1/xml_score.musicxml,Chopin/Etudes_op_25/1/LeeN03M.mid,0.0,2,0,2,182,0,0.0,0.0,0.0
0.25,all,train,Chopin/Etudes_op_25/1/xml_score.musicxml,Chopin/Etudes_op_25/1/LeeN03M.mid,1.0,2,0,2,182,1,0.0,0.0,0.0
0.25,all,train,Chopin/Etudes_op_25/1/xml_score.musicxml,Chopin/Etudes_op_25/1/LeeN03M.mid,2.0,2,1,1,181,0,0.5,0.005495,0.01087
0.25,all,train,Chopin/Etudes_op_25/1/xml_score.musicxml,Chopin/Etudes_op_25/1/TongB02M.mid,0.0,4,0,4,182,0,0.0,0.0,0.0
0.25,all,train,Chopin/Etudes_op_25/1/xml_score.musicxml,Chopin/Etudes_op_25/1/TongB02M.mid,1.0,4,1,3,181,0,0.25,0.005495,0.010753
0.25,all,train,Chopin/Etudes_op_25/1/xml_score.musicxml,Chopin/Etudes_op_25/1/TongB02M.mid,2.0,4,2,2,180,0,0.5,0.010989,0.021505
0.25,all,train,Chopin/Etudes_op_25/1/xml_score.musicxml,Chopin/Etudes_op_25/1/TuanS04M.mid,0.0,2,0,2,182,0,0.0,0.0,0.0
0.25,all,train,Chopin/Etudes_op_25/1/xml_score.musicxml,Chopin/Etudes_op_25/1/TuanS04M.mid,1.0,2,1,1,181,0,0.5,0.005495,0.01087
0.25,all,train,Chopin/Etudes_op_25/1/xml_score.musicxml,Chopin/Etudes_op_25/1/TuanS04M.mid,2.0,2,1,1,181,0,0.5,0.005495,0.01087
0.25,all,train,Chopin/Etudes_op_25/1/xml_score.musicxml,Chopin/Etudes_op_25/1/Wong03M.mid,0.0,8,1,7,181,0,0.125,0.005495,0.010526
0.25,all,train,Chopin/Etudes_op_25/1/xml_score.musicxml,Chopin/Etudes_op_25/1/Wong03M.mid,1.0,8,6,2,176,0,0.75,0.032967,0.063158
0.25,all,train,Chopin/Etudes_op_25/1/xml_score.musicxml,Chopin/Etudes_op_25/1/Wong03M.mid,2.0,8,6,2,176,0,0.75,0.032967,0.063158
0.25,all,train,Chopin/Etudes_op_25/12/xml_score.musicxml,Chopin/Etudes_op_25/12/Atzinger03.mid,0.0,210,0,210,1,0,0.0,0.0,0.0
0.25,all,train,Chopin/Etudes_op_25/12/xml_score.musicxml,Chopin/Etudes_op_25/12/Atzinger03.mid,1.0,210,0,210,1,1,0.0,0.0,0.0
0.25,all,train,Chopin/Etudes_op_25/12/xml_score.musicxml,Chopin/Etudes_op_25/12/Atzinger03.mid,2.0,210,1,209,0,0,0.004762,1.0,0.009479
0.25,all,train,Chopin/Etudes_op_25/12/xml_score.musicxml,Chopin/Etudes_op_25/12/BorickC04M.mid,0.0,78,0,78,1,0,0.0,0.0,0.0
0.25,all,train,Chopin/Etudes_op_25/12/xml_score.musicxml,Chopin/Etudes_op_25/12/BorickC04M.mid,1.0,78,0,78,1,0,0.0,0.0,0.0
0.25,all,train,Chopin/Etudes_op_25/12/xml_score.musicxml,Chopin/Etudes_op_25/12/BorickC04M.mid,2.0,78,1,77,0,0,0.012821,1.0,0.025316
0.25,all,train,Chopin/Etudes_op_25/12/xml_score.musicxml,Chopin/Etudes_op_25/12/Golubeva02.mid,0.0,52,0,52,1,0,0.0,0.0,0.0
0.25,all,train,Chopin/Etudes_op_25/12/xml_score.musicxml,Chopin/Etudes_op_25/12/Golubeva02.mid,1.0,52,0,52,1,0,0.0,0.0,0.0
0.25,all,train,Chopin/Etudes_op_25/12/xml_score.musicxml,Chopin/Etudes_op_25/12/Golubeva02.mid,2.0,52,1,51,0,0,0.019231,1.0,0.037736
0.25,all,train,Chopin/Etudes_op_25/12/xml_score.musicxml,Chopin/Etudes_op_25/12/HouKimberly03M.mid,0.0,38,0,38,1,0,0.0,0.0,0.0
0.25,all,train,Chopin/Etudes_op_25/12/xml_score.musicxml,Chopin/Etudes_op_25/12/HouKimberly03M.mid,1.0,38,0,38,1,0,0.0,0.0,0.0
0.25,all,train,Chopin/Etudes_op_25/12/xml_score.musicxml,Chopin/Etudes_op_25/12/HouKimberly03M.mid,2.0,38,1,37,0,0,0.026316,1.0,0.051282
0.25,all,train,Chopin/Etudes_op_25/12/xml_score.musicxml,Chopin/Etudes_op_25/12/KWON03.mid,0.0,82,1,81,0,0,0.012195,1.0,0.024096
0.25,all,train,Chopin/Etudes_op_25/12/xml_score.musicxml,Chopin/Etudes_op_25/12/KWON03.mid,1.0,82,1,81,0,0,0.012195,1.0,0.024096
0.25,all,train,Chopin/Etudes_op_25/12/xml_score.musicxml,Chopin/Etudes_op_25/12/KWON03.mid,2.0,82,1,81,0,0,0.012195,1.0,0.024096
0.25,all,train,Chopin/Etudes_op_25/12/xml_score.musicxml,Chopin/Etudes_op_25/12/Kunz03.mid,0.0,8,0,8,1,0,0.0,0.0,0.0
0.25,all,train,Chopin/Etudes_op_25/12/xml_score.musicxml,Chopin/Etudes_op_25/12/Kunz03.mid,1.0,8,0,8,1,0,0.0,0.0,0.0
0.25,all,train,Chopin/Etudes_op_25/12/xml_score.musicxml,Chopin/Etudes_op_25/12/Kunz03.mid,2.0,8,1,7,0,0,0.125,1.0,0.222222
0.25,all,train,Chopin/Etudes_op_25/12/xml_score.musicxml,Chopin/Etudes_op_25/12/LuA04M.mid,0.0,96,0,96,1,0,0.0,0.0,0.0
0.25,all,train,Chopin/Etudes_op_25/12/xml_score.musicxml,Chopin/Etudes_op_25/12/LuA04M.mid,1.0,96,0,96,1,0,0.0,0.0,0.0
0.25,all,train,Chopin/Etudes_op_25/12/xml_score.musicxml,Chopin/Etudes_op_25/12/LuA04M.mid,2.0,96,1,95,0,0,0.010417,1.0,0.020619
0.25,all,train,Chopin/Etudes_op_25/12/xml_score.musicxml,Chopin/Etudes_op_25/12/Meek01.mid,0.0,40,0,40,1,0,0.0,0.0,0.0
0.25,all,train,Chopin/Etudes_op_25/12/xml_score.musicxml,Chopin/Etudes_op_25/12/Meek01.mid,1.0,40,0,40,1,0,0.0,0.0,0.0
0.25,all,train,Chopin/Etudes_op_25/12/xml_score.musicxml,Chopin/Etudes_op_25/12/Meek01.mid,2.0,40,1,39,0,0,0.025,1.0,0.04878
0.25,all,train,Chopin/Etudes_op_25/12/xml_score.musicxml,Chopin/Etudes_op_25/12/Yang03.mid,0.0,12,0,12,1,0,0.0,0.0,0.0
0.25,all,train,Chopin/Etudes_op_25/12/xml_score.musicxml,Chopin/Etudes_op_25/12/Yang03.mid,1.0,12,0,12,1,0,0.0,0.0,0.0
0.25,all,train,Chopin/Etudes_op_25/12/xml_score.musicxml,Chopin/Etudes_op_25/12/Yang03.mid,2.0,12,1,11,0,0,0.083333,1.0,0.153846
0.25,all,val,Chopin/Etudes_op_25/8/xml_score.musicxml,Chopin/Etudes_op_25/8/DeTurck02.mid,0.0,68,9,59,87,0,0.132353,0.09375,0.109756
0.25,all,val,Chopin/Etudes_op_25/8/xml_score.musicxml,Chopin/Etudes_op_25/8/DeTurck02.mid,1.0,68,37,31,59,0,0.544118,0.385417,0.45122
0.25,all,val,Chopin/Etudes_op_25/8/xml_score.musicxml,Chopin/Etudes_op_25/8/DeTurck02.mid,2.0,68,41,27,55,0,0.602941,0.427083,0.5
0.25,all,val,Chopin/Etudes_op_25/8/xml_score.musicxml,Chopin/Etudes_op_25/8/MORET03.mid,0.0,32,0,32,96,0,0.0,0.0,0.0
0.25,all,val,Chopin/Etudes_op_25/8/xml_score.musicxml,Chopin/Etudes_op_25/8/MORET03.mid,1.0,32,19,13,77,0,0.59375,0.197917,0.296875
0.25,all,val,Chopin/Etudes_op_25/8/xml_score.musicxml,Chopin/Etudes_op_25/8/MORET03.mid,2.0,32,22,10,74,0,0.6875,0.229167,0.34375
0.25,all,val,Chopin/Etudes_op_25/8/xml_score.musicxml,Chopin/Etudes_op_25/8/SOLOM03.mid,0.0,32,6,26,90,0,0.1875,0.0625,0.09375
0.25,all,val,Chopin/Etudes_op_25/8/xml_score.musicxml,Chopin/Etudes_op_25/8/SOLOM03.mid,1.0,32,18,14,78,0,0.5625,0.1875,0.28125
0.25,all,val,Chopin/Etudes_op_25/8/xml_score.musicxml,Chopin/Etudes_op_25/8/SOLOM03.mid,2.0,32,21,11,75,0,0.65625,0.21875,0.328125
0.25,all,val,Chopin/Etudes_op_25/8/xml_score.musicxml,Chopin/Etudes_op_25/8/Toscano02.mid,0.0,32,5,27,91,0,0.15625,0.052083,0.078125
0.25,all,val,Chopin/Etudes_op_25/8/xml_score.musicxml,Chopin/Etudes_op_25/8/Toscano02.mid,1.0,32,19,13,77,0,0.59375,0.197917,0.296875
0.25,all,val,Chopin/Etudes_op_25/8/xml_score.musicxml,Chopin/Etudes_op_25/8/Toscano02.mid,2.0,32,20,12,76,0,0.625,0.208333,0.3125
0.25,all,train,Chopin/Scherzos/20/xml_score.musicxml,Chopin/Scherzos/20/Kurz04M.mid,0.0,503,50,453,370,0,0.099404,0.119048,0.108342
0.25,all,train,Chopin/Scherzos/20/xml_score.musicxml,Chopin/Scherzos/20/Kurz04M.mid,1.0,503,225,278,195,0,0.447316,0.535714,0.487541
0.25,all,train,Chopin/Scherzos/20/xml_score.musicxml,Chopin/Scherzos/20/Kurz04M.mid,2.0,503,230,273,190,0,0.457256,0.547619,0.498375
0.25,all,train,Chopin/Scherzos/20/xml_score.musicxml,Chopin/Scherzos/20/Wong03.mid,0.0,657,64,593,356,0,0.097412,0.152381,0.118849
0.25,all,train,Chopin/Scherzos/20/xml_score.musicxml,Chopin/Scherzos/20/Wong03.mid,1.0,657,240,417,180,2,0.365297,0.571429,0.445682
0.25,all,train,Chopin/Scherzos/20/xml_score.musicxml,Chopin/Scherzos/20/Wong03.mid,2.0,657,248,409,172,3,0.377473,0.590476,0.460539
0.25,all,train,Chopin/Scherzos/20/xml_score.musicxml,Chopin/Scherzos/20/Wong04M.mid,0.0,652,33,619,387,0,0.050613,0.078571,0.061567
0.25,all,train,Chopin/Scherzos/20/xml_score.musicxml,Chopin/Scherzos/20/Wong04M.mid,1.0,652,179,473,241,4,0.27454,0.42619,0.333955
0.25,all,train,Chopin/Scherzos/20/xml_score.musicxml,Chopin/Scherzos/20/Wong04M.mid,2.0,652,220,432,200,0,0.337423,0.52381,0.410448
0.25,all,train,Chopin/Scherzos/20/xml_score.musicxml,Chopin/Scherzos/20/ZhangYunling04M.mid,0.0,722,66,656,354,0,0.091413,0.157143,0.115587
0.25,all,train,Chopin/Scherzos/20/xml_score.musicxml,Chopin/Scherzos/20/ZhangYunling04M.mid,1.0,722,249,473,171,3,0.344875,0.592857,0.436077
0.25,all,train,Chopin/Scherzos/20/xml_score.musicxml,Chopin/Scherzos/20/ZhangYunling04M.mid,2.0,722,259,463,161,1,0.358726,0.616667,0.45359
0.25,all,test,Chopin/Scherzos/31/xml_score.musicxml,Chopin/Scherzos/31/ChenW04M.mid,0.0,881,22,859,457,0,0.024972,0.045929,0.032353
0.25,all,test,Chopin/Scherzos/31/xml_score.musicxml,Chopin/Scherzos/31/ChenW04M.mid,1.0,881,339,542,140,12,0.38479,0.707724,0.498529
0.25,all,test,Chopin/Scherzos/31/xml_score.musicxml,Chopin/Scherzos/31/ChenW04M.mid,2.0,881,397,484,82,5,0.450624,0.82881,0.583824
0.25,all,test,Chopin/Scherzos/31/xml_score.musicxml,Chopin/Scherzos/31/Dossin06.mid,0.0,736,20,716,459,0,0.027174,0.041754,0.032922
0.25,all,test,Chopin/Scherzos/31/xml_score.musicxml,Chopin/Scherzos/31/Dossin06.mid,1.0,736,243,493,236,18,0.330163,0.507307,0.4
0.25,all,test,Chopin/Scherzos/31/xml_score.musicxml,Chopin/Scherzos/31/Dossin06.mid,2.0,736,305,431,174,4,0.414402,0.636743,0.502058
0.25,all,test,Chopin/Scherzos/31/xml_score.musicxml,Chopin/Scherzos/31/HuNY08M.mid,0.0,927,37,890,442,0,0.039914,0.077244,0.052632
0.25,all,test,Chopin/Scherzos/31/xml_score.musicxml,Chopin/Scherzos/31/HuNY08M.mid,1.0,927,309,618,170,20,0.333333,0.645094,0.439545
0.25,all,test,Chopin/Scherzos/31/xml_score.musicxml,Chopin/Scherzos/31/HuNY08M.mid,2.0,927,376,551,103,4,0.405609,0.784969,0.534851
0.25,all,test,Chopin/Scherzos/31/xml_score.musicxml,Chopin/Scherzos/31/Jussow04.mid,0.0,831,43,788,436,0,0.051745,0.08977,0.065649
0.25,all,test,Chopin/Scherzos/31/xml_score.musicxml,Chopin/Scherzos/31/Jussow04.mid,1.0,831,364,467,115,9,0.438026,0.759916,0.555725
0.25,all,test,Chopin/Scherzos/31/xml_score.musicxml,Chopin/Scherzos/31/Jussow04.mid,2.0,831,399,432,80,6,0.480144,0.832985,0.60916
0.25,all,test,Chopin/Scherzos/31/xml_score.musicxml,Chopin/Scherzos/31/Jussow11M.mid,0.0,783,58,725,421,0,0.074074,0.121086,0.091918
0.25,all,test,Chopin/Scherzos/31/xml_score.musicxml,Chopin/Scherzos/31/Jussow11M.mid,1.0,783,358,425,121,8,0.457216,0.74739,0.567353
0.25,all,test,Chopin/Scherzos/31/xml_score.musicxml,Chopin/Scherzos/31/Jussow11M.mid,2.0,783,395,388,84,2,0.50447,0.824635,0.62599
0.25,all,test,Chopin/Scherzos/31/xml_score.musicxml,Chopin/Scherzos/31/LeeN04M.mid,0.0,914,17,897,462,0,0.0186,0.035491,0.024408
0.25,all,test,Chopin/Scherzos/31/xml_score.musicxml,Chopin/Scherzos/31/LeeN04M.mid,1.0,914,287,627,192,27,0.314004,0.599165,0.41206
0.25,all,test,Chopin/Scherzos/31/xml_score.musicxml,Chopin/Scherzos/31/LeeN04M.mid,2.0,914,373,541,106,8,0.408096,0.778706,0.535535
0.25,all,test,Chopin/Scherzos/31/xml_score.musicxml,Chopin/Scherzos/31/LinTami06M.mid,0.0,807,10,797,469,0,0.012392,0.020877,0.015552
0.25,all,test,Chopin/Scherzos/31/xml_score.musicxml,Chopin/Scherzos/31/LinTami06M.mid,1.0,807,294,513,185,16,0.364312,0.613779,0.457232
0.25,all,test,Chopin/Scherzos/31/xml_score.musicxml,Chopin/Scherzos/31/LinTami06M.mid,2.0,807,346,461,133,8,0.428748,0.722338,0.538103
0.25,all,test,Chopin/Scherzos/31/xml_score.musicxml,Chopin/Scherzos/31/LuoJ12M.mid,0.0,1049,32,1017,447,0,0.030505,0.066806,0.041885
0.25,all,test,Chopin/Scherzos/31/xml_score.musicxml,Chopin/Scherzos/31/LuoJ12M.mid,1.0,1049,360,689,119,14,0.343184,0.751566,0.471204
0.25,all,test,Chopin/Scherzos/31/xml_score.musicxml,Chopin/Scherzos/31/LuoJ12M.mid,2.0,1049,410,639,69,6,0.390848,0.85595,0.536649
0.25,all,test,Chopin/Scherzos/31/xml_score.musicxml,Chopin/Scherzos/31/SunD04M.mid,0.0,1043,26,1017,453,0,0.024928,0.05428,0.034166
0.25,all,test,Chopin/Scherzos/31/xml_score.musicxml,Chopin/Scherzos/31/SunD04M.mid,1.0,1043,338,705,141,22,0.324065,0.705637,0.444152
0.25,all,test,Chopin/Scherzos/31/xml_score.musicxml,Chopin/Scherzos/31/SunD04M.mid,2.0,1043,423,620,56,6,0.405561,0.88309,0.555848
0.25,all,test,Chopin/Scherzos/31/xml_score.musicxml,Chopin/Scherzos/31/TongB04M.mid,0.0,823,21,802,458,0,0.025516,0.043841,0.032258
0.25,all,test,Chopin/Scherzos/31/xml_score.musicxml,Chopin/Scherzos/31/TongB04M.mid,1.0,823,305,518,174,16,0.370595,0.636743,0.46851
0.25,all,test,Chopin/Scherzos/31/xml_score.musicxml,Chopin/Scherzos/31/TongB04M.mid,2.0,823,366,457,113,9,0.444714,0.764092,0.562212
0.25,all,test,Chopin/Scherzos/31/xml_score.musicxml,Chopin/Scherzos/31/TuanS05M.mid,0.0,925,13,912,466,0,0.014054,0.02714,0.018519
0.25,all,test,Chopin/Scherzos/31/xml_score.musicxml,Chopin/Scherzos/31/TuanS05M.mid,1.0,925,318,607,161,21,0.343784,0.663883,0.452991
0.25,all,test,Chopin/Scherzos/31/xml_score.musicxml,Chopin/Scherzos/31/TuanS05M.mid,2.0,925,409,516,70,1,0.442162,0.853862,0.582621
0.25,all,test,Chopin/Scherzos/31/xml_score.musicxml,Chopin/Scherzos/31/ZhangW04M.mid,0.0,1136,20,1116,459,0,0.017606,0.041754,0.024768
0.25,all,test,Chopin/Scherzos/31/xml_score.musicxml,Chopin/Scherzos/31/ZhangW04M.mid,1.0,1136,383,753,96,21,0.337148,0.799582,0.474303
0.25,all,test,Chopin/Scherzos/31/xml_score.musicxml,Chopin/Scherzos/31/ZhangW04M.mid,2.0,1136,440,696,39,12,0.387324,0.91858,0.544892
0.25,all,train,Chopin/Scherzos/39/xml_score.musicxml,Chopin/Scherzos/39/Arciglione13M.mid,0.0,642,19,623,199,0,0.029595,0.087156,0.044186
0.25,all,train,Chopin/Scherzos/39/xml_score.musicxml,Chopin/Scherzos/39/Arciglione13M.mid,1.0,642,93,549,125,2,0.14486,0.426606,0.216279
0.25,all,train,Chopin/Scherzos/39/xml_score.musicxml,Chopin/Scherzos/39/Arciglione13M.mid,2.0,642,106,536,112,1,0.165109,0.486239,0.246512
0.25,all,train,Chopin/Scherzos/39/xml_score.musicxml,Chopin/Scherzos/39/Bult-ItoS05M.mid,0.0,704,28,676,190,0,0.039773,0.12844,0.060738
0.25,all,train,Chopin/Scherzos/39/xml_score.musicxml,Chopin/Scherzos/39/Bult-ItoS05M.mid,1.0,704,138,566,80,1,0.196023,0.633028,0.299349
0.25,all,train,Chopin/Scherzos/39/xml_score.musicxml,Chopin/Scherzos/39/Bult-ItoS05M.mid,2.0,704,161,543,57,2,0.228693,0.738532,0.349241
0.25,all,train,Chopin/Sonata_2/1st_no_repeat/xml_score.musicxml,Chopin/Sonata_2/1st_no_repeat/Giltburg02.mid,0.0,104,0,104,1,0,0.0,0.0,0.0
0.25,all,train,Chopin/Sonata_2/1st_no_repeat/xml_score.musicxml,Chopin/Sonata_2/1st_no_repeat/Giltburg02.mid,1.0,104,0,104,1,0,0.0,0.0,0.0
0.25,all,train,Chopin/Sonata_2/1st_no_repeat/xml_score.musicxml,Chopin/Sonata_2/1st_no_repeat/Giltburg02.mid,2.0,104,0,104,1,0,0.0,0.0,0.0
0.25,all,train,Chopin/Sonata_2/1st_no_repeat/xml_score.musicxml,Chopin/Sonata_2/1st_no_repeat/Jia03.mid,0.0,82,0,82,1,0,0.0,0.0,0.0
0.25,all,train,Chopin/Sonata_2/1st_no_repeat/xml_score.musicxml,Chopin/Sonata_2/1st_no_repeat/Jia03.mid,1.0,82,0,82,1,0,0.0,0.0,0.0
0.25,all,train,Chopin/Sonata_2/1st_no_repeat/xml_score.musicxml,Chopin/Sonata_2/1st_no_repeat/Jia03.mid,2.0,82,0,82,1,0,0.0,0.0,0.0
0.25,all,train,Chopin/Sonata_2/1st_no_repeat/xml_score.musicxml,Chopin/Sonata_2/1st_no_repeat/Knoll10.mid,0.0,220,0,220,1,0,0.0,0.0,0.0
0.25,all,train,Chopin/Sonata_2/1st_no_repeat/xml_score.musicxml,Chopin/Sonata_2/1st_no_repeat/Knoll10.mid,1.0,220,0,220,1,0,0.0,0.0,0.0
0.25,all,train,Chopin/Sonata_2/1st_no_repeat/xml_score.musicxml,Chopin/Sonata_2/1st_no_repeat/Knoll10.mid,2.0,220,0,220,1,0,0.0,0.0,0.0
0.25,all,train,Chopin/Sonata_2/1st_no_repeat/xml_score.musicxml,Chopin/Sonata_2/1st_no_repeat/MATSUM03.mid,0.0,42,0,42,1,0,0.0,0.0,0.0
0.25,all,train,Chopin/Sonata_2/1st_no_repeat/xml_score.musicxml,Chopin/Sonata_2/1st_no_repeat/MATSUM03.mid,1.0,42,0,42,1,0,0.0,0.0,0.0
0.25,all,train,Chopin/Sonata_2/1st_no_repeat/xml_score.musicxml,Chopin/Sonata_2/1st_no_repeat/MATSUM03.mid,2.0,42,0,42,1,0,0.0,0.0,0.0
0.25,all,test,Chopin/Sonata_2/2nd_no_repeat/xml_score.musicxml,Chopin/Sonata_2/2nd_no_repeat/Giltburg02.mid,0.0,307,0,307,1,0,0.0,0.0,0.0
0.25,all,test,Chopin/Sonata_2/2nd_no_repeat/xml_score.musicxml,Chopin/Sonata_2/2nd_no_repeat/Giltburg02.mid,1.0,307,0,307,1,0,0.0,0.0,0.0
0.25,all,test,Chopin/Sonata_2/2nd_no_repeat/xml_score.musicxml,Chopin/Sonata_2/2nd_no_repeat/Giltburg02.mid,2.0,307,0,307,1,0,0.0,0.0,0.0
0.25,all,test,Chopin/Sonata_2/2nd_no_repeat/xml_score.musicxml,Chopin/Sonata_2/2nd_no_repeat/Knoll10.mid,0.0,520,0,520,1,0,0.0,0.0,0.0
0.25,all,test,Chopin/Sonata_2/2nd_no_repeat/xml_score.musicxml,Chopin/Sonata_2/2nd_no_repeat/Knoll10.mid,1.0,520,0,520,1,0,0.0,0.0,0.0
0.25,all,test,Chopin/Sonata_2/2nd_no_repeat/xml_score.musicxml,Chopin/Sonata_2/2nd_no_repeat/Knoll10.mid,2.0,520,0,520,1,0,0.0,0.0,0.0
0.25,all,train,Chopin/Sonata_3/2nd/xml_score.musicxml,Chopin/Sonata_3/2nd/GarritsonL09.mid,0.0,262,0,262,42,0,0.0,0.0,0.0
0.25,all,train,Chopin/Sonata_3/2nd/xml_score.musicxml,Chopin/Sonata_3/2nd/GarritsonL09.mid,1.0,262,31,231,11,0,0.118321,0.738095,0.203947
0.25,all,train,Chopin/Sonata_3/2nd/xml_score.musicxml,Chopin/Sonata_3/2nd/GarritsonL09.mid,2.0,262,37,225,5,2,0.141221,0.880952,0.243421
0.25,all,train,Chopin/Sonata_3/2nd/xml_score.musicxml,Chopin/Sonata_3/2nd/HONG08.mid,0.0,256,0,256,42,0,0.0,0.0,0.0
0.25,all,train,Chopin/Sonata_3/2nd/xml_score.musicxml,Chopin/Sonata_3/2nd/HONG08.mid,1.0,256,16,240,26,0,0.0625,0.380952,0.107383
0.25,all,train,Chopin/Sonata_3/2nd/xml_score.musicxml,Chopin/Sonata_3/2nd/HONG08.mid,2.0,256,27,229,15,1,0.105469,0.642857,0.181208
0.25,all,train,Chopin/Sonata_3/2nd/xml_score.musicxml,Chopin/Sonata_3/2nd/HuangSW04.mid,0.0,296,4,292,38,0,0.013514,0.095238,0.023669
0.25,all,train,Chopin/Sonata_3/2nd/xml_score.musicxml,Chopin/Sonata_3/2nd/HuangSW04.mid,1.0,296,25,271,17,1,0.084459,0.595238,0.147929
0.25,all,train,Chopin/Sonata_3/2nd/xml_score.musicxml,Chopin/Sonata_3/2nd/HuangSW04.mid,2.0,296,34,262,8,2,0.114865,0.809524,0.201183
0.25,all,train,Chopin/Sonata_3/2nd/xml_score.musicxml,Chopin/Sonata_3/2nd/Huangci06.mid,0.0,280,6,274,36,0,0.021429,0.142857,0.037267
0.25,all,train,Chopin/Sonata_3/2nd/xml_score.musicxml,Chopin/Sonata_3/2nd/Huangci06.mid,1.0,280,16,264,26,5,0.057143,0.380952,0.099379
0.25,all,train,Chopin/Sonata_3/2nd/xml_score.musicxml,Chopin/Sonata_3/2nd/Huangci06.mid,2.0,280,19,261,23,6,0.067857,0.452381,0.118012
0.25,all,train,Chopin/Sonata_3/2nd/xml_score.musicxml,Chopin/Sonata_3/2nd/KimSJ08.mid,0.0,210,0,210,42,0,0.0,0.0,0.0
0.25,all,train,Chopin/Sonata_3/2nd/xml_score.musicxml,Chopin/Sonata_3/2nd/KimSJ08.mid,1.0,210,2,208,40,1,0.009524,0.047619,0.015873
0.25,all,train,Chopin/Sonata_3/2nd/xml_score.musicxml,Chopin/Sonata_3/2nd/KimSJ08.mid,2.0,210,9,201,33,3,0.042857,0.214286,0.071429
0.25,all,train,Chopin/Sonata_3/2nd/xml_score.musicxml,Chopin/Sonata_3/2nd/KimSY21.mid,0.0,255,0,255,42,0,0.0,0.0,0.0
0.25,all,train,Chopin/Sonata_3/2nd/xml_score.musicxml,Chopin/Sonata_3/2nd/KimSY21.mid,1.0,255,29,226,13,0,0.113725,0.690476,0.195286
0.25,all,train,Chopin/Sonata_3/2nd/xml_score.musicxml,Chopin/Sonata_3/2nd/KimSY21.mid,2.0,255,38,217,4,0,0.14902,0.904762,0.255892
0.25,all,train,Chopin/Sonata_3/2nd/xml_score.musicxml,Chopin/Sonata_3/2nd/SCHU09.mid,0.0,211,0,211,42,0,0.0,0.0,0.0
0.25,all,train,Chopin/Sonata_3/2nd/xml_score.musicxml,Chopin/Sonata_3/2nd/SCHU09.mid,1.0,211,1,210,41,0,0.004739,0.02381,0.007905
0.25,all,train,Chopin/Sonata_3/2nd/xml_score.musicxml,Chopin/Sonata_3/2nd/SCHU09.mid,2.0,211,7,204,35,2,0.033175,0.166667,0.055336
0.25,all,train,Chopin/Sonata_3/2nd/xml_score.musicxml,Chopin/Sonata_3/2nd/Shybayeva07.mid,0.0,305,0,305,42,0,0.0,0.0,0.0
0.25,all,train,Chopin/Sonata_3/2nd/xml_score.musicxml,Chopin/Sonata_3/2nd/Shybayeva07.mid,1.0,305,24,281,18,0,0.078689,0.571429,0.138329
0.25,all,train,Chopin/Sonata_3/2nd/xml_score.musicxml,Chopin/Sonata_3/2nd/Shybayeva07.mid,2.0,305,32,273,10,0,0.104918,0.761905,0.184438
0.25,all,train,Chopin/Sonata_3/2nd/xml_score.musicxml,Chopin/Sonata_3/2nd/mikahailoff01.mid,0.0,258,0,258,42,0,0.0,0.0,0.0
0.25,all,train,Chopin/Sonata_3/2nd/xml_score.musicxml,Chopin/Sonata_3/2nd/mikahailoff01.mid,1.0,258,20,238,22,1,0.077519,0.47619,0.133333
0.25,all,train,Chopin/Sonata_3/2nd/xml_score.musicxml,Chopin/Sonata_3/2nd/mikahailoff01.mid,2.0,258,32,226,10,2,0.124031,0.761905,0.213333
0.25,all,train,Chopin/Sonata_3/3rd/xml_score.musicxml,Chopin/Sonata_3/3rd/GarritsonL10.mid,0.0,98,0,98,20,0,0.0,0.0,0.0
0.25,all,train,Chopin/Sonata_3/3rd/xml_score.musicxml,Chopin/Sonata_3/3rd/GarritsonL10.mid,1.0,98,4,94,16,0,0.040816,0.2,0.067797
0.25,all,train,Chopin/Sonata_3/3rd/xml_score.musicxml,Chopin/Sonata_3/3rd/GarritsonL10.mid,2.0,98,7,91,13,0,0.071429,0.35,0.118644
0.25,all,train,Chopin/Sonata_3/3rd/xml_score.musicxml,Chopin/Sonata_3/3rd/HONG08.mid,0.0,216,2,214,18,0,0.009259,0.1,0.016949
0.25,all,train,Chopin/Sonata_3/3rd/xml_score.musicxml,Chopin/Sonata_3/3rd/HONG08.mid,1.0,216,6,210,14,3,0.027778,0.3,0.050847
0.25,all,train,Chopin/Sonata_3/3rd/xml_score.musicxml,Chopin/Sonata_3/3rd/HONG08.mid,2.0,216,9,207,11,1,0.041667,0.45,0.076271
0.25,all,train,Chopin/Sonata_3/3rd/xml_score.musicxml,Chopin/Sonata_3/3rd/HuangSW05.mid,0.0,214,4,210,16,0,0.018692,0.2,0.034188
0.25,all,train,Chopin/Sonata_3/3rd/xml_score.musicxml,Chopin/Sonata_3/3rd/HuangSW05.mid,1.0,214,7,207,13,1,0.03271,0.35,0.059829
0.25,all,train,Chopin/Sonata_3/3rd/xml_score.musicxml,Chopin/Sonata_3/3rd/HuangSW05.mid,2.0,214,11,203,9,2,0.051402,0.55,0.094017
0.25,all,train,Chopin/Sonata_3/3rd/xml_score.musicxml,Chopin/Sonata_3/3rd/Huangci06.mid,0.0,106,1,105,19,0,0.009434,0.05,0.015873
0.25,all,train,Chopin/Sonata_3/3rd/xml_score.musicxml,Chopin/Sonata_3/3rd/Huangci06.mid,1.0,106,4,102,16,1,0.037736,0.2,0.063492
0.25,all,train,Chopin/Sonata_3/3rd/xml_score.musicxml,Chopin/Sonata_3/3rd/Huangci06.mid,2.0,106,7,99,13,0,0.066038,0.35,0.111111
0.25,all,train,Chopin/Sonata_3/3rd/xml_score.musicxml,Chopin/Sonata_3/3rd/KimSJ09.mid,0.0,147,0,147,20,0,0.0,0.0,0.0
0.25,all,train,Chopin/Sonata_3/3rd/xml_score.musicxml,Chopin/Sonata_3/3rd/KimSJ09.mid,1.0,147,6,141,14,1,0.040816,0.3,0.071856
0.25,all,train,Chopin/Sonata_3/3rd/xml_score.musicxml,Chopin/Sonata_3/3rd/KimSJ09.mid,2.0,147,11,136,9,0,0.07483,0.55,0.131737
0.25,all,train,Chopin/Sonata_3/3rd/xml_score.musicxml,Chopin/Sonata_3/3rd/KimSY22.mid,0.0,234,0,234,20,0,0.0,0.0,0.0
0.25,all,train,Chopin/Sonata_3/3rd/xml_score.musicxml,Chopin/Sonata_3/3rd/KimSY22.mid,1.0,234,13,221,7,0,0.055556,0.65,0.102362
0.25,all,train,Chopin/Sonata_3/3rd/xml_score.musicxml,Chopin/Sonata_3/3rd/KimSY22.mid,2.0,234,18,216,2,0,0.076923,0.9,0.141732
0.25,all,train,Chopin/Sonata_3/3rd/xml_score.musicxml,Chopin/Sonata_3/3rd/SCHU09.mid,0.0,96,1,95,19,0,0.010417,0.05,0.017241
0.25,all,train,Chopin/Sonata_3/3rd/xml_score.musicxml,Chopin/Sonata_3/3rd/SCHU09.mid,1.0,96,3,93,17,2,0.03125,0.15,0.051724
0.25,all,train,Chopin/Sonata_3/3rd/xml_score.musicxml,Chopin/Sonata_3/3rd/SCHU09.mid,2.0,96,8,88,12,1,0.083333,0.4,0.137931
0.25,all,train,Chopin/Sonata_3/3rd/xml_score.musicxml,Chopin/Sonata_3/3rd/Shybayeva07.mid,0.0,113,1,112,19,0,0.00885,0.05,0.015038
0.25,all,train,Chopin/Sonata_3/3rd/xml_score.musicxml,Chopin/Sonata_3/3rd/Shybayeva07.mid,1.0,113,6,107,14,2,0.053097,0.3,0.090226
0.25,all,train,Chopin/Sonata_3/3rd/xml_score.musicxml,Chopin/Sonata_3/3rd/Shybayeva07.mid,2.0,113,11,102,9,0,0.097345,0.55,0.165414
0.25,all,train,Chopin/Sonata_3/3rd/xml_score.musicxml,Chopin/Sonata_3/3rd/mikahailoff01.mid,0.0,133,0,133,20,0,0.0,0.0,0.0
0.25,all,train,Chopin/Sonata_3/3rd/xml_score.musicxml,Chopin/Sonata_3/3rd/mikahailoff01.mid,1.0,133,5,128,15,2,0.037594,0.25,0.065359
0.25,all,train,Chopin/Sonata_3/3rd/xml_score.musicxml,Chopin/Sonata_3/3rd/mikahailoff01.mid,2.0,133,9,124,11,0,0.067669,0.45,0.117647
0.25,all,train,Chopin/Sonata_3/4th/xml_score.musicxml,Chopin/Sonata_3/4th/GarritsonL11M.mid,0.0,245,2,243,12,0,0.008163,0.142857,0.015444
0.25,all,train,Chopin/Sonata_3/4th/xml_score.musicxml,Chopin/Sonata_3/4th/GarritsonL11M.mid,1.0,245,4,241,10,5,0.016327,0.285714,0.030888
0.25,all,train,Chopin/Sonata_3/4th/xml_score.musicxml,Chopin/Sonata_3/4th/GarritsonL11M.mid,2.0,245,4,241,10,5,0.016327,0.285714,0.030888
0.25,all,train,Chopin/Sonata_3/4th/xml_score.musicxml,Chopin/Sonata_3/4th/HONG08.mid,0.0,178,0,178,14,0,0.0,0.0,0.0
0.25,all,train,Chopin/Sonata_3/4th/xml_score.musicxml,Chopin/Sonata_3/4th/HONG08.mid,1.0,178,2,176,12,1,0.011236,0.142857,0.020833
0.25,all,train,Chopin/Sonata_3/4th/xml_score.musicxml,Chopin/Sonata_3/4th/HONG08.mid,2.0,178,6,172,8,1,0.033708,0.428571,0.0625
0.25,all,train,Chopin/Sonata_3/4th/xml_score.musicxml,Chopin/Sonata_3/4th/HuangSW06M.mid,0.0,212,1,211,13,0,0.004717,0.071429,0.00885
0.25,all,train,Chopin/Sonata_3/4th/xml_score.musicxml,Chopin/Sonata_3/4th/HuangSW06M.mid,1.0,212,3,209,11,4,0.014151,0.214286,0.026549
0.25,all,train,Chopin/Sonata_3/4th/xml_score.musicxml,Chopin/Sonata_3/4th/HuangSW06M.mid,2.0,212,7,205,7,2,0.033019,0.5,0.061947
0.25,all,train,Chopin/Sonata_3/4th/xml_score.musicxml,Chopin/Sonata_3/4th/Huangci06.mid,0.0,176,1,175,13,0,0.005682,0.071429,0.010526
0.25,all,train,Chopin/Sonata_3/4th/xml_score.musicxml,Chopin/Sonata_3/4th/Huangci06.mid,1.0,176,5,171,9,2,0.028409,0.357143,0.052632
0.25,all,train,Chopin/Sonata_3/4th/xml_score.musicxml,Chopin/Sonata_3/4th/Huangci06.mid,2.0,176,7,169,7,3,0.039773,0.5,0.073684
0.25,all,train,Chopin/Sonata_3/4th/xml_score.musicxml,Chopin/Sonata_3/4th/KimSJ10M.mid,0.0,84,1,83,13,0,0.011905,0.071429,0.020408
0.25,all,train,Chopin/Sonata_3/4th/xml_score.musicxml,Chopin/Sonata_3/4th/KimSJ10M.mid,1.0,84,3,81,11,1,0.035714,0.214286,0.061224
0.25,all,train,Chopin/Sonata_3/4th/xml_score.musicxml,Chopin/Sonata_3/4th/KimSJ10M.mid,2.0,84,4,80,10,2,0.047619,0.285714,0.081633
0.25,all,train,Chopin/Sonata_3/4th/xml_score.musicxml,Chopin/Sonata_3/4th/KimSY23M.mid,0.0,217,1,216,13,0,0.004608,0.071429,0.008658
0.25,all,train,Chopin/Sonata_3/4th/xml_score.musicxml,Chopin/Sonata_3/4th/KimSY23M.mid,1.0,217,6,211,8,2,0.02765,0.428571,0.051948
0.25,all,train,Chopin/Sonata_3/4th/xml_score.musicxml,Chopin/Sonata_3/4th/KimSY23M.mid,2.0,217,10,207,4,3,0.046083,0.714286,0.08658
0.25,all,train,Chopin/Sonata_3/4th/xml_score.musicxml,Chopin/Sonata_3/4th/SCHU09.mid,0.0,210,1,209,13,0,0.004762,0.071429,0.008929
0.25,all,train,Chopin/Sonata_3/4th/xml_score.musicxml,Chopin/Sonata_3/4th/SCHU09.mid,1.0,210,2,208,12,1,0.009524,0.142857,0.017857
0.25,all,train,Chopin/Sonata_3/4th/xml_score.musicxml,Chopin/Sonata_3/4th/SCHU09.mid,2.0,210,4,206,10,1,0.019048,0.285714,0.035714
0.25,all,train,Chopin/Sonata_3/4th/xml_score.musicxml,Chopin/Sonata_3/4th/Shybayeva07.mid,0.0,90,1,89,13,0,0.011111,0.071429,0.019231
0.25,all,train,Chopin/Sonata_3/4th/xml_score.musicxml,Chopin/Sonata_3/4th/Shybayeva07.mid,1.0,90,3,87,11,1,0.033333,0.214286,0.057692
0.25,all,train,Chopin/Sonata_3/4th/xml_score.musicxml,Chopin/Sonata_3/4th/Shybayeva07.mid,2.0,90,3,87,11,1,0.033333,0.214286,0.057692
0.25,all,train,Chopin/Sonata_3/4th/xml_score.musicxml,Chopin/Sonata_3/4th/mikahailoff01.mid,0.0,252,1,251,13,0,0.003968,0.071429,0.007519
0.25,all,train,Chopin/Sonata_3/4th/xml_score.musicxml,Chopin/Sonata_3/4th/mikahailoff01.mid,1.0,252,6,246,8,1,0.02381,0.428571,0.045113
0.25,all,train,Chopin/Sonata_3/4th/xml_score.musicxml,Chopin/Sonata_3/4th/mikahailoff01.mid,2.0,252,7,245,7,1,0.027778,0.5,0.052632
0.25,all,val,Debussy/Images_Book_1/1_Reflets_dans_lEau/xml_score.musicxml,Debussy/Images_Book_1/1_Reflets_dans_lEau/Kleisen11M.mid,0.0,32,0,32,10,0,0.0,0.0,0.0
0.25,all,val,Debussy/Images_Book_1/1_Reflets_dans_lEau/xml_score.musicxml,Debussy/Images_Book_1/1_Reflets_dans_lEau/Kleisen11M.mid,1.0,32,2,30,8,0,0.0625,0.2,0.095238
0.25,all,val,Debussy/Images_Book_1/1_Reflets_dans_lEau/xml_score.musicxml,Debussy/Images_Book_1/1_Reflets_dans_lEau/Kleisen11M.mid,2.0,32,3,29,7,0,0.09375,0.3,0.142857
0.25,all,val,Debussy/Images_Book_1/1_Reflets_dans_lEau/xml_score.musicxml,Debussy/Images_Book_1/1_Reflets_dans_lEau/ParkJH13M.mid,0.0,21,0,21,10,0,0.0,0.0,0.0
0.25,all,val,Debussy/Images_Book_1/1_Reflets_dans_lEau/xml_score.musicxml,Debussy/Images_Book_1/1_Reflets_dans_lEau/ParkJH13M.mid,1.0,21,1,20,9,0,0.047619,0.1,0.064516
0.25,all,val,Debussy/Images_Book_1/1_Reflets_dans_lEau/xml_score.musicxml,Debussy/Images_Book_1/1_Reflets_dans_lEau/ParkJH13M.mid,2.0,21,3,18,7,0,0.142857,0.3,0.193548
0.25,all,train,Liszt/Ballade_2/xml_score.musicxml,Liszt/Ballade_2/Broberg03.mid,0.0,536,1,535,33,0,0.001866,0.029412,0.003509
0.25,all,train,Liszt/Ballade_2/xml_score.musicxml,Liszt/Ballade_2/Broberg03.mid,1.0,536,10,526,24,0,0.018657,0.294118,0.035088
0.25,all,train,Liszt/Ballade_2/xml_score.musicxml,Liszt/Ballade_2/Broberg03.mid,2.0,536,10,526,24,0,0.018657,0.294118,0.035088
0.25,all,train,Liszt/Ballade_2/xml_score.musicxml,Liszt/Ballade_2/GarritsonL04M.mid,0.0,276,0,276,34,0,0.0,0.0,0.0
0.25,all,train,Liszt/Ballade_2/xml_score.musicxml,Liszt/Ballade_2/GarritsonL04M.mid,1.0,276,2,274,32,0,0.007246,0.058824,0.012903
0.25,all,train,Liszt/Ballade_2/xml_score.musicxml,Liszt/Ballade_2/GarritsonL04M.mid,2.0,276,3,273,31,0,0.01087,0.088235,0.019355
0.25,all,train,Liszt/Ballade_2/xml_score.musicxml,Liszt/Ballade_2/Jin07M.mid,0.0,222,2,220,32,0,0.009009,0.058824,0.015625
0.25,all,train,Liszt/Ballade_2/xml_score.musicxml,Liszt/Ballade_2/Jin07M.mid,1.0,222,4,218,30,0,0.018018,0.117647,0.03125
0.25,all,train,Liszt/Ballade_2/xml_score.musicxml,Liszt/Ballade_2/Jin07M.mid,2.0,222,4,218,30,0,0.018018,0.117647,0.03125
0.25,all,train,Liszt/Ballade_2/xml_score.musicxml,Liszt/Ballade_2/KIM_J04.mid,0.0,393,0,393,34,0,0.0,0.0,0.0
0.25,all,train,Liszt/Ballade_2/xml_score.musicxml,Liszt/Ballade_2/KIM_J04.mid,1.0,393,2,391,32,0,0.005089,0.058824,0.009368
0.25,all,train,Liszt/Ballade_2/xml_score.musicxml,Liszt/Ballade_2/KIM_J04.mid,2.0,393,4,389,30,0,0.010178,0.117647,0.018735
0.25,all,train,Liszt/Ballade_2/xml_score.musicxml,Liszt/Ballade_2/Min06M.mid,0.0,288,1,287,33,0,0.003472,0.029412,0.006211
0.25,all,train,Liszt/Ballade_2/xml_score.musicxml,Liszt/Ballade_2/Min06M.mid,1.0,288,4,284,30,0,0.013889,0.117647,0.024845
0.25,all,train,Liszt/Ballade_2/xml_score.musicxml,Liszt/Ballade_2/Min06M.mid,2.0,288,4,284,30,0,0.013889,0.117647,0.024845
0.25,all,train,Liszt/Ballade_2/xml_score.musicxml,Liszt/Ballade_2/Sham05.mid,0.0,482,2,480,32,0,0.004149,0.058824,0.007752
0.25,all,train,Liszt/Ballade_2/xml_score.musicxml,Liszt/Ballade_2/Sham05.mid,1.0,482,7,475,27,0,0.014523,0.205882,0.027132
0.25,all,train,Liszt/Ballade_2/xml_score.musicxml,Liszt/Ballade_2/Sham05.mid,2.0,482,7,475,27,0,0.014523,0.205882,0.027132
0.25,all,train,Liszt/Gran_Etudes_de_Paganini/2_La_campanella/xml_score.musicxml,Liszt/Gran_Etudes_de_Paganini/2_La_campanella/Albright04.mid,0.0,140,2,138,12,0,0.014286,0.142857,0.025974
0.25,all,train,Liszt/Gran_Etudes_de_Paganini/2_La_campanella/xml_score.musicxml,Liszt/Gran_Etudes_de_Paganini/2_La_campanella/Albright04.mid,1.0,140,9,131,5,0,0.064286,0.642857,0.116883
0.25,all,train,Liszt/Gran_Etudes_de_Paganini/2_La_campanella/xml_score.musicxml,Liszt/Gran_Etudes_de_Paganini/2_La_campanella/Albright04.mid,2.0,140,10,130,4,0,0.071429,0.714286,0.12987
0.25,all,train,Liszt/Gran_Etudes_de_Paganini/2_La_campanella/xml_score.musicxml,Liszt/Gran_Etudes_de_Paganini/2_La_campanella/Ali03.mid,0.0,166,2,164,12,0,0.012048,0.142857,0.022222
0.25,all,train,Liszt/Gran_Etudes_de_Paganini/2_La_campanella/xml_score.musicxml,Liszt/Gran_Etudes_de_Paganini/2_La_campanella/Ali03.mid,1.0,166,4,162,10,0,0.024096,0.285714,0.044444
0.25,all,train,Liszt/Gran_Etudes_de_Paganini/2_La_campanella/xml_score.musicxml,Liszt/Gran_Etudes_de_Paganini/2_La_campanella/Ali03.mid,2.0,166,7,159,7,0,0.042169,0.5,0.077778
0.25,all,train,Liszt/Gran_Etudes_de_Paganini/2_La_campanella/xml_score.musicxml,Liszt/Gran_Etudes_de_Paganini/2_La_campanella/Bogdanovitch02.mid,0.0,150,4,146,10,0,0.026667,0.285714,0.04878
0.25,all,train,Liszt/Gran_Etudes_de_Paganini/2_La_campanella/xml_score.musicxml,Liszt/Gran_Etudes_de_Paganini/2_La_campanella/Bogdanovitch02.mid,1.0,150,9,141,5,0,0.06,0.642857,0.109756
0.25,all,train,Liszt/Gran_Etudes_de_Paganini/2_La_campanella/xml_score.musicxml,Liszt/Gran_Etudes_de_Paganini/2_La_campanella/Bogdanovitch02.mid,2.0,150,11,139,3,0,0.073333,0.785714,0.134146
0.25,all,train,Liszt/Gran_Etudes_de_Paganini/2_La_campanella/xml_score.musicxml,Liszt/Gran_Etudes_de_Paganini/2_La_campanella/BuiJL03M.mid,0.0,180,3,177,11,0,0.016667,0.214286,0.030928
0.25,all,train,Liszt/Gran_Etudes_de_Paganini/2_La_campanella/xml_score.musicxml,Liszt/Gran_Etudes_de_Paganini/2_La_campanella/BuiJL03M.mid,1.0,180,11,169,3,0,0.061111,0.785714,0.113402
0.25,all,train,Liszt/Gran_Etudes_de_Paganini/2_La_campanella/xml_score.musicxml,Liszt/Gran_Etudes_de_Paganini/2_La_campanella/BuiJL03M.mid,2.0,180,11,169,3,0,0.061111,0.785714,0.113402
0.25,all,train,Liszt/Gran_Etudes_de_Paganini/2_La_campanella/xml_score.musicxml,Liszt/Gran_Etudes_de_Paganini/2_La_campanella/FALIKS02_2004.mid,0.0,144,2,142,12,0,0.013889,0.142857,0.025316
0.25,all,train,Liszt/Gran_Etudes_de_Paganini/2_La_campanella/xml_score.musicxml,Liszt/Gran_Etudes_de_Paganini/2_La_campanella/FALIKS02_2004.mid,1.0,144,8,136,6,0,0.055556,0.571429,0.101266
0.25,all,train,Liszt/Gran_Etudes_de_Paganini/2_La_campanella/xml_score.musicxml,Liszt/Gran_Etudes_de_Paganini/2_La_campanella/FALIKS02_2004.mid,2.0,144,10,134,4,0,0.069444,0.714286,0.126582
0.25,all,train,Liszt/Gran_Etudes_de_Paganini/2_La_campanella/xml_score.musicxml,Liszt/Gran_Etudes_de_Paganini/2_La_campanella/Faliks02.mid,0.0,148,2,146,12,0,0.013514,0.142857,0.024691
0.25,all,train,Liszt/Gran_Etudes_de_Paganini/2_La_campanella/xml_score.musicxml,Liszt/Gran_Etudes_de_Paganini/2_La_campanella/Faliks02.mid,1.0,148,9,139,5,0,0.060811,0.642857,0.111111
0.25,all,train,Liszt/Gran_Etudes_de_Paganini/2_La_campanella/xml_score.musicxml,Liszt/Gran_Etudes_de_Paganini/2_La_campanella/Faliks02.mid,2.0,148,10,138,4,0,0.067568,0.714286,0.123457
0.25,all,train,Liszt/Gran_Etudes_de_Paganini/2_La_campanella/xml_score.musicxml,Liszt/Gran_Etudes_de_Paganini/2_La_campanella/Faliks03.mid,0.0,140,1,139,13,0,0.007143,0.071429,0.012987
0.25,all,train,Liszt/Gran_Etudes_de_Paganini/2_La_campanella/xml_score.musicxml,Liszt/Gran_Etudes_de_Paganini/2_La_campanella/Faliks03.mid,1.0,140,10,130,4,0,0.071429,0.714286,0.12987
0.25,all,train,Liszt/Gran_Etudes_de_Paganini/2_La_campanella/xml_score.musicxml,Liszt/Gran_Etudes_de_Paganini/2_La_campanella/Faliks03.mid,2.0,140,10,130,4,0,0.071429,0.714286,0.12987
0.25,all,train,Liszt/Gran_Etudes_de_Paganini/2_La_campanella/xml_score.musicxml,Liszt/Gran_Etudes_de_Paganini/2_La_campanella/Gasanov02.mid,0.0,224,3,221,11,0,0.013393,0.214286,0.02521
0.25,all,train,Liszt/Gran_Etudes_de_Paganini/2_La_campanella/xml_score.musicxml,Liszt/Gran_Etudes_de_Paganini/2_La_campanella/Gasanov02.mid,1.0,224,11,213,3,0,0.049107,0.785714,0.092437
0.25,all,train,Liszt/Gran_Etudes_de_Paganini/2_La_campanella/xml_score.musicxml,Liszt/Gran_Etudes_de_Paganini/2_La_campanella/Gasanov02.mid,2.0,224,12,212,2,0,0.053571,0.857143,0.10084
0.25,all,train,Liszt/Gran_Etudes_de_Paganini/2_La_campanella/xml_score.musicxml,Liszt/Gran_Etudes_de_Paganini/2_La_campanella/HUAN_J03.mid,0.0,58,1,57,13,0,0.017241,0.071429,0.027778
0.25,all,train,Liszt/Gran_Etudes_de_Paganini/2_La_campanella/xml_score.musicxml,Liszt/Gran_Etudes_de_Paganini/2_La_campanella/HUAN_J03.mid,1.0,58,3,55,11,0,0.051724,0.214286,0.083333
0.25,all,train,Liszt/Gran_Etudes_de_Paganini/2_La_campanella/xml_score.musicxml,Liszt/Gran_Etudes_de_Paganini/2_La_campanella/HUAN_J03.mid,2.0,58,5,53,9,0,0.086207,0.357143,0.138889
0.25,all,train,Liszt/Gran_Etudes_de_Paganini/2_La_campanella/xml_score.musicxml,Liszt/Gran_Etudes_de_Paganini/2_La_campanella/Hao03.mid,0.0,186,1,185,13,0,0.005376,0.071429,0.01
0.25,all,train,Liszt/Gran_Etudes_de_Paganini/2_La_campanella/xml_score.musicxml,Liszt/Gran_Etudes_de_Paganini/2_La_campanella/Hao03.mid,1.0,186,10,176,4,0,0.053763,0.714286,0.1
0.25,all,train,Liszt/Gran_Etudes_de_Paganini/2_La_campanella/xml_score.musicxml,Liszt/Gran_Etudes_de_Paganini/2_La_campanella/Hao03.mid,2.0,186,11,175,3,0,0.05914,0.785714,0.11
0.25,all,train,Liszt/Gran_Etudes_de_Paganini/2_La_campanella/xml_score.musicxml,Liszt/Gran_Etudes_de_Paganini/2_La_campanella/KanM06.mid,0.0,112,2,110,12,0,0.017857,0.142857,0.031746
0.25,all,train,Liszt/Gran_Etudes_de_Paganini/2_La_campanella/xml_score.musicxml,Liszt/Gran_Etudes_de_Paganini/2_La_campanella/KanM06.mid,1.0,112,4,108,10,0,0.035714,0.285714,0.063492
0.25,all,train,Liszt/Gran_Etudes_de_Paganini/2_La_campanella/xml_score.musicxml,Liszt/Gran_Etudes_de_Paganini/2_La_campanella/KanM06.mid,2.0,112,5,107,9,0,0.044643,0.357143,0.079365
0.25,all,train,Liszt/Gran_Etudes_de_Paganini/2_La_campanella/xml_score.musicxml,Liszt/Gran_Etudes_de_Paganini/2_La_campanella/Kolessova07.mid,0.0,160,2,158,12,0,0.0125,0.142857,0.022989
0.25,all,train,Liszt/Gran_Etudes_de_Paganini/2_La_campanella/xml_score.musicxml,Liszt/Gran_Etudes_de_Paganini/2_La_campanella/Kolessova07.mid,1.0,160,10,150,4,0,0.0625,0.714286,0.114943
0.25,all,train,Liszt/Gran_Etudes_de_Paganini/2_La_campanella/xml_score.musicxml,Liszt/Gran_Etudes_de_Paganini/2_La_campanella/Kolessova07.mid,2.0,160,10,150,4,0,0.0625,0.714286,0.114943
0.25,all,train,Liszt/Gran_Etudes_de_Paganini/2_La_campanella/xml_score.musicxml,Liszt/Gran_Etudes_de_Paganini/2_La_campanella/LeungR04M.mid,0.0,254,6,248,8,0,0.023622,0.428571,0.044776
0.25,all,train,Liszt/Gran_Etudes_de_Paganini/2_La_campanella/xml_score.musicxml,Liszt/Gran_Etudes_de_Paganini/2_La_campanella/LeungR04M.mid,1.0,254,10,244,4,0,0.03937,0.714286,0.074627
0.25,all,train,Liszt/Gran_Etudes_de_Paganini/2_La_campanella/xml_score.musicxml,Liszt/Gran_Etudes_de_Paganini/2_La_campanella/LeungR04M.mid,2.0,254,12,242,2,0,0.047244,0.857143,0.089552
0.25,all,train,Liszt/Gran_Etudes_de_Paganini/2_La_campanella/xml_score.musicxml,Liszt/Gran_Etudes_de_Paganini/2_La_campanella/Levitsky02.mid,0.0,98,1,97,13,0,0.010204,0.071429,0.017857
0.25,all,train,Liszt/Gran_Etudes_de_Paganini/2_La_campanella/xml_score.musicxml,Liszt/Gran_Etudes_de_Paganini/2_La_campanella/Levitsky02.mid,1.0,98,4,94,10,1,0.040816,0.285714,0.071429
0.25,all,train,Liszt/Gran_Etudes_de_Paganini/2_La_campanella/xml_score.musicxml,Liszt/Gran_Etudes_de_Paganini/2_La_campanella/Levitsky02.mid,2.0,98,6,92,8,0,0.061224,0.428571,0.107143
0.25,all,train,Liszt/Gran_Etudes_de_Paganini/2_La_campanella/xml_score.musicxml,Liszt/Gran_Etudes_de_Paganini/2_La_campanella/Levitsky06M.mid,0.0,80,2,78,12,0,0.025,0.142857,0.042553
0.25,all,train,Liszt/Gran_Etudes_de_Paganini/2_La_campanella/xml_score.musicxml,Liszt/Gran_Etudes_de_Paganini/2_La_campanella/Levitsky06M.mid,1.0,80,4,76,10,1,0.05,0.285714,0.085106
0.25,all,train,Liszt/Gran_Etudes_de_Paganini/2_La_campanella/xml_score.musicxml,Liszt/Gran_Etudes_de_Paganini/2_La_campanella/Levitsky06M.mid,2.0,80,6,74,8,0,0.075,0.428571,0.12766
0.25,all,train,Liszt/Gran_Etudes_de_Paganini/2_La_campanella/xml_score.musicxml,Liszt/Gran_Etudes_de_Paganini/2_La_campanella/Lin02.mid,0.0,108,4,104,10,0,0.037037,0.285714,0.065574
0.25,all,train,Liszt/Gran_Etudes_de_Paganini/2_La_campanella/xml_score.musicxml,Liszt/Gran_Etudes_de_Paganini/2_La_campanella/Lin02.mid,1.0,108,10,98,4,0,0.092593,0.714286,0.163934
0.25,all,train,Liszt/Gran_Etudes_de_Paganini/2_La_campanella/xml_score.musicxml,Liszt/Gran_Etudes_de_Paganini/2_La_campanella/Lin02.mid,2.0,108,11,97,3,0,0.101852,0.785714,0.180328
0.25,all,train,Liszt/Gran_Etudes_de_Paganini/2_La_campanella/xml_score.musicxml,Liszt/Gran_Etudes_de_Paganini/2_La_campanella/Lin07M.mid,0.0,110,4,106,10,0,0.036364,0.285714,0.064516
0.25,all,train,Liszt/Gran_Etudes_de_Paganini/2_La_campanella/xml_score.musicxml,Liszt/Gran_Etudes_de_Paganini/2_La_campanella/Lin07M.mid,1.0,110,9,101,5,0,0.081818,0.642857,0.145161
0.25,all,train,Liszt/Gran_Etudes_de_Paganini/2_La_campanella/xml_score.musicxml,Liszt/Gran_Etudes_de_Paganini/2_La_campanella/Lin07M.mid,2.0,110,10,100,4,0,0.090909,0.714286,0.16129
0.25,all,train,Liszt/Gran_Etudes_de_Paganini/2_La_campanella/xml_score.musicxml,Liszt/Gran_Etudes_de_Paganini/2_La_campanella/LiuC05M.mid,0.0,250,2,248,12,0,0.008,0.142857,0.015152
0.25,all,train,Liszt/Gran_Etudes_de_Paganini/2_La_campanella/xml_score.musicxml,Liszt/Gran_Etudes_de_Paganini/2_La_campanella/LiuC05M.mid,1.0,250,8,242,6,0,0.032,0.571429,0.060606
0.25,all,train,Liszt/Gran_Etudes_de_Paganini/2_La_campanella/xml_score.musicxml,Liszt/Gran_Etudes_de_Paganini/2_La_campanella/LiuC05M.mid,2.0,250,10,240,4,0,0.04,0.714286,0.075758
0.25,all,train,Liszt/Gran_Etudes_de_Paganini/2_La_campanella/xml_score.musicxml,Liszt/Gran_Etudes_de_Paganini/2_La_campanella/LiuY03M.mid,0.0,122,1,121,13,0,0.008197,0.071429,0.014706
0.25,all,train,Liszt/Gran_Etudes_de_Paganini/2_La_campanella/xml_score.musicxml,Liszt/Gran_Etudes_de_Paganini/2_La_campanella/LiuY03M.mid,1.0,122,5,117,9,0,0.040984,0.357143,0.073529
0.25,all,train,Liszt/Gran_Etudes_de_Paganini/2_La_campanella/xml_score.musicxml,Liszt/Gran_Etudes_de_Paganini/2_La_campanella/LiuY03M.mid,2.0,122,8,114,6,0,0.065574,0.571429,0.117647
0.25,all,train,Liszt/Gran_Etudes_de_Paganini/2_La_campanella/xml_score.musicxml,Liszt/Gran_Etudes_de_Paganini/2_La_campanella/MunA08M.mid,0.0,168,5,163,9,0,0.029762,0.357143,0.054945
0.25,all,train,Liszt/Gran_Etudes_de_Paganini/2_La_campanella/xml_score.musicxml,Liszt/Gran_Etudes_de_Paganini/2_La_campanella/MunA08M.mid,1.0,168,11,157,3,0,0.065476,0.785714,0.120879
0.25,all,train,Liszt/Gran_Etudes_de_Paganini/2_La_campanella/xml_score.musicxml,Liszt/Gran_Etudes_de_Paganini/2_La_campanella/MunA08M.mid,2.0,168,11,157,3,0,0.065476,0.785714,0.120879
0.25,all,train,Liszt/Gran_Etudes_de_Paganini/2_La_campanella/xml_score.musicxml,Liszt/Gran_Etudes_de_Paganini/2_La_campanella/SEBAST02.mid,0.0,108,2,106,12,0,0.018519,0.142857,0.032787
0.25,all,train,Liszt/Gran_Etudes_de_Paganini/2_La_campanella/xml_score.musicxml,Liszt/Gran_Etudes_de_Paganini/2_La_campanella/SEBAST02.mid,1.0,108,2,106,12,0,0.018519,0.142857,0.032787
0.25,all,train,Liszt/Gran_Etudes_de_Paganini/2_La_campanella/xml_score.musicxml,Liszt/Gran_Etudes_de_Paganini/2_La_campanella/SEBAST02.mid,2.0,108,4,104,10,0,0.037037,0.285714,0.065574
0.25,all,train,Liszt/Gran_Etudes_de_Paganini/2_La_campanella/xml_score.musicxml,Liszt/Gran_Etudes_de_Paganini/2_La_campanella/Seredenko02.mid,0.0,202,2,200,12,0,0.009901,0.142857,0.018519
0.25,all,train,Liszt/Gran_Etudes_de_Paganini/2_La_campanella/xml_score.musicxml,Liszt/Gran_Etudes_de_Paganini/2_La_campanella/Seredenko02.mid,1.0,202,5,197,9,0,0.024752,0.357143,0.046296
0.25,all,train,Liszt/Gran_Etudes_de_Paganini/2_La_campanella/xml_score.musicxml,Liszt/Gran_Etudes_de_Paganini/2_La_campanella/Seredenko02.mid,2.0,202,7,195,7,0,0.034653,0.5,0.064815
0.25,all,train,Liszt/Gran_Etudes_de_Paganini/2_La_campanella/xml_score.musicxml,Liszt/Gran_Etudes_de_Paganini/2_La_campanella/Sychev03.mid,0.0,168,4,164,10,0,0.02381,0.285714,0.043956
0.25,all,train,Liszt/Gran_Etudes_de_Paganini/2_La_campanella/xml_score.musicxml,Liszt/Gran_Etudes_de_Paganini/2_La_campanella/Sychev03.mid,1.0,168,11,157,3,0,0.065476,0.785714,0.120879
0.25,all,train,Liszt/Gran_Etudes_de_Paganini/2_La_campanella/xml_score.musicxml,Liszt/Gran_Etudes_de_Paganini/2_La_campanella/Sychev03.mid,2.0,168,11,157,3,0,0.065476,0.785714,0.120879
0.25,all,train,Liszt/Gran_Etudes_de_Paganini/2_La_campanella/xml_score.musicxml,Liszt/Gran_Etudes_de_Paganini/2_La_campanella/TET03.mid,0.0,140,2,138,12,0,0.014286,0.142857,0.025974
0.25,all,train,Liszt/Gran_Etudes_de_Paganini/2_La_campanella/xml_score.musicxml,Liszt/Gran_Etudes_de_Paganini/2_La_campanella/TET03.mid,1.0,140,3,137,11,0,0.021429,0.214286,0.038961
0.25,all,train,Liszt/Gran_Etudes_de_Paganini/2_La_campanella/xml_score.musicxml,Liszt/Gran_Etudes_de_Paganini/2_La_campanella/TET03.mid,2.0,140,4,136,10,0,0.028571,0.285714,0.051948
0.25,all,train,Liszt/Gran_Etudes_de_Paganini/2_La_campanella/xml_score.musicxml,Liszt/Gran_Etudes_de_Paganini/2_La_campanella/VuV06M.mid,0.0,158,3,155,11,0,0.018987,0.214286,0.034884
0.25,all,train,Liszt/Gran_Etudes_de_Paganini/2_La_campanella/xml_score.musicxml,Liszt/Gran_Etudes_de_Paganini/2_La_campanella/VuV06M.mid,1.0,158,5,153,9,0,0.031646,0.357143,0.05814
0.25,all,train,Liszt/Gran_Etudes_de_Paganini/2_La_campanella/xml_score.musicxml,Liszt/Gran_Etudes_de_Paganini/2_La_campanella/VuV06M.mid,2.0,158,9,149,5,0,0.056962,0.642857,0.104651
0.25,all,train,Liszt/Gran_Etudes_de_Paganini/2_La_campanella/xml_score.musicxml,Liszt/Gran_Etudes_de_Paganini/2_La_campanella/Yang05M.mid,0.0,136,3,133,11,0,0.022059,0.214286,0.04
0.25,all,train,Liszt/Gran_Etudes_de_Paganini/2_La_campanella/xml_score.musicxml,Liszt/Gran_Etudes_de_Paganini/2_La_campanella/Yang05M.mid,1.0,136,7,129,7,0,0.051471,0.5,0.093333
0.25,all,train,Liszt/Gran_Etudes_de_Paganini/2_La_campanella/xml_score.musicxml,Liszt/Gran_Etudes_de_Paganini/2_La_campanella/Yang05M.mid,2.0,136,10,126,4,0,0.073529,0.714286,0.133333
0.25,all,train,Liszt/Gran_Etudes_de_Paganini/2_La_campanella/xml_score.musicxml,Liszt/Gran_Etudes_de_Paganini/2_La_campanella/Yoon02.mid,0.0,118,1,117,13,0,0.008475,0.071429,0.015152
0.25,all,train,Liszt/Gran_Etudes_de_Paganini/2_La_campanella/xml_score.musicxml,Liszt/Gran_Etudes_de_Paganini/2_La_campanella/Yoon02.mid,1.0,118,2,116,12,0,0.016949,0.142857,0.030303
0.25,all,train,Liszt/Gran_Etudes_de_Paganini/2_La_campanella/xml_score.musicxml,Liszt/Gran_Etudes_de_Paganini/2_La_campanella/Yoon02.mid,2.0,118,4,114,10,0,0.033898,0.285714,0.060606
0.25,all,train,Liszt/Gran_Etudes_de_Paganini/2_La_campanella/xml_score.musicxml,Liszt/Gran_Etudes_de_Paganini/2_La_campanella/ZhangH02.mid,0.0,136,3,133,11,0,0.022059,0.214286,0.04
0.25,all,train,Liszt/Gran_Etudes_de_Paganini/2_La_campanella/xml_score.musicxml,Liszt/Gran_Etudes_de_Paganini/2_La_campanella/ZhangH02.mid,1.0,136,10,126,4,0,0.073529,0.714286,0.133333
0.25,all,train,Liszt/Gran_Etudes_de_Paganini/2_La_campanella/xml_score.musicxml,Liszt/Gran_Etudes_de_Paganini/2_La_campanella/ZhangH02.mid,2.0,136,11,125,3,0,0.080882,0.785714,0.146667
0.25,all,train,Liszt/Gran_Etudes_de_Paganini/2_La_campanella/xml_score.musicxml,Liszt/Gran_Etudes_de_Paganini/2_La_campanella/ZhangH07M.mid,0.0,128,3,125,11,0,0.023438,0.214286,0.042254
0.25,all,train,Liszt/Gran_Etudes_de_Paganini/2_La_campanella/xml_score.musicxml,Liszt/Gran_Etudes_de_Paganini/2_La_campanella/ZhangH07M.mid,1.0,128,9,119,5,0,0.070312,0.642857,0.126761
0.25,all,train,Liszt/Gran_Etudes_de_Paganini/2_La_campanella/xml_score.musicxml,Liszt/Gran_Etudes_de_Paganini/2_La_campanella/ZhangH07M.mid,2.0,128,11,117,3,0,0.085938,0.785714,0.15493
0.25,all,val,Liszt/Transcendental_Etudes/10/xml_score.musicxml,Liszt/Transcendental_Etudes/10/CaoJ03M.mid,0.0,149,0,149,10,0,0.0,0.0,0.0
0.25,all,val,Liszt/Transcendental_Etudes/10/xml_score.musicxml,Liszt/Transcendental_Etudes/10/CaoJ03M.mid,1.0,149,0,149,10,0,0.0,0.0,0.0
0.25,all,val,Liszt/Transcendental_Etudes/10/xml_score.musicxml,Liszt/Transcendental_Etudes/10/CaoJ03M.mid,2.0,149,0,149,10,0,0.0,0.0,0.0
0.25,all,val,Liszt/Transcendental_Etudes/10/xml_score.musicxml,Liszt/Transcendental_Etudes/10/Goldberg02.mid,0.0,65,0,65,10,0,0.0,0.0,0.0
0.25,all,val,Liszt/Transcendental_Etudes/10/xml_score.musicxml,Liszt/Transcendental_Etudes/10/Goldberg02.mid,1.0,65,0,65,10,0,0.0,0.0,0.0
0.25,all,val,Liszt/Transcendental_Etudes/10/xml_score.musicxml,Liszt/Transcendental_Etudes/10/Goldberg02.mid,2.0,65,0,65,10,0,0.0,0.0,0.0
0.25,all,val,Liszt/Transcendental_Etudes/10/xml_score.musicxml,Liszt/Transcendental_Etudes/10/HAGINO03.mid,0.0,100,0,100,10,0,0.0,0.0,0.0
0.25,all,val,Liszt/Transcendental_Etudes/10/xml_score.musicxml,Liszt/Transcendental_Etudes/10/HAGINO03.mid,1.0,100,0,100,10,0,0.0,0.0,0.0
0.25,all,val,Liszt/Transcendental_Etudes/10/xml_score.musicxml,Liszt/Transcendental_Etudes/10/HAGINO03.mid,2.0,100,0,100,10,0,0.0,0.0,0.0
0.25,all,val,Liszt/Transcendental_Etudes/10/xml_score.musicxml,Liszt/Transcendental_Etudes/10/Huang17M.mid,0.0,82,0,82,10,0,0.0,0.0,0.0
0.25,all,val,Liszt/Transcendental_Etudes/10/xml_score.musicxml,Liszt/Transcendental_Etudes/10/Huang17M.mid,1.0,82,0,82,10,0,0.0,0.0,0.0
0.25,all,val,Liszt/Transcendental_Etudes/10/xml_score.musicxml,Liszt/Transcendental_Etudes/10/Huang17M.mid,2.0,82,0,82,10,0,0.0,0.0,0.0
0.25,all,val,Liszt/Transcendental_Etudes/10/xml_score.musicxml,Liszt/Transcendental_Etudes/10/Hwang03.mid,0.0,46,0,46,10,0,0.0,0.0,0.0
0.25,all,val,Liszt/Transcendental_Etudes/10/xml_score.musicxml,Liszt/Transcendental_Etudes/10/Hwang03.mid,1.0,46,0,46,10,0,0.0,0.0,0.0
0.25,all,val,Liszt/Transcendental_Etudes/10/xml_score.musicxml,Liszt/Transcendental_Etudes/10/Hwang03.mid,2.0,46,0,46,10,0,0.0,0.0,0.0
0.25,all,val,Liszt/Transcendental_Etudes/10/xml_score.musicxml,Liszt/Transcendental_Etudes/10/Kim02.mid,0.0,44,0,44,10,0,0.0,0.0,0.0
0.25,all,val,Liszt/Transcendental_Etudes/10/xml_score.musicxml,Liszt/Transcendental_Etudes/10/Kim02.mid,1.0,44,0,44,10,0,0.0,0.0,0.0
0.25,all,val,Liszt/Transcendental_Etudes/10/xml_score.musicxml,Liszt/Transcendental_Etudes/10/Kim02.mid,2.0,44,0,44,10,0,0.0,0.0,0.0
0.25,all,val,Liszt/Transcendental_Etudes/10/xml_score.musicxml,Liszt/Transcendental_Etudes/10/Ladid02.mid,0.0,36,0,36,10,0,0.0,0.0,0.0
0.25,all,val,Liszt/Transcendental_Etudes/10/xml_score.musicxml,Liszt/Transcendental_Etudes/10/Ladid02.mid,1.0,36,0,36,10,0,0.0,0.0,0.0
0.25,all,val,Liszt/Transcendental_Etudes/10/xml_score.musicxml,Liszt/Transcendental_Etudes/10/Ladid02.mid,2.0,36,0,36,10,0,0.0,0.0,0.0
0.25,all,val,Liszt/Transcendental_Etudes/10/xml_score.musicxml,Liszt/Transcendental_Etudes/10/LeungM06M.mid,0.0,81,0,81,10,0,0.0,0.0,0.0
0.25,all,val,Liszt/Transcendental_Etudes/10/xml_score.musicxml,Liszt/Transcendental_Etudes/10/LeungM06M.mid,1.0,81,0,81,10,0,0.0,0.0,0.0
0.25,all,val,Liszt/Transcendental_Etudes/10/xml_score.musicxml,Liszt/Transcendental_Etudes/10/LeungM06M.mid,2.0,81,0,81,10,0,0.0,0.0,0.0
0.25,all,val,Liszt/Transcendental_Etudes/10/xml_score.musicxml,Liszt/Transcendental_Etudes/10/MCVEY02.mid,0.0,130,0,130,10,0,0.0,0.0,0.0
0.25,all,val,Liszt/Transcendental_Etudes/10/xml_score.musicxml,Liszt/Transcendental_Etudes/10/MCVEY02.mid,1.0,130,0,130,10,0,0.0,0.0,0.0
0.25,all,val,Liszt/Transcendental_Etudes/10/xml_score.musicxml,Liszt/Transcendental_Etudes/10/MCVEY02.mid,2.0,130,0,130,10,0,0.0,0.0,0.0
0.25,all,val,Liszt/Transcendental_Etudes/10/xml_score.musicxml,Liszt/Transcendental_Etudes/10/MorozovY03.mid,0.0,148,0,148,10,0,0.0,0.0,0.0
0.25,all,val,Liszt/Transcendental_Etudes/10/xml_score.musicxml,Liszt/Transcendental_Etudes/10/MorozovY03.mid,1.0,148,2,146,8,0,0.013514,0.2,0.025316
0.25,all,val,Liszt/Transcendental_Etudes/10/xml_score.musicxml,Liszt/Transcendental_Etudes/10/MorozovY03.mid,2.0,148,2,146,8,0,0.013514,0.2,0.025316
0.25,all,val,Liszt/Transcendental_Etudes/10/xml_score.musicxml,Liszt/Transcendental_Etudes/10/Qin03.mid,0.0,60,0,60,10,0,0.0,0.0,0.0
0.25,all,val,Liszt/Transcendental_Etudes/10/xml_score.musicxml,Liszt/Transcendental_Etudes/10/Qin03.mid,1.0,60,0,60,10,0,0.0,0.0,0.0
0.25,all,val,Liszt/Transcendental_Etudes/10/xml_score.musicxml,Liszt/Transcendental_Etudes/10/Qin03.mid,2.0,60,0,60,10,0,0.0,0.0,0.0
0.25,all,val,Liszt/Transcendental_Etudes/10/xml_score.musicxml,Liszt/Transcendental_Etudes/10/SUDBIN02.mid,0.0,66,0,66,10,0,0.0,0.0,0.0
0.25,all,val,Liszt/Transcendental_Etudes/10/xml_score.musicxml,Liszt/Transcendental_Etudes/10/SUDBIN02.mid,1.0,66,0,66,10,0,0.0,0.0,0.0
0.25,all,val,Liszt/Transcendental_Etudes/10/xml_score.musicxml,Liszt/Transcendental_Etudes/10/SUDBIN02.mid,2.0,66,0,66,10,0,0.0,0.0,0.0
0.25,all,val,Liszt/Transcendental_Etudes/10/xml_score.musicxml,Liszt/Transcendental_Etudes/10/Shamray02.mid,0.0,114,0,114,10,0,0.0,0.0,0.0
0.25,all,val,Liszt/Transcendental_Etudes/10/xml_score.musicxml,Liszt/Transcendental_Etudes/10/Shamray02.mid,1.0,114,0,114,10,0,0.0,0.0,0.0
0.25,all,val,Liszt/Transcendental_Etudes/10/xml_score.musicxml,Liszt/Transcendental_Etudes/10/Shamray02.mid,2.0,114,0,114,10,0,0.0,0.0,0.0
0.25,all,val,Liszt/Transcendental_Etudes/10/xml_score.musicxml,Liszt/Transcendental_Etudes/10/Tran02.mid,0.0,32,0,32,10,0,0.0,0.0,0.0
0.25,all,val,Liszt/Transcendental_Etudes/10/xml_score.musicxml,Liszt/Transcendental_Etudes/10/Tran02.mid,1.0,32,2,30,8,0,0.0625,0.2,0.095238
0.25,all,val,Liszt/Transcendental_Etudes/10/xml_score.musicxml,Liszt/Transcendental_Etudes/10/Tran02.mid,2.0,32,2,30,8,0,0.0625,0.2,0.095238
0.25,all,val,Liszt/Transcendental_Etudes/10/xml_score.musicxml,Liszt/Transcendental_Etudes/10/Uiasiuk03.mid,0.0,82,0,82,10,0,0.0,0.0,0.0
0.25,all,val,Liszt/Transcendental_Etudes/10/xml_score.musicxml,Liszt/Transcendental_Etudes/10/Uiasiuk03.mid,1.0,82,0,82,10,0,0.0,0.0,0.0
0.25,all,val,Liszt/Transcendental_Etudes/10/xml_score.musicxml,Liszt/Transcendental_Etudes/10/Uiasiuk03.mid,2.0,82,0,82,10,0,0.0,0.0,0.0
0.25,all,val,Liszt/Transcendental_Etudes/10/xml_score.musicxml,Liszt/Transcendental_Etudes/10/Yeletskiy03.mid,0.0,126,0,126,10,0,0.0,0.0,0.0
0.25,all,val,Liszt/Transcendental_Etudes/10/xml_score.musicxml,Liszt/Transcendental_Etudes/10/Yeletskiy03.mid,1.0,126,0,126,10,0,0.0,0.0,0.0
0.25,all,val,Liszt/Transcendental_Etudes/10/xml_score.musicxml,Liszt/Transcendental_Etudes/10/Yeletskiy03.mid,2.0,126,0,126,10,0,0.0,0.0,0.0
0.25,all,test,Liszt/Transcendental_Etudes/5/xml_score.musicxml,Liszt/Transcendental_Etudes/5/Gryaznov02.mid,0.0,106,5,101,5,0,0.04717,0.5,0.086207
0.25,all,test,Liszt/Transcendental_Etudes/5/xml_score.musicxml,Liszt/Transcendental_Etudes/5/Gryaznov02.mid,1.0,106,8,98,2,1,0.075472,0.8,0.137931
0.25,all,test,Liszt/Transcendental_Etudes/5/xml_score.musicxml,Liszt/Transcendental_Etudes/5/Gryaznov02.mid,2.0,106,10,96,0,0,0.09434,1.0,0.172414
0.25,all,test,Liszt/Transcendental_Etudes/5/xml_score.musicxml,Liszt/Transcendental_Etudes/5/HUAN_B03.mid,0.0,108,1,107,9,0,0.009259,0.1,0.016949
0.25,all,test,Liszt/Transcendental_Etudes/5/xml_score.musicxml,Liszt/Transcendental_Etudes/5/HUAN_B03.mid,1.0,108,3,105,7,0,0.027778,0.3,0.050847
0.25,all,test,Liszt/Transcendental_Etudes/5/xml_score.musicxml,Liszt/Transcendental_Etudes/5/HUAN_B03.mid,2.0,108,4,104,6,0,0.037037,0.4,0.067797
0.25,all,test,Liszt/Transcendental_Etudes/5/xml_score.musicxml,Liszt/Transcendental_Etudes/5/Huang16M.mid,0.0,103,3,100,7,0,0.029126,0.3,0.053097
0.25,all,test,Liszt/Transcendental_Etudes/5/xml_score.musicxml,Liszt/Transcendental_Etudes/5/Huang16M.mid,1.0,103,7,96,3,0,0.067961,0.7,0.123894
0.25,all,test,Liszt/Transcendental_Etudes/5/xml_score.musicxml,Liszt/Transcendental_Etudes/5/Huang16M.mid,2.0,103,10,93,0,0,0.097087,1.0,0.176991
0.25,all,test,Liszt/Transcendental_Etudes/5/xml_score.musicxml,Liszt/Transcendental_Etudes/5/Huangci01.mid,0.0,182,0,182,10,0,0.0,0.0,0.0
0.25,all,test,Liszt/Transcendental_Etudes/5/xml_score.musicxml,Liszt/Transcendental_Etudes/5/Huangci01.mid,1.0,182,9,173,1,0,0.049451,0.9,0.09375
0.25,all,test,Liszt/Transcendental_Etudes/5/xml_score.musicxml,Liszt/Transcendental_Etudes/5/Huangci01.mid,2.0,182,10,172,0,0,0.054945,1.0,0.104167
0.25,all,test,Liszt/Transcendental_Etudes/5/xml_score.musicxml,Liszt/Transcendental_Etudes/5/KIM_W02.mid,0.0,158,1,157,9,0,0.006329,0.1,0.011905
0.25,all,test,Liszt/Transcendental_Etudes/5/xml_score.musicxml,Liszt/Transcendental_Etudes/5/KIM_W02.mid,1.0,158,3,155,7,0,0.018987,0.3,0.035714
0.25,all,test,Liszt/Transcendental_Etudes/5/xml_score.musicxml,Liszt/Transcendental_Etudes/5/KIM_W02.mid,2.0,158,3,155,7,0,0.018987,0.3,0.035714
0.25,all,test,Liszt/Transcendental_Etudes/5/xml_score.musicxml,Liszt/Transcendental_Etudes/5/LiuY06M.mid,0.0,142,2,140,8,0,0.014085,0.2,0.026316
0.25,all,test,Liszt/Transcendental_Etudes/5/xml_score.musicxml,Liszt/Transcendental_Etudes/5/LiuY06M.mid,1.0,142,3,139,7,0,0.021127,0.3,0.039474
0.25,all,test,Liszt/Transcendental_Etudes/5/xml_score.musicxml,Liszt/Transcendental_Etudes/5/LiuY06M.mid,2.0,142,3,139,7,0,0.021127,0.3,0.039474
0.25,all,test,Liszt/Transcendental_Etudes/5/xml_score.musicxml,Liszt/Transcendental_Etudes/5/Min03M.mid,0.0,97,3,94,7,0,0.030928,0.3,0.056075
0.25,all,test,Liszt/Transcendental_Etudes/5/xml_score.musicxml,Liszt/Transcendental_Etudes/5/Min03M.mid,1.0,97,5,92,5,0,0.051546,0.5,0.093458
0.25,all,test,Liszt/Transcendental_Etudes/5/xml_score.musicxml,Liszt/Transcendental_Etudes/5/Min03M.mid,2.0,97,9,88,1,0,0.092784,0.9,0.168224
0.25,all,test,Liszt/Transcendental_Etudes/5/xml_score.musicxml,Liszt/Transcendental_Etudes/5/Park03M.mid,0.0,110,5,105,5,0,0.045455,0.5,0.083333
0.25,all,test,Liszt/Transcendental_Etudes/5/xml_score.musicxml,Liszt/Transcendental_Etudes/5/Park03M.mid,1.0,110,8,102,2,0,0.072727,0.8,0.133333
0.25,all,test,Liszt/Transcendental_Etudes/5/xml_score.musicxml,Liszt/Transcendental_Etudes/5/Park03M.mid,2.0,110,8,102,2,0,0.072727,0.8,0.133333
0.25,all,test,Liszt/Transcendental_Etudes/5/xml_score.musicxml,Liszt/Transcendental_Etudes/5/Sun09.mid,0.0,110,3,107,7,0,0.027273,0.3,0.05
0.25,all,test,Liszt/Transcendental_Etudes/5/xml_score.musicxml,Liszt/Transcendental_Etudes/5/Sun09.mid,1.0,110,6,104,4,0,0.054545,0.6,0.1
0.25,all,test,Liszt/Transcendental_Etudes/5/xml_score.musicxml,Liszt/Transcendental_Etudes/5/Sun09.mid,2.0,110,6,104,4,0,0.054545,0.6,0.1
0.25,all,test,Liszt/Transcendental_Etudes/5/xml_score.musicxml,Liszt/Transcendental_Etudes/5/Wang06M.mid,0.0,142,1,141,9,0,0.007042,0.1,0.013158
0.25,all,test,Liszt/Transcendental_Etudes/5/xml_score.musicxml,Liszt/Transcendental_Etudes/5/Wang06M.mid,1.0,142,4,138,6,0,0.028169,0.4,0.052632
0.25,all,test,Liszt/Transcendental_Etudes/5/xml_score.musicxml,Liszt/Transcendental_Etudes/5/Wang06M.mid,2.0,142,5,137,5,1,0.035211,0.5,0.065789
0.25,all,test,Liszt/Transcendental_Etudes/5/xml_score.musicxml,Liszt/Transcendental_Etudes/5/WangY02M.mid,0.0,112,4,108,6,0,0.035714,0.4,0.065574
0.25,all,test,Liszt/Transcendental_Etudes/5/xml_score.musicxml,Liszt/Transcendental_Etudes/5/WangY02M.mid,1.0,112,8,104,2,0,0.071429,0.8,0.131148
0.25,all,test,Liszt/Transcendental_Etudes/5/xml_score.musicxml,Liszt/Transcendental_Etudes/5/WangY02M.mid,2.0,112,8,104,2,0,0.071429,0.8,0.131148
0.25,all,train,Ravel/Pavane/xml_score.musicxml,Ravel/Pavane/ChenS03.mid,0.0,14,0,14,4,0,0.0,0.0,0.0
0.25,all,train,Ravel/Pavane/xml_score.musicxml,Ravel/Pavane/ChenS03.mid,1.0,14,0,14,4,0,0.0,0.0,0.0
0.25,all,train,Ravel/Pavane/xml_score.musicxml,Ravel/Pavane/ChenS03.mid,2.0,14,0,14,4,0,0.0,0.0,0.0
0.25,all,train,Ravel/Pavane/xml_score.musicxml,Ravel/Pavane/Zhdanov08.mid,0.0,9,0,9,4,0,0.0,0.0,0.0
0.25,all,train,Ravel/Pavane/xml_score.musicxml,Ravel/Pavane/Zhdanov08.mid,1.0,9,0,9,4,0,0.0,0.0,0.0
0.25,all,train,Ravel/Pavane/xml_score.musicxml,Ravel/Pavane/Zhdanov08.mid,2.0,9,0,9,4,0,0.0,0.0,0.0
0.25,all,train,Schumann/Kreisleriana/4/xml_score.musicxml,Schumann/Kreisleriana/4/ParkJH07.mid,0.0,44,0,44,6,0,0.0,0.0,0.0
0.25,all,train,Schumann/Kreisleriana/4/xml_score.musicxml,Schumann/Kreisleriana/4/ParkJH07.mid,1.0,44,3,41,3,0,0.068182,0.5,0.12
0.25,all,train,Schumann/Kreisleriana/4/xml_score.musicxml,Schumann/Kreisleriana/4/ParkJH07.mid,2.0,44,3,41,3,1,0.068182,0.5,0.12
0.25,all,train,Schumann/Kreisleriana/4/xml_score.musicxml,Schumann/Kreisleriana/4/Yarden09.mid,0.0,33,1,32,5,0,0.030303,0.166667,0.051282
0.25,all,train,Schumann/Kreisleriana/4/xml_score.musicxml,Schumann/Kreisleriana/4/Yarden09.mid,1.0,33,3,30,3,0,0.090909,0.5,0.153846
0.25,all,train,Schumann/Kreisleriana/4/xml_score.musicxml,Schumann/Kreisleriana/4/Yarden09.mid,2.0,33,3,30,3,0,0.090909,0.5,0.153846
0.25,all,train,Schumann/Kreisleriana/6/xml_score.musicxml,Schumann/Kreisleriana/6/JohannsonP07.mid,0.0,43,0,43,12,0,0.0,0.0,0.0
0.25,all,train,Schumann/Kreisleriana/6/xml_score.musicxml,Schumann/Kreisleriana/6/JohannsonP07.mid,1.0,43,2,41,10,0,0.046512,0.166667,0.072727
0.25,all,train,Schumann/Kreisleriana/6/xml_score.musicxml,Schumann/Kreisleriana/6/JohannsonP07.mid,2.0,43,2,41,10,0,0.046512,0.166667,0.072727
0.25,all,train,Schumann/Kreisleriana/6/xml_score.musicxml,Schumann/Kreisleriana/6/ParkJH09.mid,0.0,22,0,22,12,0,0.0,0.0,0.0
0.25,all,train,Schumann/Kreisleriana/6/xml_score.musicxml,Schumann/Kreisleriana/6/ParkJH09.mid,1.0,22,0,22,12,1,0.0,0.0,0.0
0.25,all,train,Schumann/Kreisleriana/6/xml_score.musicxml,Schumann/Kreisleriana/6/ParkJH09.mid,2.0,22,0,22,12,1,0.0,0.0,0.0
0.25,all,train,Schumann/Kreisleriana/6/xml_score.musicxml,Schumann/Kreisleriana/6/Yarden09.mid,0.0,46,1,45,11,0,0.021739,0.083333,0.034483
0.25,all,train,Schumann/Kreisleriana/6/xml_score.musicxml,Schumann/Kreisleriana/6/Yarden09.mid,1.0,46,2,44,10,0,0.043478,0.166667,0.068966
0.25,all,train,Schumann/Kreisleriana/6/xml_score.musicxml,Schumann/Kreisleriana/6/Yarden09.mid,2.0,46,2,44,10,1,0.043478,0.166667,0.068966
0.25,all,train,Scriabin/Etudes_op_8/11/xml_score.musicxml,Scriabin/Etudes_op_8/11/Shi03.mid,0.0,6,0,6,2,0,0.0,0.0,0.0
0.25,all,train,Scriabin/Etudes_op_8/11/xml_score.musicxml,Scriabin/Etudes_op_8/11/Shi03.mid,1.0,6,0,6,2,0,0.0,0.0,0.0
0.25,all,train,Scriabin/Etudes_op_8/11/xml_score.musicxml,Scriabin/Etudes_op_8/11/Shi03.mid,2.0,6,0,6,2,0,0.0,0.0,0.0
0.25,all,train,Scriabin/Etudes_op_8/11/xml_score.musicxml,Scriabin/Etudes_op_8/11/Shi08M.mid,0.0,12,0,12,2,0,0.0,0.0,0.0
0.25,all,train,Scriabin/Etudes_op_8/11/xml_score.musicxml,Scriabin/Etudes_op_8/11/Shi08M.mid,1.0,12,0,12,2,0,0.0,0.0,0.0
0.25,all,train,Scriabin/Etudes_op_8/11/xml_score.musicxml,Scriabin/Etudes_op_8/11/Shi08M.mid,2.0,12,0,12,2,0,0.0,0.0,0.0
0.25,all,train,Scriabin/Etudes_op_8/11/xml_score.musicxml,Scriabin/Etudes_op_8/11/YeF09.mid,0.0,14,0,14,2,0,0.0,0.0,0.0
0.25,all,train,Scriabin/Etudes_op_8/11/xml_score.musicxml,Scriabin/Etudes_op_8/11/YeF09.mid,1.0,14,1,13,1,0,0.071429,0.5,0.125
0.25,all,train,Scriabin/Etudes_op_8/11/xml_score.musicxml,Scriabin/Etudes_op_8/11/YeF09.mid,2.0,14,1,13,1,0,0.071429,0.5,0.125
0.25,all,train,Scriabin/Sonatas/5/xml_score.musicxml,Scriabin/Sonatas/5/ChernovA06M.mid,0.0,368,1,367,16,0,0.002717,0.058824,0.005195
0.25,all,train,Scriabin/Sonatas/5/xml_score.musicxml,Scriabin/Sonatas/5/ChernovA06M.mid,1.0,368,3,365,14,4,0.008152,0.176471,0.015584
0.25,all,train,Scriabin/Sonatas/5/xml_score.musicxml,Scriabin/Sonatas/5/ChernovA06M.mid,2.0,368,8,360,9,0,0.021739,0.470588,0.041558
0.25,all,train,Scriabin/Sonatas/5/xml_score.musicxml,Scriabin/Sonatas/5/FALIKS06.mid,0.0,246,1,245,16,0,0.004065,0.058824,0.007605
0.25,all,train,Scriabin/Sonatas/5/xml_score.musicxml,Scriabin/Sonatas/5/FALIKS06.mid,1.0,246,3,243,14,0,0.012195,0.176471,0.022814
0.25,all,train,Scriabin/Sonatas/5/xml_score.musicxml,Scriabin/Sonatas/5/FALIKS06.mid,2.0,246,5,241,12,0,0.020325,0.294118,0.038023
0.25,all,train,Scriabin/Sonatas/5/xml_score.musicxml,Scriabin/Sonatas/5/FaB05M.mid,0.0,252,3,249,14,0,0.011905,0.176471,0.022305
0.25,all,train,Scriabin/Sonatas/5/xml_score.musicxml,Scriabin/Sonatas/5/FaB05M.mid,1.0,252,9,243,8,0,0.035714,0.529412,0.066914
0.25,all,train,Scriabin/Sonatas/5/xml_score.musicxml,Scriabin/Sonatas/5/FaB05M.mid,2.0,252,9,243,8,0,0.035714,0.529412,0.066914
0.25,all,train,Scriabin/Sonatas/5/xml_score.musicxml,Scriabin/Sonatas/5/GarritsonL06M.mid,0.0,288,3,285,14,0,0.010417,0.176471,0.019672
0.25,all,train,Scriabin/Sonatas/5/xml_score.musicxml,Scriabin/Sonatas/5/GarritsonL06M.mid,1.0,288,13,275,4,0,0.045139,0.764706,0.085246
0.25,all,train,Scriabin/Sonatas/5/xml_score.musicxml,Scriabin/Sonatas/5/GarritsonL06M.mid,2.0,288,13,275,4,0,0.045139,0.764706,0.085246
0.25,all,train,Scriabin/Sonatas/5/xml_score.musicxml,Scriabin/Sonatas/5/Ko07M.mid,0.0,382,0,382,17,0,0.0,0.0,0.0
0.25,all,train,Scriabin/Sonatas/5/xml_score.musicxml,Scriabin/Sonatas/5/Ko07M.mid,1.0,382,6,376,11,2,0.015707,0.352941,0.030075
0.25,all,train,Scriabin/Sonatas/5/xml_score.musicxml,Scriabin/Sonatas/5/Ko07M.mid,2.0,382,10,372,7,0,0.026178,0.588235,0.050125
0.25,all,train,Scriabin/Sonatas/5/xml_score.musicxml,Scriabin/Sonatas/5/Na03.mid,0.0,385,3,382,14,0,0.007792,0.176471,0.014925
0.25,all,train,Scriabin/Sonatas/5/xml_score.musicxml,Scriabin/Sonatas/5/Na03.mid,1.0,385,8,377,9,2,0.020779,0.470588,0.039801
0.25,all,train,Scriabin/Sonatas/5/xml_score.musicxml,Scriabin/Sonatas/5/Na03.mid,2.0,385,10,375,7,0,0.025974,0.588235,0.049751
0.25,all,train,Scriabin/Sonatas/5/xml_score.musicxml,Scriabin/Sonatas/5/Na07M.mid,0.0,414,2,412,15,0,0.004831,0.117647,0.009281
0.25,all,train,Scriabin/Sonatas/5/xml_score.musicxml,Scriabin/Sonatas/5/Na07M.mid,1.0,414,8,406,9,1,0.019324,0.470588,0.037123
0.25,all,train,Scriabin/Sonatas/5/xml_score.musicxml,Scriabin/Sonatas/5/Na07M.mid,2.0,414,8,406,9,1,0.019324,0.470588,0.037123
0.25,all,train,Scriabin/Sonatas/5/xml_score.musicxml,Scriabin/Sonatas/5/TET02.mid,0.0,243,2,241,15,0,0.00823,0.117647,0.015385
0.25,all,train,Scriabin/Sonatas/5/xml_score.musicxml,Scriabin/Sonatas/5/TET02.mid,1.0,243,4,239,13,0,0.016461,0.235294,0.030769
0.25,all,train,Scriabin/Sonatas/5/xml_score.musicxml,Scriabin/Sonatas/5/TET02.mid,2.0,243,5,238,12,1,0.020576,0.294118,0.038462
0.25,all,train,Scriabin/Sonatas/5/xml_score.musicxml,Scriabin/Sonatas/5/Yeletskiy02.mid,0.0,323,3,320,14,0,0.009288,0.176471,0.017647
0.25,all,train,Scriabin/Sonatas/5/xml_score.musicxml,Scriabin/Sonatas/5/Yeletskiy02.mid,1.0,323,14,309,3,0,0.043344,0.823529,0.082353
0.25,all,train,Scriabin/Sonatas/5/xml_score.musicxml,Scriabin/Sonatas/5/Yeletskiy02.mid,2.0,323,15,308,2,0,0.04644,0.882353,0.088235
0.25,all,train,Scriabin/Sonatas/5/xml_score.musicxml,Scriabin/Sonatas/5/Yeletskiy07M.mid,0.0,248,2,246,15,0,0.008065,0.117647,0.015094
0.25,all,train,Scriabin/Sonatas/5/xml_score.musicxml,Scriabin/Sonatas/5/Yeletskiy07M.mid,1.0,248,14,234,3,1,0.056452,0.823529,0.10566
0.25,all,train,Scriabin/Sonatas/5/xml_score.musicxml,Scriabin/Sonatas/5/Yeletskiy07M.mid,2.0,248,15,233,2,0,0.060484,0.882353,0.113208
0.5,all,train,Beethoven/Piano_Sonatas/11-2/xml_score.musicxml,Beethoven/Piano_Sonatas/11-2/MaximovI04.mid,0.0,24,1,23,165,0,0.041667,0.006024,0.010526
0.5,all,train,Beethoven/Piano_Sonatas/11-2/xml_score.musicxml,Beethoven/Piano_Sonatas/11-2/MaximovI04.mid,1.0,24,3,21,163,0,0.125,0.018072,0.031579
0.5,all,train,Beethoven/Piano_Sonatas/11-2/xml_score.musicxml,Beethoven/Piano_Sonatas/11-2/MaximovI04.mid,2.0,24,4,20,162,0,0.166667,0.024096,0.042105
0.5,all,val,Beethoven/Piano_Sonatas/21-3/xml_score.musicxml,Beethoven/Piano_Sonatas/21-3/KimSY04M.mid,0.0,114,0,114,7,0,0.0,0.0,0.0
0.5,all,val,Beethoven/Piano_Sonatas/21-3/xml_score.musicxml,Beethoven/Piano_Sonatas/21-3/KimSY04M.mid,1.0,114,4,110,3,0,0.035088,0.571429,0.066116
0.5,all,val,Beethoven/Piano_Sonatas/21-3/xml_score.musicxml,Beethoven/Piano_Sonatas/21-3/KimSY04M.mid,2.0,114,5,109,2,0,0.04386,0.714286,0.082645
0.5,all,val,Beethoven/Piano_Sonatas/21-3/xml_score.musicxml,Beethoven/Piano_Sonatas/21-3/Sekino05M.mid,0.0,70,0,70,7,0,0.0,0.0,0.0
0.5,all,val,Beethoven/Piano_Sonatas/21-3/xml_score.musicxml,Beethoven/Piano_Sonatas/21-3/Sekino05M.mid,1.0,70,2,68,5,0,0.028571,0.285714,0.051948
0.5,all,val,Beethoven/Piano_Sonatas/21-3/xml_score.musicxml,Beethoven/Piano_Sonatas/21-3/Sekino05M.mid,2.0,70,2,68,5,0,0.028571,0.285714,0.051948
0.5,all,val,Beethoven/Piano_Sonatas/21-3/xml_score.musicxml,Beethoven/Piano_Sonatas/21-3/YOO05M.mid,0.0,94,1,93,6,0,0.010638,0.142857,0.019802
0.5,all,val,Beethoven/Piano_Sonatas/21-3/xml_score.musicxml,Beethoven/Piano_Sonatas/21-3/YOO05M.mid,1.0,94,3,91,4,0,0.031915,0.428571,0.059406
0.5,all,val,Beethoven/Piano_Sonatas/21-3/xml_score.musicxml,Beethoven/Piano_Sonatas/21-3/YOO05M.mid,2.0,94,3,91,4,0,0.031915,0.428571,0.059406
0.5,all,train,Beethoven/Piano_Sonatas/26-2/xml_score.musicxml,Beethoven/Piano_Sonatas/26-2/HONG05M.mid,0.0,11,2,9,1,0,0.181818,0.666667,0.285714
0.5,all,train,Beethoven/Piano_Sonatas/26-2/xml_score.musicxml,Beethoven/Piano_Sonatas/26-2/HONG05M.mid,1.0,11,3,8,0,0,0.272727,1.0,0.428571
0.5,all,train,Beethoven/Piano_Sonatas/26-2/xml_score.musicxml,Beethoven/Piano_Sonatas/26-2/HONG05M.mid,2.0,11,3,8,0,0,0.272727,1.0,0.428571
0.5,all,train,Beethoven/Piano_Sonatas/26-2/xml_score.musicxml,Beethoven/Piano_Sonatas/26-2/Huang02.mid,0.0,11,0,11,3,0,0.0,0.0,0.0
0.5,all,train,Beethoven/Piano_Sonatas/26-2/xml_score.musicxml,Beethoven/Piano_Sonatas/26-2/Huang02.mid,1.0,11,0,11,3,0,0.0,0.0,0.0
0.5,all,train,Beethoven/Piano_Sonatas/26-2/xml_score.musicxml,Beethoven/Piano_Sonatas/26-2/Huang02.mid,2.0,11,0,11,3,0,0.0,0.0,0.0
0.5,all,train,Beethoven/Piano_Sonatas/26-2/xml_score.musicxml,Beethoven/Piano_Sonatas/26-2/LEE_K05M.mid,0.0,5,0,5,3,0,0.0,0.0,0.0
0.5,all,train,Beethoven/Piano_Sonatas/26-2/xml_score.musicxml,Beethoven/Piano_Sonatas/26-2/LEE_K05M.mid,1.0,5,0,5,3,0,0.0,0.0,0.0
0.5,all,train,Beethoven/Piano_Sonatas/26-2/xml_score.musicxml,Beethoven/Piano_Sonatas/26-2/LEE_K05M.mid,2.0,5,0,5,3,0,0.0,0.0,0.0
0.5,all,train,Beethoven/Piano_Sonatas/26-2/xml_score.musicxml,Beethoven/Piano_Sonatas/26-2/Tysman01.mid,0.0,10,0,10,3,0,0.0,0.0,0.0
0.5,all,train,Beethoven/Piano_Sonatas/26-2/xml_score.musicxml,Beethoven/Piano_Sonatas/26-2/Tysman01.mid,1.0,10,1,9,2,0,0.1,0.333333,0.153846
0.5,all,train,Beethoven/Piano_Sonatas/26-2/xml_score.musicxml,Beethoven/Piano_Sonatas/26-2/Tysman01.mid,2.0,10,1,9,2,0,0.1,0.333333,0.153846
0.5,all,train,Beethoven/Piano_Sonatas/26-2/xml_score.musicxml,Beethoven/Piano_Sonatas/26-2/Zhdanov05.mid,0.0,13,1,12,2,0,0.076923,0.333333,0.125
0.5,all,train,Beethoven/Piano_Sonatas/26-2/xml_score.musicxml,Beethoven/Piano_Sonatas/26-2/Zhdanov05.mid,1.0,13,2,11,1,0,0.153846,0.666667,0.25
0.5,all,train,Beethoven/Piano_Sonatas/26-2/xml_score.musicxml,Beethoven/Piano_Sonatas/26-2/Zhdanov05.mid,2.0,13,2,11,1,0,0.153846,0.666667,0.25
0.5,all,test,Beethoven/Piano_Sonatas/28-1/xml_score.musicxml,Beethoven/Piano_Sonatas/28-1/Atzinger01.mid,0.0,66,1,65,1,0,0.015152,0.5,0.029412
0.5,all,test,Beethoven/Piano_Sonatas/28-1/xml_score.musicxml,Beethoven/Piano_Sonatas/28-1/Atzinger01.mid,1.0,66,1,65,1,1,0.015152,0.5,0.029412
0.5,all,test,Beethoven/Piano_Sonatas/28-1/xml_score.musicxml,Beethoven/Piano_Sonatas/28-1/Atzinger01.mid,2.0,66,1,65,1,1,0.015152,0.5,0.029412
0.5,all,test,Beethoven/Piano_Sonatas/28-1/xml_score.musicxml,Beethoven/Piano_Sonatas/28-1/KimHJ02M.mid,0.0,45,0,45,2,0,0.0,0.0,0.0
0.5,all,test,Beethoven/Piano_Sonatas/28-1/xml_score.musicxml,Beethoven/Piano_Sonatas/28-1/KimHJ02M.mid,1.0,45,0,45,2,0,0.0,0.0,0.0
0.5,all,test,Beethoven/Piano_Sonatas/28-1/xml_score.musicxml,Beethoven/Piano_Sonatas/28-1/KimHJ02M.mid,2.0,45,0,45,2,0,0.0,0.0,0.0
0.5,all,test,Beethoven/Piano_Sonatas/28-1/xml_score.musicxml,Beethoven/Piano_Sonatas/28-1/KyykhynenT06M.mid,0.0,41,0,41,2,0,0.0,0.0,0.0
0.5,all,test,Beethoven/Piano_Sonatas/28-1/xml_score.musicxml,Beethoven/Piano_Sonatas/28-1/KyykhynenT06M.mid,1.0,41,2,39,0,0,0.04878,1.0,0.093023
0.5,all,test,Beethoven/Piano_Sonatas/28-1/xml_score.musicxml,Beethoven/Piano_Sonatas/28-1/KyykhynenT06M.mid,2.0,41,2,39,0,0,0.04878,1.0,0.093023
0.5,all,test,Beethoven/Piano_Sonatas/28-1/xml_score.musicxml,Beethoven/Piano_Sonatas/28-1/WangY04M.mid,0.0,13,0,13,2,0,0.0,0.0,0.0
0.5,all,test,Beethoven/Piano_Sonatas/28-1/xml_score.musicxml,Beethoven/Piano_Sonatas/28-1/WangY04M.mid,1.0,13,0,13,2,0,0.0,0.0,0.0
0.5,all,test,Beethoven/Piano_Sonatas/28-1/xml_score.musicxml,Beethoven/Piano_Sonatas/28-1/WangY04M.mid,2.0,13,0,13,2,0,0.0,0.0,0.0
0.5,all,test,Beethoven/Piano_Sonatas/28-1/xml_score.musicxml,Beethoven/Piano_Sonatas/28-1/Zhdanov01.mid,0.0,30,0,30,2,0,0.0,0.0,0.0
0.5,all,test,Beethoven/Piano_Sonatas/28-1/xml_score.musicxml,Beethoven/Piano_Sonatas/28-1/Zhdanov01.mid,1.0,30,0,30,2,0,0.0,0.0,0.0
0.5,all,test,Beethoven/Piano_Sonatas/28-1/xml_score.musicxml,Beethoven/Piano_Sonatas/28-1/Zhdanov01.mid,2.0,30,0,30,2,1,0.0,0.0,0.0
0.5,all,train,Beethoven/Piano_Sonatas/29-2/xml_score.musicxml,Beethoven/Piano_Sonatas/29-2/ChowK03.mid,0.0,96,0,96,4,0,0.0,0.0,0.0
0.5,all,train,Beethoven/Piano_Sonatas/29-2/xml_score.musicxml,Beethoven/Piano_Sonatas/29-2/ChowK03.mid,1.0,96,1,95,3,0,0.010417,0.25,0.02
0.5,all,train,Beethoven/Piano_Sonatas/29-2/xml_score.musicxml,Beethoven/Piano_Sonatas/29-2/ChowK03.mid,2.0,96,1,95,3,0,0.010417,0.25,0.02
0.5,all,train,Beethoven/Piano_Sonatas/29-3/xml_score.musicxml,Beethoven/Piano_Sonatas/29-3/ChowK04.mid,0.0,2,0,2,6,0,0.0,0.0,0.0
0.5,all,train,Beethoven/Piano_Sonatas/29-3/xml_score.musicxml,Beethoven/Piano_Sonatas/29-3/ChowK04.mid,1.0,2,0,2,6,0,0.0,0.0,0.0
0.5,all,train,Beethoven/Piano_Sonatas/29-3/xml_score.musicxml,Beethoven/Piano_Sonatas/29-3/ChowK04.mid,2.0,2,1,1,5,0,0.5,0.166667,0.25
0.5,all,test,Beethoven/Piano_Sonatas/29-4/xml_score.musicxml,Beethoven/Piano_Sonatas/29-4/ChowK05M.mid,0.0,298,0,298,22,0,0.0,0.0,0.0
0.5,all,test,Beethoven/Piano_Sonatas/29-4/xml_score.musicxml,Beethoven/Piano_Sonatas/29-4/ChowK05M.mid,1.0,298,3,295,19,3,0.010067,0.136364,0.01875
0.5,all,test,Beethoven/Piano_Sonatas/29-4/xml_score.musicxml,Beethoven/Piano_Sonatas/29-4/ChowK05M.mid,2.0,298,6,292,16,2,0.020134,0.272727,0.0375
0.5,all,test,Chopin/Ballades/1/xml_score.musicxml,Chopin/Ballades/1/Ali01.mid,0.0,48,8,40,457,0,0.166667,0.017204,0.031189
0.5,all,test,Chopin/Ballades/1/xml_score.musicxml,Chopin/Ballades/1/Ali01.mid,1.0,48,18,30,447,2,0.375,0.03871,0.070175
0.5,all,test,Chopin/Ballades/1/xml_score.musicxml,Chopin/Ballades/1/Ali01.mid,2.0,48,27,21,438,0,0.5625,0.058065,0.105263
0.5,all,test,Chopin/Ballades/1/xml_score.musicxml,Chopin/Ballades/1/BuiJL04M.mid,0.0,78,9,69,456,0,0.115385,0.019355,0.033149
0.5,all,test,Chopin/Ballades/1/xml_score.musicxml,Chopin/Ballades/1/BuiJL04M.mid,1.0,78,31,47,434,2,0.397436,0.066667,0.11418
0.5,all,test,Chopin/Ballades/1/xml_score.musicxml,Chopin/Ballades/1/BuiJL04M.mid,2.0,78,37,41,428,1,0.474359,0.07957,0.13628
0.5,all,test,Chopin/Ballades/1/xml_score.musicxml,Chopin/Ballades/1/Day04.mid,0.0,154,22,132,443,0,0.142857,0.047312,0.071082
0.5,all,test,Chopin/Ballades/1/xml_score.musicxml,Chopin/Ballades/1/Day04.mid,1.0,154,90,64,375,8,0.584416,0.193548,0.290792
0.5,all,test,Chopin/Ballades/1/xml_score.musicxml,Chopin/Ballades/1/Day04.mid,2.0,154,104,50,361,2,0.675325,0.223656,0.336026
0.5,all,test,Chopin/Ballades/1/xml_score.musicxml,Chopin/Ballades/1/Dossin05.mid,0.0,52,3,49,462,0,0.057692,0.006452,0.011605
0.5,all,test,Chopin/Ballades/1/xml_score.musicxml,Chopin/Ballades/1/Dossin05.mid,1.0,52,17,35,448,1,0.326923,0.036559,0.065764
0.5,all,test,Chopin/Ballades/1/xml_score.musicxml,Chopin/Ballades/1/Dossin05.mid,2.0,52,21,31,444,1,0.403846,0.045161,0.081238
0.5,all,test,Chopin/Ballades/1/xml_score.musicxml,Chopin/Ballades/1/JIA06M.mid,0.0,106,11,95,454,0,0.103774,0.023656,0.038529
0.5,all,test,Chopin/Ballades/1/xml_score.musicxml,Chopin/Ballades/1/JIA06M.mid,1.0,106,44,62,421,7,0.415094,0.094624,0.154116
0.5,all,test,Chopin/Ballades/1/xml_score.musicxml,Chopin/Ballades/1/JIA06M.mid,2.0,106,55,51,410,4,0.518868,0.11828,0.192644
0.5,all,test,Chopin/Ballades/1/xml_score.musicxml,Chopin/Ballades/1/KimSuyeon04M.mid,0.0,62,5,57,460,0,0.080645,0.010753,0.018975
0.5,all,test,Chopin/Ballades/1/xml_score.musicxml,Chopin/Ballades/1/KimSuyeon04M.mid,1.0,62,16,46,449,1,0.258065,0.034409,0.060721
0.5,all,test,Chopin/Ballades/1/xml_score.musicxml,Chopin/Ballades/1/KimSuyeon04M.mid,2.0,62,20,42,445,1,0.322581,0.043011,0.075901
0.5,all,test,Chopin/Ballades/1/xml_score.musicxml,Chopin/Ballades/1/LeeKoeun03.mid,0.0,90,10,80,455,0,0.111111,0.021505,0.036036
0.5,all,test,Chopin/Ballades/1/xml_score.musicxml,Chopin/Ballades/1/LeeKoeun03.mid,1.0,90,36,54,429,2,0.4,0.077419,0.12973
0.5,all,test,Chopin/Ballades/1/xml_score.musicxml,Chopin/Ballades/1/LeeKoeun03.mid,2.0,90,46,44,419,0,0.511111,0.098925,0.165766
0.5,all,test,Chopin/Ballades/1/xml_score.musicxml,Chopin/Ballades/1/LeeKoeun06.mid,0.0,50,3,47,462,0,0.06,0.006452,0.01165
0.5,all,test,Chopin/Ballades/1/xml_score.musicxml,Chopin/Ballades/1/LeeKoeun06.mid,1.0,50,20,30,445,4,0.4,0.043011,0.07767
0.5,all,test,Chopin/Ballades/1/xml_score.musicxml,Chopin/Ballades/1/LeeKoeun06.mid,2.0,50,26,24,439,1,0.52,0.055914,0.100971
0.5,all,test,Chopin/Ballades/1/xml_score.musicxml,Chopin/Ballades/1/LinTao04.mid,0.0,58,5,53,460,0,0.086207,0.010753,0.01912
0.5,all,test,Chopin/Ballades/1/xml_score.musicxml,Chopin/Ballades/1/LinTao04.mid,1.0,58,23,35,442,4,0.396552,0.049462,0.087954
0.5,all,test,Chopin/Ballades/1/xml_score.musicxml,Chopin/Ballades/1/LinTao04.mid,2.0,58,30,28,435,3,0.517241,0.064516,0.114723
0.5,all,test,Chopin/Ballades/1/xml_score.musicxml,Chopin/Ballades/1/McNamara02.mid,0.0,74,6,68,459,0,0.081081,0.012903,0.022263
0.5,all,test,Chopin/Ballades/1/xml_score.musicxml,Chopin/Ballades/1/McNamara02.mid,1.0,74,35,39,430,2,0.472973,0.075269,0.12987
0.5,all,test,Chopin/Ballades/1/xml_score.musicxml,Chopin/Ballades/1/McNamara02.mid,2.0,74,43,31,422,1,0.581081,0.092473,0.159555
0.5,all,test,Chopin/Ballades/1/xml_score.musicxml,Chopin/Ballades/1/Mo07M.mid,0.0,62,8,54,457,0,0.129032,0.017204,0.030361
0.5,all,test,Chopin/Ballades/1/xml_score.musicxml,Chopin/Ballades/1/Mo07M.mid,1.0,62,26,36,439,0,0.419355,0.055914,0.098672
0.5,all,test,Chopin/Ballades/1/xml_score.musicxml,Chopin/Ballades/1/Mo07M.mid,2.0,62,27,35,438,1,0.435484,0.058065,0.102467
0.5,all,test,Chopin/Ballades/1/xml_score.musicxml,Chopin/Ballades/1/MunA19M.mid,0.0,72,2,70,463,0,0.027778,0.004301,0.007449
0.5,all,test,Chopin/Ballades/1/xml_score.musicxml,Chopin/Ballades/1/MunA19M.mid,1.0,72,13,59,452,15,0.180556,0.027957,0.048417
0.5,all,test,Chopin/Ballades/1/xml_score.musicxml,Chopin/Ballades/1/MunA19M.mid,2.0,72,34,38,431,4,0.472222,0.073118,0.126629
0.5,all,test,Chopin/Ballades/1/xml_score.musicxml,Chopin/Ballades/1/Richardson13M.mid,0.0,70,6,64,459,0,0.085714,0.012903,0.02243
0.5,all,test,Chopin/Ballades/1/xml_score.musicxml,Chopin/Ballades/1/Richardson13M.mid,1.0,70,21,49,444,2,0.3,0.045161,0.078505
0.5,all,test,Chopin/Ballades/1/xml_score.musicxml,Chopin/Ballades/1/Richardson13M.mid,2.0,70,25,45,440,1,0.357143,0.053763,0.093458
0.5,all,test,Chopin/Ballades/1/xml_score.musicxml,Chopin/Ballades/1/SINKEV05.mid,0.0,88,6,82,459,0,0.068182,0.012903,0.0217
0.5,all,test,Chopin/Ballades/1/xml_score.musicxml,Chopin/Ballades/1/SINKEV05.mid,1.0,88,40,48,425,2,0.454545,0.086022,0.144665
0.5,all,test,Chopin/Ballades/1/xml_score.musicxml,Chopin/Ballades/1/SINKEV05.mid,2.0,88,43,45,422,4,0.488636,0.092473,0.155515
0.5,all,test,Chopin/Ballades/1/xml_score.musicxml,Chopin/Ballades/1/SINKEV11.mid,0.0,60,4,56,461,0,0.066667,0.008602,0.015238
0.5,all,test,Chopin/Ballades/1/xml_score.musicxml,Chopin/Ballades/1/SINKEV11.mid,1.0,60,24,36,441,1,0.4,0.051613,0.091429
0.5,all,test,Chopin/Ballades/1/xml_score.musicxml,Chopin/Ballades/1/SINKEV11.mid,2.0,60,30,30,435,0,0.5,0.064516,0.114286
0.5,all,test,Chopin/Ballades/1/xml_score.musicxml,Chopin/Ballades/1/Sladek04M.mid,0.0,106,14,92,451,0,0.132075,0.030108,0.049037
0.5,all,test,Chopin/Ballades/1/xml_score.musicxml,Chopin/Ballades/1/Sladek04M.mid,1.0,106,58,48,407,6,0.54717,0.124731,0.203152
0.5,all,test,Chopin/Ballades/1/xml_score.musicxml,Chopin/Ballades/1/Sladek04M.mid,2.0,106,70,36,395,0,0.660377,0.150538,0.245184
0.5,all,test,Chopin/Ballades/1/xml_score.musicxml,Chopin/Ballades/1/YeSijing01.mid,0.0,140,17,123,448,0,0.121429,0.036559,0.056198
0.5,all,test,Chopin/Ballades/1/xml_score.musicxml,Chopin/Ballades/1/YeSijing01.mid,1.0,140,64,76,401,3,0.457143,0.137634,0.21157
0.5,all,test,Chopin/Ballades/1/xml_score.musicxml,Chopin/Ballades/1/YeSijing01.mid,2.0,140,76,64,389,1,0.542857,0.163441,0.25124
0.5,all,test,Chopin/Ballades/1/xml_score.musicxml,Chopin/Ballades/1/Zhou06M.mid,0.0,74,9,65,456,0,0.121622,0.019355,0.033395
0.5,all,test,Chopin/Ballades/1/xml_score.musicxml,Chopin/Ballades/1/Zhou06M.mid,1.0,74,30,44,435,4,0.405405,0.064516,0.111317
0.5,all,test,Chopin/Ballades/1/xml_score.musicxml,Chopin/Ballades/1/Zhou06M.mid,2.0,74,37,37,428,0,0.5,0.07957,0.137291
0.5,all,train,Chopin/Ballades/3/xml_score.musicxml,Chopin/Ballades/3/Ko11M.mid,0.0,22,0,22,478,0,0.0,0.0,0.0
0.5,all,train,Chopin/Ballades/3/xml_score.musicxml,Chopin/Ballades/3/Ko11M.mid,1.0,22,6,16,472,1,0.272727,0.012552,0.024
0.5,all,train,Chopin/Ballades/3/xml_score.musicxml,Chopin/Ballades/3/Ko11M.mid,2.0,22,7,15,471,0,0.318182,0.014644,0.028
0.5,all,train,Chopin/Ballades/3/xml_score.musicxml,Chopin/Ballades/3/LinPeng06M.mid,0.0,66,6,60,472,0,0.090909,0.012552,0.022059
0.5,all,train,Chopin/Ballades/3/xml_score.musicxml,Chopin/Ballades/3/LinPeng06M.mid,1.0,66,45,21,433,2,0.681818,0.094142,0.165441
0.5,all,train,Chopin/Ballades/3/xml_score.musicxml,Chopin/Ballades/3/LinPeng06M.mid,2.0,66,47,19,431,0,0.712121,0.098326,0.172794
0.5,all,train,Chopin/Ballades/3/xml_score.musicxml,Chopin/Ballades/3/Tan02.mid,0.0,78,18,60,460,0,0.230769,0.037657,0.064748
0.5,all,train,Chopin/Ballades/3/xml_score.musicxml,Chopin/Ballades/3/Tan02.mid,1.0,78,46,32,432,2,0.589744,0.096234,0.165468
0.5,all,train,Chopin/Ballades/3/xml_score.musicxml,Chopin/Ballades/3/Tan02.mid,2.0,78,50,28,428,1,0.641026,0.104603,0.179856
0.5,all,train,Chopin/Barcarolle/xml_score.musicxml,Chopin/Barcarolle/Kociuban13.mid,0.0,10,1,9,454,0,0.1,0.002198,0.004301
0.5,all,train,Chopin/Barcarolle/xml_score.musicxml,Chopin/Barcarolle/Kociuban13.mid,1.0,10,4,6,451,1,0.4,0.008791,0.017204
0.5,all,train,Chopin/Barcarolle/xml_score.musicxml,Chopin/Barcarolle/Kociuban13.mid,2.0,10,6,4,449,0,0.6,0.013187,0.025806
0.5,all,train,Chopin/Barcarolle/xml_score.musicxml,Chopin/Barcarolle/LeeSH05M.mid,0.0,26,0,26,455,0,0.0,0.0,0.0
0.5,all,train,Chopin/Barcarolle/xml_score.musicxml,Chopin/Barcarolle/LeeSH05M.mid,1.0,26,8,18,447,4,0.307692,0.017582,0.033264
0.5,all,train,Chopin/Barcarolle/xml_score.musicxml,Chopin/Barcarolle/LeeSH05M.mid,2.0,26,14,12,441,0,0.538462,0.030769,0.058212
0.5,all,train,Chopin/Barcarolle/xml_score.musicxml,Chopin/Barcarolle/Na03.mid,0.0,14,0,14,455,0,0.0,0.0,0.0
0.5,all,train,Chopin/Barcarolle/xml_score.musicxml,Chopin/Barcarolle/Na03.mid,1.0,14,7,7,448,1,0.5,0.015385,0.029851
0.5,all,train,Chopin/Barcarolle/xml_score.musicxml,Chopin/Barcarolle/Na03.mid,2.0,14,11,3,444,0,0.785714,0.024176,0.046908
0.5,all,train,Chopin/Barcarolle/xml_score.musicxml,Chopin/Barcarolle/Na09M.mid,0.0,18,1,17,454,0,0.055556,0.002198,0.004228
0.5,all,train,Chopin/Barcarolle/xml_score.musicxml,Chopin/Barcarolle/Na09M.mid,1.0,18,8,10,447,3,0.444444,0.017582,0.033827
0.5,all,train,Chopin/Barcarolle/xml_score.musicxml,Chopin/Barcarolle/Na09M.mid,2.0,18,14,4,441,0,0.777778,0.030769,0.059197
0.5,all,train,Chopin/Barcarolle/xml_score.musicxml,Chopin/Barcarolle/Ozel10M.mid,0.0,12,1,11,454,0,0.083333,0.002198,0.004283
0.5,all,train,Chopin/Barcarolle/xml_score.musicxml,Chopin/Barcarolle/Ozel10M.mid,1.0,12,5,7,450,2,0.416667,0.010989,0.021413
0.5,all,train,Chopin/Barcarolle/xml_score.musicxml,Chopin/Barcarolle/Ozel10M.mid,2.0,12,9,3,446,0,0.75,0.01978,0.038544
0.5,all,train,Chopin/Barcarolle/xml_score.musicxml,Chopin/Barcarolle/Park10M.mid,0.0,12,0,12,455,0,0.0,0.0,0.0
0.5,all,train,Chopin/Barcarolle/xml_score.musicxml,Chopin/Barcarolle/Park10M.mid,1.0,12,5,7,450,3,0.416667,0.010989,0.021413
0.5,all,train,Chopin/Barcarolle/xml_score.musicxml,Chopin/Barcarolle/Park10M.mid,2.0,12,9,3,446,1,0.75,0.01978,0.038544
0.5,all,train,Chopin/Barcarolle/xml_score.musicxml,Chopin/Barcarolle/Rozanski07M.mid,0.0,6,0,6,455,0,0.0,0.0,0.0
0.5,all,train,Chopin/Barcarolle/xml_score.musicxml,Chopin/Barcarolle/Rozanski07M.mid,1.0,6,3,3,452,1,0.5,0.006593,0.013015
0.5,all,train,Chopin/Barcarolle/xml_score.musicxml,Chopin/Barcarolle/Rozanski07M.mid,2.0,6,5,1,450,0,0.833333,0.010989,0.021692
0.5,all,train,Chopin/Barcarolle/xml_score.musicxml,Chopin/Barcarolle/Verbaite03.mid,0.0,12,1,11,454,0,0.083333,0.002198,0.004283
0.5,all,train,Chopin/Barcarolle/xml_score.musicxml,Chopin/Barcarolle/Verbaite03.mid,1.0,12,4,8,451,3,0.333333,0.008791,0.017131
0.5,all,train,Chopin/Barcarolle/xml_score.musicxml,Chopin/Barcarolle/Verbaite03.mid,2.0,12,6,6,449,2,0.5,0.013187,0.025696
0.5,all,train,Chopin/Barcarolle/xml_score.musicxml,Chopin/Barcarolle/Wilshire04.mid,0.0,6,0,6,455,0,0.0,0.0,0.0
0.5,all,train,Chopin/Barcarolle/xml_score.musicxml,Chopin/Barcarolle/Wilshire04.mid,1.0,6,4,2,451,1,0.666667,0.008791,0.017354
0.5,all,train,Chopin/Barcarolle/xml_score.musicxml,Chopin/Barcarolle/Wilshire04.mid,2.0,6,6,0,449,0,1.0,0.013187,0.02603
0.5,all,train,Chopin/Etudes_op_10/1/xml_score.musicxml,Chopin/Etudes_op_10/1/Avdeeva02.mid,0.0,32,0,32,5,0,0.0,0.0,0.0
0.5,all,train,Chopin/Etudes_op_10/1/xml_score.musicxml,Chopin/Etudes_op_10/1/Avdeeva02.mid,1.0,32,0,32,5,0,0.0,0.0,0.0
0.5,all,train,Chopin/Etudes_op_10/1/xml_score.musicxml,Chopin/Etudes_op_10/1/Avdeeva02.mid,2.0,32,0,32,5,0,0.0,0.0,0.0
0.5,all,train,Chopin/Etudes_op_10/1/xml_score.musicxml,Chopin/Etudes_op_10/1/ChenW03M.mid,0.0,54,0,54,5,0,0.0,0.0,0.0
0.5,all,train,Chopin/Etudes_op_10/1/xml_score.musicxml,Chopin/Etudes_op_10/1/ChenW03M.mid,1.0,54,1,53,4,0,0.018519,0.2,0.033898
0.5,all,train,Chopin/Etudes_op_10/1/xml_score.musicxml,Chopin/Etudes_op_10/1/ChenW03M.mid,2.0,54,1,53,4,0,0.018519,0.2,0.033898
0.5,all,train,Chopin/Etudes_op_10/1/xml_score.musicxml,Chopin/Etudes_op_10/1/HSU02.mid,0.0,129,3,126,2,0,0.023256,0.6,0.044776
0.5,all,train,Chopin/Etudes_op_10/1/xml_score.musicxml,Chopin/Etudes_op_10/1/HSU02.mid,1.0,129,4,125,1,0,0.031008,0.8,0.059701
0.5,all,train,Chopin/Etudes_op_10/1/xml_score.musicxml,Chopin/Etudes_op_10/1/HSU02.mid,2.0,129,4,125,1,0,0.031008,0.8,0.059701
0.5,all,train,Chopin/Etudes_op_10/1/xml_score.musicxml,Chopin/Etudes_op_10/1/ISHIDA04.mid,0.0,85,1,84,4,0,0.011765,0.2,0.022222
0.5,all,train,Chopin/Etudes_op_10/1/xml_score.musicxml,Chopin/Etudes_op_10/1/ISHIDA04.mid,1.0,85,3,82,2,1,0.035294,0.6,0.066667
0.5,all,train,Chopin/Etudes_op_10/1/xml_score.musicxml,Chopin/Etudes_op_10/1/ISHIDA04.mid,2.0,85,3,82,2,1,0.035294,0.6,0.066667
0.5,all,train,Chopin/Etudes_op_10/1/xml_score.musicxml,Chopin/Etudes_op_10/1/Jussow03.mid,0.0,54,0,54,5,0,0.0,0.0,0.0
0.5,all,train,Chopin/Etudes_op_10/1/xml_score.musicxml,Chopin/Etudes_op_10/1/Jussow03.mid,1.0,54,2,52,3,1,0.037037,0.4,0.067797
0.5,all,train,Chopin/Etudes_op_10/1/xml_score.musicxml,Chopin/Etudes_op_10/1/Jussow03.mid,2.0,54,2,52,3,1,0.037037,0.4,0.067797
0.5,all,train,Chopin/Etudes_op_10/1/xml_score.musicxml,Chopin/Etudes_op_10/1/KaiRuiR03M.mid,0.0,18,0,18,5,0,0.0,0.0,0.0
0.5,all,train,Chopin/Etudes_op_10/1/xml_score.musicxml,Chopin/Etudes_op_10/1/KaiRuiR03M.mid,1.0,18,0,18,5,1,0.0,0.0,0.0
0.5,all,train,Chopin/Etudes_op_10/1/xml_score.musicxml,Chopin/Etudes_op_10/1/KaiRuiR03M.mid,2.0,18,0,18,5,1,0.0,0.0,0.0
0.5,all,train,Chopin/Etudes_op_10/1/xml_score.musicxml,Chopin/Etudes_op_10/1/LeeHanchien02.mid,0.0,4,0,4,5,0,0.0,0.0,0.0
0.5,all,train,Chopin/Etudes_op_10/1/xml_score.musicxml,Chopin/Etudes_op_10/1/LeeHanchien02.mid,1.0,4,0,4,5,1,0.0,0.0,0.0
0.5,all,train,Chopin/Etudes_op_10/1/xml_score.musicxml,Chopin/Etudes_op_10/1/LeeHanchien02.mid,2.0,4,0,4,5,1,0.0,0.0,0.0
0.5,all,train,Chopin/Etudes_op_10/1/xml_score.musicxml,Chopin/Etudes_op_10/1/LiYZ02M.mid,0.0,64,0,64,5,0,0.0,0.0,0.0
0.5,all,train,Chopin/Etudes_op_10/1/xml_score.musicxml,Chopin/Etudes_op_10/1/LiYZ02M.mid,1.0,64,1,63,4,0,0.015625,0.2,0.028986
0.5,all,train,Chopin/Etudes_op_10/1/xml_score.musicxml,Chopin/Etudes_op_10/1/LiYZ02M.mid,2.0,64,1,63,4,0,0.015625,0.2,0.028986
0.5,all,train,Chopin/Etudes_op_10/1/xml_score.musicxml,Chopin/Etudes_op_10/1/LuM02M.mid,0.0,71,0,71,5,0,0.0,0.0,0.0
0.5,all,train,Chopin/Etudes_op_10/1/xml_score.musicxml,Chopin/Etudes_op_10/1/LuM02M.mid,1.0,71,2,69,3,0,0.028169,0.4,0.052632
0.5,all,train,Chopin/Etudes_op_10/1/xml_score.musicxml,Chopin/Etudes_op_10/1/LuM02M.mid,2.0,71,3,68,2,0,0.042254,0.6,0.078947
0.5,all,train,Chopin/Etudes_op_10/1/xml_score.musicxml,Chopin/Etudes_op_10/1/Mikhailoff05.mid,0.0,88,0,88,5,0,0.0,0.0,0.0
0.5,all,train,Chopin/Etudes_op_10/1/xml_score.musicxml,Chopin/Etudes_op_10/1/Mikhailoff05.mid,1.0,88,2,86,3,0,0.022727,0.4,0.043011
0.5,all,train,Chopin/Etudes_op_10/1/xml_score.musicxml,Chopin/Etudes_op_10/1/Mikhailoff05.mid,2.0,88,2,86,3,0,0.022727,0.4,0.043011
0.5,all,train,Chopin/Etudes_op_10/1/xml_score.musicxml,Chopin/Etudes_op_10/1/MorozovS02.mid,0.0,12,0,12,5,0,0.0,0.0,0.0
0.5,all,train,Chopin/Etudes_op_10/1/xml_score.musicxml,Chopin/Etudes_op_10/1/MorozovS02.mid,1.0,12,0,12,5,0,0.0,0.0,0.0
0.5,all,train,Chopin/Etudes_op_10/1/xml_score.musicxml,Chopin/Etudes_op_10/1/MorozovS02.mid,2.0,12,0,12,5,0,0.0,0.0,0.0
0.5,all,train,Chopin/Etudes_op_10/1/xml_score.musicxml,Chopin/Etudes_op_10/1/MunA07M.mid,0.0,36,1,35,4,0,0.027778,0.2,0.04878
0.5,all,train,Chopin/Etudes_op_10/1/xml_score.musicxml,Chopin/Etudes_op_10/1/MunA07M.mid,1.0,36,1,35,4,0,0.027778,0.2,0.04878
0.5,all,train,Chopin/Etudes_op_10/1/xml_score.musicxml,Chopin/Etudes_op_10/1/MunA07M.mid,2.0,36,1,35,4,0,0.027778,0.2,0.04878
0.5,all,train,Chopin/Etudes_op_10/1/xml_score.musicxml,Chopin/Etudes_op_10/1/NAKAJI02.mid,0.0,46,0,46,5,0,0.0,0.0,0.0
0.5,all,train,Chopin/Etudes_op_10/1/xml_score.musicxml,Chopin/Etudes_op_10/1/NAKAJI02.mid,1.0,46,1,45,4,0,0.021739,0.2,0.039216
0.5,all,train,Chopin/Etudes_op_10/1/xml_score.musicxml,Chopin/Etudes_op_10/1/NAKAJI02.mid,2.0,46,1,45,4,0,0.021739,0.2,0.039216
0.5,all,train,Chopin/Etudes_op_10/1/xml_score.musicxml,Chopin/Etudes_op_10/1/Park02.mid,0.0,64,0,64,5,0,0.0,0.0,0.0
0.5,all,train,Chopin/Etudes_op_10/1/xml_score.musicxml,Chopin/Etudes_op_10/1/Park02.mid,1.0,64,1,63,4,1,0.015625,0.2,0.028986
0.5,all,train,Chopin/Etudes_op_10/1/xml_score.musicxml,Chopin/Etudes_op_10/1/Park02.mid,2.0,64,1,63,4,1,0.015625,0.2,0.028986
0.5,all,train,Chopin/Etudes_op_10/1/xml_score.musicxml,Chopin/Etudes_op_10/1/Savitski03.mid,0.0,4,0,4,5,0,0.0,0.0,0.0
0.5,all,train,Chopin/Etudes_op_10/1/xml_score.musicxml,Chopin/Etudes_op_10/1/Savitski03.mid,1.0,4,0,4,5,1,0.0,0.0,0.0
0.5,all,train,Chopin/Etudes_op_10/1/xml_score.musicxml,Chopin/Etudes_op_10/1/Savitski03.mid,2.0,4,0,4,5,1,0.0,0.0,0.0
0.5,all,train,Chopin/Etudes_op_10/1/xml_score.musicxml,Chopin/Etudes_op_10/1/Shelest02.mid,0.0,4,0,4,5,0,0.0,0.0,0.0
0.5,all,train,Chopin/Etudes_op_10/1/xml_score.musicxml,Chopin/Etudes_op_10/1/Shelest02.mid,1.0,4,0,4,5,1,0.0,0.0,0.0
0.5,all,train,Chopin/Etudes_op_10/1/xml_score.musicxml,Chopin/Etudes_op_10/1/Shelest02.mid,2.0,4,0,4,5,1,0.0,0.0,0.0
0.5,all,train,Chopin/Etudes_op_10/1/xml_score.musicxml,Chopin/Etudes_op_10/1/Stahievitch03.mid,0.0,90,0,90,5,0,0.0,0.0,0.0
0.5,all,train,Chopin/Etudes_op_10/1/xml_score.musicxml,Chopin/Etudes_op_10/1/Stahievitch03.mid,1.0,90,1,89,4,0,0.011111,0.2,0.021053
0.5,all,train,Chopin/Etudes_op_10/1/xml_score.musicxml,Chopin/Etudes_op_10/1/Stahievitch03.mid,2.0,90,1,89,4,0,0.011111,0.2,0.021053
0.5,all,train,Chopin/Etudes_op_10/1/xml_score.musicxml,Chopin/Etudes_op_10/1/SunY03M.mid,0.0,52,0,52,5,0,0.0,0.0,0.0
0.5,all,train,Chopin/Etudes_op_10/1/xml_score.musicxml,Chopin/Etudes_op_10/1/SunY03M.mid,1.0,52,0,52,5,1,0.0,0.0,0.0
0.5,all,train,Chopin/Etudes_op_10/1/xml_score.musicxml,Chopin/Etudes_op_10/1/SunY03M.mid,2.0,52,0,52,5,1,0.0,0.0,0.0
0.5,all,train,Chopin/Etudes_op_10/1/xml_score.musicxml,Chopin/Etudes_op_10/1/Terenkova02.mid,0.0,48,0,48,5,0,0.0,0.0,0.0
0.5,all,train,Chopin/Etudes_op_10/1/xml_score.musicxml,Chopin/Etudes_op_10/1/Terenkova02.mid,1.0,48,2,46,3,0,0.041667,0.4,0.075472
0.5,all,train,Chopin/Etudes_op_10/1/xml_score.musicxml,Chopin/Etudes_op_10/1/Terenkova02.mid,2.0,48,3,45,2,0,0.0625,0.6,0.113208
0.5,all,train,Chopin/Etudes_op_10/1/xml_score.musicxml,Chopin/Etudes_op_10/1/Tysman02.mid,0.0,44,0,44,5,0,0.0,0.0,0.0
0.5,all,train,Chopin/Etudes_op_10/1/xml_score.musicxml,Chopin/Etudes_op_10/1/Tysman02.mid,1.0,44,2,42,3,1,0.045455,0.4,0.081633
0.5,all,train,Chopin/Etudes_op_10/1/xml_score.musicxml,Chopin/Etudes_op_10/1/Tysman02.mid,2.0,44,2,42,3,1,0.045455,0.4,0.081633
0.5,all,train,Chopin/Etudes_op_10/1/xml_score.musicxml,Chopin/Etudes_op_10/1/Verbaite02.mid,0.0,2,0,2,5,0,0.0,0.0,0.0
0.5,all,train,Chopin/Etudes_op_10/1/xml_score.musicxml,Chopin/Etudes_op_10/1/Verbaite02.mid,1.0,2,0,2,5,0,0.0,0.0,0.0
0.5,all,train,Chopin/Etudes_op_10/1/xml_score.musicxml,Chopin/Etudes_op_10/1/Verbaite02.mid,2.0,2,0,2,5,1,0.0,0.0,0.0
0.5,all,train,Chopin/Etudes_op_10/1/xml_score.musicxml,Chopin/Etudes_op_10/1/YeF03M.mid,0.0,6,0,6,5,0,0.0,0.0,0.0
0.5,all,train,Chopin/Etudes_op_10/1/xml_score.musicxml,Chopin/Etudes_op_10/1/YeF03M.mid,1.0,6,0,6,5,0,0.0,0.0,0.0
0.5,all,train,Chopin/Etudes_op_10/1/xml_score.musicxml,Chopin/Etudes_op_10/1/YeF03M.mid,2.0,6,0,6,5,0,0.0,0.0,0.0
0.5,all,train,Chopin/Etudes_op_10/1/xml_score.musicxml,Chopin/Etudes_op_10/1/YuP02M.mid,0.0,20,0,20,5,0,0.0,0.0,0.0
0.5,all,train,Chopin/Etudes_op_10/1/xml_score.musicxml,Chopin/Etudes_op_10/1/YuP02M.mid,1.0,20,1,19,4,1,0.05,0.2,0.08
0.5,all,train,Chopin/Etudes_op_10/1/xml_score.musicxml,Chopin/Etudes_op_10/1/YuP02M.mid,2.0,20,1,19,4,1,0.05,0.2,0.08
0.5,all,train,Chopin/Etudes_op_10/1/xml_score.musicxml,Chopin/Etudes_op_10/1/Zhdanov02.mid,0.0,24,0,24,5,0,0.0,0.0,0.0
0.5,all,train,Chopin/Etudes_op_10/1/xml_score.musicxml,Chopin/Etudes_op_10/1/Zhdanov02.mid,1.0,24,0,24,5,1,0.0,0.0,0.0
0.5,all,train,Chopin/Etudes_op_10/1/xml_score.musicxml,Chopin/Etudes_op_10/1/Zhdanov02.mid,2.0,24,0,24,5,1,0.0,0.0,0.0
0.5,all,train,Chopin/Etudes_op_10/1/xml_score.musicxml,Chopin/Etudes_op_10/1/Zukiewicz02.mid,0.0,74,1,73,4,0,0.013514,0.2,0.025316
0.5,all,train,Chopin/Etudes_op_10/1/xml_score.musicxml,Chopin/Etudes_op_10/1/Zukiewicz02.mid,1.0,74,1,73,4,0,0.013514,0.2,0.025316
0.5,all,train,Chopin/Etudes_op_10/1/xml_score.musicxml,Chopin/Etudes_op_10/1/Zukiewicz02.mid,2.0,74,1,73,4,0,0.013514,0.2,0.025316
0.5,all,train,Chopin/Etudes_op_10/10/xml_score.musicxml,Chopin/Etudes_op_10/10/Na_2009_02.mid,0.0,20,5,15,281,0,0.25,0.017483,0.03268
0.5,all,train,Chopin/Etudes_op_10/10/xml_score.musicxml,Chopin/Etudes_op_10/10/Na_2009_02.mid,1.0,20,17,3,269,1,0.85,0.059441,0.111111
0.5,all,train,Chopin/Etudes_op_10/10/xml_score.musicxml,Chopin/Etudes_op_10/10/Na_2009_02.mid,2.0,20,20,0,266,0,1.0,0.06993,0.130719
0.5,all,train,Chopin/Etudes_op_10/10/xml_score.musicxml,Chopin/Etudes_op_10/10/WangH02M.mid,0.0,4,1,3,285,0,0.25,0.003497,0.006897
0.5,all,train,Chopin/Etudes_op_10/10/xml_score.musicxml,Chopin/Etudes_op_10/10/WangH02M.mid,1.0,4,3,1,283,1,0.75,0.01049,0.02069
0.5,all,train,Chopin/Etudes_op_10/10/xml_score.musicxml,Chopin/Etudes_op_10/10/WangH02M.mid,2.0,4,4,0,282,0,1.0,0.013986,0.027586
0.5,all,train,Chopin/Etudes_op_10/10/xml_score.musicxml,Chopin/Etudes_op_10/10/Wilshire02.mid,0.0,4,0,4,286,0,0.0,0.0,0.0
0.5,all,train,Chopin/Etudes_op_10/10/xml_score.musicxml,Chopin/Etudes_op_10/10/Wilshire02.mid,1.0,4,2,2,284,1,0.5,0.006993,0.013793
0.5,all,train,Chopin/Etudes_op_10/10/xml_score.musicxml,Chopin/Etudes_op_10/10/Wilshire02.mid,2.0,4,3,1,283,0,0.75,0.01049,0.02069
0.5,all,train,Chopin/Etudes_op_10/10/xml_score.musicxml,Chopin/Etudes_op_10/10/Yanagitani02.mid,0.0,8,1,7,285,0,0.125,0.003497,0.006803
0.5,all,train,Chopin/Etudes_op_10/10/xml_score.musicxml,Chopin/Etudes_op_10/10/Yanagitani02.mid,1.0,8,5,3,281,1,0.625,0.017483,0.034014
0.5,all,train,Chopin/Etudes_op_10/10/xml_score.musicxml,Chopin/Etudes_op_10/10/Yanagitani02.mid,2.0,8,6,2,280,0,0.75,0.020979,0.040816
0.5,all,train,Chopin/Etudes_op_10/5/xml_score.musicxml,Chopin/Etudes_op_10/5/Bach02.mid,0.0,40,0,40,12,0,0.0,0.0,0.0
0.5,all,train,Chopin/Etudes_op_10/5/xml_score.musicxml,Chopin/Etudes_op_10/5/Bach02.mid,1.0,40,3,37,9,0,0.075,0.25,0.115385
0.5,all,train,Chopin/Etudes_op_10/5/xml_score.musicxml,Chopin/Etudes_op_10/5/Bach02.mid,2.0,40,3,37,9,0,0.075,0.25,0.115385
0.5,all,train,Chopin/Etudes_op_10/5/xml_score.musicxml,Chopin/Etudes_op_10/5/Feiner_2006_02.mid,0.0,20,0,20,12,0,0.0,0.0,0.0
0.5,all,train,Chopin/Etudes_op_10/5/xml_score.musicxml,Chopin/Etudes_op_10/5/Feiner_2006_02.mid,1.0,20,1,19,11,0,0.05,0.083333,0.0625
0.5,all,train,Chopin/Etudes_op_10/5/xml_score.musicxml,Chopin/Etudes_op_10/5/Feiner_2006_02.mid,2.0,20,2,18,10,0,0.1,0.166667,0.125
0.5,all,train,Chopin/Etudes_op_10/5/xml_score.musicxml,Chopin/Etudes_op_10/5/KimEunhae04.mid,0.0,40,0,40,12,0,0.0,0.0,0.0
0.5,all,train,Chopin/Etudes_op_10/5/xml_score.musicxml,Chopin/Etudes_op_10/5/KimEunhae04.mid,1.0,40,4,36,8,1,0.1,0.333333,0.153846
0.5,all,train,Chopin/Etudes_op_10/5/xml_score.musicxml,Chopin/Etudes_op_10/5/KimEunhae04.mid,2.0,40,5,35,7,0,0.125,0.416667,0.192308
0.5,all,train,Chopin/Etudes_op_10/5/xml_score.musicxml,Chopin/Etudes_op_10/5/Koshoeva02.mid,0.0,54,0,54,12,0,0.0,0.0,0.0
0.5,all,train,Chopin/Etudes_op_10/5/xml_score.musicxml,Chopin/Etudes_op_10/5/Koshoeva02.mid,1.0,54,1,53,11,1,0.018519,0.083333,0.030303
0.5,all,train,Chopin/Etudes_op_10/5/xml_score.musicxml,Chopin/Etudes_op_10/5/Koshoeva02.mid,2.0,54,4,50,8,1,0.074074,0.333333,0.121212
0.5,all,train,Chopin/Etudes_op_10/5/xml_score.musicxml,Chopin/Etudes_op_10/5/LIAO03.mid,0.0,46,0,46,12,0,0.0,0.0,0.0
0.5,all,train,Chopin/Etudes_op_10/5/xml_score.musicxml,Chopin/Etudes_op_10/5/LIAO03.mid,1.0,46,1,45,11,1,0.021739,0.083333,0.034483
0.5,all,train,Chopin/Etudes_op_10/5/xml_score.musicxml,Chopin/Etudes_op_10/5/LIAO03.mid,2.0,46,3,43,9,0,0.065217,0.25,0.103448
0.5,all,train,Chopin/Etudes_op_10/5/xml_score.musicxml,Chopin/Etudes_op_10/5/LiA03M.mid,0.0,52,0,52,12,0,0.0,0.0,0.0
0.5,all,train,Chopin/Etudes_op_10/5/xml_score.musicxml,Chopin/Etudes_op_10/5/LiA03M.mid,1.0,52,1,51,11,2,0.019231,0.083333,0.03125
0.5,all,train,Chopin/Etudes_op_10/5/xml_score.musicxml,Chopin/Etudes_op_10/5/LiA03M.mid,2.0,52,3,49,9,0,0.057692,0.25,0.09375
0.5,all,train,Chopin/Etudes_op_10/5/xml_score.musicxml,Chopin/Etudes_op_10/5/LiC02M.mid,0.0,46,0,46,12,0,0.0,0.0,0.0
0.5,all,train,Chopin/Etudes_op_10/5/xml_score.musicxml,Chopin/Etudes_op_10/5/LiC02M.mid,1.0,46,3,43,9,0,0.065217,0.25,0.103448
0.5,all,train,Chopin/Etudes_op_10/5/xml_score.musicxml,Chopin/Etudes_op_10/5/LiC02M.mid,2.0,46,3,43,9,0,0.065217,0.25,0.103448
0.5,all,train,Chopin/Etudes_op_10/5/xml_score.musicxml,Chopin/Etudes_op_10/5/Rozanski03.mid,0.0,36,0,36,12,0,0.0,0.0,0.0
0.5,all,train,Chopin/Etudes_op_10/5/xml_score.musicxml,Chopin/Etudes_op_10/5/Rozanski03.mid,1.0,36,1,35,11,0,0.027778,0.083333,0.041667
0.5,all,train,Chopin/Etudes_op_10/5/xml_score.musicxml,Chopin/Etudes_op_10/5/Rozanski03.mid,2.0,36,3,33,9,0,0.083333,0.25,0.125
0.5,all,train,Chopin/Etudes_op_10/5/xml_score.musicxml,Chopin/Etudes_op_10/5/Tario02.mid,0.0,58,0,58,12,0,0.0,0.0,0.0
0.5,all,train,Chopin/Etudes_op_10/5/xml_score.musicxml,Chopin/Etudes_op_10/5/Tario02.mid,1.0,58,1,57,11,0,0.017241,0.083333,0.028571
0.5,all,train,Chopin/Etudes_op_10/5/xml_score.musicxml,Chopin/Etudes_op_10/5/Tario02.mid,2.0,58,2,56,10,2,0.034483,0.166667,0.057143
0.5,all,train,Chopin/Etudes_op_10/5/xml_score.musicxml,Chopin/Etudes_op_10/5/USHIKI03.mid,0.0,34,0,34,12,0,0.0,0.0,0.0
0.5,all,train,Chopin/Etudes_op_10/5/xml_score.musicxml,Chopin/Etudes_op_10/5/USHIKI03.mid,1.0,34,2,32,10,0,0.058824,0.166667,0.086957
0.5,all,train,Chopin/Etudes_op_10/5/xml_score.musicxml,Chopin/Etudes_op_10/5/USHIKI03.mid,2.0,34,2,32,10,0,0.058824,0.166667,0.086957
0.5,all,train,Chopin/Etudes_op_10/5/xml_score.musicxml,Chopin/Etudes_op_10/5/ZhangW03M.mid,0.0,46,1,45,11,0,0.021739,0.083333,0.034483
0.5,all,train,Chopin/Etudes_op_10/5/xml_score.musicxml,Chopin/Etudes_op_10/5/ZhangW03M.mid,1.0,46,2,44,10,0,0.043478,0.166667,0.068966
0.5,all,train,Chopin/Etudes_op_10/5/xml_score.musicxml,Chopin/Etudes_op_10/5/ZhangW03M.mid,2.0,46,3,43,9,0,0.065217,0.25,0.103448
0.5,all,val,Chopin/Etudes_op_10/7/xml_score.musicxml,Chopin/Etudes_op_10/7/ChenL02.mid,0.0,52,1,51,17,0,0.019231,0.055556,0.028571
0.5,all,val,Chopin/Etudes_op_10/7/xml_score.musicxml,Chopin/Etudes_op_10/7/ChenL02.mid,1.0,52,9,43,9,0,0.173077,0.5,0.257143
0.5,all,val,Chopin/Etudes_op_10/7/xml_score.musicxml,Chopin/Etudes_op_10/7/ChenL02.mid,2.0,52,11,41,7,1,0.211538,0.611111,0.314286
0.5,all,val,Chopin/Etudes_op_10/7/xml_score.musicxml,Chopin/Etudes_op_10/7/Namirovsky02.mid,0.0,14,0,14,18,0,0.0,0.0,0.0
0.5,all,val,Chopin/Etudes_op_10/7/xml_score.musicxml,Chopin/Etudes_op_10/7/Namirovsky02.mid,1.0,14,1,13,17,1,0.071429,0.055556,0.0625
0.5,all,val,Chopin/Etudes_op_10/7/xml_score.musicxml,Chopin/Etudes_op_10/7/Namirovsky02.mid,2.0,14,2,12,16,0,0.142857,0.111111,0.125
0.5,all,val,Chopin/Etudes_op_10/7/xml_score.musicxml,Chopin/Etudes_op_10/7/SINKEV03.mid,0.0,22,2,20,16,0,0.090909,0.111111,0.1
0.5,all,val,Chopin/Etudes_op_10/7/xml_score.musicxml,Chopin/Etudes_op_10/7/SINKEV03.mid,1.0,22,9,13,9,2,0.409091,0.5,0.45
0.5,all,val,Chopin/Etudes_op_10/7/xml_score.musicxml,Chopin/Etudes_op_10/7/SINKEV03.mid,2.0,22,11,11,7,1,0.5,0.611111,0.55
0.5,all,test,Chopin/Etudes_op_10/8/xml_score.musicxml,Chopin/Etudes_op_10/8/BENABD02.mid,0.0,72,5,67,67,0,0.069444,0.069444,0.069444
0.5,all,test,Chopin/Etudes_op_10/8/xml_score.musicxml,Chopin/Etudes_op_10/8/BENABD02.mid,1.0,72,20,52,52,4,0.277778,0.277778,0.277778
0.5,all,test,Chopin/Etudes_op_10/8/xml_score.musicxml,Chopin/Etudes_op_10/8/BENABD02.mid,2.0,72,27,45,45,2,0.375,0.375,0.375
0.5,all,test,Chopin/Etudes_op_10/8/xml_score.musicxml,Chopin/Etudes_op_10/8/Benabdallah02.mid,0.0,88,2,86,70,0,0.022727,0.027778,0.025
0.5,all,test,Chopin/Etudes_op_10/8/xml_score.musicxml,Chopin/Etudes_op_10/8/Benabdallah02.mid,1.0,88,20,68,52,5,0.227273,0.277778,0.25
0.5,all,test,Chopin/Etudes_op_10/8/xml_score.musicxml,Chopin/Etudes_op_10/8/Benabdallah02.mid,2.0,88,27,61,45,4,0.306818,0.375,0.3375
0.5,all,test,Chopin/Etudes_op_10/8/xml_score.musicxml,Chopin/Etudes_op_10/8/CHOE01.mid,0.0,102,4,98,68,0,0.039216,0.055556,0.045977
0.5,all,test,Chopin/Etudes_op_10/8/xml_score.musicxml,Chopin/Etudes_op_10/8/CHOE01.mid,1.0,102,19,83,53,2,0.186275,0.263889,0.218391
0.5,all,test,Chopin/Etudes_op_10/8/xml_score.musicxml,Chopin/Etudes_op_10/8/CHOE01.mid,2.0,102,29,73,43,2,0.284314,0.402778,0.333333
0.5,all,test,Chopin/Etudes_op_10/8/xml_score.musicxml,Chopin/Etudes_op_10/8/ChenJie03.mid,0.0,82,0,82,72,0,0.0,0.0,0.0
0.5,all,test,Chopin/Etudes_op_10/8/xml_score.musicxml,Chopin/Etudes_op_10/8/ChenJie03.mid,1.0,82,7,75,65,2,0.085366,0.097222,0.090909
0.5,all,test,Chopin/Etudes_op_10/8/xml_score.musicxml,Chopin/Etudes_op_10/8/ChenJie03.mid,2.0,82,14,68,58,1,0.170732,0.194444,0.181818
0.5,all,test,Chopin/Etudes_op_10/8/xml_score.musicxml,Chopin/Etudes_op_10/8/FONG02.mid,0.0,100,6,94,66,0,0.06,0.083333,0.069767
0.5,all,test,Chopin/Etudes_op_10/8/xml_score.musicxml,Chopin/Etudes_op_10/8/FONG02.mid,1.0,100,22,78,50,2,0.22,0.305556,0.255814
0.5,all,test,Chopin/Etudes_op_10/8/xml_score.musicxml,Chopin/Etudes_op_10/8/FONG02.mid,2.0,100,33,67,39,1,0.33,0.458333,0.383721
0.5,all,test,Chopin/Etudes_op_10/8/xml_score.musicxml,Chopin/Etudes_op_10/8/Georgieva03.mid,0.0,86,0,86,72,0,0.0,0.0,0.0
0.5,all,test,Chopin/Etudes_op_10/8/xml_score.musicxml,Chopin/Etudes_op_10/8/Georgieva03.mid,1.0,86,8,78,64,6,0.093023,0.111111,0.101266
0.5,all,test,Chopin/Etudes_op_10/8/xml_score.musicxml,Chopin/Etudes_op_10/8/Georgieva03.mid,2.0,86,20,66,52,3,0.232558,0.277778,0.253165
0.5,all,test,Chopin/Etudes_op_10/8/xml_score.musicxml,Chopin/Etudes_op_10/8/IVLEVA02.mid,0.0,108,6,102,66,0,0.055556,0.083333,0.066667
0.5,all,test,Chopin/Etudes_op_10/8/xml_score.musicxml,Chopin/Etudes_op_10/8/IVLEVA02.mid,1.0,108,21,87,51,4,0.194444,0.291667,0.233333
0.5,all,test,Chopin/Etudes_op_10/8/xml_score.musicxml,Chopin/Etudes_op_10/8/IVLEVA02.mid,2.0,108,30,78,42,3,0.277778,0.416667,0.333333
0.5,all,test,Chopin/Etudes_op_10/8/xml_score.musicxml,Chopin/Etudes_op_10/8/Kwok02.mid,0.0,110,5,105,67,0,0.045455,0.069444,0.054945
0.5,all,test,Chopin/Etudes_op_10/8/xml_score.musicxml,Chopin/Etudes_op_10/8/Kwok02.mid,1.0,110,23,87,49,4,0.209091,0.319444,0.252747
0.5,all,test,Chopin/Etudes_op_10/8/xml_score.musicxml,Chopin/Etudes_op_10/8/Kwok02.mid,2.0,110,37,73,35,1,0.336364,0.513889,0.406593
0.5,all,test,Chopin/Etudes_op_10/8/xml_score.musicxml,Chopin/Etudes_op_10/8/KyykhynenT09M.mid,0.0,76,3,73,69,0,0.039474,0.041667,0.040541
0.5,all,test,Chopin/Etudes_op_10/8/xml_score.musicxml,Chopin/Etudes_op_10/8/KyykhynenT09M.mid,1.0,76,17,59,55,4,0.223684,0.236111,0.22973
0.5,all,test,Chopin/Etudes_op_10/8/xml_score.musicxml,Chopin/Etudes_op_10/8/KyykhynenT09M.mid,2.0,76,21,55,51,2,0.276316,0.291667,0.283784
0.5,all,test,Chopin/Etudes_op_10/8/xml_score.musicxml,Chopin/Etudes_op_10/8/LeeEunjin02.mid,0.0,96,6,90,66,0,0.0625,0.083333,0.071429
0.5,all,test,Chopin/Etudes_op_10/8/xml_score.musicxml,Chopin/Etudes_op_10/8/LeeEunjin02.mid,1.0,96,23,73,49,2,0.239583,0.319444,0.27381
0.5,all,test,Chopin/Etudes_op_10/8/xml_score.musicxml,Chopin/Etudes_op_10/8/LeeEunjin02.mid,2.0,96,34,62,38,0,0.354167,0.472222,0.404762
0.5,all,test,Chopin/Etudes_op_10/8/xml_score.musicxml,Chopin/Etudes_op_10/8/LeeHwakyu02.mid,0.0,122,1,121,71,0,0.008197,0.013889,0.010309
0.5,all,test,Chopin/Etudes_op_10/8/xml_score.musicxml,Chopin/Etudes_op_10/8/LeeHwakyu02.mid,1.0,122,20,102,52,6,0.163934,0.277778,0.206186
0.5,all,test,Chopin/Etudes_op_10/8/xml_score.musicxml,Chopin/Etudes_op_10/8/LeeHwakyu02.mid,2.0,122,31,91,41,3,0.254098,0.430556,0.319588
0.5,all,test,Chopin/Etudes_op_10/8/xml_score.musicxml,Chopin/Etudes_op_10/8/LeeJisun02.mid,0.0,82,2,80,70,0,0.02439,0.027778,0.025974
0.5,all,test,Chopin/Etudes_op_10/8/xml_score.musicxml,Chopin/Etudes_op_10/8/LeeJisun02.mid,1.0,82,9,73,63,2,0.109756,0.125,0.116883
0.5,all,test,Chopin/Etudes_op_10/8/xml_score.musicxml,Chopin/Etudes_op_10/8/LeeJisun02.mid,2.0,82,17,65,55,1,0.207317,0.236111,0.220779
0.5,all,test,Chopin/Etudes_op_10/8/xml_score.musicxml,Chopin/Etudes_op_10/8/LiuLangning02.mid,0.0,76,2,74,70,0,0.026316,0.027778,0.027027
0.5,all,test,Chopin/Etudes_op_10/8/xml_score.musicxml,Chopin/Etudes_op_10/8/LiuLangning02.mid,1.0,76,14,62,58,4,0.184211,0.194444,0.189189
0.5,all,test,Chopin/Etudes_op_10/8/xml_score.musicxml,Chopin/Etudes_op_10/8/LiuLangning02.mid,2.0,76,21,55,51,2,0.276316,0.291667,0.283784
0.5,all,test,Chopin/Etudes_op_10/8/xml_score.musicxml,Chopin/Etudes_op_10/8/Lou03M.mid,0.0,124,2,122,70,0,0.016129,0.027778,0.020408
0.5,all,test,Chopin/Etudes_op_10/8/xml_score.musicxml,Chopin/Etudes_op_10/8/Lou03M.mid,1.0,124,20,104,52,5,0.16129,0.277778,0.204082
0.5,all,test,Chopin/Etudes_op_10/8/xml_score.musicxml,Chopin/Etudes_op_10/8/Lou03M.mid,2.0,124,31,93,41,1,0.25,0.430556,0.316327
0.5,all,test,Chopin/Etudes_op_10/8/xml_score.musicxml,Chopin/Etudes_op_10/8/LuEric03M.mid,0.0,118,2,116,70,0,0.016949,0.027778,0.021053
0.5,all,test,Chopin/Etudes_op_10/8/xml_score.musicxml,Chopin/Etudes_op_10/8/LuEric03M.mid,1.0,118,17,101,55,9,0.144068,0.236111,0.178947
0.5,all,test,Chopin/Etudes_op_10/8/xml_score.musicxml,Chopin/Etudes_op_10/8/LuEric03M.mid,2.0,118,30,88,42,4,0.254237,0.416667,0.315789
0.5,all,test,Chopin/Etudes_op_10/8/xml_score.musicxml,Chopin/Etudes_op_10/8/Masycheva02.mid,0.0,100,5,95,67,0,0.05,0.069444,0.05814
0.5,all,test,Chopin/Etudes_op_10/8/xml_score.musicxml,Chopin/Etudes_op_10/8/Masycheva02.mid,1.0,100,22,78,50,2,0.22,0.305556,0.255814
0.5,all,test,Chopin/Etudes_op_10/8/xml_score.musicxml,Chopin/Etudes_op_10/8/Masycheva02.mid,2.0,100,31,69,41,0,0.31,0.430556,0.360465
0.5,all,test,Chopin/Etudes_op_10/8/xml_score.musicxml,Chopin/Etudes_op_10/8/MiyashitaM05M.mid,0.0,54,4,50,68,0,0.074074,0.055556,0.063492
0.5,all,test,Chopin/Etudes_op_10/8/xml_score.musicxml,Chopin/Etudes_op_10/8/MiyashitaM05M.mid,1.0,54,13,41,59,5,0.240741,0.180556,0.206349
0.5,all,test,Chopin/Etudes_op_10/8/xml_score.musicxml,Chopin/Etudes_op_10/8/MiyashitaM05M.mid,2.0,54,19,35,53,5,0.351852,0.263889,0.301587
0.5,all,test,Chopin/Etudes_op_10/8/xml_score.musicxml,Chopin/Etudes_op_10/8/ParkH02.mid,0.0,156,2,154,70,0,0.012821,0.027778,0.017544
0.5,all,test,Chopin/Etudes_op_10/8/xml_score.musicxml,Chopin/Etudes_op_10/8/ParkH02.mid,1.0,156,35,121,37,5,0.224359,0.486111,0.307018
0.5,all,test,Chopin/Etudes_op_10/8/xml_score.musicxml,Chopin/Etudes_op_10/8/ParkH02.mid,2.0,156,47,109,25,2,0.301282,0.652778,0.412281
0.5,all,test,Chopin/Etudes_op_10/8/xml_score.musicxml,Chopin/Etudes_op_10/8/Rizikov03M.mid,0.0,68,2,66,70,0,0.029412,0.027778,0.028571
0.5,all,test,Chopin/Etudes_op_10/8/xml_score.musicxml,Chopin/Etudes_op_10/8/Rizikov03M.mid,1.0,68,16,52,56,4,0.235294,0.222222,0.228571
0.5,all,test,Chopin/Etudes_op_10/8/xml_score.musicxml,Chopin/Etudes_op_10/8/Rizikov03M.mid,2.0,68,19,49,53,3,0.279412,0.263889,0.271429
0.5,all,test,Chopin/Etudes_op_10/8/xml_score.musicxml,Chopin/Etudes_op_10/8/SCHU03.mid,0.0,151,7,144,65,0,0.046358,0.097222,0.06278
0.5,all,test,Chopin/Etudes_op_10/8/xml_score.musicxml,Chopin/Etudes_op_10/8/SCHU03.mid,1.0,151,28,123,44,3,0.18543,0.388889,0.251121
0.5,all,test,Chopin/Etudes_op_10/8/xml_score.musicxml,Chopin/Etudes_op_10/8/SCHU03.mid,2.0,151,44,107,28,0,0.291391,0.611111,0.394619
0.5,all,test,Chopin/Etudes_op_10/8/xml_score.musicxml,Chopin/Etudes_op_10/8/Sekino03.mid,0.0,60,1,59,71,0,0.016667,0.013889,0.015152
0.5,all,test,Chopin/Etudes_op_10/8/xml_score.musicxml,Chopin/Etudes_op_10/8/Sekino03.mid,1.0,60,14,46,58,4,0.233333,0.194444,0.212121
0.5,all,test,Chopin/Etudes_op_10/8/xml_score.musicxml,Chopin/Etudes_op_10/8/Sekino03.mid,2.0,60,20,40,52,4,0.333333,0.277778,0.30303
0.5,all,test,Chopin/Etudes_op_10/8/xml_score.musicxml,Chopin/Etudes_op_10/8/Shilyaev02.mid,0.0,76,5,71,67,0,0.065789,0.069444,0.067568
0.5,all,test,Chopin/Etudes_op_10/8/xml_score.musicxml,Chopin/Etudes_op_10/8/Shilyaev02.mid,1.0,76,20,56,52,4,0.263158,0.277778,0.27027
0.5,all,test,Chopin/Etudes_op_10/8/xml_score.musicxml,Chopin/Etudes_op_10/8/Shilyaev02.mid,2.0,76,32,44,40,1,0.421053,0.444444,0.432432
0.5,all,test,Chopin/Etudes_op_10/8/xml_score.musicxml,Chopin/Etudes_op_10/8/Soukhovetski02.mid,0.0,122,3,119,69,0,0.02459,0.041667,0.030928
0.5,all,test,Chopin/Etudes_op_10/8/xml_score.musicxml,Chopin/Etudes_op_10/8/Soukhovetski02.mid,1.0,122,25,97,47,6,0.204918,0.347222,0.257732
0.5,all,test,Chopin/Etudes_op_10/8/xml_score.musicxml,Chopin/Etudes_op_10/8/Soukhovetski02.mid,2.0,122,40,82,32,2,0.327869,0.555556,0.412371
0.5,all,test,Chopin/Etudes_op_10/8/xml_score.musicxml,Chopin/Etudes_op_10/8/Tak02.mid,0.0,107,5,102,67,0,0.046729,0.069444,0.055866
0.5,all,test,Chopin/Etudes_op_10/8/xml_score.musicxml,Chopin/Etudes_op_10/8/Tak02.mid,1.0,107,31,76,41,1,0.28972,0.430556,0.346369
0.5,all,test,Chopin/Etudes_op_10/8/xml_score.musicxml,Chopin/Etudes_op_10/8/Tak02.mid,2.0,107,39,68,33,3,0.364486,0.541667,0.435754
0.5,all,test,Chopin/Etudes_op_10/8/xml_score.musicxml,Chopin/Etudes_op_10/8/Tetzloff02.mid,0.0,72,3,69,69,0,0.041667,0.041667,0.041667
0.5,all,test,Chopin/Etudes_op_10/8/xml_score.musicxml,Chopin/Etudes_op_10/8/Tetzloff02.mid,1.0,72,15,57,57,4,0.208333,0.208333,0.208333
0.5,all,test,Chopin/Etudes_op_10/8/xml_score.musicxml,Chopin/Etudes_op_10/8/Tetzloff02.mid,2.0,72,23,49,49,4,0.319444,0.319444,0.319444
0.5,all,test,Chopin/Etudes_op_10/8/xml_score.musicxml,Chopin/Etudes_op_10/8/Tetzloff07M.mid,0.0,94,3,91,69,0,0.031915,0.041667,0.036145
0.5,all,test,Chopin/Etudes_op_10/8/xml_score.musicxml,Chopin/Etudes_op_10/8/Tetzloff07M.mid,1.0,94,21,73,51,4,0.223404,0.291667,0.253012
0.5,all,test,Chopin/Etudes_op_10/8/xml_score.musicxml,Chopin/Etudes_op_10/8/Tetzloff07M.mid,2.0,94,30,64,42,3,0.319149,0.416667,0.361446
0.5,all,test,Chopin/Etudes_op_10/8/xml_score.musicxml,Chopin/Etudes_op_10/8/YOU02.mid,0.0,54,2,52,70,0,0.037037,0.027778,0.031746
0.5,all,test,Chopin/Etudes_op_10/8/xml_score.musicxml,Chopin/Etudes_op_10/8/YOU02.mid,1.0,54,10,44,62,5,0.185185,0.138889,0.15873
0.5,all,test,Chopin/Etudes_op_10/8/xml_score.musicxml,Chopin/Etudes_op_10/8/YOU02.mid,2.0,54,19,35,53,3,0.351852,0.263889,0.301587
0.5,all,test,Chopin/Etudes_op_10/8/xml_score.musicxml,Chopin/Etudes_op_10/8/Zhou03M.mid,0.0,80,3,77,69,0,0.0375,0.041667,0.039474
0.5,all,test,Chopin/Etudes_op_10/8/xml_score.musicxml,Chopin/Etudes_op_10/8/Zhou03M.mid,1.0,80,15,65,57,6,0.1875,0.208333,0.197368
0.5,all,test,Chopin/Etudes_op_10/8/xml_score.musicxml,Chopin/Etudes_op_10/8/Zhou03M.mid,2.0,80,22,58,50,4,0.275,0.305556,0.289474
0.5,all,train,Chopin/Etudes_op_25/1/xml_score.musicxml,Chopin/Etudes_op_25/1/Erice03.mid,0.0,2,0,2,182,0,0.0,0.0,0.0
0.5,all,train,Chopin/Etudes_op_25/1/xml_score.musicxml,Chopin/Etudes_op_25/1/Erice03.mid,1.0,2,0,2,182,0,0.0,0.0,0.0
0.5,all,train,Chopin/Etudes_op_25/1/xml_score.musicxml,Chopin/Etudes_op_25/1/Erice03.mid,2.0,2,0,2,182,0,0.0,0.0,0.0
0.5,all,train,Chopin/Etudes_op_25/1/xml_score.musicxml,Chopin/Etudes_op_25/1/LeeN03M.mid,0.0,2,0,2,182,0,0.0,0.0,0.0
0.5,all,train,Chopin/Etudes_op_25/1/xml_score.musicxml,Chopin/Etudes_op_25/1/LeeN03M.mid,1.0,2,0,2,182,1,0.0,0.0,0.0
0.5,all,train,Chopin/Etudes_op_25/1/xml_score.musicxml,Chopin/Etudes_op_25/1/LeeN03M.mid,2.0,2,1,1,181,0,0.5,0.005495,0.01087
0.5,all,train,Chopin/Etudes_op_25/1/xml_score.musicxml,Chopin/Etudes_op_25/1/TongB02M.mid,0.0,2,0,2,182,0,0.0,0.0,0.0
0.5,all,train,Chopin/Etudes_op_25/1/xml_score.musicxml,Chopin/Etudes_op_25/1/TongB02M.mid,1.0,2,0,2,182,0,0.0,0.0,0.0
0.5,all,train,Chopin/Etudes_op_25/1/xml_score.musicxml,Chopin/Etudes_op_25/1/TongB02M.mid,2.0,2,0,2,182,0,0.0,0.0,0.0
0.5,all,train,Chopin/Etudes_op_25/1/xml_score.musicxml,Chopin/Etudes_op_25/1/TuanS04M.mid,0.0,2,0,2,182,0,0.0,0.0,0.0
0.5,all,train,Chopin/Etudes_op_25/1/xml_score.musicxml,Chopin/Etudes_op_25/1/TuanS04M.mid,1.0,2,1,1,181,0,0.5,0.005495,0.01087
0.5,all,train,Chopin/Etudes_op_25/1/xml_score.musicxml,Chopin/Etudes_op_25/1/TuanS04M.mid,2.0,2,1,1,181,0,0.5,0.005495,0.01087
0.5,all,train,Chopin/Etudes_op_25/1/xml_score.musicxml,Chopin/Etudes_op_25/1/Wong03M.mid,0.0,4,0,4,182,0,0.0,0.0,0.0
0.5,all,train,Chopin/Etudes_op_25/1/xml_score.musicxml,Chopin/Etudes_op_25/1/Wong03M.mid,1.0,4,2,2,180,0,0.5,0.010989,0.021505
0.5,all,train,Chopin/Etudes_op_25/1/xml_score.musicxml,Chopin/Etudes_op_25/1/Wong03M.mid,2.0,4,2,2,180,0,0.5,0.010989,0.021505
0.5,all,train,Chopin/Etudes_op_25/12/xml_score.musicxml,Chopin/Etudes_op_25/12/Atzinger03.mid,0.0,20,0,20,1,0,0.0,0.0,0.0
0.5,all,train,Chopin/Etudes_op_25/12/xml_score.musicxml,Chopin/Etudes_op_25/12/Atzinger03.mid,1.0,20,0,20,1,0,0.0,0.0,0.0
0.5,all,train,Chopin/Etudes_op_25/12/xml_score.musicxml,Chopin/Etudes_op_25/12/Atzinger03.mid,2.0,20,1,19,0,0,0.05,1.0,0.095238
0.5,all,train,Chopin/Etudes_op_25/12/xml_score.musicxml,Chopin/Etudes_op_25/12/BorickC04M.mid,0.0,2,0,2,1,0,0.0,0.0,0.0
0.5,all,train,Chopin/Etudes_op_25/12/xml_score.musicxml,Chopin/Etudes_op_25/12/BorickC04M.mid,1.0,2,0,2,1,0,0.0,0.0,0.0
0.5,all,train,Chopin/Etudes_op_25/12/xml_score.musicxml,Chopin/Etudes_op_25/12/BorickC04M.mid,2.0,2,1,1,0,0,0.5,1.0,0.666667
0.5,all,train,Chopin/Etudes_op_25/12/xml_score.musicxml,Chopin/Etudes_op_25/12/Golubeva02.mid,0.0,2,0,2,1,0,0.0,0.0,0.0
0.5,all,train,Chopin/Etudes_op_25/12/xml_score.musicxml,Chopin/Etudes_op_25/12/Golubeva02.mid,1.0,2,0,2,1,0,0.0,0.0,0.0
0.5,all,train,Chopin/Etudes_op_25/12/xml_score.musicxml,Chopin/Etudes_op_25/12/Golubeva02.mid,2.0,2,1,1,0,0,0.5,1.0,0.666667
0.5,all,train,Chopin/Etudes_op_25/12/xml_score.musicxml,Chopin/Etudes_op_25/12/HouKimberly03M.mid,0.0,4,0,4,1,0,0.0,0.0,0.0
0.5,all,train,Chopin/Etudes_op_25/12/xml_score.musicxml,Chopin/Etudes_op_25/12/HouKimberly03M.mid,1.0,4,0,4,1,0,0.0,0.0,0.0
0.5,all,train,Chopin/Etudes_op_25/12/xml_score.musicxml,Chopin/Etudes_op_25/12/HouKimberly03M.mid,2.0,4,1,3,0,0,0.25,1.0,0.4
0.5,all,train,Chopin/Etudes_op_25/12/xml_score.musicxml,Chopin/Etudes_op_25/12/KWON03.mid,0.0,2,1,1,0,0,0.5,1.0,0.666667
0.5,all,train,Chopin/Etudes_op_25/12/xml_score.musicxml,Chopin/Etudes_op_25/12/KWON03.mid,1.0,2,1,1,0,0,0.5,1.0,0.666667
0.5,all,train,Chopin/Etudes_op_25/12/xml_score.musicxml,Chopin/Etudes_op_25/12/KWON03.mid,2.0,2,1,1,0,0,0.5,1.0,0.666667
0.5,all,train,Chopin/Etudes_op_25/12/xml_score.musicxml,Chopin/Etudes_op_25/12/Kunz03.mid,0.0,2,0,2,1,0,0.0,0.0,0.0
0.5,all,train,Chopin/Etudes_op_25/12/xml_score.musicxml,Chopin/Etudes_op_25/12/Kunz03.mid,1.0,2,0,2,1,0,0.0,0.0,0.0
0.5,all,train,Chopin/Etudes_op_25/12/xml_score.musicxml,Chopin/Etudes_op_25/12/Kunz03.mid,2.0,2,1,1,0,0,0.5,1.0,0.666667
0.5,all,train,Chopin/Etudes_op_25/12/xml_score.musicxml,Chopin/Etudes_op_25/12/LuA04M.mid,0.0,2,0,2,1,0,0.0,0.0,0.0
0.5,all,train,Chopin/Etudes_op_25/12/xml_score.musicxml,Chopin/Etudes_op_25/12/LuA04M.mid,1.0,2,0,2,1,0,0.0,0.0,0.0
0.5,all,train,Chopin/Etudes_op_25/12/xml_score.musicxml,Chopin/Etudes_op_25/12/LuA04M.mid,2.0,2,1,1,0,0,0.5,1.0,0.666667
0.5,all,train,Chopin/Etudes_op_25/12/xml_score.musicxml,Chopin/Etudes_op_25/12/Meek01.mid,0.0,2,0,2,1,0,0.0,0.0,0.0
0.5,all,train,Chopin/Etudes_op_25/12/xml_score.musicxml,Chopin/Etudes_op_25/12/Meek01.mid,1.0,2,0,2,1,0,0.0,0.0,0.0
0.5,all,train,Chopin/Etudes_op_25/12/xml_score.musicxml,Chopin/Etudes_op_25/12/Meek01.mid,2.0,2,1,1,0,0,0.5,1.0,0.666667
0.5,all,train,Chopin/Etudes_op_25/12/xml_score.musicxml,Chopin/Etudes_op_25/12/Yang03.mid,0.0,2,0,2,1,0,0.0,0.0,0.0
0.5,all,train,Chopin/Etudes_op_25/12/xml_score.musicxml,Chopin/Etudes_op_25/12/Yang03.mid,1.0,2,0,2,1,0,0.0,0.0,0.0
0.5,all,train,Chopin/Etudes_op_25/12/xml_score.musicxml,Chopin/Etudes_op_25/12/Yang03.mid,2.0,2,1,1,0,0,0.5,1.0,0.666667
0.5,all,val,Chopin/Etudes_op_25/8/xml_score.musicxml,Chopin/Etudes_op_25/8/DeTurck02.mid,0.0,18,1,17,95,0,0.055556,0.010417,0.017544
0.5,all,val,Chopin/Etudes_op_25/8/xml_score.musicxml,Chopin/Etudes_op_25/8/DeTurck02.mid,1.0,18,6,12,90,0,0.333333,0.0625,0.105263
0.5,all,val,Chopin/Etudes_op_25/8/xml_score.musicxml,Chopin/Etudes_op_25/8/DeTurck02.mid,2.0,18,6,12,90,0,0.333333,0.0625,0.105263
0.5,all,val,Chopin/Etudes_op_25/8/xml_score.musicxml,Chopin/Etudes_op_25/8/MORET03.mid,0.0,14,0,14,96,0,0.0,0.0,0.0
0.5,all,val,Chopin/Etudes_op_25/8/xml_score.musicxml,Chopin/Etudes_op_25/8/MORET03.mid,1.0,14,10,4,86,0,0.714286,0.104167,0.181818
0.5,all,val,Chopin/Etudes_op_25/8/xml_score.musicxml,Chopin/Etudes_op_25/8/MORET03.mid,2.0,14,11,3,85,0,0.785714,0.114583,0.2
0.5,all,val,Chopin/Etudes_op_25/8/xml_score.musicxml,Chopin/Etudes_op_25/8/SOLOM03.mid,0.0,4,1,3,95,0,0.25,0.010417,0.02
0.5,all,val,Chopin/Etudes_op_25/8/xml_score.musicxml,Chopin/Etudes_op_25/8/SOLOM03.mid,1.0,4,1,3,95,0,0.25,0.010417,0.02
0.5,all,val,Chopin/Etudes_op_25/8/xml_score.musicxml,Chopin/Etudes_op_25/8/SOLOM03.mid,2.0,4,1,3,95,0,0.25,0.010417,0.02
0.5,all,val,Chopin/Etudes_op_25/8/xml_score.musicxml,Chopin/Etudes_op_25/8/Toscano02.mid,0.0,8,2,6,94,0,0.25,0.020833,0.038462
0.5,all,val,Chopin/Etudes_op_25/8/xml_score.musicxml,Chopin/Etudes_op_25/8/Toscano02.mid,1.0,8,4,4,92,0,0.5,0.041667,0.076923
0.5,all,val,Chopin/Etudes_op_25/8/xml_score.musicxml,Chopin/Etudes_op_25/8/Toscano02.mid,2.0,8,5,3,91,0,0.625,0.052083,0.096154
0.5,all,train,Chopin/Scherzos/20/xml_score.musicxml,Chopin/Scherzos/20/Kurz04M.mid,0.0,361,22,339,398,0,0.060942,0.052381,0.056338
0.5,all,train,Chopin/Scherzos/20/xml_score.musicxml,Chopin/Scherzos/20/Kurz04M.mid,1.0,361,132,229,288,0,0.365651,0.314286,0.338028
0.5,all,train,Chopin/Scherzos/20/xml_score.musicxml,Chopin/Scherzos/20/Kurz04M.mid,2.0,361,136,225,284,0,0.376731,0.32381,0.348271
0.5,all,train,Chopin/Scherzos/20/xml_score.musicxml,Chopin/Scherzos/20/Wong03.mid,0.0,372,23,349,397,0,0.061828,0.054762,0.058081
0.5,all,train,Chopin/Scherzos/20/xml_score.musicxml,Chopin/Scherzos/20/Wong03.mid,1.0,372,75,297,345,2,0.201613,0.178571,0.189394
0.5,all,train,Chopin/Scherzos/20/xml_score.musicxml,Chopin/Scherzos/20/Wong03.mid,2.0,372,83,289,337,3,0.223118,0.197619,0.209596
0.5,all,train,Chopin/Scherzos/20/xml_score.musicxml,Chopin/Scherzos/20/Wong04M.mid,0.0,381,6,375,414,0,0.015748,0.014286,0.014981
0.5,all,train,Chopin/Scherzos/20/xml_score.musicxml,Chopin/Scherzos/20/Wong04M.mid,1.0,381,53,328,367,2,0.139108,0.12619,0.132335
0.5,all,train,Chopin/Scherzos/20/xml_score.musicxml,Chopin/Scherzos/20/Wong04M.mid,2.0,381,73,308,347,0,0.191601,0.17381,0.182272
0.5,all,train,Chopin/Scherzos/20/xml_score.musicxml,Chopin/Scherzos/20/ZhangYunling04M.mid,0.0,424,17,407,403,0,0.040094,0.040476,0.040284
0.5,all,train,Chopin/Scherzos/20/xml_score.musicxml,Chopin/Scherzos/20/ZhangYunling04M.mid,1.0,424,67,357,353,3,0.158019,0.159524,0.158768
0.5,all,train,Chopin/Scherzos/20/xml_score.musicxml,Chopin/Scherzos/20/ZhangYunling04M.mid,2.0,424,76,348,344,1,0.179245,0.180952,0.180095
0.5,all,test,Chopin/Scherzos/31/xml_score.musicxml,Chopin/Scherzos/31/ChenW04M.mid,0.0,428,15,413,464,0,0.035047,0.031315,0.033076
0.5,all,test,Chopin/Scherzos/31/xml_score.musicxml,Chopin/Scherzos/31/ChenW04M.mid,1.0,428,125,303,354,8,0.292056,0.26096,0.275634
0.5,all,test,Chopin/Scherzos/31/xml_score.musicxml,Chopin/Scherzos/31/ChenW04M.mid,2.0,428,162,266,317,6,0.378505,0.338205,0.357222
0.5,all,test,Chopin/Scherzos/31/xml_score.musicxml,Chopin/Scherzos/31/Dossin06.mid,0.0,353,3,350,476,0,0.008499,0.006263,0.007212
0.5,all,test,Chopin/Scherzos/31/xml_score.musicxml,Chopin/Scherzos/31/Dossin06.mid,1.0,353,80,273,399,14,0.226629,0.167015,0.192308
0.5,all,test,Chopin/Scherzos/31/xml_score.musicxml,Chopin/Scherzos/31/Dossin06.mid,2.0,353,118,235,361,1,0.334278,0.246347,0.283654
0.5,all,test,Chopin/Scherzos/31/xml_score.musicxml,Chopin/Scherzos/31/HuNY08M.mid,0.0,535,30,505,449,0,0.056075,0.06263,0.059172
0.5,all,test,Chopin/Scherzos/31/xml_score.musicxml,Chopin/Scherzos/31/HuNY08M.mid,1.0,535,192,343,287,12,0.358879,0.400835,0.378698
0.5,all,test,Chopin/Scherzos/31/xml_score.musicxml,Chopin/Scherzos/31/HuNY08M.mid,2.0,535,244,291,235,4,0.456075,0.509395,0.481262
0.5,all,test,Chopin/Scherzos/31/xml_score.musicxml,Chopin/Scherzos/31/Jussow04.mid,0.0,564,34,530,445,0,0.060284,0.070981,0.065197
0.5,all,test,Chopin/Scherzos/31/xml_score.musicxml,Chopin/Scherzos/31/Jussow04.mid,1.0,564,219,345,260,10,0.388298,0.457203,0.419942
0.5,all,test,Chopin/Scherzos/31/xml_score.musicxml,Chopin/Scherzos/31/Jussow04.mid,2.0,564,249,315,230,6,0.441489,0.519833,0.477469
0.5,all,test,Chopin/Scherzos/31/xml_score.musicxml,Chopin/Scherzos/31/Jussow11M.mid,0.0,553,50,503,429,0,0.090416,0.104384,0.096899
0.5,all,test,Chopin/Scherzos/31/xml_score.musicxml,Chopin/Scherzos/31/Jussow11M.mid,1.0,553,219,334,260,5,0.396022,0.457203,0.424419
0.5,all,test,Chopin/Scherzos/31/xml_score.musicxml,Chopin/Scherzos/31/Jussow11M.mid,2.0,553,249,304,230,1,0.450271,0.519833,0.482558
0.5,all,test,Chopin/Scherzos/31/xml_score.musicxml,Chopin/Scherzos/31/LeeN04M.mid,0.0,418,12,406,467,0,0.028708,0.025052,0.026756
0.5,all,test,Chopin/Scherzos/31/xml_score.musicxml,Chopin/Scherzos/31/LeeN04M.mid,1.0,418,108,310,371,9,0.258373,0.22547,0.240803
0.5,all,test,Chopin/Scherzos/31/xml_score.musicxml,Chopin/Scherzos/31/LeeN04M.mid,2.0,418,149,269,330,4,0.356459,0.311065,0.332219
0.5,all,test,Chopin/Scherzos/31/xml_score.musicxml,Chopin/Scherzos/31/LinTami06M.mid,0.0,318,6,312,473,0,0.018868,0.012526,0.015056
0.5,all,test,Chopin/Scherzos/31/xml_score.musicxml,Chopin/Scherzos/31/LinTami06M.mid,1.0,318,93,225,386,7,0.292453,0.194154,0.233375
0.5,all,test,Chopin/Scherzos/31/xml_score.musicxml,Chopin/Scherzos/31/LinTami06M.mid,2.0,318,114,204,365,5,0.358491,0.237996,0.286073
0.5,all,test,Chopin/Scherzos/31/xml_score.musicxml,Chopin/Scherzos/31/LuoJ12M.mid,0.0,422,15,407,464,0,0.035545,0.031315,0.033296
0.5,all,test,Chopin/Scherzos/31/xml_score.musicxml,Chopin/Scherzos/31/LuoJ12M.mid,1.0,422,136,286,343,5,0.322275,0.283925,0.301887
0.5,all,test,Chopin/Scherzos/31/xml_score.musicxml,Chopin/Scherzos/31/LuoJ12M.mid,2.0,422,156,266,323,1,0.369668,0.325678,0.346282
0.5,all,test,Chopin/Scherzos/31/xml_score.musicxml,Chopin/Scherzos/31/SunD04M.mid,0.0,413,14,399,465,0,0.033898,0.029228,0.03139
0.5,all,test,Chopin/Scherzos/31/xml_score.musicxml,Chopin/Scherzos/31/SunD04M.mid,1.0,413,117,296,362,10,0.283293,0.244259,0.262332
0.5,all,test,Chopin/Scherzos/31/xml_score.musicxml,Chopin/Scherzos/31/SunD04M.mid,2.0,413,151,262,328,5,0.365617,0.31524,0.338565
0.5,all,test,Chopin/Scherzos/31/xml_score.musicxml,Chopin/Scherzos/31/TongB04M.mid,0.0,352,11,341,468,0,0.03125,0.022965,0.026474
0.5,all,test,Chopin/Scherzos/31/xml_score.musicxml,Chopin/Scherzos/31/TongB04M.mid,1.0,352,96,256,383,12,0.272727,0.200418,0.231047
0.5,all,test,Chopin/Scherzos/31/xml_score.musicxml,Chopin/Scherzos/31/TongB04M.mid,2.0,352,129,223,350,4,0.366477,0.269311,0.310469
0.5,all,test,Chopin/Scherzos/31/xml_score.musicxml,Chopin/Scherzos/31/TuanS05M.mid,0.0,432,12,420,467,0,0.027778,0.025052,0.026345
0.5,all,test,Chopin/Scherzos/31/xml_score.musicxml,Chopin/Scherzos/31/TuanS05M.mid,1.0,432,122,310,357,19,0.282407,0.254697,0.267838
0.5,all,test,Chopin/Scherzos/31/xml_score.musicxml,Chopin/Scherzos/31/TuanS05M.mid,2.0,432,170,262,309,1,0.393519,0.354906,0.373216
0.5,all,test,Chopin/Scherzos/31/xml_score.musicxml,Chopin/Scherzos/31/ZhangW04M.mid,0.0,875,16,859,463,0,0.018286,0.033403,0.023634
0.5,all,test,Chopin/Scherzos/31/xml_score.musicxml,Chopin/Scherzos/31/ZhangW04M.mid,1.0,875,287,588,192,25,0.328,0.599165,0.423929
0.5,all,test,Chopin/Scherzos/31/xml_score.musicxml,Chopin/Scherzos/31/ZhangW04M.mid,2.0,875,347,528,132,13,0.396571,0.724426,0.512555
0.5,all,train,Chopin/Scherzos/39/xml_score.musicxml,Chopin/Scherzos/39/Arciglione13M.mid,0.0,408,8,400,210,0,0.019608,0.036697,0.025559
0.5,all,train,Chopin/Scherzos/39/xml_score.musicxml,Chopin/Scherzos/39/Arciglione13M.mid,1.0,408,51,357,167,1,0.125,0.233945,0.162939
0.5,all,train,Chopin/Scherzos/39/xml_score.musicxml,Chopin/Scherzos/39/Arciglione13M.mid,2.0,408,62,346,156,0,0.151961,0.284404,0.198083
0.5,all,train,Chopin/Scherzos/39/xml_score.musicxml,Chopin/Scherzos/39/Bult-ItoS05M.mid,0.0,457,13,444,205,0,0.028446,0.059633,0.038519
0.5,all,train,Chopin/Scherzos/39/xml_score.musicxml,Chopin/Scherzos/39/Bult-ItoS05M.mid,1.0,457,61,396,157,2,0.133479,0.279817,0.180741
0.5,all,train,Chopin/Scherzos/39/xml_score.musicxml,Chopin/Scherzos/39/Bult-ItoS05M.mid,2.0,457,78,379,140,4,0.170678,0.357798,0.231111
0.5,all,train,Chopin/Sonata_2/1st_no_repeat/xml_score.musicxml,Chopin/Sonata_2/1st_no_repeat/Giltburg02.mid,0.0,38,0,38,1,0,0.0,0.0,0.0
0.5,all,train,Chopin/Sonata_2/1st_no_repeat/xml_score.musicxml,Chopin/Sonata_2/1st_no_repeat/Giltburg02.mid,1.0,38,0,38,1,0,0.0,0.0,0.0
0.5,all,train,Chopin/Sonata_2/1st_no_repeat/xml_score.musicxml,Chopin/Sonata_2/1st_no_repeat/Giltburg02.mid,2.0,38,0,38,1,0,0.0,0.0,0.0
0.5,all,train,Chopin/Sonata_2/1st_no_repeat/xml_score.musicxml,Chopin/Sonata_2/1st_no_repeat/Jia03.mid,0.0,22,0,22,1,0,0.0,0.0,0.0
0.5,all,train,Chopin/Sonata_2/1st_no_repeat/xml_score.musicxml,Chopin/Sonata_2/1st_no_repeat/Jia03.mid,1.0,22,0,22,1,0,0.0,0.0,0.0
0.5,all,train,Chopin/Sonata_2/1st_no_repeat/xml_score.musicxml,Chopin/Sonata_2/1st_no_repeat/Jia03.mid,2.0,22,0,22,1,0,0.0,0.0,0.0
0.5,all,train,Chopin/Sonata_2/1st_no_repeat/xml_score.musicxml,Chopin/Sonata_2/1st_no_repeat/Knoll10.mid,0.0,42,0,42,1,0,0.0,0.0,0.0
0.5,all,train,Chopin/Sonata_2/1st_no_repeat/xml_score.musicxml,Chopin/Sonata_2/1st_no_repeat/Knoll10.mid,1.0,42,0,42,1,0,0.0,0.0,0.0
0.5,all,train,Chopin/Sonata_2/1st_no_repeat/xml_score.musicxml,Chopin/Sonata_2/1st_no_repeat/Knoll10.mid,2.0,42,0,42,1,0,0.0,0.0,0.0
0.5,all,train,Chopin/Sonata_2/1st_no_repeat/xml_score.musicxml,Chopin/Sonata_2/1st_no_repeat/MATSUM03.mid,0.0,34,0,34,1,0,0.0,0.0,0.0
0.5,all,train,Chopin/Sonata_2/1st_no_repeat/xml_score.musicxml,Chopin/Sonata_2/1st_no_repeat/MATSUM03.mid,1.0,34,0,34,1,0,0.0,0.0,0.0
0.5,all,train,Chopin/Sonata_2/1st_no_repeat/xml_score.musicxml,Chopin/Sonata_2/1st_no_repeat/MATSUM03.mid,2.0,34,0,34,1,0,0.0,0.0,0.0
0.5,all,test,Chopin/Sonata_2/2nd_no_repeat/xml_score.musicxml,Chopin/Sonata_2/2nd_no_repeat/Giltburg02.mid,0.0,158,0,158,1,0,0.0,0.0,0.0
0.5,all,test,Chopin/Sonata_2/2nd_no_repeat/xml_score.musicxml,Chopin/Sonata_2/2nd_no_repeat/Giltburg02.mid,1.0,158,0,158,1,0,0.0,0.0,0.0
0.5,all,test,Chopin/Sonata_2/2nd_no_repeat/xml_score.musicxml,Chopin/Sonata_2/2nd_no_repeat/Giltburg02.mid,2.0,158,0,158,1,0,0.0,0.0,0.0
0.5,all,test,Chopin/Sonata_2/2nd_no_repeat/xml_score.musicxml,Chopin/Sonata_2/2nd_no_repeat/Knoll10.mid,0.0,186,0,186,1,0,0.0,0.0,0.0
0.5,all,test,Chopin/Sonata_2/2nd_no_repeat/xml_score.musicxml,Chopin/Sonata_2/2nd_no_repeat/Knoll10.mid,1.0,186,0,186,1,0,0.0,0.0,0.0
0.5,all,test,Chopin/Sonata_2/2nd_no_repeat/xml_score.musicxml,Chopin/Sonata_2/2nd_no_repeat/Knoll10.mid,2.0,186,0,186,1,0,0.0,0.0,0.0
0.5,all,train,Chopin/Sonata_3/2nd/xml_score.musicxml,Chopin/Sonata_3/2nd/GarritsonL09.mid,0.0,194,0,194,42,0,0.0,0.0,0.0
0.5,all,train,Chopin/Sonata_3/2nd/xml_score.musicxml,Chopin/Sonata_3/2nd/GarritsonL09.mid,1.0,194,30,164,12,0,0.154639,0.714286,0.254237
0.5,all,train,Chopin/Sonata_3/2nd/xml_score.musicxml,Chopin/Sonata_3/2nd/GarritsonL09.mid,2.0,194,36,158,6,2,0.185567,0.857143,0.305085
0.5,all,train,Chopin/Sonata_3/2nd/xml_score.musicxml,Chopin/Sonata_3/2nd/HONG08.mid,0.0,198,0,198,42,0,0.0,0.0,0.0
0.5,all,train,Chopin/Sonata_3/2nd/xml_score.musicxml,Chopin/Sonata_3/2nd/HONG08.mid,1.0,198,16,182,26,0,0.080808,0.380952,0.133333
0.5,all,train,Chopin/Sonata_3/2nd/xml_score.musicxml,Chopin/Sonata_3/2nd/HONG08.mid,2.0,198,24,174,18,1,0.121212,0.571429,0.2
0.5,all,train,Chopin/Sonata_3/2nd/xml_score.musicxml,Chopin/Sonata_3/2nd/HuangSW04.mid,0.0,214,4,210,38,0,0.018692,0.095238,0.03125
0.5,all,train,Chopin/Sonata_3/2nd/xml_score.musicxml,Chopin/Sonata_3/2nd/HuangSW04.mid,1.0,214,23,191,19,2,0.107477,0.547619,0.179688
0.5,all,train,Chopin/Sonata_3/2nd/xml_score.musicxml,Chopin/Sonata_3/2nd/HuangSW04.mid,2.0,214,30,184,12,1,0.140187,0.714286,0.234375
0.5,all,train,Chopin/Sonata_3/2nd/xml_score.musicxml,Chopin/Sonata_3/2nd/Huangci06.mid,0.0,204,6,198,36,0,0.029412,0.142857,0.04878
0.5,all,train,Chopin/Sonata_3/2nd/xml_score.musicxml,Chopin/Sonata_3/2nd/Huangci06.mid,1.0,204,15,189,27,5,0.073529,0.357143,0.121951
0.5,all,train,Chopin/Sonata_3/2nd/xml_score.musicxml,Chopin/Sonata_3/2nd/Huangci06.mid,2.0,204,18,186,24,6,0.088235,0.428571,0.146341
0.5,all,train,Chopin/Sonata_3/2nd/xml_score.musicxml,Chopin/Sonata_3/2nd/KimSJ08.mid,0.0,122,0,122,42,0,0.0,0.0,0.0
0.5,all,train,Chopin/Sonata_3/2nd/xml_score.musicxml,Chopin/Sonata_3/2nd/KimSJ08.mid,1.0,122,2,120,40,1,0.016393,0.047619,0.02439
0.5,all,train,Chopin/Sonata_3/2nd/xml_score.musicxml,Chopin/Sonata_3/2nd/KimSJ08.mid,2.0,122,9,113,33,2,0.07377,0.214286,0.109756
0.5,all,train,Chopin/Sonata_3/2nd/xml_score.musicxml,Chopin/Sonata_3/2nd/KimSY21.mid,0.0,211,0,211,42,0,0.0,0.0,0.0
0.5,all,train,Chopin/Sonata_3/2nd/xml_score.musicxml,Chopin/Sonata_3/2nd/KimSY21.mid,1.0,211,29,182,13,0,0.137441,0.690476,0.229249
0.5,all,train,Chopin/Sonata_3/2nd/xml_score.musicxml,Chopin/Sonata_3/2nd/KimSY21.mid,2.0,211,38,173,4,0,0.180095,0.904762,0.300395
0.5,all,train,Chopin/Sonata_3/2nd/xml_score.musicxml,Chopin/Sonata_3/2nd/SCHU09.mid,0.0,130,0,130,42,0,0.0,0.0,0.0
0.5,all,train,Chopin/Sonata_3/2nd/xml_score.musicxml,Chopin/Sonata_3/2nd/SCHU09.mid,1.0,130,1,129,41,0,0.007692,0.02381,0.011628
0.5,all,train,Chopin/Sonata_3/2nd/xml_score.musicxml,Chopin/Sonata_3/2nd/SCHU09.mid,2.0,130,6,124,36,2,0.046154,0.142857,0.069767
0.5,all,train,Chopin/Sonata_3/2nd/xml_score.musicxml,Chopin/Sonata_3/2nd/Shybayeva07.mid,0.0,151,0,151,42,0,0.0,0.0,0.0
0.5,all,train,Chopin/Sonata_3/2nd/xml_score.musicxml,Chopin/Sonata_3/2nd/Shybayeva07.mid,1.0,151,19,132,23,0,0.125828,0.452381,0.196891
0.5,all,train,Chopin/Sonata_3/2nd/xml_score.musicxml,Chopin/Sonata_3/2nd/Shybayeva07.mid,2.0,151,28,123,14,3,0.18543,0.666667,0.290155
0.5,all,train,Chopin/Sonata_3/2nd/xml_score.musicxml,Chopin/Sonata_3/2nd/mikahailoff01.mid,0.0,220,0,220,42,0,0.0,0.0,0.0
0.5,all,train,Chopin/Sonata_3/2nd/xml_score.musicxml,Chopin/Sonata_3/2nd/mikahailoff01.mid,1.0,220,20,200,22,1,0.090909,0.47619,0.152672
0.5,all,train,Chopin/Sonata_3/2nd/xml_score.musicxml,Chopin/Sonata_3/2nd/mikahailoff01.mid,2.0,220,32,188,10,2,0.145455,0.761905,0.244275
0.5,all,train,Chopin/Sonata_3/3rd/xml_score.musicxml,Chopin/Sonata_3/3rd/GarritsonL10.mid,0.0,4,0,4,20,0,0.0,0.0,0.0
0.5,all,train,Chopin/Sonata_3/3rd/xml_score.musicxml,Chopin/Sonata_3/3rd/GarritsonL10.mid,1.0,4,0,4,20,0,0.0,0.0,0.0
0.5,all,train,Chopin/Sonata_3/3rd/xml_score.musicxml,Chopin/Sonata_3/3rd/GarritsonL10.mid,2.0,4,0,4,20,0,0.0,0.0,0.0
0.5,all,train,Chopin/Sonata_3/3rd/xml_score.musicxml,Chopin/Sonata_3/3rd/HONG08.mid,0.0,84,0,84,20,0,0.0,0.0,0.0
0.5,all,train,Chopin/Sonata_3/3rd/xml_score.musicxml,Chopin/Sonata_3/3rd/HONG08.mid,1.0,84,2,82,18,2,0.02381,0.1,0.038462
0.5,all,train,Chopin/Sonata_3/3rd/xml_score.musicxml,Chopin/Sonata_3/3rd/HONG08.mid,2.0,84,5,79,15,1,0.059524,0.25,0.096154
0.5,all,train,Chopin/Sonata_3/3rd/xml_score.musicxml,Chopin/Sonata_3/3rd/HuangSW05.mid,0.0,66,2,64,18,0,0.030303,0.1,0.046512
0.5,all,train,Chopin/Sonata_3/3rd/xml_score.musicxml,Chopin/Sonata_3/3rd/HuangSW05.mid,1.0,66,2,64,18,0,0.030303,0.1,0.046512
0.5,all,train,Chopin/Sonata_3/3rd/xml_score.musicxml,Chopin/Sonata_3/3rd/HuangSW05.mid,2.0,66,3,63,17,1,0.045455,0.15,0.069767
0.5,all,train,Chopin/Sonata_3/3rd/xml_score.musicxml,Chopin/Sonata_3/3rd/Huangci06.mid,0.0,46,1,45,19,0,0.021739,0.05,0.030303
0.5,all,train,Chopin/Sonata_3/3rd/xml_score.musicxml,Chopin/Sonata_3/3rd/Huangci06.mid,1.0,46,3,43,17,2,0.065217,0.15,0.090909
0.5,all,train,Chopin/Sonata_3/3rd/xml_score.musicxml,Chopin/Sonata_3/3rd/Huangci06.mid,2.0,46,5,41,15,0,0.108696,0.25,0.151515
0.5,all,train,Chopin/Sonata_3/3rd/xml_score.musicxml,Chopin/Sonata_3/3rd/KimSJ09.mid,0.0,48,0,48,20,0,0.0,0.0,0.0
0.5,all,train,Chopin/Sonata_3/3rd/xml_score.musicxml,Chopin/Sonata_3/3rd/KimSJ09.mid,1.0,48,4,44,16,1,0.083333,0.2,0.117647
0.5,all,train,Chopin/Sonata_3/3rd/xml_score.musicxml,Chopin/Sonata_3/3rd/KimSJ09.mid,2.0,48,7,41,13,0,0.145833,0.35,0.205882
0.5,all,train,Chopin/Sonata_3/3rd/xml_score.musicxml,Chopin/Sonata_3/3rd/KimSY22.mid,0.0,80,0,80,20,0,0.0,0.0,0.0
0.5,all,train,Chopin/Sonata_3/3rd/xml_score.musicxml,Chopin/Sonata_3/3rd/KimSY22.mid,1.0,80,4,76,16,0,0.05,0.2,0.08
0.5,all,train,Chopin/Sonata_3/3rd/xml_score.musicxml,Chopin/Sonata_3/3rd/KimSY22.mid,2.0,80,6,74,14,0,0.075,0.3,0.12
0.5,all,train,Chopin/Sonata_3/3rd/xml_score.musicxml,Chopin/Sonata_3/3rd/SCHU09.mid,0.0,40,0,40,20,0,0.0,0.0,0.0
0.5,all,train,Chopin/Sonata_3/3rd/xml_score.musicxml,Chopin/Sonata_3/3rd/SCHU09.mid,1.0,40,0,40,20,2,0.0,0.0,0.0
0.5,all,train,Chopin/Sonata_3/3rd/xml_score.musicxml,Chopin/Sonata_3/3rd/SCHU09.mid,2.0,40,2,38,18,1,0.05,0.1,0.066667
0.5,all,train,Chopin/Sonata_3/3rd/xml_score.musicxml,Chopin/Sonata_3/3rd/Shybayeva07.mid,0.0,20,0,20,20,0,0.0,0.0,0.0
0.5,all,train,Chopin/Sonata_3/3rd/xml_score.musicxml,Chopin/Sonata_3/3rd/Shybayeva07.mid,1.0,20,0,20,20,0,0.0,0.0,0.0
0.5,all,train,Chopin/Sonata_3/3rd/xml_score.musicxml,Chopin/Sonata_3/3rd/Shybayeva07.mid,2.0,20,0,20,20,0,0.0,0.0,0.0
0.5,all,train,Chopin/Sonata_3/3rd/xml_score.musicxml,Chopin/Sonata_3/3rd/mikahailoff01.mid,0.0,37,1,36,19,0,0.027027,0.05,0.035088
0.5,all,train,Chopin/Sonata_3/3rd/xml_score.musicxml,Chopin/Sonata_3/3rd/mikahailoff01.mid,1.0,37,1,36,19,3,0.027027,0.05,0.035088
0.5,all,train,Chopin/Sonata_3/3rd/xml_score.musicxml,Chopin/Sonata_3/3rd/mikahailoff01.mid,2.0,37,5,32,15,0,0.135135,0.25,0.175439
0.5,all,train,Chopin/Sonata_3/4th/xml_score.musicxml,Chopin/Sonata_3/4th/GarritsonL11M.mid,0.0,90,2,88,12,0,0.022222,0.142857,0.038462
0.5,all,train,Chopin/Sonata_3/4th/xml_score.musicxml,Chopin/Sonata_3/4th/GarritsonL11M.mid,1.0,90,3,87,11,5,0.033333,0.214286,0.057692
0.5,all,train,Chopin/Sonata_3/4th/xml_score.musicxml,Chopin/Sonata_3/4th/GarritsonL11M.mid,2.0,90,3,87,11,5,0.033333,0.214286,0.057692
0.5,all,train,Chopin/Sonata_3/4th/xml_score.musicxml,Chopin/Sonata_3/4th/HONG08.mid,0.0,72,0,72,14,0,0.0,0.0,0.0
0.5,all,train,Chopin/Sonata_3/4th/xml_score.musicxml,Chopin/Sonata_3/4th/HONG08.mid,1.0,72,0,72,14,1,0.0,0.0,0.0
0.5,all,train,Chopin/Sonata_3/4th/xml_score.musicxml,Chopin/Sonata_3/4th/HONG08.mid,2.0,72,4,68,10,1,0.055556,0.285714,0.093023
0.5,all,train,Chopin/Sonata_3/4th/xml_score.musicxml,Chopin/Sonata_3/4th/HuangSW06M.mid,0.0,74,1,73,13,0,0.013514,0.071429,0.022727
0.5,all,train,Chopin/Sonata_3/4th/xml_score.musicxml,Chopin/Sonata_3/4th/HuangSW06M.mid,1.0,74,2,72,12,2,0.027027,0.142857,0.045455
0.5,all,train,Chopin/Sonata_3/4th/xml_score.musicxml,Chopin/Sonata_3/4th/HuangSW06M.mid,2.0,74,2,72,12,3,0.027027,0.142857,0.045455
0.5,all,train,Chopin/Sonata_3/4th/xml_score.musicxml,Chopin/Sonata_3/4th/Huangci06.mid,0.0,98,1,97,13,0,0.010204,0.071429,0.017857
0.5,all,train,Chopin/Sonata_3/4th/xml_score.musicxml,Chopin/Sonata_3/4th/Huangci06.mid,1.0,98,3,95,11,3,0.030612,0.214286,0.053571
0.5,all,train,Chopin/Sonata_3/4th/xml_score.musicxml,Chopin/Sonata_3/4th/Huangci06.mid,2.0,98,4,94,10,3,0.040816,0.285714,0.071429
0.5,all,train,Chopin/Sonata_3/4th/xml_score.musicxml,Chopin/Sonata_3/4th/KimSJ10M.mid,0.0,56,1,55,13,0,0.017857,0.071429,0.028571
0.5,all,train,Chopin/Sonata_3/4th/xml_score.musicxml,Chopin/Sonata_3/4th/KimSJ10M.mid,1.0,56,2,54,12,0,0.035714,0.142857,0.057143
0.5,all,train,Chopin/Sonata_3/4th/xml_score.musicxml,Chopin/Sonata_3/4th/KimSJ10M.mid,2.0,56,3,53,11,1,0.053571,0.214286,0.085714
0.5,all,train,Chopin/Sonata_3/4th/xml_score.musicxml,Chopin/Sonata_3/4th/KimSY23M.mid,0.0,56,1,55,13,0,0.017857,0.071429,0.028571
0.5,all,train,Chopin/Sonata_3/4th/xml_score.musicxml,Chopin/Sonata_3/4th/KimSY23M.mid,1.0,56,3,53,11,2,0.053571,0.214286,0.085714
0.5,all,train,Chopin/Sonata_3/4th/xml_score.musicxml,Chopin/Sonata_3/4th/KimSY23M.mid,2.0,56,4,52,10,1,0.071429,0.285714,0.114286
0.5,all,train,Chopin/Sonata_3/4th/xml_score.musicxml,Chopin/Sonata_3/4th/SCHU09.mid,0.0,46,1,45,13,0,0.021739,0.071429,0.033333
0.5,all,train,Chopin/Sonata_3/4th/xml_score.musicxml,Chopin/Sonata_3/4th/SCHU09.mid,1.0,46,2,44,12,1,0.043478,0.142857,0.066667
0.5,all,train,Chopin/Sonata_3/4th/xml_score.musicxml,Chopin/Sonata_3/4th/SCHU09.mid,2.0,46,3,43,11,1,0.065217,0.214286,0.1
0.5,all,train,Chopin/Sonata_3/4th/xml_score.musicxml,Chopin/Sonata_3/4th/Shybayeva07.mid,0.0,12,1,11,13,0,0.083333,0.071429,0.076923
0.5,all,train,Chopin/Sonata_3/4th/xml_score.musicxml,Chopin/Sonata_3/4th/Shybayeva07.mid,1.0,12,1,11,13,0,0.083333,0.071429,0.076923
0.5,all,train,Chopin/Sonata_3/4th/xml_score.musicxml,Chopin/Sonata_3/4th/Shybayeva07.mid,2.0,12,1,11,13,1,0.083333,0.071429,0.076923
0.5,all,train,Chopin/Sonata_3/4th/xml_score.musicxml,Chopin/Sonata_3/4th/mikahailoff01.mid,0.0,86,1,85,13,0,0.011628,0.071429,0.02
0.5,all,train,Chopin/Sonata_3/4th/xml_score.musicxml,Chopin/Sonata_3/4th/mikahailoff01.mid,1.0,86,2,84,12,1,0.023256,0.142857,0.04
0.5,all,train,Chopin/Sonata_3/4th/xml_score.musicxml,Chopin/Sonata_3/4th/mikahailoff01.mid,2.0,86,2,84,12,1,0.023256,0.142857,0.04
0.5,all,val,Debussy/Images_Book_1/1_Reflets_dans_lEau/xml_score.musicxml,Debussy/Images_Book_1/1_Reflets_dans_lEau/Kleisen11M.mid,0.0,8,0,8,10,0,0.0,0.0,0.0
0.5,all,val,Debussy/Images_Book_1/1_Reflets_dans_lEau/xml_score.musicxml,Debussy/Images_Book_1/1_Reflets_dans_lEau/Kleisen11M.mid,1.0,8,0,8,10,0,0.0,0.0,0.0
0.5,all,val,Debussy/Images_Book_1/1_Reflets_dans_lEau/xml_score.musicxml,Debussy/Images_Book_1/1_Reflets_dans_lEau/Kleisen11M.mid,2.0,8,1,7,9,0,0.125,0.1,0.111111
0.5,all,val,Debussy/Images_Book_1/1_Reflets_dans_lEau/xml_score.musicxml,Debussy/Images_Book_1/1_Reflets_dans_lEau/ParkJH13M.mid,0.0,11,0,11,10,0,0.0,0.0,0.0
0.5,all,val,Debussy/Images_Book_1/1_Reflets_dans_lEau/xml_score.musicxml,Debussy/Images_Book_1/1_Reflets_dans_lEau/ParkJH13M.mid,1.0,11,0,11,10,0,0.0,0.0,0.0
0.5,all,val,Debussy/Images_Book_1/1_Reflets_dans_lEau/xml_score.musicxml,Debussy/Images_Book_1/1_Reflets_dans_lEau/ParkJH13M.mid,2.0,11,1,10,9,0,0.090909,0.1,0.095238
0.5,all,train,Liszt/Ballade_2/xml_score.musicxml,Liszt/Ballade_2/Broberg03.mid,0.0,174,0,174,34,0,0.0,0.0,0.0
0.5,all,train,Liszt/Ballade_2/xml_score.musicxml,Liszt/Ballade_2/Broberg03.mid,1.0,174,2,172,32,0,0.011494,0.058824,0.019231
0.5,all,train,Liszt/Ballade_2/xml_score.musicxml,Liszt/Ballade_2/Broberg03.mid,2.0,174,4,170,30,0,0.022989,0.117647,0.038462
0.5,all,train,Liszt/Ballade_2/xml_score.musicxml,Liszt/Ballade_2/GarritsonL04M.mid,0.0,70,0,70,34,0,0.0,0.0,0.0
0.5,all,train,Liszt/Ballade_2/xml_score.musicxml,Liszt/Ballade_2/GarritsonL04M.mid,1.0,70,1,69,33,0,0.014286,0.029412,0.019231
0.5,all,train,Liszt/Ballade_2/xml_score.musicxml,Liszt/Ballade_2/GarritsonL04M.mid,2.0,70,2,68,32,0,0.028571,0.058824,0.038462
0.5,all,train,Liszt/Ballade_2/xml_score.musicxml,Liszt/Ballade_2/Jin07M.mid,0.0,86,3,83,31,0,0.034884,0.088235,0.05
0.5,all,train,Liszt/Ballade_2/xml_score.musicxml,Liszt/Ballade_2/Jin07M.mid,1.0,86,4,82,30,0,0.046512,0.117647,0.066667
0.5,all,train,Liszt/Ballade_2/xml_score.musicxml,Liszt/Ballade_2/Jin07M.mid,2.0,86,4,82,30,0,0.046512,0.117647,0.066667
0.5,all,train,Liszt/Ballade_2/xml_score.musicxml,Liszt/Ballade_2/KIM_J04.mid,0.0,52,0,52,34,0,0.0,0.0,0.0
0.5,all,train,Liszt/Ballade_2/xml_score.musicxml,Liszt/Ballade_2/KIM_J04.mid,1.0,52,2,50,32,0,0.038462,0.058824,0.046512
0.5,all,train,Liszt/Ballade_2/xml_score.musicxml,Liszt/Ballade_2/KIM_J04.mid,2.0,52,4,48,30,0,0.076923,0.117647,0.093023
0.5,all,train,Liszt/Ballade_2/xml_score.musicxml,Liszt/Ballade_2/Min06M.mid,0.0,90,1,89,33,0,0.011111,0.029412,0.016129
0.5,all,train,Liszt/Ballade_2/xml_score.musicxml,Liszt/Ballade_2/Min06M.mid,1.0,90,4,86,30,0,0.044444,0.117647,0.064516
0.5,all,train,Liszt/Ballade_2/xml_score.musicxml,Liszt/Ballade_2/Min06M.mid,2.0,90,4,86,30,0,0.044444,0.117647,0.064516
0.5,all,train,Liszt/Ballade_2/xml_score.musicxml,Liszt/Ballade_2/Sham05.mid,0.0,206,1,205,33,0,0.004854,0.029412,0.008333
0.5,all,train,Liszt/Ballade_2/xml_score.musicxml,Liszt/Ballade_2/Sham05.mid,1.0,206,4,202,30,0,0.019417,0.117647,0.033333
0.5,all,train,Liszt/Ballade_2/xml_score.musicxml,Liszt/Ballade_2/Sham05.mid,2.0,206,5,201,29,0,0.024272,0.147059,0.041667
0.5,all,train,Liszt/Gran_Etudes_de_Paganini/2_La_campanella/xml_score.musicxml,Liszt/Gran_Etudes_de_Paganini/2_La_campanella/Albright04.mid,0.0,58,2,56,12,0,0.034483,0.142857,0.055556
0.5,all,train,Liszt/Gran_Etudes_de_Paganini/2_La_campanella/xml_score.musicxml,Liszt/Gran_Etudes_de_Paganini/2_La_campanella/Albright04.mid,1.0,58,6,52,8,0,0.103448,0.428571,0.166667
0.5,all,train,Liszt/Gran_Etudes_de_Paganini/2_La_campanella/xml_score.musicxml,Liszt/Gran_Etudes_de_Paganini/2_La_campanella/Albright04.mid,2.0,58,10,48,4,0,0.172414,0.714286,0.277778
0.5,all,train,Liszt/Gran_Etudes_de_Paganini/2_La_campanella/xml_score.musicxml,Liszt/Gran_Etudes_de_Paganini/2_La_campanella/Ali03.mid,0.0,78,2,76,12,0,0.025641,0.142857,0.043478
0.5,all,train,Liszt/Gran_Etudes_de_Paganini/2_La_campanella/xml_score.musicxml,Liszt/Gran_Etudes_de_Paganini/2_La_campanella/Ali03.mid,1.0,78,4,74,10,0,0.051282,0.285714,0.086957
0.5,all,train,Liszt/Gran_Etudes_de_Paganini/2_La_campanella/xml_score.musicxml,Liszt/Gran_Etudes_de_Paganini/2_La_campanella/Ali03.mid,2.0,78,7,71,7,0,0.089744,0.5,0.152174
0.5,all,train,Liszt/Gran_Etudes_de_Paganini/2_La_campanella/xml_score.musicxml,Liszt/Gran_Etudes_de_Paganini/2_La_campanella/Bogdanovitch02.mid,0.0,70,4,66,10,0,0.057143,0.285714,0.095238
0.5,all,train,Liszt/Gran_Etudes_de_Paganini/2_La_campanella/xml_score.musicxml,Liszt/Gran_Etudes_de_Paganini/2_La_campanella/Bogdanovitch02.mid,1.0,70,8,62,6,0,0.114286,0.571429,0.190476
0.5,all,train,Liszt/Gran_Etudes_de_Paganini/2_La_campanella/xml_score.musicxml,Liszt/Gran_Etudes_de_Paganini/2_La_campanella/Bogdanovitch02.mid,2.0,70,9,61,5,0,0.128571,0.642857,0.214286
0.5,all,train,Liszt/Gran_Etudes_de_Paganini/2_La_campanella/xml_score.musicxml,Liszt/Gran_Etudes_de_Paganini/2_La_campanella/BuiJL03M.mid,0.0,66,2,64,12,0,0.030303,0.142857,0.05
0.5,all,train,Liszt/Gran_Etudes_de_Paganini/2_La_campanella/xml_score.musicxml,Liszt/Gran_Etudes_de_Paganini/2_La_campanella/BuiJL03M.mid,1.0,66,6,60,8,0,0.090909,0.428571,0.15
0.5,all,train,Liszt/Gran_Etudes_de_Paganini/2_La_campanella/xml_score.musicxml,Liszt/Gran_Etudes_de_Paganini/2_La_campanella/BuiJL03M.mid,2.0,66,10,56,4,0,0.151515,0.714286,0.25
0.5,all,train,Liszt/Gran_Etudes_de_Paganini/2_La_campanella/xml_score.musicxml,Liszt/Gran_Etudes_de_Paganini/2_La_campanella/FALIKS02_2004.mid,0.0,68,2,66,12,0,0.029412,0.142857,0.04878
0.5,all,train,Liszt/Gran_Etudes_de_Paganini/2_La_campanella/xml_score.musicxml,Liszt/Gran_Etudes_de_Paganini/2_La_campanella/FALIKS02_2004.mid,1.0,68,8,60,6,0,0.117647,0.571429,0.195122
0.5,all,train,Liszt/Gran_Etudes_de_Paganini/2_La_campanella/xml_score.musicxml,Liszt/Gran_Etudes_de_Paganini/2_La_campanella/FALIKS02_2004.mid,2.0,68,9,59,5,0,0.132353,0.642857,0.219512
0.5,all,train,Liszt/Gran_Etudes_de_Paganini/2_La_campanella/xml_score.musicxml,Liszt/Gran_Etudes_de_Paganini/2_La_campanella/Faliks02.mid,0.0,60,2,58,12,0,0.033333,0.142857,0.054054
0.5,all,train,Liszt/Gran_Etudes_de_Paganini/2_La_campanella/xml_score.musicxml,Liszt/Gran_Etudes_de_Paganini/2_La_campanella/Faliks02.mid,1.0,60,9,51,5,0,0.15,0.642857,0.243243
0.5,all,train,Liszt/Gran_Etudes_de_Paganini/2_La_campanella/xml_score.musicxml,Liszt/Gran_Etudes_de_Paganini/2_La_campanella/Faliks02.mid,2.0,60,9,51,5,0,0.15,0.642857,0.243243
0.5,all,train,Liszt/Gran_Etudes_de_Paganini/2_La_campanella/xml_score.musicxml,Liszt/Gran_Etudes_de_Paganini/2_La_campanella/Faliks03.mid,0.0,62,1,61,13,0,0.016129,0.071429,0.026316
0.5,all,train,Liszt/Gran_Etudes_de_Paganini/2_La_campanella/xml_score.musicxml,Liszt/Gran_Etudes_de_Paganini/2_La_campanella/Faliks03.mid,1.0,62,10,52,4,0,0.16129,0.714286,0.263158
0.5,all,train,Liszt/Gran_Etudes_de_Paganini/2_La_campanella/xml_score.musicxml,Liszt/Gran_Etudes_de_Paganini/2_La_campanella/Faliks03.mid,2.0,62,10,52,4,0,0.16129,0.714286,0.263158
0.5,all,train,Liszt/Gran_Etudes_de_Paganini/2_La_campanella/xml_score.musicxml,Liszt/Gran_Etudes_de_Paganini/2_La_campanella/Gasanov02.mid,0.0,84,3,81,11,0,0.035714,0.214286,0.061224
0.5,all,train,Liszt/Gran_Etudes_de_Paganini/2_La_campanella/xml_score.musicxml,Liszt/Gran_Etudes_de_Paganini/2_La_campanella/Gasanov02.mid,1.0,84,6,78,8,0,0.071429,0.428571,0.122449
0.5,all,train,Liszt/Gran_Etudes_de_Paganini/2_La_campanella/xml_score.musicxml,Liszt/Gran_Etudes_de_Paganini/2_La_campanella/Gasanov02.mid,2.0,84,10,74,4,0,0.119048,0.714286,0.204082
0.5,all,train,Liszt/Gran_Etudes_de_Paganini/2_La_campanella/xml_score.musicxml,Liszt/Gran_Etudes_de_Paganini/2_La_campanella/HUAN_J03.mid,0.0,20,1,19,13,0,0.05,0.071429,0.058824
0.5,all,train,Liszt/Gran_Etudes_de_Paganini/2_La_campanella/xml_score.musicxml,Liszt/Gran_Etudes_de_Paganini/2_La_campanella/HUAN_J03.mid,1.0,20,2,18,12,0,0.1,0.142857,0.117647
0.5,all,train,Liszt/Gran_Etudes_de_Paganini/2_La_campanella/xml_score.musicxml,Liszt/Gran_Etudes_de_Paganini/2_La_campanella/HUAN_J03.mid,2.0,20,2,18,12,0,0.1,0.142857,0.117647
0.5,all,train,Liszt/Gran_Etudes_de_Paganini/2_La_campanella/xml_score.musicxml,Liszt/Gran_Etudes_de_Paganini/2_La_campanella/Hao03.mid,0.0,78,1,77,13,0,0.012821,0.071429,0.021739
0.5,all,train,Liszt/Gran_Etudes_de_Paganini/2_La_campanella/xml_score.musicxml,Liszt/Gran_Etudes_de_Paganini/2_La_campanella/Hao03.mid,1.0,78,9,69,5,0,0.115385,0.642857,0.195652
0.5,all,train,Liszt/Gran_Etudes_de_Paganini/2_La_campanella/xml_score.musicxml,Liszt/Gran_Etudes_de_Paganini/2_La_campanella/Hao03.mid,2.0,78,10,68,4,0,0.128205,0.714286,0.217391
0.5,all,train,Liszt/Gran_Etudes_de_Paganini/2_La_campanella/xml_score.musicxml,Liszt/Gran_Etudes_de_Paganini/2_La_campanella/KanM06.mid,0.0,70,1,69,13,0,0.014286,0.071429,0.02381
0.5,all,train,Liszt/Gran_Etudes_de_Paganini/2_La_campanella/xml_score.musicxml,Liszt/Gran_Etudes_de_Paganini/2_La_campanella/KanM06.mid,1.0,70,4,66,10,0,0.057143,0.285714,0.095238
0.5,all,train,Liszt/Gran_Etudes_de_Paganini/2_La_campanella/xml_score.musicxml,Liszt/Gran_Etudes_de_Paganini/2_La_campanella/KanM06.mid,2.0,70,4,66,10,0,0.057143,0.285714,0.095238
0.5,all,train,Liszt/Gran_Etudes_de_Paganini/2_La_campanella/xml_score.musicxml,Liszt/Gran_Etudes_de_Paganini/2_La_campanella/Kolessova07.mid,0.0,68,2,66,12,0,0.029412,0.142857,0.04878
0.5,all,train,Liszt/Gran_Etudes_de_Paganini/2_La_campanella/xml_score.musicxml,Liszt/Gran_Etudes_de_Paganini/2_La_campanella/Kolessova07.mid,1.0,68,10,58,4,0,0.147059,0.714286,0.243902
0.5,all,train,Liszt/Gran_Etudes_de_Paganini/2_La_campanella/xml_score.musicxml,Liszt/Gran_Etudes_de_Paganini/2_La_campanella/Kolessova07.mid,2.0,68,10,58,4,0,0.147059,0.714286,0.243902
0.5,all,train,Liszt/Gran_Etudes_de_Paganini/2_La_campanella/xml_score.musicxml,Liszt/Gran_Etudes_de_Paganini/2_La_campanella/LeungR04M.mid,0.0,60,6,54,8,0,0.1,0.428571,0.162162
0.5,all,train,Liszt/Gran_Etudes_de_Paganini/2_La_campanella/xml_score.musicxml,Liszt/Gran_Etudes_de_Paganini/2_La_campanella/LeungR04M.mid,1.0,60,10,50,4,0,0.166667,0.714286,0.27027
0.5,all,train,Liszt/Gran_Etudes_de_Paganini/2_La_campanella/xml_score.musicxml,Liszt/Gran_Etudes_de_Paganini/2_La_campanella/LeungR04M.mid,2.0,60,10,50,4,0,0.166667,0.714286,0.27027
0.5,all,train,Liszt/Gran_Etudes_de_Paganini/2_La_campanella/xml_score.musicxml,Liszt/Gran_Etudes_de_Paganini/2_La_campanella/Levitsky02.mid,0.0,46,1,45,13,0,0.021739,0.071429,0.033333
0.5,all,train,Liszt/Gran_Etudes_de_Paganini/2_La_campanella/xml_score.musicxml,Liszt/Gran_Etudes_de_Paganini/2_La_campanella/Levitsky02.mid,1.0,46,3,43,11,1,0.065217,0.214286,0.1
0.5,all,train,Liszt/Gran_Etudes_de_Paganini/2_La_campanella/xml_score.musicxml,Liszt/Gran_Etudes_de_Paganini/2_La_campanella/Levitsky02.mid,2.0,46,4,42,10,0,0.086957,0.285714,0.133333
0.5,all,train,Liszt/Gran_Etudes_de_Paganini/2_La_campanella/xml_score.musicxml,Liszt/Gran_Etudes_de_Paganini/2_La_campanella/Levitsky06M.mid,0.0,36,2,34,12,0,0.055556,0.142857,0.08
0.5,all,train,Liszt/Gran_Etudes_de_Paganini/2_La_campanella/xml_score.musicxml,Liszt/Gran_Etudes_de_Paganini/2_La_campanella/Levitsky06M.mid,1.0,36,3,33,11,1,0.083333,0.214286,0.12
0.5,all,train,Liszt/Gran_Etudes_de_Paganini/2_La_campanella/xml_score.musicxml,Liszt/Gran_Etudes_de_Paganini/2_La_campanella/Levitsky06M.mid,2.0,36,4,32,10,0,0.111111,0.285714,0.16
0.5,all,train,Liszt/Gran_Etudes_de_Paganini/2_La_campanella/xml_score.musicxml,Liszt/Gran_Etudes_de_Paganini/2_La_campanella/Lin02.mid,0.0,50,3,47,11,0,0.06,0.214286,0.09375
0.5,all,train,Liszt/Gran_Etudes_de_Paganini/2_La_campanella/xml_score.musicxml,Liszt/Gran_Etudes_de_Paganini/2_La_campanella/Lin02.mid,1.0,50,8,42,6,0,0.16,0.571429,0.25
0.5,all,train,Liszt/Gran_Etudes_de_Paganini/2_La_campanella/xml_score.musicxml,Liszt/Gran_Etudes_de_Paganini/2_La_campanella/Lin02.mid,2.0,50,9,41,5,0,0.18,0.642857,0.28125
0.5,all,train,Liszt/Gran_Etudes_de_Paganini/2_La_campanella/xml_score.musicxml,Liszt/Gran_Etudes_de_Paganini/2_La_campanella/Lin07M.mid,0.0,46,3,43,11,0,0.065217,0.214286,0.1
0.5,all,train,Liszt/Gran_Etudes_de_Paganini/2_La_campanella/xml_score.musicxml,Liszt/Gran_Etudes_de_Paganini/2_La_campanella/Lin07M.mid,1.0,46,8,38,6,0,0.173913,0.571429,0.266667
0.5,all,train,Liszt/Gran_Etudes_de_Paganini/2_La_campanella/xml_score.musicxml,Liszt/Gran_Etudes_de_Paganini/2_La_campanella/Lin07M.mid,2.0,46,8,38,6,0,0.173913,0.571429,0.266667
0.5,all,train,Liszt/Gran_Etudes_de_Paganini/2_La_campanella/xml_score.musicxml,Liszt/Gran_Etudes_de_Paganini/2_La_campanella/LiuC05M.mid,0.0,74,2,72,12,0,0.027027,0.142857,0.045455
0.5,all,train,Liszt/Gran_Etudes_de_Paganini/2_La_campanella/xml_score.musicxml,Liszt/Gran_Etudes_de_Paganini/2_La_campanella/LiuC05M.mid,1.0,74,8,66,6,0,0.108108,0.571429,0.181818
0.5,all,train,Liszt/Gran_Etudes_de_Paganini/2_La_campanella/xml_score.musicxml,Liszt/Gran_Etudes_de_Paganini/2_La_campanella/LiuC05M.mid,2.0,74,9,65,5,0,0.121622,0.642857,0.204545
0.5,all,train,Liszt/Gran_Etudes_de_Paganini/2_La_campanella/xml_score.musicxml,Liszt/Gran_Etudes_de_Paganini/2_La_campanella/LiuY03M.mid,0.0,72,1,71,13,0,0.013889,0.071429,0.023256
0.5,all,train,Liszt/Gran_Etudes_de_Paganini/2_La_campanella/xml_score.musicxml,Liszt/Gran_Etudes_de_Paganini/2_La_campanella/LiuY03M.mid,1.0,72,4,68,10,0,0.055556,0.285714,0.093023
0.5,all,train,Liszt/Gran_Etudes_de_Paganini/2_La_campanella/xml_score.musicxml,Liszt/Gran_Etudes_de_Paganini/2_La_campanella/LiuY03M.mid,2.0,72,6,66,8,0,0.083333,0.428571,0.139535
0.5,all,train,Liszt/Gran_Etudes_de_Paganini/2_La_campanella/xml_score.musicxml,Liszt/Gran_Etudes_de_Paganini/2_La_campanella/MunA08M.mid,0.0,62,5,57,9,0,0.080645,0.357143,0.131579
0.5,all,train,Liszt/Gran_Etudes_de_Paganini/2_La_campanella/xml_score.musicxml,Liszt/Gran_Etudes_de_Paganini/2_La_campanella/MunA08M.mid,1.0,62,10,52,4,0,0.16129,0.714286,0.263158
0.5,all,train,Liszt/Gran_Etudes_de_Paganini/2_La_campanella/xml_score.musicxml,Liszt/Gran_Etudes_de_Paganini/2_La_campanella/MunA08M.mid,2.0,62,11,51,3,0,0.177419,0.785714,0.289474
0.5,all,train,Liszt/Gran_Etudes_de_Paganini/2_La_campanella/xml_score.musicxml,Liszt/Gran_Etudes_de_Paganini/2_La_campanella/SEBAST02.mid,0.0,60,2,58,12,0,0.033333,0.142857,0.054054
0.5,all,train,Liszt/Gran_Etudes_de_Paganini/2_La_campanella/xml_score.musicxml,Liszt/Gran_Etudes_de_Paganini/2_La_campanella/SEBAST02.mid,1.0,60,2,58,12,0,0.033333,0.142857,0.054054
0.5,all,train,Liszt/Gran_Etudes_de_Paganini/2_La_campanella/xml_score.musicxml,Liszt/Gran_Etudes_de_Paganini/2_La_campanella/SEBAST02.mid,2.0,60,3,57,11,0,0.05,0.214286,0.081081
0.5,all,train,Liszt/Gran_Etudes_de_Paganini/2_La_campanella/xml_score.musicxml,Liszt/Gran_Etudes_de_Paganini/2_La_campanella/Seredenko02.mid,0.0,66,2,64,12,0,0.030303,0.142857,0.05
0.5,all,train,Liszt/Gran_Etudes_de_Paganini/2_La_campanella/xml_score.musicxml,Liszt/Gran_Etudes_de_Paganini/2_La_campanella/Seredenko02.mid,1.0,66,3,63,11,0,0.045455,0.214286,0.075
0.5,all,train,Liszt/Gran_Etudes_de_Paganini/2_La_campanella/xml_score.musicxml,Liszt/Gran_Etudes_de_Paganini/2_La_campanella/Seredenko02.mid,2.0,66,3,63,11,0,0.045455,0.214286,0.075
0.5,all,train,Liszt/Gran_Etudes_de_Paganini/2_La_campanella/xml_score.musicxml,Liszt/Gran_Etudes_de_Paganini/2_La_campanella/Sychev03.mid,0.0,72,4,68,10,0,0.055556,0.285714,0.093023
0.5,all,train,Liszt/Gran_Etudes_de_Paganini/2_La_campanella/xml_score.musicxml,Liszt/Gran_Etudes_de_Paganini/2_La_campanella/Sychev03.mid,1.0,72,10,62,4,0,0.138889,0.714286,0.232558
0.5,all,train,Liszt/Gran_Etudes_de_Paganini/2_La_campanella/xml_score.musicxml,Liszt/Gran_Etudes_de_Paganini/2_La_campanella/Sychev03.mid,2.0,72,10,62,4,0,0.138889,0.714286,0.232558
0.5,all,train,Liszt/Gran_Etudes_de_Paganini/2_La_campanella/xml_score.musicxml,Liszt/Gran_Etudes_de_Paganini/2_La_campanella/TET03.mid,0.0,56,2,54,12,0,0.035714,0.142857,0.057143
0.5,all,train,Liszt/Gran_Etudes_de_Paganini/2_La_campanella/xml_score.musicxml,Liszt/Gran_Etudes_de_Paganini/2_La_campanella/TET03.mid,1.0,56,2,54,12,0,0.035714,0.142857,0.057143
0.5,all,train,Liszt/Gran_Etudes_de_Paganini/2_La_campanella/xml_score.musicxml,Liszt/Gran_Etudes_de_Paganini/2_La_campanella/TET03.mid,2.0,56,2,54,12,0,0.035714,0.142857,0.057143
0.5,all,train,Liszt/Gran_Etudes_de_Paganini/2_La_campanella/xml_score.musicxml,Liszt/Gran_Etudes_de_Paganini/2_La_campanella/VuV06M.mid,0.0,48,4,44,10,0,0.083333,0.285714,0.129032
0.5,all,train,Liszt/Gran_Etudes_de_Paganini/2_La_campanella/xml_score.musicxml,Liszt/Gran_Etudes_de_Paganini/2_La_campanella/VuV06M.mid,1.0,48,6,42,8,0,0.125,0.428571,0.193548
0.5,all,train,Liszt/Gran_Etudes_de_Paganini/2_La_campanella/xml_score.musicxml,Liszt/Gran_Etudes_de_Paganini/2_La_campanella/VuV06M.mid,2.0,48,8,40,6,0,0.166667,0.571429,0.258065
0.5,all,train,Liszt/Gran_Etudes_de_Paganini/2_La_campanella/xml_score.musicxml,Liszt/Gran_Etudes_de_Paganini/2_La_campanella/Yang05M.mid,0.0,54,3,51,11,0,0.055556,0.214286,0.088235
0.5,all,train,Liszt/Gran_Etudes_de_Paganini/2_La_campanella/xml_score.musicxml,Liszt/Gran_Etudes_de_Paganini/2_La_campanella/Yang05M.mid,1.0,54,4,50,10,0,0.074074,0.285714,0.117647
0.5,all,train,Liszt/Gran_Etudes_de_Paganini/2_La_campanella/xml_score.musicxml,Liszt/Gran_Etudes_de_Paganini/2_La_campanella/Yang05M.mid,2.0,54,7,47,7,0,0.12963,0.5,0.205882
0.5,all,train,Liszt/Gran_Etudes_de_Paganini/2_La_campanella/xml_score.musicxml,Liszt/Gran_Etudes_de_Paganini/2_La_campanella/Yoon02.mid,0.0,50,1,49,13,0,0.02,0.071429,0.03125
0.5,all,train,Liszt/Gran_Etudes_de_Paganini/2_La_campanella/xml_score.musicxml,Liszt/Gran_Etudes_de_Paganini/2_La_campanella/Yoon02.mid,1.0,50,1,49,13,0,0.02,0.071429,0.03125
0.5,all,train,Liszt/Gran_Etudes_de_Paganini/2_La_campanella/xml_score.musicxml,Liszt/Gran_Etudes_de_Paganini/2_La_campanella/Yoon02.mid,2.0,50,1,49,13,0,0.02,0.071429,0.03125
0.5,all,train,Liszt/Gran_Etudes_de_Paganini/2_La_campanella/xml_score.musicxml,Liszt/Gran_Etudes_de_Paganini/2_La_campanella/ZhangH02.mid,0.0,50,1,49,13,0,0.02,0.071429,0.03125
0.5,all,train,Liszt/Gran_Etudes_de_Paganini/2_La_campanella/xml_score.musicxml,Liszt/Gran_Etudes_de_Paganini/2_La_campanella/ZhangH02.mid,1.0,50,7,43,7,0,0.14,0.5,0.21875
0.5,all,train,Liszt/Gran_Etudes_de_Paganini/2_La_campanella/xml_score.musicxml,Liszt/Gran_Etudes_de_Paganini/2_La_campanella/ZhangH02.mid,2.0,50,9,41,5,0,0.18,0.642857,0.28125
0.5,all,train,Liszt/Gran_Etudes_de_Paganini/2_La_campanella/xml_score.musicxml,Liszt/Gran_Etudes_de_Paganini/2_La_campanella/ZhangH07M.mid,0.0,50,2,48,12,0,0.04,0.142857,0.0625
0.5,all,train,Liszt/Gran_Etudes_de_Paganini/2_La_campanella/xml_score.musicxml,Liszt/Gran_Etudes_de_Paganini/2_La_campanella/ZhangH07M.mid,1.0,50,6,44,8,0,0.12,0.428571,0.1875
0.5,all,train,Liszt/Gran_Etudes_de_Paganini/2_La_campanella/xml_score.musicxml,Liszt/Gran_Etudes_de_Paganini/2_La_campanella/ZhangH07M.mid,2.0,50,9,41,5,0,0.18,0.642857,0.28125
0.5,all,val,Liszt/Transcendental_Etudes/10/xml_score.musicxml,Liszt/Transcendental_Etudes/10/CaoJ03M.mid,0.0,48,0,48,10,0,0.0,0.0,0.0
0.5,all,val,Liszt/Transcendental_Etudes/10/xml_score.musicxml,Liszt/Transcendental_Etudes/10/CaoJ03M.mid,1.0,48,0,48,10,0,0.0,0.0,0.0
0.5,all,val,Liszt/Transcendental_Etudes/10/xml_score.musicxml,Liszt/Transcendental_Etudes/10/CaoJ03M.mid,2.0,48,0,48,10,0,0.0,0.0,0.0
0.5,all,val,Liszt/Transcendental_Etudes/10/xml_score.musicxml,Liszt/Transcendental_Etudes/10/Goldberg02.mid,0.0,10,0,10,10,0,0.0,0.0,0.0
0.5,all,val,Liszt/Transcendental_Etudes/10/xml_score.musicxml,Liszt/Transcendental_Etudes/10/Goldberg02.mid,1.0,10,0,10,10,0,0.0,0.0,0.0
0.5,all,val,Liszt/Transcendental_Etudes/10/xml_score.musicxml,Liszt/Transcendental_Etudes/10/Goldberg02.mid,2.0,10,0,10,10,0,0.0,0.0,0.0
0.5,all,val,Liszt/Transcendental_Etudes/10/xml_score.musicxml,Liszt/Transcendental_Etudes/10/HAGINO03.mid,0.0,22,0,22,10,0,0.0,0.0,0.0
0.5,all,val,Liszt/Transcendental_Etudes/10/xml_score.musicxml,Liszt/Transcendental_Etudes/10/HAGINO03.mid,1.0,22,0,22,10,0,0.0,0.0,0.0
0.5,all,val,Liszt/Transcendental_Etudes/10/xml_score.musicxml,Liszt/Transcendental_Etudes/10/HAGINO03.mid,2.0,22,0,22,10,0,0.0,0.0,0.0
0.5,all,val,Liszt/Transcendental_Etudes/10/xml_score.musicxml,Liszt/Transcendental_Etudes/10/Huang17M.mid,0.0,54,0,54,10,0,0.0,0.0,0.0
0.5,all,val,Liszt/Transcendental_Etudes/10/xml_score.musicxml,Liszt/Transcendental_Etudes/10/Huang17M.mid,1.0,54,0,54,10,0,0.0,0.0,0.0
0.5,all,val,Liszt/Transcendental_Etudes/10/xml_score.musicxml,Liszt/Transcendental_Etudes/10/Huang17M.mid,2.0,54,0,54,10,0,0.0,0.0,0.0
0.5,all,val,Liszt/Transcendental_Etudes/10/xml_score.musicxml,Liszt/Transcendental_Etudes/10/Hwang03.mid,0.0,42,0,42,10,0,0.0,0.0,0.0
0.5,all,val,Liszt/Transcendental_Etudes/10/xml_score.musicxml,Liszt/Transcendental_Etudes/10/Hwang03.mid,1.0,42,0,42,10,0,0.0,0.0,0.0
0.5,all,val,Liszt/Transcendental_Etudes/10/xml_score.musicxml,Liszt/Transcendental_Etudes/10/Hwang03.mid,2.0,42,0,42,10,0,0.0,0.0,0.0
0.5,all,val,Liszt/Transcendental_Etudes/10/xml_score.musicxml,Liszt/Transcendental_Etudes/10/Kim02.mid,0.0,26,0,26,10,0,0.0,0.0,0.0
0.5,all,val,Liszt/Transcendental_Etudes/10/xml_score.musicxml,Liszt/Transcendental_Etudes/10/Kim02.mid,1.0,26,0,26,10,0,0.0,0.0,0.0
0.5,all,val,Liszt/Transcendental_Etudes/10/xml_score.musicxml,Liszt/Transcendental_Etudes/10/Kim02.mid,2.0,26,0,26,10,0,0.0,0.0,0.0
0.5,all,val,Liszt/Transcendental_Etudes/10/xml_score.musicxml,Liszt/Transcendental_Etudes/10/Ladid02.mid,0.0,10,0,10,10,0,0.0,0.0,0.0
0.5,all,val,Liszt/Transcendental_Etudes/10/xml_score.musicxml,Liszt/Transcendental_Etudes/10/Ladid02.mid,1.0,10,0,10,10,0,0.0,0.0,0.0
0.5,all,val,Liszt/Transcendental_Etudes/10/xml_score.musicxml,Liszt/Transcendental_Etudes/10/Ladid02.mid,2.0,10,0,10,10,0,0.0,0.0,0.0
0.5,all,val,Liszt/Transcendental_Etudes/10/xml_score.musicxml,Liszt/Transcendental_Etudes/10/LeungM06M.mid,0.0,40,0,40,10,0,0.0,0.0,0.0
0.5,all,val,Liszt/Transcendental_Etudes/10/xml_score.musicxml,Liszt/Transcendental_Etudes/10/LeungM06M.mid,1.0,40,0,40,10,0,0.0,0.0,0.0
0.5,all,val,Liszt/Transcendental_Etudes/10/xml_score.musicxml,Liszt/Transcendental_Etudes/10/LeungM06M.mid,2.0,40,0,40,10,0,0.0,0.0,0.0
0.5,all,val,Liszt/Transcendental_Etudes/10/xml_score.musicxml,Liszt/Transcendental_Etudes/10/MCVEY02.mid,0.0,60,0,60,10,0,0.0,0.0,0.0
0.5,all,val,Liszt/Transcendental_Etudes/10/xml_score.musicxml,Liszt/Transcendental_Etudes/10/MCVEY02.mid,1.0,60,0,60,10,0,0.0,0.0,0.0
0.5,all,val,Liszt/Transcendental_Etudes/10/xml_score.musicxml,Liszt/Transcendental_Etudes/10/MCVEY02.mid,2.0,60,0,60,10,0,0.0,0.0,0.0
0.5,all,val,Liszt/Transcendental_Etudes/10/xml_score.musicxml,Liszt/Transcendental_Etudes/10/MorozovY03.mid,0.0,42,0,42,10,0,0.0,0.0,0.0
0.5,all,val,Liszt/Transcendental_Etudes/10/xml_score.musicxml,Liszt/Transcendental_Etudes/10/MorozovY03.mid,1.0,42,0,42,10,0,0.0,0.0,0.0
0.5,all,val,Liszt/Transcendental_Etudes/10/xml_score.musicxml,Liszt/Transcendental_Etudes/10/MorozovY03.mid,2.0,42,0,42,10,0,0.0,0.0,0.0
0.5,all,val,Liszt/Transcendental_Etudes/10/xml_score.musicxml,Liszt/Transcendental_Etudes/10/Qin03.mid,0.0,34,0,34,10,0,0.0,0.0,0.0
0.5,all,val,Liszt/Transcendental_Etudes/10/xml_score.musicxml,Liszt/Transcendental_Etudes/10/Qin03.mid,1.0,34,0,34,10,0,0.0,0.0,0.0
0.5,all,val,Liszt/Transcendental_Etudes/10/xml_score.musicxml,Liszt/Transcendental_Etudes/10/Qin03.mid,2.0,34,0,34,10,0,0.0,0.0,0.0
0.5,all,val,Liszt/Transcendental_Etudes/10/xml_score.musicxml,Liszt/Transcendental_Etudes/10/SUDBIN02.mid,0.0,42,0,42,10,0,0.0,0.0,0.0
0.5,all,val,Liszt/Transcendental_Etudes/10/xml_score.musicxml,Liszt/Transcendental_Etudes/10/SUDBIN02.mid,1.0,42,0,42,10,0,0.0,0.0,0.0
0.5,all,val,Liszt/Transcendental_Etudes/10/xml_score.musicxml,Liszt/Transcendental_Etudes/10/SUDBIN02.mid,2.0,42,0,42,10,0,0.0,0.0,0.0
0.5,all,val,Liszt/Transcendental_Etudes/10/xml_score.musicxml,Liszt/Transcendental_Etudes/10/Shamray02.mid,0.0,34,0,34,10,0,0.0,0.0,0.0
0.5,all,val,Liszt/Transcendental_Etudes/10/xml_score.musicxml,Liszt/Transcendental_Etudes/10/Shamray02.mid,1.0,34,0,34,10,0,0.0,0.0,0.0
0.5,all,val,Liszt/Transcendental_Etudes/10/xml_score.musicxml,Liszt/Transcendental_Etudes/10/Shamray02.mid,2.0,34,0,34,10,0,0.0,0.0,0.0
0.5,all,val,Liszt/Transcendental_Etudes/10/xml_score.musicxml,Liszt/Transcendental_Etudes/10/Tran02.mid,0.0,12,0,12,10,0,0.0,0.0,0.0
0.5,all,val,Liszt/Transcendental_Etudes/10/xml_score.musicxml,Liszt/Transcendental_Etudes/10/Tran02.mid,1.0,12,0,12,10,0,0.0,0.0,0.0
0.5,all,val,Liszt/Transcendental_Etudes/10/xml_score.musicxml,Liszt/Transcendental_Etudes/10/Tran02.mid,2.0,12,0,12,10,0,0.0,0.0,0.0
0.5,all,val,Liszt/Transcendental_Etudes/10/xml_score.musicxml,Liszt/Transcendental_Etudes/10/Uiasiuk03.mid,0.0,26,0,26,10,0,0.0,0.0,0.0
0.5,all,val,Liszt/Transcendental_Etudes/10/xml_score.musicxml,Liszt/Transcendental_Etudes/10/Uiasiuk03.mid,1.0,26,0,26,10,0,0.0,0.0,0.0
0.5,all,val,Liszt/Transcendental_Etudes/10/xml_score.musicxml,Liszt/Transcendental_Etudes/10/Uiasiuk03.mid,2.0,26,0,26,10,0,0.0,0.0,0.0
0.5,all,val,Liszt/Transcendental_Etudes/10/xml_score.musicxml,Liszt/Transcendental_Etudes/10/Yeletskiy03.mid,0.0,48,0,48,10,0,0.0,0.0,0.0
0.5,all,val,Liszt/Transcendental_Etudes/10/xml_score.musicxml,Liszt/Transcendental_Etudes/10/Yeletskiy03.mid,1.0,48,0,48,10,0,0.0,0.0,0.0
0.5,all,val,Liszt/Transcendental_Etudes/10/xml_score.musicxml,Liszt/Transcendental_Etudes/10/Yeletskiy03.mid,2.0,48,0,48,10,0,0.0,0.0,0.0
0.5,all,test,Liszt/Transcendental_Etudes/5/xml_score.musicxml,Liszt/Transcendental_Etudes/5/Gryaznov02.mid,0.0,36,4,32,6,0,0.111111,0.4,0.173913
0.5,all,test,Liszt/Transcendental_Etudes/5/xml_score.musicxml,Liszt/Transcendental_Etudes/5/Gryaznov02.mid,1.0,36,6,30,4,0,0.166667,0.6,0.26087
0.5,all,test,Liszt/Transcendental_Etudes/5/xml_score.musicxml,Liszt/Transcendental_Etudes/5/Gryaznov02.mid,2.0,36,7,29,3,2,0.194444,0.7,0.304348
0.5,all,test,Liszt/Transcendental_Etudes/5/xml_score.musicxml,Liszt/Transcendental_Etudes/5/HUAN_B03.mid,0.0,52,1,51,9,0,0.019231,0.1,0.032258
0.5,all,test,Liszt/Transcendental_Etudes/5/xml_score.musicxml,Liszt/Transcendental_Etudes/5/HUAN_B03.mid,1.0,52,3,49,7,0,0.057692,0.3,0.096774
0.5,all,test,Liszt/Transcendental_Etudes/5/xml_score.musicxml,Liszt/Transcendental_Etudes/5/HUAN_B03.mid,2.0,52,4,48,6,0,0.076923,0.4,0.129032
0.5,all,test,Liszt/Transcendental_Etudes/5/xml_score.musicxml,Liszt/Transcendental_Etudes/5/Huang16M.mid,0.0,34,0,34,10,0,0.0,0.0,0.0
0.5,all,test,Liszt/Transcendental_Etudes/5/xml_score.musicxml,Liszt/Transcendental_Etudes/5/Huang16M.mid,1.0,34,2,32,8,0,0.058824,0.2,0.090909
0.5,all,test,Liszt/Transcendental_Etudes/5/xml_score.musicxml,Liszt/Transcendental_Etudes/5/Huang16M.mid,2.0,34,2,32,8,0,0.058824,0.2,0.090909
0.5,all,test,Liszt/Transcendental_Etudes/5/xml_score.musicxml,Liszt/Transcendental_Etudes/5/Huangci01.mid,0.0,90,3,87,7,0,0.033333,0.3,0.06
0.5,all,test,Liszt/Transcendental_Etudes/5/xml_score.musicxml,Liszt/Transcendental_Etudes/5/Huangci01.mid,1.0,90,6,84,4,0,0.066667,0.6,0.12
0.5,all,test,Liszt/Transcendental_Etudes/5/xml_score.musicxml,Liszt/Transcendental_Etudes/5/Huangci01.mid,2.0,90,7,83,3,1,0.077778,0.7,0.14
0.5,all,test,Liszt/Transcendental_Etudes/5/xml_score.musicxml,Liszt/Transcendental_Etudes/5/KIM_W02.mid,0.0,66,1,65,9,0,0.015152,0.1,0.026316
0.5,all,test,Liszt/Transcendental_Etudes/5/xml_score.musicxml,Liszt/Transcendental_Etudes/5/KIM_W02.mid,1.0,66,3,63,7,0,0.045455,0.3,0.078947
0.5,all,test,Liszt/Transcendental_Etudes/5/xml_score.musicxml,Liszt/Transcendental_Etudes/5/KIM_W02.mid,2.0,66,3,63,7,0,0.045455,0.3,0.078947
0.5,all,test,Liszt/Transcendental_Etudes/5/xml_score.musicxml,Liszt/Transcendental_Etudes/5/LiuY06M.mid,0.0,78,3,75,7,0,0.038462,0.3,0.068182
0.5,all,test,Liszt/Transcendental_Etudes/5/xml_score.musicxml,Liszt/Transcendental_Etudes/5/LiuY06M.mid,1.0,78,4,74,6,0,0.051282,0.4,0.090909
0.5,all,test,Liszt/Transcendental_Etudes/5/xml_score.musicxml,Liszt/Transcendental_Etudes/5/LiuY06M.mid,2.0,78,4,74,6,0,0.051282,0.4,0.090909
0.5,all,test,Liszt/Transcendental_Etudes/5/xml_score.musicxml,Liszt/Transcendental_Etudes/5/Min03M.mid,0.0,42,2,40,8,0,0.047619,0.2,0.076923
0.5,all,test,Liszt/Transcendental_Etudes/5/xml_score.musicxml,Liszt/Transcendental_Etudes/5/Min03M.mid,1.0,42,3,39,7,0,0.071429,0.3,0.115385
0.5,all,test,Liszt/Transcendental_Etudes/5/xml_score.musicxml,Liszt/Transcendental_Etudes/5/Min03M.mid,2.0,42,4,38,6,0,0.095238,0.4,0.153846
0.5,all,test,Liszt/Transcendental_Etudes/5/xml_score.musicxml,Liszt/Transcendental_Etudes/5/Park03M.mid,0.0,58,3,55,7,0,0.051724,0.3,0.088235
0.5,all,test,Liszt/Transcendental_Etudes/5/xml_score.musicxml,Liszt/Transcendental_Etudes/5/Park03M.mid,1.0,58,5,53,5,0,0.086207,0.5,0.147059
0.5,all,test,Liszt/Transcendental_Etudes/5/xml_score.musicxml,Liszt/Transcendental_Etudes/5/Park03M.mid,2.0,58,5,53,5,0,0.086207,0.5,0.147059
0.5,all,test,Liszt/Transcendental_Etudes/5/xml_score.musicxml,Liszt/Transcendental_Etudes/5/Sun09.mid,0.0,48,3,45,7,0,0.0625,0.3,0.103448
0.5,all,test,Liszt/Transcendental_Etudes/5/xml_score.musicxml,Liszt/Transcendental_Etudes/5/Sun09.mid,1.0,48,7,41,3,0,0.145833,0.7,0.241379
0.5,all,test,Liszt/Transcendental_Etudes/5/xml_score.musicxml,Liszt/Transcendental_Etudes/5/Sun09.mid,2.0,48,7,41,3,0,0.145833,0.7,0.241379
0.5,all,test,Liszt/Transcendental_Etudes/5/xml_score.musicxml,Liszt/Transcendental_Etudes/5/Wang06M.mid,0.0,48,1,47,9,0,0.020833,0.1,0.034483
0.5,all,test,Liszt/Transcendental_Etudes/5/xml_score.musicxml,Liszt/Transcendental_Etudes/5/Wang06M.mid,1.0,48,4,44,6,0,0.083333,0.4,0.137931
0.5,all,test,Liszt/Transcendental_Etudes/5/xml_score.musicxml,Liszt/Transcendental_Etudes/5/Wang06M.mid,2.0,48,5,43,5,0,0.104167,0.5,0.172414
0.5,all,test,Liszt/Transcendental_Etudes/5/xml_score.musicxml,Liszt/Transcendental_Etudes/5/WangY02M.mid,0.0,56,3,53,7,0,0.053571,0.3,0.090909
0.5,all,test,Liszt/Transcendental_Etudes/5/xml_score.musicxml,Liszt/Transcendental_Etudes/5/WangY02M.mid,1.0,56,7,49,3,0,0.125,0.7,0.212121
0.5,all,test,Liszt/Transcendental_Etudes/5/xml_score.musicxml,Liszt/Transcendental_Etudes/5/WangY02M.mid,2.0,56,8,48,2,0,0.142857,0.8,0.242424
0.5,all,train,Ravel/Pavane/xml_score.musicxml,Ravel/Pavane/ChenS03.mid,0.0,4,0,4,4,0,0.0,0.0,0.0
0.5,all,train,Ravel/Pavane/xml_score.musicxml,Ravel/Pavane/ChenS03.mid,1.0,4,0,4,4,0,0.0,0.0,0.0
0.5,all,train,Ravel/Pavane/xml_score.musicxml,Ravel/Pavane/ChenS03.mid,2.0,4,0,4,4,0,0.0,0.0,0.0
0.5,all,train,Ravel/Pavane/xml_score.musicxml,Ravel/Pavane/Zhdanov08.mid,0.0,1,0,1,4,0,0.0,0.0,0.0
0.5,all,train,Ravel/Pavane/xml_score.musicxml,Ravel/Pavane/Zhdanov08.mid,1.0,1,0,1,4,0,0.0,0.0,0.0
0.5,all,train,Ravel/Pavane/xml_score.musicxml,Ravel/Pavane/Zhdanov08.mid,2.0,1,0,1,4,0,0.0,0.0,0.0
0.5,all,train,Schumann/Kreisleriana/4/xml_score.musicxml,Schumann/Kreisleriana/4/ParkJH07.mid,0.0,14,0,14,6,0,0.0,0.0,0.0
0.5,all,train,Schumann/Kreisleriana/4/xml_score.musicxml,Schumann/Kreisleriana/4/ParkJH07.mid,1.0,14,3,11,3,0,0.214286,0.5,0.3
0.5,all,train,Schumann/Kreisleriana/4/xml_score.musicxml,Schumann/Kreisleriana/4/ParkJH07.mid,2.0,14,3,11,3,0,0.214286,0.5,0.3
0.5,all,train,Schumann/Kreisleriana/4/xml_score.musicxml,Schumann/Kreisleriana/4/Yarden09.mid,0.0,5,0,5,6,0,0.0,0.0,0.0
0.5,all,train,Schumann/Kreisleriana/4/xml_score.musicxml,Schumann/Kreisleriana/4/Yarden09.mid,1.0,5,1,4,5,0,0.2,0.166667,0.181818
0.5,all,train,Schumann/Kreisleriana/4/xml_score.musicxml,Schumann/Kreisleriana/4/Yarden09.mid,2.0,5,1,4,5,0,0.2,0.166667,0.181818
0.5,all,train,Schumann/Kreisleriana/6/xml_score.musicxml,Schumann/Kreisleriana/6/JohannsonP07.mid,0.0,11,0,11,12,0,0.0,0.0,0.0
0.5,all,train,Schumann/Kreisleriana/6/xml_score.musicxml,Schumann/Kreisleriana/6/JohannsonP07.mid,1.0,11,0,11,12,0,0.0,0.0,0.0
0.5,all,train,Schumann/Kreisleriana/6/xml_score.musicxml,Schumann/Kreisleriana/6/JohannsonP07.mid,2.0,11,0,11,12,0,0.0,0.0,0.0
0.5,all,train,Schumann/Kreisleriana/6/xml_score.musicxml,Schumann/Kreisleriana/6/ParkJH09.mid,0.0,8,0,8,12,0,0.0,0.0,0.0
0.5,all,train,Schumann/Kreisleriana/6/xml_score.musicxml,Schumann/Kreisleriana/6/ParkJH09.mid,1.0,8,0,8,12,1,0.0,0.0,0.0
0.5,all,train,Schumann/Kreisleriana/6/xml_score.musicxml,Schumann/Kreisleriana/6/ParkJH09.mid,2.0,8,0,8,12,1,0.0,0.0,0.0
0.5,all,train,Schumann/Kreisleriana/6/xml_score.musicxml,Schumann/Kreisleriana/6/Yarden09.mid,0.0,9,0,9,12,0,0.0,0.0,0.0
0.5,all,train,Schumann/Kreisleriana/6/xml_score.musicxml,Schumann/Kreisleriana/6/Yarden09.mid,1.0,9,0,9,12,0,0.0,0.0,0.0
0.5,all,train,Schumann/Kreisleriana/6/xml_score.musicxml,Schumann/Kreisleriana/6/Yarden09.mid,2.0,9,0,9,12,0,0.0,0.0,0.0
0.5,all,train,Scriabin/Etudes_op_8/11/xml_score.musicxml,Scriabin/Etudes_op_8/11/Shi03.mid,0.0,4,0,4,2,0,0.0,0.0,0.0
0.5,all,train,Scriabin/Etudes_op_8/11/xml_score.musicxml,Scriabin/Etudes_op_8/11/Shi03.mid,1.0,4,0,4,2,0,0.0,0.0,0.0
0.5,all,train,Scriabin/Etudes_op_8/11/xml_score.musicxml,Scriabin/Etudes_op_8/11/Shi03.mid,2.0,4,0,4,2,0,0.0,0.0,0.0
0.5,all,train,Scriabin/Etudes_op_8/11/xml_score.musicxml,Scriabin/Etudes_op_8/11/Shi08M.mid,0.0,8,0,8,2,0,0.0,0.0,0.0
0.5,all,train,Scriabin/Etudes_op_8/11/xml_score.musicxml,Scriabin/Etudes_op_8/11/Shi08M.mid,1.0,8,0,8,2,0,0.0,0.0,0.0
0.5,all,train,Scriabin/Etudes_op_8/11/xml_score.musicxml,Scriabin/Etudes_op_8/11/Shi08M.mid,2.0,8,0,8,2,0,0.0,0.0,0.0
0.5,all,train,Scriabin/Etudes_op_8/11/xml_score.musicxml,Scriabin/Etudes_op_8/11/YeF09.mid,0.0,10,1,9,1,0,0.1,0.5,0.166667
0.5,all,train,Scriabin/Etudes_op_8/11/xml_score.musicxml,Scriabin/Etudes_op_8/11/YeF09.mid,1.0,10,1,9,1,0,0.1,0.5,0.166667
0.5,all,train,Scriabin/Etudes_op_8/11/xml_score.musicxml,Scriabin/Etudes_op_8/11/YeF09.mid,2.0,10,1,9,1,0,0.1,0.5,0.166667
0.5,all,train,Scriabin/Sonatas/5/xml_score.musicxml,Scriabin/Sonatas/5/ChernovA06M.mid,0.0,223,1,222,16,0,0.004484,0.058824,0.008333
0.5,all,train,Scriabin/Sonatas/5/xml_score.musicxml,Scriabin/Sonatas/5/ChernovA06M.mid,1.0,223,3,220,14,2,0.013453,0.176471,0.025
0.5,all,train,Scriabin/Sonatas/5/xml_score.musicxml,Scriabin/Sonatas/5/ChernovA06M.mid,2.0,223,6,217,11,0,0.026906,0.352941,0.05
0.5,all,train,Scriabin/Sonatas/5/xml_score.musicxml,Scriabin/Sonatas/5/FALIKS06.mid,0.0,156,1,155,16,0,0.00641,0.058824,0.011561
0.5,all,train,Scriabin/Sonatas/5/xml_score.musicxml,Scriabin/Sonatas/5/FALIKS06.mid,1.0,156,1,155,16,0,0.00641,0.058824,0.011561
0.5,all,train,Scriabin/Sonatas/5/xml_score.musicxml,Scriabin/Sonatas/5/FALIKS06.mid,2.0,156,1,155,16,0,0.00641,0.058824,0.011561
0.5,all,train,Scriabin/Sonatas/5/xml_score.musicxml,Scriabin/Sonatas/5/FaB05M.mid,0.0,170,3,167,14,0,0.017647,0.176471,0.032086
0.5,all,train,Scriabin/Sonatas/5/xml_score.musicxml,Scriabin/Sonatas/5/FaB05M.mid,1.0,170,8,162,9,0,0.047059,0.470588,0.085561
0.5,all,train,Scriabin/Sonatas/5/xml_score.musicxml,Scriabin/Sonatas/5/FaB05M.mid,2.0,170,8,162,9,0,0.047059,0.470588,0.085561
0.5,all,train,Scriabin/Sonatas/5/xml_score.musicxml,Scriabin/Sonatas/5/GarritsonL06M.mid,0.0,188,3,185,14,0,0.015957,0.176471,0.029268
0.5,all,train,Scriabin/Sonatas/5/xml_score.musicxml,Scriabin/Sonatas/5/GarritsonL06M.mid,1.0,188,7,181,10,0,0.037234,0.411765,0.068293
0.5,all,train,Scriabin/Sonatas/5/xml_score.musicxml,Scriabin/Sonatas/5/GarritsonL06M.mid,2.0,188,7,181,10,0,0.037234,0.411765,0.068293
0.5,all,train,Scriabin/Sonatas/5/xml_score.musicxml,Scriabin/Sonatas/5/Ko07M.mid,0.0,226,0,226,17,0,0.0,0.0,0.0
0.5,all,train,Scriabin/Sonatas/5/xml_score.musicxml,Scriabin/Sonatas/5/Ko07M.mid,1.0,226,6,220,11,2,0.026549,0.352941,0.049383
0.5,all,train,Scriabin/Sonatas/5/xml_score.musicxml,Scriabin/Sonatas/5/Ko07M.mid,2.0,226,9,217,8,0,0.039823,0.529412,0.074074
0.5,all,train,Scriabin/Sonatas/5/xml_score.musicxml,Scriabin/Sonatas/5/Na03.mid,0.0,238,2,236,15,0,0.008403,0.117647,0.015686
0.5,all,train,Scriabin/Sonatas/5/xml_score.musicxml,Scriabin/Sonatas/5/Na03.mid,1.0,238,4,234,13,2,0.016807,0.235294,0.031373
0.5,all,train,Scriabin/Sonatas/5/xml_score.musicxml,Scriabin/Sonatas/5/Na03.mid,2.0,238,6,232,11,0,0.02521,0.352941,0.047059
0.5,all,train,Scriabin/Sonatas/5/xml_score.musicxml,Scriabin/Sonatas/5/Na07M.mid,0.0,262,2,260,15,0,0.007634,0.117647,0.014337
0.5,all,train,Scriabin/Sonatas/5/xml_score.musicxml,Scriabin/Sonatas/5/Na07M.mid,1.0,262,6,256,11,1,0.022901,0.352941,0.043011
0.5,all,train,Scriabin/Sonatas/5/xml_score.musicxml,Scriabin/Sonatas/5/Na07M.mid,2.0,262,8,254,9,1,0.030534,0.470588,0.057348
0.5,all,train,Scriabin/Sonatas/5/xml_score.musicxml,Scriabin/Sonatas/5/TET02.mid,0.0,68,1,67,16,0,0.014706,0.058824,0.023529
0.5,all,train,Scriabin/Sonatas/5/xml_score.musicxml,Scriabin/Sonatas/5/TET02.mid,1.0,68,1,67,16,0,0.014706,0.058824,0.023529
0.5,all,train,Scriabin/Sonatas/5/xml_score.musicxml,Scriabin/Sonatas/5/TET02.mid,2.0,68,2,66,15,0,0.029412,0.117647,0.047059
0.5,all,train,Scriabin/Sonatas/5/xml_score.musicxml,Scriabin/Sonatas/5/Yeletskiy02.mid,0.0,166,1,165,16,0,0.006024,0.058824,0.010929
0.5,all,train,Scriabin/Sonatas/5/xml_score.musicxml,Scriabin/Sonatas/5/Yeletskiy02.mid,1.0,166,5,161,12,0,0.03012,0.294118,0.054645
0.5,all,train,Scriabin/Sonatas/5/xml_score.musicxml,Scriabin/Sonatas/5/Yeletskiy02.mid,2.0,166,7,159,10,0,0.042169,0.411765,0.076503
0.5,all,train,Scriabin/Sonatas/5/xml_score.musicxml,Scriabin/Sonatas/5/Yeletskiy07M.mid,0.0,164,0,164,17,0,0.0,0.0,0.0
0.5,all,train,Scriabin/Sonatas/5/xml_score.musicxml,Scriabin/Sonatas/5/Yeletskiy07M.mid,1.0,164,7,157,10,1,0.042683,0.411765,0.077348
0.5,all,train,Scriabin/Sonatas/5/xml_score.musicxml,Scriabin/Sonatas/5/Yeletskiy07M.mid,2.0,164,7,157,10,1,0.042683,0.411765,0.077348
1.0,all,train,Beethoven/Piano_Sonatas/11-2/xml_score.musicxml,Beethoven/Piano_Sonatas/11-2/MaximovI04.mid,0.0,6,1,5,165,0,0.166667,0.006024,0.011628
1.0,all,train,Beethoven/Piano_Sonatas/11-2/xml_score.musicxml,Beethoven/Piano_Sonatas/11-2/MaximovI04.mid,1.0,6,3,3,163,0,0.5,0.018072,0.034884
1.0,all,train,Beethoven/Piano_Sonatas/11-2/xml_score.musicxml,Beethoven/Piano_Sonatas/11-2/MaximovI04.mid,2.0,6,3,3,163,0,0.5,0.018072,0.034884
1.0,all,val,Beethoven/Piano_Sonatas/21-3/xml_score.musicxml,Beethoven/Piano_Sonatas/21-3/KimSY04M.mid,0.0,38,0,38,7,0,0.0,0.0,0.0
1.0,all,val,Beethoven/Piano_Sonatas/21-3/xml_score.musicxml,Beethoven/Piano_Sonatas/21-3/KimSY04M.mid,1.0,38,1,37,6,0,0.026316,0.142857,0.044444
1.0,all,val,Beethoven/Piano_Sonatas/21-3/xml_score.musicxml,Beethoven/Piano_Sonatas/21-3/KimSY04M.mid,2.0,38,1,37,6,1,0.026316,0.142857,0.044444
1.0,all,val,Beethoven/Piano_Sonatas/21-3/xml_score.musicxml,Beethoven/Piano_Sonatas/21-3/Sekino05M.mid,0.0,38,0,38,7,0,0.0,0.0,0.0
1.0,all,val,Beethoven/Piano_Sonatas/21-3/xml_score.musicxml,Beethoven/Piano_Sonatas/21-3/Sekino05M.mid,1.0,38,0,38,7,0,0.0,0.0,0.0
1.0,all,val,Beethoven/Piano_Sonatas/21-3/xml_score.musicxml,Beethoven/Piano_Sonatas/21-3/Sekino05M.mid,2.0,38,0,38,7,0,0.0,0.0,0.0
1.0,all,val,Beethoven/Piano_Sonatas/21-3/xml_score.musicxml,Beethoven/Piano_Sonatas/21-3/YOO05M.mid,0.0,58,0,58,7,0,0.0,0.0,0.0
1.0,all,val,Beethoven/Piano_Sonatas/21-3/xml_score.musicxml,Beethoven/Piano_Sonatas/21-3/YOO05M.mid,1.0,58,2,56,5,0,0.034483,0.285714,0.061538
1.0,all,val,Beethoven/Piano_Sonatas/21-3/xml_score.musicxml,Beethoven/Piano_Sonatas/21-3/YOO05M.mid,2.0,58,2,56,5,0,0.034483,0.285714,0.061538
1.0,all,train,Beethoven/Piano_Sonatas/26-2/xml_score.musicxml,Beethoven/Piano_Sonatas/26-2/HONG05M.mid,0.0,7,0,7,3,0,0.0,0.0,0.0
1.0,all,train,Beethoven/Piano_Sonatas/26-2/xml_score.musicxml,Beethoven/Piano_Sonatas/26-2/HONG05M.mid,1.0,7,2,5,1,0,0.285714,0.666667,0.4
1.0,all,train,Beethoven/Piano_Sonatas/26-2/xml_score.musicxml,Beethoven/Piano_Sonatas/26-2/HONG05M.mid,2.0,7,2,5,1,0,0.285714,0.666667,0.4
1.0,all,train,Beethoven/Piano_Sonatas/26-2/xml_score.musicxml,Beethoven/Piano_Sonatas/26-2/Huang02.mid,0.0,5,0,5,3,0,0.0,0.0,0.0
1.0,all,train,Beethoven/Piano_Sonatas/26-2/xml_score.musicxml,Beethoven/Piano_Sonatas/26-2/Huang02.mid,1.0,5,1,4,2,0,0.2,0.333333,0.25
1.0,all,train,Beethoven/Piano_Sonatas/26-2/xml_score.musicxml,Beethoven/Piano_Sonatas/26-2/Huang02.mid,2.0,5,1,4,2,0,0.2,0.333333,0.25
1.0,all,train,Beethoven/Piano_Sonatas/26-2/xml_score.musicxml,Beethoven/Piano_Sonatas/26-2/LEE_K05M.mid,0.0,1,0,1,3,0,0.0,0.0,0.0
1.0,all,train,Beethoven/Piano_Sonatas/26-2/xml_score.musicxml,Beethoven/Piano_Sonatas/26-2/LEE_K05M.mid,1.0,1,0,1,3,0,0.0,0.0,0.0
1.0,all,train,Beethoven/Piano_Sonatas/26-2/xml_score.musicxml,Beethoven/Piano_Sonatas/26-2/LEE_K05M.mid,2.0,1,0,1,3,0,0.0,0.0,0.0
1.0,all,train,Beethoven/Piano_Sonatas/26-2/xml_score.musicxml,Beethoven/Piano_Sonatas/26-2/Tysman01.mid,0.0,6,0,6,3,0,0.0,0.0,0.0
1.0,all,train,Beethoven/Piano_Sonatas/26-2/xml_score.musicxml,Beethoven/Piano_Sonatas/26-2/Tysman01.mid,1.0,6,0,6,3,0,0.0,0.0,0.0
1.0,all,train,Beethoven/Piano_Sonatas/26-2/xml_score.musicxml,Beethoven/Piano_Sonatas/26-2/Tysman01.mid,2.0,6,0,6,3,1,0.0,0.0,0.0
1.0,all,train,Beethoven/Piano_Sonatas/26-2/xml_score.musicxml,Beethoven/Piano_Sonatas/26-2/Zhdanov05.mid,0.0,3,0,3,3,0,0.0,0.0,0.0
1.0,all,train,Beethoven/Piano_Sonatas/26-2/xml_score.musicxml,Beethoven/Piano_Sonatas/26-2/Zhdanov05.mid,1.0,3,0,3,3,0,0.0,0.0,0.0
1.0,all,train,Beethoven/Piano_Sonatas/26-2/xml_score.musicxml,Beethoven/Piano_Sonatas/26-2/Zhdanov05.mid,2.0,3,0,3,3,1,0.0,0.0,0.0
1.0,all,test,Beethoven/Piano_Sonatas/28-1/xml_score.musicxml,Beethoven/Piano_Sonatas/28-1/Atzinger01.mid,0.0,8,1,7,1,0,0.125,0.5,0.2
1.0,all,test,Beethoven/Piano_Sonatas/28-1/xml_score.musicxml,Beethoven/Piano_Sonatas/28-1/Atzinger01.mid,1.0,8,1,7,1,1,0.125,0.5,0.2
1.0,all,test,Beethoven/Piano_Sonatas/28-1/xml_score.musicxml,Beethoven/Piano_Sonatas/28-1/Atzinger01.mid,2.0,8,1,7,1,1,0.125,0.5,0.2
1.0,all,test,Beethoven/Piano_Sonatas/28-1/xml_score.musicxml,Beethoven/Piano_Sonatas/28-1/KimHJ02M.mid,0.0,11,0,11,2,0,0.0,0.0,0.0
1.0,all,test,Beethoven/Piano_Sonatas/28-1/xml_score.musicxml,Beethoven/Piano_Sonatas/28-1/KimHJ02M.mid,1.0,11,0,11,2,0,0.0,0.0,0.0
1.0,all,test,Beethoven/Piano_Sonatas/28-1/xml_score.musicxml,Beethoven/Piano_Sonatas/28-1/KimHJ02M.mid,2.0,11,0,11,2,0,0.0,0.0,0.0
1.0,all,test,Beethoven/Piano_Sonatas/28-1/xml_score.musicxml,Beethoven/Piano_Sonatas/28-1/KyykhynenT06M.mid,0.0,5,0,5,2,0,0.0,0.0,0.0
1.0,all,test,Beethoven/Piano_Sonatas/28-1/xml_score.musicxml,Beethoven/Piano_Sonatas/28-1/KyykhynenT06M.mid,1.0,5,0,5,2,0,0.0,0.0,0.0
1.0,all,test,Beethoven/Piano_Sonatas/28-1/xml_score.musicxml,Beethoven/Piano_Sonatas/28-1/KyykhynenT06M.mid,2.0,5,0,5,2,0,0.0,0.0,0.0
1.0,all,test,Beethoven/Piano_Sonatas/28-1/xml_score.musicxml,Beethoven/Piano_Sonatas/28-1/WangY04M.mid,0.0,3,0,3,2,0,0.0,0.0,0.0
1.0,all,test,Beethoven/Piano_Sonatas/28-1/xml_score.musicxml,Beethoven/Piano_Sonatas/28-1/WangY04M.mid,1.0,3,0,3,2,0,0.0,0.0,0.0
1.0,all,test,Beethoven/Piano_Sonatas/28-1/xml_score.musicxml,Beethoven/Piano_Sonatas/28-1/WangY04M.mid,2.0,3,0,3,2,0,0.0,0.0,0.0
1.0,all,test,Beethoven/Piano_Sonatas/28-1/xml_score.musicxml,Beethoven/Piano_Sonatas/28-1/Zhdanov01.mid,0.0,10,0,10,2,0,0.0,0.0,0.0
1.0,all,test,Beethoven/Piano_Sonatas/28-1/xml_score.musicxml,Beethoven/Piano_Sonatas/28-1/Zhdanov01.mid,1.0,10,0,10,2,0,0.0,0.0,0.0
1.0,all,test,Beethoven/Piano_Sonatas/28-1/xml_score.musicxml,Beethoven/Piano_Sonatas/28-1/Zhdanov01.mid,2.0,10,0,10,2,0,0.0,0.0,0.0
1.0,all,train,Beethoven/Piano_Sonatas/29-2/xml_score.musicxml,Beethoven/Piano_Sonatas/29-2/ChowK03.mid,0.0,24,0,24,4,0,0.0,0.0,0.0
1.0,all,train,Beethoven/Piano_Sonatas/29-2/xml_score.musicxml,Beethoven/Piano_Sonatas/29-2/ChowK03.mid,1.0,24,1,23,3,0,0.041667,0.25,0.071429
1.0,all,train,Beethoven/Piano_Sonatas/29-2/xml_score.musicxml,Beethoven/Piano_Sonatas/29-2/ChowK03.mid,2.0,24,1,23,3,0,0.041667,0.25,0.071429
1.0,all,train,Beethoven/Piano_Sonatas/29-3/xml_score.musicxml,Beethoven/Piano_Sonatas/29-3/ChowK04.mid,0.0,2,0,2,6,0,0.0,0.0,0.0
1.0,all,train,Beethoven/Piano_Sonatas/29-3/xml_score.musicxml,Beethoven/Piano_Sonatas/29-3/ChowK04.mid,1.0,2,0,2,6,0,0.0,0.0,0.0
1.0,all,train,Beethoven/Piano_Sonatas/29-3/xml_score.musicxml,Beethoven/Piano_Sonatas/29-3/ChowK04.mid,2.0,2,1,1,5,0,0.5,0.166667,0.25
1.0,all,test,Beethoven/Piano_Sonatas/29-4/xml_score.musicxml,Beethoven/Piano_Sonatas/29-4/ChowK05M.mid,0.0,54,1,53,21,0,0.018519,0.045455,0.026316
1.0,all,test,Beethoven/Piano_Sonatas/29-4/xml_score.musicxml,Beethoven/Piano_Sonatas/29-4/ChowK05M.mid,1.0,54,2,52,20,0,0.037037,0.090909,0.052632
1.0,all,test,Beethoven/Piano_Sonatas/29-4/xml_score.musicxml,Beethoven/Piano_Sonatas/29-4/ChowK05M.mid,2.0,54,4,50,18,0,0.074074,0.181818,0.105263
1.0,all,test,Chopin/Ballades/1/xml_score.musicxml,Chopin/Ballades/1/Ali01.mid,0.0,32,6,26,459,0,0.1875,0.012903,0.024145
1.0,all,test,Chopin/Ballades/1/xml_score.musicxml,Chopin/Ballades/1/Ali01.mid,1.0,32,13,19,452,1,0.40625,0.027957,0.052314
1.0,all,test,Chopin/Ballades/1/xml_score.musicxml,Chopin/Ballades/1/Ali01.mid,2.0,32,18,14,447,0,0.5625,0.03871,0.072435
1.0,all,test,Chopin/Ballades/1/xml_score.musicxml,Chopin/Ballades/1/BuiJL04M.mid,0.0,28,1,27,464,0,0.035714,0.002151,0.004057
1.0,all,test,Chopin/Ballades/1/xml_score.musicxml,Chopin/Ballades/1/BuiJL04M.mid,1.0,28,8,20,457,3,0.285714,0.017204,0.032454
1.0,all,test,Chopin/Ballades/1/xml_score.musicxml,Chopin/Ballades/1/BuiJL04M.mid,2.0,28,11,17,454,1,0.392857,0.023656,0.044625
1.0,all,test,Chopin/Ballades/1/xml_score.musicxml,Chopin/Ballades/1/Day04.mid,0.0,52,5,47,460,0,0.096154,0.010753,0.019342
1.0,all,test,Chopin/Ballades/1/xml_score.musicxml,Chopin/Ballades/1/Day04.mid,1.0,52,24,28,441,5,0.461538,0.051613,0.092843
1.0,all,test,Chopin/Ballades/1/xml_score.musicxml,Chopin/Ballades/1/Day04.mid,2.0,52,30,22,435,2,0.576923,0.064516,0.116054
1.0,all,test,Chopin/Ballades/1/xml_score.musicxml,Chopin/Ballades/1/Dossin05.mid,0.0,28,2,26,463,0,0.071429,0.004301,0.008114
1.0,all,test,Chopin/Ballades/1/xml_score.musicxml,Chopin/Ballades/1/Dossin05.mid,1.0,28,8,20,457,1,0.285714,0.017204,0.032454
1.0,all,test,Chopin/Ballades/1/xml_score.musicxml,Chopin/Ballades/1/Dossin05.mid,2.0,28,10,18,455,1,0.357143,0.021505,0.040568
1.0,all,test,Chopin/Ballades/1/xml_score.musicxml,Chopin/Ballades/1/JIA06M.mid,0.0,44,4,40,461,0,0.090909,0.008602,0.015717
1.0,all,test,Chopin/Ballades/1/xml_score.musicxml,Chopin/Ballades/1/JIA06M.mid,1.0,44,19,25,446,4,0.431818,0.04086,0.074656
1.0,all,test,Chopin/Ballades/1/xml_score.musicxml,Chopin/Ballades/1/JIA06M.mid,2.0,44,24,20,441,5,0.545455,0.051613,0.094303
1.0,all,test,Chopin/Ballades/1/xml_score.musicxml,Chopin/Ballades/1/KimSuyeon04M.mid,0.0,26,4,22,461,0,0.153846,0.008602,0.016293
1.0,all,test,Chopin/Ballades/1/xml_score.musicxml,Chopin/Ballades/1/KimSuyeon04M.mid,1.0,26,8,18,457,0,0.307692,0.017204,0.032587
1.0,all,test,Chopin/Ballades/1/xml_score.musicxml,Chopin/Ballades/1/KimSuyeon04M.mid,2.0,26,9,17,456,0,0.346154,0.019355,0.03666
1.0,all,test,Chopin/Ballades/1/xml_score.musicxml,Chopin/Ballades/1/LeeKoeun03.mid,0.0,26,2,24,463,0,0.076923,0.004301,0.008147
1.0,all,test,Chopin/Ballades/1/xml_score.musicxml,Chopin/Ballades/1/LeeKoeun03.mid,1.0,26,10,16,455,1,0.384615,0.021505,0.040733
1.0,all,test,Chopin/Ballades/1/xml_score.musicxml,Chopin/Ballades/1/LeeKoeun03.mid,2.0,26,15,11,450,0,0.576923,0.032258,0.0611
1.0,all,test,Chopin/Ballades/1/xml_score.musicxml,Chopin/Ballades/1/LeeKoeun06.mid,0.0,16,1,15,464,0,0.0625,0.002151,0.004158
1.0,all,test,Chopin/Ballades/1/xml_score.musicxml,Chopin/Ballades/1/LeeKoeun06.mid,1.0,16,5,11,460,1,0.3125,0.010753,0.02079
1.0,all,test,Chopin/Ballades/1/xml_score.musicxml,Chopin/Ballades/1/LeeKoeun06.mid,2.0,16,7,9,458,0,0.4375,0.015054,0.029106
1.0,all,test,Chopin/Ballades/1/xml_score.musicxml,Chopin/Ballades/1/LinTao04.mid,0.0,14,2,12,463,0,0.142857,0.004301,0.008351
1.0,all,test,Chopin/Ballades/1/xml_score.musicxml,Chopin/Ballades/1/LinTao04.mid,1.0,14,5,9,460,1,0.357143,0.010753,0.020877
1.0,all,test,Chopin/Ballades/1/xml_score.musicxml,Chopin/Ballades/1/LinTao04.mid,2.0,14,7,7,458,0,0.5,0.015054,0.029228
1.0,all,test,Chopin/Ballades/1/xml_score.musicxml,Chopin/Ballades/1/McNamara02.mid,0.0,34,3,31,462,0,0.088235,0.006452,0.012024
1.0,all,test,Chopin/Ballades/1/xml_score.musicxml,Chopin/Ballades/1/McNamara02.mid,1.0,34,11,23,454,2,0.323529,0.023656,0.044088
1.0,all,test,Chopin/Ballades/1/xml_score.musicxml,Chopin/Ballades/1/McNamara02.mid,2.0,34,16,18,449,1,0.470588,0.034409,0.064128
1.0,all,test,Chopin/Ballades/1/xml_score.musicxml,Chopin/Ballades/1/Mo07M.mid,0.0,24,3,21,462,0,0.125,0.006452,0.01227
1.0,all,test,Chopin/Ballades/1/xml_score.musicxml,Chopin/Ballades/1/Mo07M.mid,1.0,24,11,13,454,1,0.458333,0.023656,0.04499
1.0,all,test,Chopin/Ballades/1/xml_score.musicxml,Chopin/Ballades/1/Mo07M.mid,2.0,24,12,12,453,1,0.5,0.025806,0.04908
1.0,all,test,Chopin/Ballades/1/xml_score.musicxml,Chopin/Ballades/1/MunA19M.mid,0.0,32,1,31,464,0,0.03125,0.002151,0.004024
1.0,all,test,Chopin/Ballades/1/xml_score.musicxml,Chopin/Ballades/1/MunA19M.mid,1.0,32,7,25,458,5,0.21875,0.015054,0.028169
1.0,all,test,Chopin/Ballades/1/xml_score.musicxml,Chopin/Ballades/1/MunA19M.mid,2.0,32,13,19,452,3,0.40625,0.027957,0.052314
1.0,all,test,Chopin/Ballades/1/xml_score.musicxml,Chopin/Ballades/1/Richardson13M.mid,0.0,22,3,19,462,0,0.136364,0.006452,0.01232
1.0,all,test,Chopin/Ballades/1/xml_score.musicxml,Chopin/Ballades/1/Richardson13M.mid,1.0,22,5,17,460,2,0.227273,0.010753,0.020534
1.0,all,test,Chopin/Ballades/1/xml_score.musicxml,Chopin/Ballades/1/Richardson13M.mid,2.0,22,7,15,458,2,0.318182,0.015054,0.028747
1.0,all,test,Chopin/Ballades/1/xml_score.musicxml,Chopin/Ballades/1/SINKEV05.mid,0.0,18,1,17,464,0,0.055556,0.002151,0.004141
1.0,all,test,Chopin/Ballades/1/xml_score.musicxml,Chopin/Ballades/1/SINKEV05.mid,1.0,18,7,11,458,0,0.388889,0.015054,0.028986
1.0,all,test,Chopin/Ballades/1/xml_score.musicxml,Chopin/Ballades/1/SINKEV05.mid,2.0,18,7,11,458,1,0.388889,0.015054,0.028986
1.0,all,test,Chopin/Ballades/1/xml_score.musicxml,Chopin/Ballades/1/SINKEV11.mid,0.0,12,2,10,463,0,0.166667,0.004301,0.008386
1.0,all,test,Chopin/Ballades/1/xml_score.musicxml,Chopin/Ballades/1/SINKEV11.mid,1.0,12,4,8,461,0,0.333333,0.008602,0.016771
1.0,all,test,Chopin/Ballades/1/xml_score.musicxml,Chopin/Ballades/1/SINKEV11.mid,2.0,12,4,8,461,0,0.333333,0.008602,0.016771
1.0,all,test,Chopin/Ballades/1/xml_score.musicxml,Chopin/Ballades/1/Sladek04M.mid,0.0,44,9,35,456,0,0.204545,0.019355,0.035363
1.0,all,test,Chopin/Ballades/1/xml_score.musicxml,Chopin/Ballades/1/Sladek04M.mid,1.0,44,23,21,442,3,0.522727,0.049462,0.090373
1.0,all,test,Chopin/Ballades/1/xml_score.musicxml,Chopin/Ballades/1/Sladek04M.mid,2.0,44,29,15,436,0,0.659091,0.062366,0.113949
1.0,all,test,Chopin/Ballades/1/xml_score.musicxml,Chopin/Ballades/1/YeSijing01.mid,0.0,38,6,32,459,0,0.157895,0.012903,0.023857
1.0,all,test,Chopin/Ballades/1/xml_score.musicxml,Chopin/Ballades/1/YeSijing01.mid,1.0,38,16,22,449,1,0.421053,0.034409,0.063618
1.0,all,test,Chopin/Ballades/1/xml_score.musicxml,Chopin/Ballades/1/YeSijing01.mid,2.0,38,20,18,445,1,0.526316,0.043011,0.079523
1.0,all,test,Chopin/Ballades/1/xml_score.musicxml,Chopin/Ballades/1/Zhou06M.mid,0.0,24,1,23,464,0,0.041667,0.002151,0.00409
1.0,all,test,Chopin/Ballades/1/xml_score.musicxml,Chopin/Ballades/1/Zhou06M.mid,1.0,24,6,18,459,1,0.25,0.012903,0.02454
1.0,all,test,Chopin/Ballades/1/xml_score.musicxml,Chopin/Ballades/1/Zhou06M.mid,2.0,24,9,15,456,0,0.375,0.019355,0.03681
1.0,all,train,Chopin/Ballades/3/xml_score.musicxml,Chopin/Ballades/3/Ko11M.mid,0.0,14,1,13,477,0,0.071429,0.002092,0.004065
1.0,all,train,Chopin/Ballades/3/xml_score.musicxml,Chopin/Ballades/3/Ko11M.mid,1.0,14,7,7,471,0,0.5,0.014644,0.028455
1.0,all,train,Chopin/Ballades/3/xml_score.musicxml,Chopin/Ballades/3/Ko11M.mid,2.0,14,7,7,471,0,0.5,0.014644,0.028455
1.0,all,train,Chopin/Ballades/3/xml_score.musicxml,Chopin/Ballades/3/LinPeng06M.mid,0.0,36,2,34,476,0,0.055556,0.004184,0.007782
1.0,all,train,Chopin/Ballades/3/xml_score.musicxml,Chopin/Ballades/3/LinPeng06M.mid,1.0,36,19,17,459,3,0.527778,0.039749,0.07393
1.0,all,train,Chopin/Ballades/3/xml_score.musicxml,Chopin/Ballades/3/LinPeng06M.mid,2.0,36,23,13,455,0,0.638889,0.048117,0.089494
1.0,all,train,Chopin/Ballades/3/xml_score.musicxml,Chopin/Ballades/3/Tan02.mid,0.0,16,1,15,477,0,0.0625,0.002092,0.004049
1.0,all,train,Chopin/Ballades/3/xml_score.musicxml,Chopin/Ballades/3/Tan02.mid,1.0,16,6,10,472,0,0.375,0.012552,0.024291
1.0,all,train,Chopin/Ballades/3/xml_score.musicxml,Chopin/Ballades/3/Tan02.mid,2.0,16,11,5,467,0,0.6875,0.023013,0.044534
1.0,all,train,Chopin/Barcarolle/xml_score.musicxml,Chopin/Barcarolle/Kociuban13.mid,0.0,6,1,5,454,0,0.166667,0.002198,0.004338
1.0,all,train,Chopin/Barcarolle/xml_score.musicxml,Chopin/Barcarolle/Kociuban13.mid,1.0,6,3,3,452,1,0.5,0.006593,0.013015
1.0,all,train,Chopin/Barcarolle/xml_score.musicxml,Chopin/Barcarolle/Kociuban13.mid,2.0,6,4,2,451,0,0.666667,0.008791,0.017354
1.0,all,train,Chopin/Barcarolle/xml_score.musicxml,Chopin/Barcarolle/LeeSH05M.mid,0.0,6,0,6,455,0,0.0,0.0,0.0
1.0,all,train,Chopin/Barcarolle/xml_score.musicxml,Chopin/Barcarolle/LeeSH05M.mid,1.0,6,3,3,452,1,0.5,0.006593,0.013015
1.0,all,train,Chopin/Barcarolle/xml_score.musicxml,Chopin/Barcarolle/LeeSH05M.mid,2.0,6,5,1,450,0,0.833333,0.010989,0.021692
1.0,all,train,Chopin/Barcarolle/xml_score.musicxml,Chopin/Barcarolle/Na03.mid,0.0,8,0,8,455,0,0.0,0.0,0.0
1.0,all,train,Chopin/Barcarolle/xml_score.musicxml,Chopin/Barcarolle/Na03.mid,1.0,8,4,4,451,1,0.5,0.008791,0.017279
1.0,all,train,Chopin/Barcarolle/xml_score.musicxml,Chopin/Barcarolle/Na03.mid,2.0,8,6,2,449,0,0.75,0.013187,0.025918
1.0,all,train,Chopin/Barcarolle/xml_score.musicxml,Chopin/Barcarolle/Na09M.mid,0.0,8,1,7,454,0,0.125,0.002198,0.00432
1.0,all,train,Chopin/Barcarolle/xml_score.musicxml,Chopin/Barcarolle/Na09M.mid,1.0,8,5,3,450,1,0.625,0.010989,0.021598
1.0,all,train,Chopin/Barcarolle/xml_score.musicxml,Chopin/Barcarolle/Na09M.mid,2.0,8,7,1,448,0,0.875,0.015385,0.030238
1.0,all,train,Chopin/Barcarolle/xml_score.musicxml,Chopin/Barcarolle/Ozel10M.mid,0.0,6,1,5,454,0,0.166667,0.002198,0.004338
1.0,all,train,Chopin/Barcarolle/xml_score.musicxml,Chopin/Barcarolle/Ozel10M.mid,1.0,6,3,3,452,1,0.5,0.006593,0.013015
1.0,all,train,Chopin/Barcarolle/xml_score.musicxml,Chopin/Barcarolle/Ozel10M.mid,2.0,6,5,1,450,0,0.833333,0.010989,0.021692
1.0,all,train,Chopin/Barcarolle/xml_score.musicxml,Chopin/Barcarolle/Park10M.mid,0.0,8,0,8,455,0,0.0,0.0,0.0
1.0,all,train,Chopin/Barcarolle/xml_score.musicxml,Chopin/Barcarolle/Park10M.mid,1.0,8,2,6,453,3,0.25,0.004396,0.008639
1.0,all,train,Chopin/Barcarolle/xml_score.musicxml,Chopin/Barcarolle/Park10M.mid,2.0,8,5,3,450,1,0.625,0.010989,0.021598
1.0,all,train,Chopin/Barcarolle/xml_score.musicxml,Chopin/Barcarolle/Rozanski07M.mid,0.0,4,0,4,455,0,0.0,0.0,0.0
1.0,all,train,Chopin/Barcarolle/xml_score.musicxml,Chopin/Barcarolle/Rozanski07M.mid,1.0,4,2,2,453,1,0.5,0.004396,0.008715
1.0,all,train,Chopin/Barcarolle/xml_score.musicxml,Chopin/Barcarolle/Rozanski07M.mid,2.0,4,3,1,452,0,0.75,0.006593,0.013072
1.0,all,train,Chopin/Barcarolle/xml_score.musicxml,Chopin/Barcarolle/Verbaite03.mid,0.0,10,1,9,454,0,0.1,0.002198,0.004301
1.0,all,train,Chopin/Barcarolle/xml_score.musicxml,Chopin/Barcarolle/Verbaite03.mid,1.0,10,3,7,452,2,0.3,0.006593,0.012903
1.0,all,train,Chopin/Barcarolle/xml_score.musicxml,Chopin/Barcarolle/Verbaite03.mid,2.0,10,4,6,451,1,0.4,0.008791,0.017204
1.0,all,train,Chopin/Barcarolle/xml_score.musicxml,Chopin/Barcarolle/Wilshire04.mid,0.0,4,0,4,455,0,0.0,0.0,0.0
1.0,all,train,Chopin/Barcarolle/xml_score.musicxml,Chopin/Barcarolle/Wilshire04.mid,1.0,4,2,2,453,1,0.5,0.004396,0.008715
1.0,all,train,Chopin/Barcarolle/xml_score.musicxml,Chopin/Barcarolle/Wilshire04.mid,2.0,4,4,0,451,0,1.0,0.008791,0.017429
1.0,all,train,Chopin/Etudes_op_10/1/xml_score.musicxml,Chopin/Etudes_op_10/1/Avdeeva02.mid,0.0,2,0,2,5,0,0.0,0.0,0.0
1.0,all,train,Chopin/Etudes_op_10/1/xml_score.musicxml,Chopin/Etudes_op_10/1/Avdeeva02.mid,1.0,2,0,2,5,0,0.0,0.0,0.0
1.0,all,train,Chopin/Etudes_op_10/1/xml_score.musicxml,Chopin/Etudes_op_10/1/Avdeeva02.mid,2.0,2,0,2,5,0,0.0,0.0,0.0
1.0,all,train,Chopin/Etudes_op_10/1/xml_score.musicxml,Chopin/Etudes_op_10/1/ChenW03M.mid,0.0,10,0,10,5,0,0.0,0.0,0.0
1.0,all,train,Chopin/Etudes_op_10/1/xml_score.musicxml,Chopin/Etudes_op_10/1/ChenW03M.mid,1.0,10,0,10,5,0,0.0,0.0,0.0
1.0,all,train,Chopin/Etudes_op_10/1/xml_score.musicxml,Chopin/Etudes_op_10/1/ChenW03M.mid,2.0,10,0,10,5,0,0.0,0.0,0.0
1.0,all,train,Chopin/Etudes_op_10/1/xml_score.musicxml,Chopin/Etudes_op_10/1/HSU02.mid,0.0,15,0,15,5,0,0.0,0.0,0.0
1.0,all,train,Chopin/Etudes_op_10/1/xml_score.musicxml,Chopin/Etudes_op_10/1/HSU02.mid,1.0,15,0,15,5,0,0.0,0.0,0.0
1.0,all,train,Chopin/Etudes_op_10/1/xml_score.musicxml,Chopin/Etudes_op_10/1/HSU02.mid,2.0,15,0,15,5,0,0.0,0.0,0.0
1.0,all,train,Chopin/Etudes_op_10/1/xml_score.musicxml,Chopin/Etudes_op_10/1/ISHIDA04.mid,0.0,6,0,6,5,0,0.0,0.0,0.0
1.0,all,train,Chopin/Etudes_op_10/1/xml_score.musicxml,Chopin/Etudes_op_10/1/ISHIDA04.mid,1.0,6,0,6,5,1,0.0,0.0,0.0
1.0,all,train,Chopin/Etudes_op_10/1/xml_score.musicxml,Chopin/Etudes_op_10/1/ISHIDA04.mid,2.0,6,0,6,5,1,0.0,0.0,0.0
1.0,all,train,Chopin/Etudes_op_10/1/xml_score.musicxml,Chopin/Etudes_op_10/1/Jussow03.mid,0.0,6,0,6,5,0,0.0,0.0,0.0
1.0,all,train,Chopin/Etudes_op_10/1/xml_score.musicxml,Chopin/Etudes_op_10/1/Jussow03.mid,1.0,6,0,6,5,1,0.0,0.0,0.0
1.0,all,train,Chopin/Etudes_op_10/1/xml_score.musicxml,Chopin/Etudes_op_10/1/Jussow03.mid,2.0,6,0,6,5,1,0.0,0.0,0.0
1.0,all,train,Chopin/Etudes_op_10/1/xml_score.musicxml,Chopin/Etudes_op_10/1/KaiRuiR03M.mid,0.0,2,0,2,5,0,0.0,0.0,0.0
1.0,all,train,Chopin/Etudes_op_10/1/xml_score.musicxml,Chopin/Etudes_op_10/1/KaiRuiR03M.mid,1.0,2,0,2,5,1,0.0,0.0,0.0
1.0,all,train,Chopin/Etudes_op_10/1/xml_score.musicxml,Chopin/Etudes_op_10/1/KaiRuiR03M.mid,2.0,2,0,2,5,1,0.0,0.0,0.0
1.0,all,train,Chopin/Etudes_op_10/1/xml_score.musicxml,Chopin/Etudes_op_10/1/LeeHanchien02.mid,0.0,2,0,2,5,0,0.0,0.0,0.0
1.0,all,train,Chopin/Etudes_op_10/1/xml_score.musicxml,Chopin/Etudes_op_10/1/LeeHanchien02.mid,1.0,2,0,2,5,1,0.0,0.0,0.0
1.0,all,train,Chopin/Etudes_op_10/1/xml_score.musicxml,Chopin/Etudes_op_10/1/LeeHanchien02.mid,2.0,2,0,2,5,1,0.0,0.0,0.0
1.0,all,train,Chopin/Etudes_op_10/1/xml_score.musicxml,Chopin/Etudes_op_10/1/LiYZ02M.mid,0.0,6,0,6,5,0,0.0,0.0,0.0
1.0,all,train,Chopin/Etudes_op_10/1/xml_score.musicxml,Chopin/Etudes_op_10/1/LiYZ02M.mid,1.0,6,0,6,5,0,0.0,0.0,0.0
1.0,all,train,Chopin/Etudes_op_10/1/xml_score.musicxml,Chopin/Etudes_op_10/1/LiYZ02M.mid,2.0,6,0,6,5,0,0.0,0.0,0.0
1.0,all,train,Chopin/Etudes_op_10/1/xml_score.musicxml,Chopin/Etudes_op_10/1/LuM02M.mid,0.0,17,0,17,5,0,0.0,0.0,0.0
1.0,all,train,Chopin/Etudes_op_10/1/xml_score.musicxml,Chopin/Etudes_op_10/1/LuM02M.mid,1.0,17,1,16,4,0,0.058824,0.2,0.090909
1.0,all,train,Chopin/Etudes_op_10/1/xml_score.musicxml,Chopin/Etudes_op_10/1/LuM02M.mid,2.0,17,1,16,4,0,0.058824,0.2,0.090909
1.0,all,train,Chopin/Etudes_op_10/1/xml_score.musicxml,Chopin/Etudes_op_10/1/Mikhailoff05.mid,0.0,14,0,14,5,0,0.0,0.0,0.0
1.0,all,train,Chopin/Etudes_op_10/1/xml_score.musicxml,Chopin/Etudes_op_10/1/Mikhailoff05.mid,1.0,14,0,14,5,0,0.0,0.0,0.0
1.0,all,train,Chopin/Etudes_op_10/1/xml_score.musicxml,Chopin/Etudes_op_10/1/Mikhailoff05.mid,2.0,14,0,14,5,0,0.0,0.0,0.0
1.0,all,train,Chopin/Etudes_op_10/1/xml_score.musicxml,Chopin/Etudes_op_10/1/MorozovS02.mid,0.0,4,0,4,5,0,0.0,0.0,0.0
1.0,all,train,Chopin/Etudes_op_10/1/xml_score.musicxml,Chopin/Etudes_op_10/1/MorozovS02.mid,1.0,4,0,4,5,0,0.0,0.0,0.0
1.0,all,train,Chopin/Etudes_op_10/1/xml_score.musicxml,Chopin/Etudes_op_10/1/MorozovS02.mid,2.0,4,0,4,5,0,0.0,0.0,0.0
1.0,all,train,Chopin/Etudes_op_10/1/xml_score.musicxml,Chopin/Etudes_op_10/1/MunA07M.mid,0.0,10,1,9,4,0,0.1,0.2,0.133333
1.0,all,train,Chopin/Etudes_op_10/1/xml_score.musicxml,Chopin/Etudes_op_10/1/MunA07M.mid,1.0,10,1,9,4,0,0.1,0.2,0.133333
1.0,all,train,Chopin/Etudes_op_10/1/xml_score.musicxml,Chopin/Etudes_op_10/1/MunA07M.mid,2.0,10,1,9,4,0,0.1,0.2,0.133333
1.0,all,train,Chopin/Etudes_op_10/1/xml_score.musicxml,Chopin/Etudes_op_10/1/NAKAJI02.mid,0.0,2,0,2,5,0,0.0,0.0,0.0
1.0,all,train,Chopin/Etudes_op_10/1/xml_score.musicxml,Chopin/Etudes_op_10/1/NAKAJI02.mid,1.0,2,0,2,5,0,0.0,0.0,0.0
1.0,all,train,Chopin/Etudes_op_10/1/xml_score.musicxml,Chopin/Etudes_op_10/1/NAKAJI02.mid,2.0,2,0,2,5,0,0.0,0.0,0.0
1.0,all,train,Chopin/Etudes_op_10/1/xml_score.musicxml,Chopin/Etudes_op_10/1/Park02.mid,0.0,26,0,26,5,0,0.0,0.0,0.0
1.0,all,train,Chopin/Etudes_op_10/1/xml_score.musicxml,Chopin/Etudes_op_10/1/Park02.mid,1.0,26,1,25,4,1,0.038462,0.2,0.064516
1.0,all,train,Chopin/Etudes_op_10/1/xml_score.musicxml,Chopin/Etudes_op_10/1/Park02.mid,2.0,26,1,25,4,1,0.038462,0.2,0.064516
1.0,all,train,Chopin/Etudes_op_10/1/xml_score.musicxml,Chopin/Etudes_op_10/1/Savitski03.mid,0.0,2,0,2,5,0,0.0,0.0,0.0
1.0,all,train,Chopin/Etudes_op_10/1/xml_score.musicxml,Chopin/Etudes_op_10/1/Savitski03.mid,1.0,2,0,2,5,1,0.0,0.0,0.0
1.0,all,train,Chopin/Etudes_op_10/1/xml_score.musicxml,Chopin/Etudes_op_10/1/Savitski03.mid,2.0,2,0,2,5,1,0.0,0.0,0.0
1.0,all,train,Chopin/Etudes_op_10/1/xml_score.musicxml,Chopin/Etudes_op_10/1/Shelest02.mid,0.0,4,0,4,5,0,0.0,0.0,0.0
1.0,all,train,Chopin/Etudes_op_10/1/xml_score.musicxml,Chopin/Etudes_op_10/1/Shelest02.mid,1.0,4,0,4,5,1,0.0,0.0,0.0
1.0,all,train,Chopin/Etudes_op_10/1/xml_score.musicxml,Chopin/Etudes_op_10/1/Shelest02.mid,2.0,4,0,4,5,1,0.0,0.0,0.0
1.0,all,train,Chopin/Etudes_op_10/1/xml_score.musicxml,Chopin/Etudes_op_10/1/Stahievitch03.mid,0.0,6,0,6,5,0,0.0,0.0,0.0
1.0,all,train,Chopin/Etudes_op_10/1/xml_score.musicxml,Chopin/Etudes_op_10/1/Stahievitch03.mid,1.0,6,0,6,5,0,0.0,0.0,0.0
1.0,all,train,Chopin/Etudes_op_10/1/xml_score.musicxml,Chopin/Etudes_op_10/1/Stahievitch03.mid,2.0,6,0,6,5,0,0.0,0.0,0.0
1.0,all,train,Chopin/Etudes_op_10/1/xml_score.musicxml,Chopin/Etudes_op_10/1/SunY03M.mid,0.0,2,0,2,5,0,0.0,0.0,0.0
1.0,all,train,Chopin/Etudes_op_10/1/xml_score.musicxml,Chopin/Etudes_op_10/1/SunY03M.mid,1.0,2,0,2,5,1,0.0,0.0,0.0
1.0,all,train,Chopin/Etudes_op_10/1/xml_score.musicxml,Chopin/Etudes_op_10/1/SunY03M.mid,2.0,2,0,2,5,1,0.0,0.0,0.0
1.0,all,train,Chopin/Etudes_op_10/1/xml_score.musicxml,Chopin/Etudes_op_10/1/Terenkova02.mid,0.0,20,0,20,5,0,0.0,0.0,0.0
1.0,all,train,Chopin/Etudes_op_10/1/xml_score.musicxml,Chopin/Etudes_op_10/1/Terenkova02.mid,1.0,20,1,19,4,0,0.05,0.2,0.08
1.0,all,train,Chopin/Etudes_op_10/1/xml_score.musicxml,Chopin/Etudes_op_10/1/Terenkova02.mid,2.0,20,1,19,4,0,0.05,0.2,0.08
1.0,all,train,Chopin/Etudes_op_10/1/xml_score.musicxml,Chopin/Etudes_op_10/1/Tysman02.mid,0.0,2,0,2,5,0,0.0,0.0,0.0
1.0,all,train,Chopin/Etudes_op_10/1/xml_score.musicxml,Chopin/Etudes_op_10/1/Tysman02.mid,1.0,2,0,2,5,1,0.0,0.0,0.0
1.0,all,train,Chopin/Etudes_op_10/1/xml_score.musicxml,Chopin/Etudes_op_10/1/Tysman02.mid,2.0,2,0,2,5,1,0.0,0.0,0.0
1.0,all,train,Chopin/Etudes_op_10/1/xml_score.musicxml,Chopin/Etudes_op_10/1/Verbaite02.mid,0.0,2,0,2,5,0,0.0,0.0,0.0
1.0,all,train,Chopin/Etudes_op_10/1/xml_score.musicxml,Chopin/Etudes_op_10/1/Verbaite02.mid,1.0,2,0,2,5,0,0.0,0.0,0.0
1.0,all,train,Chopin/Etudes_op_10/1/xml_score.musicxml,Chopin/Etudes_op_10/1/Verbaite02.mid,2.0,2,0,2,5,1,0.0,0.0,0.0
1.0,all,train,Chopin/Etudes_op_10/1/xml_score.musicxml,Chopin/Etudes_op_10/1/YeF03M.mid,0.0,2,0,2,5,0,0.0,0.0,0.0
1.0,all,train,Chopin/Etudes_op_10/1/xml_score.musicxml,Chopin/Etudes_op_10/1/YeF03M.mid,1.0,2,0,2,5,0,0.0,0.0,0.0
1.0,all,train,Chopin/Etudes_op_10/1/xml_score.musicxml,Chopin/Etudes_op_10/1/YeF03M.mid,2.0,2,0,2,5,0,0.0,0.0,0.0
1.0,all,train,Chopin/Etudes_op_10/1/xml_score.musicxml,Chopin/Etudes_op_10/1/YuP02M.mid,0.0,14,0,14,5,0,0.0,0.0,0.0
1.0,all,train,Chopin/Etudes_op_10/1/xml_score.musicxml,Chopin/Etudes_op_10/1/YuP02M.mid,1.0,14,1,13,4,1,0.071429,0.2,0.105263
1.0,all,train,Chopin/Etudes_op_10/1/xml_score.musicxml,Chopin/Etudes_op_10/1/YuP02M.mid,2.0,14,1,13,4,1,0.071429,0.2,0.105263
1.0,all,train,Chopin/Etudes_op_10/1/xml_score.musicxml,Chopin/Etudes_op_10/1/Zhdanov02.mid,0.0,6,0,6,5,0,0.0,0.0,0.0
1.0,all,train,Chopin/Etudes_op_10/1/xml_score.musicxml,Chopin/Etudes_op_10/1/Zhdanov02.mid,1.0,6,0,6,5,1,0.0,0.0,0.0
1.0,all,train,Chopin/Etudes_op_10/1/xml_score.musicxml,Chopin/Etudes_op_10/1/Zhdanov02.mid,2.0,6,0,6,5,1,0.0,0.0,0.0
1.0,all,train,Chopin/Etudes_op_10/1/xml_score.musicxml,Chopin/Etudes_op_10/1/Zukiewicz02.mid,0.0,34,1,33,4,0,0.029412,0.2,0.051282
1.0,all,train,Chopin/Etudes_op_10/1/xml_score.musicxml,Chopin/Etudes_op_10/1/Zukiewicz02.mid,1.0,34,1,33,4,0,0.029412,0.2,0.051282
1.0,all,train,Chopin/Etudes_op_10/1/xml_score.musicxml,Chopin/Etudes_op_10/1/Zukiewicz02.mid,2.0,34,1,33,4,0,0.029412,0.2,0.051282
1.0,all,train,Chopin/Etudes_op_10/10/xml_score.musicxml,Chopin/Etudes_op_10/10/Na_2009_02.mid,0.0,6,3,3,283,0,0.5,0.01049,0.020548
1.0,all,train,Chopin/Etudes_op_10/10/xml_score.musicxml,Chopin/Etudes_op_10/10/Na_2009_02.mid,1.0,6,5,1,281,1,0.833333,0.017483,0.034247
1.0,all,train,Chopin/Etudes_op_10/10/xml_score.musicxml,Chopin/Etudes_op_10/10/Na_2009_02.mid,2.0,6,6,0,280,0,1.0,0.020979,0.041096
1.0,all,train,Chopin/Etudes_op_10/10/xml_score.musicxml,Chopin/Etudes_op_10/10/WangH02M.mid,0.0,4,1,3,285,0,0.25,0.003497,0.006897
1.0,all,train,Chopin/Etudes_op_10/10/xml_score.musicxml,Chopin/Etudes_op_10/10/WangH02M.mid,1.0,4,3,1,283,1,0.75,0.01049,0.02069
1.0,all,train,Chopin/Etudes_op_10/10/xml_score.musicxml,Chopin/Etudes_op_10/10/WangH02M.mid,2.0,4,4,0,282,0,1.0,0.013986,0.027586
1.0,all,train,Chopin/Etudes_op_10/10/xml_score.musicxml,Chopin/Etudes_op_10/10/Wilshire02.mid,0.0,4,0,4,286,0,0.0,0.0,0.0
1.0,all,train,Chopin/Etudes_op_10/10/xml_score.musicxml,Chopin/Etudes_op_10/10/Wilshire02.mid,1.0,4,2,2,284,1,0.5,0.006993,0.013793
1.0,all,train,Chopin/Etudes_op_10/10/xml_score.musicxml,Chopin/Etudes_op_10/10/Wilshire02.mid,2.0,4,3,1,283,0,0.75,0.01049,0.02069
1.0,all,train,Chopin/Etudes_op_10/10/xml_score.musicxml,Chopin/Etudes_op_10/10/Yanagitani02.mid,0.0,4,1,3,285,0,0.25,0.003497,0.006897
1.0,all,train,Chopin/Etudes_op_10/10/xml_score.musicxml,Chopin/Etudes_op_10/10/Yanagitani02.mid,1.0,4,3,1,283,1,0.75,0.01049,0.02069
1.0,all,train,Chopin/Etudes_op_10/10/xml_score.musicxml,Chopin/Etudes_op_10/10/Yanagitani02.mid,2.0,4,4,0,282,0,1.0,0.013986,0.027586
1.0,all,train,Chopin/Etudes_op_10/5/xml_score.musicxml,Chopin/Etudes_op_10/5/Bach02.mid,0.0,12,0,12,12,0,0.0,0.0,0.0
1.0,all,train,Chopin/Etudes_op_10/5/xml_score.musicxml,Chopin/Etudes_op_10/5/Bach02.mid,1.0,12,3,9,9,0,0.25,0.25,0.25
1.0,all,train,Chopin/Etudes_op_10/5/xml_score.musicxml,Chopin/Etudes_op_10/5/Bach02.mid,2.0,12,3,9,9,0,0.25,0.25,0.25
1.0,all,train,Chopin/Etudes_op_10/5/xml_score.musicxml,Chopin/Etudes_op_10/5/Feiner_2006_02.mid,0.0,8,0,8,12,0,0.0,0.0,0.0
1.0,all,train,Chopin/Etudes_op_10/5/xml_score.musicxml,Chopin/Etudes_op_10/5/Feiner_2006_02.mid,1.0,8,1,7,11,0,0.125,0.083333,0.1
1.0,all,train,Chopin/Etudes_op_10/5/xml_score.musicxml,Chopin/Etudes_op_10/5/Feiner_2006_02.mid,2.0,8,1,7,11,0,0.125,0.083333,0.1
1.0,all,train,Chopin/Etudes_op_10/5/xml_score.musicxml,Chopin/Etudes_op_10/5/KimEunhae04.mid,0.0,16,0,16,12,0,0.0,0.0,0.0
1.0,all,train,Chopin/Etudes_op_10/5/xml_score.musicxml,Chopin/Etudes_op_10/5/KimEunhae04.mid,1.0,16,4,12,8,1,0.25,0.333333,0.285714
1.0,all,train,Chopin/Etudes_op_10/5/xml_score.musicxml,Chopin/Etudes_op_10/5/KimEunhae04.mid,2.0,16,5,11,7,0,0.3125,0.416667,0.357143
1.0,all,train,Chopin/Etudes_op_10/5/xml_score.musicxml,Chopin/Etudes_op_10/5/Koshoeva02.mid,0.0,12,0,12,12,0,0.0,0.0,0.0
1.0,all,train,Chopin/Etudes_op_10/5/xml_score.musicxml,Chopin/Etudes_op_10/5/Koshoeva02.mid,1.0,12,0,12,12,1,0.0,0.0,0.0
1.0,all,train,Chopin/Etudes_op_10/5/xml_score.musicxml,Chopin/Etudes_op_10/5/Koshoeva02.mid,2.0,12,2,10,10,1,0.166667,0.166667,0.166667
1.0,all,train,Chopin/Etudes_op_10/5/xml_score.musicxml,Chopin/Etudes_op_10/5/LIAO03.mid,0.0,10,0,10,12,0,0.0,0.0,0.0
1.0,all,train,Chopin/Etudes_op_10/5/xml_score.musicxml,Chopin/Etudes_op_10/5/LIAO03.mid,1.0,10,0,10,12,0,0.0,0.0,0.0
1.0,all,train,Chopin/Etudes_op_10/5/xml_score.musicxml,Chopin/Etudes_op_10/5/LIAO03.mid,2.0,10,1,9,11,0,0.1,0.083333,0.090909
1.0,all,train,Chopin/Etudes_op_10/5/xml_score.musicxml,Chopin/Etudes_op_10/5/LiA03M.mid,0.0,14,0,14,12,0,0.0,0.0,0.0
1.0,all,train,Chopin/Etudes_op_10/5/xml_score.musicxml,Chopin/Etudes_op_10/5/LiA03M.mid,1.0,14,0,14,12,2,0.0,0.0,0.0
1.0,all,train,Chopin/Etudes_op_10/5/xml_score.musicxml,Chopin/Etudes_op_10/5/LiA03M.mid,2.0,14,2,12,10,0,0.142857,0.166667,0.153846
1.0,all,train,Chopin/Etudes_op_10/5/xml_score.musicxml,Chopin/Etudes_op_10/5/LiC02M.mid,0.0,12,0,12,12,0,0.0,0.0,0.0
1.0,all,train,Chopin/Etudes_op_10/5/xml_score.musicxml,Chopin/Etudes_op_10/5/LiC02M.mid,1.0,12,0,12,12,0,0.0,0.0,0.0
1.0,all,train,Chopin/Etudes_op_10/5/xml_score.musicxml,Chopin/Etudes_op_10/5/LiC02M.mid,2.0,12,0,12,12,0,0.0,0.0,0.0
1.0,all,train,Chopin/Etudes_op_10/5/xml_score.musicxml,Chopin/Etudes_op_10/5/Rozanski03.mid,0.0,14,0,14,12,0,0.0,0.0,0.0
1.0,all,train,Chopin/Etudes_op_10/5/xml_score.musicxml,Chopin/Etudes_op_10/5/Rozanski03.mid,1.0,14,0,14,12,0,0.0,0.0,0.0
1.0,all,train,Chopin/Etudes_op_10/5/xml_score.musicxml,Chopin/Etudes_op_10/5/Rozanski03.mid,2.0,14,1,13,11,0,0.071429,0.083333,0.076923
1.0,all,train,Chopin/Etudes_op_10/5/xml_score.musicxml,Chopin/Etudes_op_10/5/Tario02.mid,0.0,8,0,8,12,0,0.0,0.0,0.0
1.0,all,train,Chopin/Etudes_op_10/5/xml_score.musicxml,Chopin/Etudes_op_10/5/Tario02.mid,1.0,8,0,8,12,0,0.0,0.0,0.0
1.0,all,train,Chopin/Etudes_op_10/5/xml_score.musicxml,Chopin/Etudes_op_10/5/Tario02.mid,2.0,8,0,8,12,0,0.0,0.0,0.0
1.0,all,train,Chopin/Etudes_op_10/5/xml_score.musicxml,Chopin/Etudes_op_10/5/USHIKI03.mid,0.0,14,0,14,12,0,0.0,0.0,0.0
1.0,all,train,Chopin/Etudes_op_10/5/xml_score.musicxml,Chopin/Etudes_op_10/5/USHIKI03.mid,1.0,14,1,13,11,0,0.071429,0.083333,0.076923
1.0,all,train,Chopin/Etudes_op_10/5/xml_score.musicxml,Chopin/Etudes_op_10/5/USHIKI03.mid,2.0,14,1,13,11,0,0.071429,0.083333,0.076923
1.0,all,train,Chopin/Etudes_op_10/5/xml_score.musicxml,Chopin/Etudes_op_10/5/ZhangW03M.mid,0.0,20,0,20,12,0,0.0,0.0,0.0
1.0,all,train,Chopin/Etudes_op_10/5/xml_score.musicxml,Chopin/Etudes_op_10/5/ZhangW03M.mid,1.0,20,1,19,11,0,0.05,0.083333,0.0625
1.0,all,train,Chopin/Etudes_op_10/5/xml_score.musicxml,Chopin/Etudes_op_10/5/ZhangW03M.mid,2.0,20,3,17,9,0,0.15,0.25,0.1875
1.0,all,val,Chopin/Etudes_op_10/7/xml_score.musicxml,Chopin/Etudes_op_10/7/ChenL02.mid,0.0,10,2,8,16,0,0.2,0.111111,0.142857
1.0,all,val,Chopin/Etudes_op_10/7/xml_score.musicxml,Chopin/Etudes_op_10/7/ChenL02.mid,1.0,10,6,4,12,0,0.6,0.333333,0.428571
1.0,all,val,Chopin/Etudes_op_10/7/xml_score.musicxml,Chopin/Etudes_op_10/7/ChenL02.mid,2.0,10,6,4,12,0,0.6,0.333333,0.428571
1.0,all,val,Chopin/Etudes_op_10/7/xml_score.musicxml,Chopin/Etudes_op_10/7/Namirovsky02.mid,0.0,6,1,5,17,0,0.166667,0.055556,0.083333
1.0,all,val,Chopin/Etudes_op_10/7/xml_score.musicxml,Chopin/Etudes_op_10/7/Namirovsky02.mid,1.0,6,3,3,15,0,0.5,0.166667,0.25
1.0,all,val,Chopin/Etudes_op_10/7/xml_score.musicxml,Chopin/Etudes_op_10/7/Namirovsky02.mid,2.0,6,3,3,15,0,0.5,0.166667,0.25
1.0,all,val,Chopin/Etudes_op_10/7/xml_score.musicxml,Chopin/Etudes_op_10/7/SINKEV03.mid,0.0,4,2,2,16,0,0.5,0.111111,0.181818
1.0,all,val,Chopin/Etudes_op_10/7/xml_score.musicxml,Chopin/Etudes_op_10/7/SINKEV03.mid,1.0,4,4,0,14,0,1.0,0.222222,0.363636
1.0,all,val,Chopin/Etudes_op_10/7/xml_score.musicxml,Chopin/Etudes_op_10/7/SINKEV03.mid,2.0,4,4,0,14,0,1.0,0.222222,0.363636
1.0,all,test,Chopin/Etudes_op_10/8/xml_score.musicxml,Chopin/Etudes_op_10/8/BENABD02.mid,0.0,48,7,41,65,0,0.145833,0.097222,0.116667
1.0,all,test,Chopin/Etudes_op_10/8/xml_score.musicxml,Chopin/Etudes_op_10/8/BENABD02.mid,1.0,48,18,30,54,0,0.375,0.25,0.3
1.0,all,test,Chopin/Etudes_op_10/8/xml_score.musicxml,Chopin/Etudes_op_10/8/BENABD02.mid,2.0,48,20,28,52,1,0.416667,0.277778,0.333333
1.0,all,test,Chopin/Etudes_op_10/8/xml_score.musicxml,Chopin/Etudes_op_10/8/Benabdallah02.mid,0.0,52,4,48,68,0,0.076923,0.055556,0.064516
1.0,all,test,Chopin/Etudes_op_10/8/xml_score.musicxml,Chopin/Etudes_op_10/8/Benabdallah02.mid,1.0,52,20,32,52,0,0.384615,0.277778,0.322581
1.0,all,test,Chopin/Etudes_op_10/8/xml_score.musicxml,Chopin/Etudes_op_10/8/Benabdallah02.mid,2.0,52,22,30,50,1,0.423077,0.305556,0.354839
1.0,all,test,Chopin/Etudes_op_10/8/xml_score.musicxml,Chopin/Etudes_op_10/8/CHOE01.mid,0.0,56,2,54,70,0,0.035714,0.027778,0.03125
1.0,all,test,Chopin/Etudes_op_10/8/xml_score.musicxml,Chopin/Etudes_op_10/8/CHOE01.mid,1.0,56,14,42,58,0,0.25,0.194444,0.21875
1.0,all,test,Chopin/Etudes_op_10/8/xml_score.musicxml,Chopin/Etudes_op_10/8/CHOE01.mid,2.0,56,18,38,54,0,0.321429,0.25,0.28125
1.0,all,test,Chopin/Etudes_op_10/8/xml_score.musicxml,Chopin/Etudes_op_10/8/ChenJie03.mid,0.0,44,0,44,72,0,0.0,0.0,0.0
1.0,all,test,Chopin/Etudes_op_10/8/xml_score.musicxml,Chopin/Etudes_op_10/8/ChenJie03.mid,1.0,44,2,42,70,4,0.045455,0.027778,0.034483
1.0,all,test,Chopin/Etudes_op_10/8/xml_score.musicxml,Chopin/Etudes_op_10/8/ChenJie03.mid,2.0,44,7,37,65,4,0.159091,0.097222,0.12069
1.0,all,test,Chopin/Etudes_op_10/8/xml_score.musicxml,Chopin/Etudes_op_10/8/FONG02.mid,0.0,62,3,59,69,0,0.048387,0.041667,0.044776
1.0,all,test,Chopin/Etudes_op_10/8/xml_score.musicxml,Chopin/Etudes_op_10/8/FONG02.mid,1.0,62,15,47,57,1,0.241935,0.208333,0.223881
1.0,all,test,Chopin/Etudes_op_10/8/xml_score.musicxml,Chopin/Etudes_op_10/8/FONG02.mid,2.0,62,21,41,51,1,0.33871,0.291667,0.313433
1.0,all,test,Chopin/Etudes_op_10/8/xml_score.musicxml,Chopin/Etudes_op_10/8/Georgieva03.mid,0.0,48,0,48,72,0,0.0,0.0,0.0
1.0,all,test,Chopin/Etudes_op_10/8/xml_score.musicxml,Chopin/Etudes_op_10/8/Georgieva03.mid,1.0,48,5,43,67,3,0.104167,0.069444,0.083333
1.0,all,test,Chopin/Etudes_op_10/8/xml_score.musicxml,Chopin/Etudes_op_10/8/Georgieva03.mid,2.0,48,7,41,65,5,0.145833,0.097222,0.116667
1.0,all,test,Chopin/Etudes_op_10/8/xml_score.musicxml,Chopin/Etudes_op_10/8/IVLEVA02.mid,0.0,52,3,49,69,0,0.057692,0.041667,0.048387
1.0,all,test,Chopin/Etudes_op_10/8/xml_score.musicxml,Chopin/Etudes_op_10/8/IVLEVA02.mid,1.0,52,11,41,61,4,0.211538,0.152778,0.177419
1.0,all,test,Chopin/Etudes_op_10/8/xml_score.musicxml,Chopin/Etudes_op_10/8/IVLEVA02.mid,2.0,52,15,37,57,3,0.288462,0.208333,0.241935
1.0,all,test,Chopin/Etudes_op_10/8/xml_score.musicxml,Chopin/Etudes_op_10/8/Kwok02.mid,0.0,62,5,57,67,0,0.080645,0.069444,0.074627
1.0,all,test,Chopin/Etudes_op_10/8/xml_score.musicxml,Chopin/Etudes_op_10/8/Kwok02.mid,1.0,62,16,46,56,3,0.258065,0.222222,0.238806
1.0,all,test,Chopin/Etudes_op_10/8/xml_score.musicxml,Chopin/Etudes_op_10/8/Kwok02.mid,2.0,62,23,39,49,2,0.370968,0.319444,0.343284
1.0,all,test,Chopin/Etudes_op_10/8/xml_score.musicxml,Chopin/Etudes_op_10/8/KyykhynenT09M.mid,0.0,42,3,39,69,0,0.071429,0.041667,0.052632
1.0,all,test,Chopin/Etudes_op_10/8/xml_score.musicxml,Chopin/Etudes_op_10/8/KyykhynenT09M.mid,1.0,42,15,27,57,2,0.357143,0.208333,0.263158
1.0,all,test,Chopin/Etudes_op_10/8/xml_score.musicxml,Chopin/Etudes_op_10/8/KyykhynenT09M.mid,2.0,42,17,25,55,1,0.404762,0.236111,0.298246
1.0,all,test,Chopin/Etudes_op_10/8/xml_score.musicxml,Chopin/Etudes_op_10/8/LeeEunjin02.mid,0.0,54,6,48,66,0,0.111111,0.083333,0.095238
1.0,all,test,Chopin/Etudes_op_10/8/xml_score.musicxml,Chopin/Etudes_op_10/8/LeeEunjin02.mid,1.0,54,17,37,55,0,0.314815,0.236111,0.269841
1.0,all,test,Chopin/Etudes_op_10/8/xml_score.musicxml,Chopin/Etudes_op_10/8/LeeEunjin02.mid,2.0,54,20,34,52,0,0.37037,0.277778,0.31746
1.0,all,test,Chopin/Etudes_op_10/8/xml_score.musicxml,Chopin/Etudes_op_10/8/LeeHwakyu02.mid,0.0,56,0,56,72,0,0.0,0.0,0.0
1.0,all,test,Chopin/Etudes_op_10/8/xml_score.musicxml,Chopin/Etudes_op_10/8/LeeHwakyu02.mid,1.0,56,3,53,69,6,0.053571,0.041667,0.046875
1.0,all,test,Chopin/Etudes_op_10/8/xml_score.musicxml,Chopin/Etudes_op_10/8/LeeHwakyu02.mid,2.0,56,8,48,64,8,0.142857,0.111111,0.125
1.0,all,test,Chopin/Etudes_op_10/8/xml_score.musicxml,Chopin/Etudes_op_10/8/LeeJisun02.mid,0.0,30,1,29,71,0,0.033333,0.013889,0.019608
1.0,all,test,Chopin/Etudes_op_10/8/xml_score.musicxml,Chopin/Etudes_op_10/8/LeeJisun02.mid,1.0,30,3,27,69,0,0.1,0.041667,0.058824
1.0,all,test,Chopin/Etudes_op_10/8/xml_score.musicxml,Chopin/Etudes_op_10/8/LeeJisun02.mid,2.0,30,7,23,65,1,0.233333,0.097222,0.137255
1.0,all,test,Chopin/Etudes_op_10/8/xml_score.musicxml,Chopin/Etudes_op_10/8/LiuLangning02.mid,0.0,50,2,48,70,0,0.04,0.027778,0.032787
1.0,all,test,Chopin/Etudes_op_10/8/xml_score.musicxml,Chopin/Etudes_op_10/8/LiuLangning02.mid,1.0,50,11,39,61,4,0.22,0.152778,0.180328
1.0,all,test,Chopin/Etudes_op_10/8/xml_score.musicxml,Chopin/Etudes_op_10/8/LiuLangning02.mid,2.0,50,16,34,56,3,0.32,0.222222,0.262295
1.0,all,test,Chopin/Etudes_op_10/8/xml_score.musicxml,Chopin/Etudes_op_10/8/Lou03M.mid,0.0,66,3,63,69,0,0.045455,0.041667,0.043478
1.0,all,test,Chopin/Etudes_op_10/8/xml_score.musicxml,Chopin/Etudes_op_10/8/Lou03M.mid,1.0,66,12,54,60,1,0.181818,0.166667,0.173913
1.0,all,test,Chopin/Etudes_op_10/8/xml_score.musicxml,Chopin/Etudes_op_10/8/Lou03M.mid,2.0,66,22,44,50,1,0.333333,0.305556,0.318841
1.0,all,test,Chopin/Etudes_op_10/8/xml_score.musicxml,Chopin/Etudes_op_10/8/LuEric03M.mid,0.0,56,3,53,69,0,0.053571,0.041667,0.046875
1.0,all,test,Chopin/Etudes_op_10/8/xml_score.musicxml,Chopin/Etudes_op_10/8/LuEric03M.mid,1.0,56,12,44,60,7,0.214286,0.166667,0.1875
1.0,all,test,Chopin/Etudes_op_10/8/xml_score.musicxml,Chopin/Etudes_op_10/8/LuEric03M.mid,2.0,56,14,42,58,9,0.25,0.194444,0.21875
1.0,all,test,Chopin/Etudes_op_10/8/xml_score.musicxml,Chopin/Etudes_op_10/8/Masycheva02.mid,0.0,52,4,48,68,0,0.076923,0.055556,0.064516
1.0,all,test,Chopin/Etudes_op_10/8/xml_score.musicxml,Chopin/Etudes_op_10/8/Masycheva02.mid,1.0,52,11,41,61,2,0.211538,0.152778,0.177419
1.0,all,test,Chopin/Etudes_op_10/8/xml_score.musicxml,Chopin/Etudes_op_10/8/Masycheva02.mid,2.0,52,16,36,56,2,0.307692,0.222222,0.258065
1.0,all,test,Chopin/Etudes_op_10/8/xml_score.musicxml,Chopin/Etudes_op_10/8/MiyashitaM05M.mid,0.0,50,4,46,68,0,0.08,0.055556,0.065574
1.0,all,test,Chopin/Etudes_op_10/8/xml_score.musicxml,Chopin/Etudes_op_10/8/MiyashitaM05M.mid,1.0,50,17,33,55,1,0.34,0.236111,0.278689
1.0,all,test,Chopin/Etudes_op_10/8/xml_score.musicxml,Chopin/Etudes_op_10/8/MiyashitaM05M.mid,2.0,50,20,30,52,2,0.4,0.277778,0.327869
1.0,all,test,Chopin/Etudes_op_10/8/xml_score.musicxml,Chopin/Etudes_op_10/8/ParkH02.mid,0.0,48,0,48,72,0,0.0,0.0,0.0
1.0,all,test,Chopin/Etudes_op_10/8/xml_score.musicxml,Chopin/Etudes_op_10/8/ParkH02.mid,1.0,48,15,33,57,1,0.3125,0.208333,0.25
1.0,all,test,Chopin/Etudes_op_10/8/xml_score.musicxml,Chopin/Etudes_op_10/8/ParkH02.mid,2.0,48,19,29,53,3,0.395833,0.263889,0.316667
1.0,all,test,Chopin/Etudes_op_10/8/xml_score.musicxml,Chopin/Etudes_op_10/8/Rizikov03M.mid,0.0,46,2,44,70,0,0.043478,0.027778,0.033898
1.0,all,test,Chopin/Etudes_op_10/8/xml_score.musicxml,Chopin/Etudes_op_10/8/Rizikov03M.mid,1.0,46,12,34,60,1,0.26087,0.166667,0.20339
1.0,all,test,Chopin/Etudes_op_10/8/xml_score.musicxml,Chopin/Etudes_op_10/8/Rizikov03M.mid,2.0,46,14,32,58,4,0.304348,0.194444,0.237288
1.0,all,test,Chopin/Etudes_op_10/8/xml_score.musicxml,Chopin/Etudes_op_10/8/SCHU03.mid,0.0,52,5,47,67,0,0.096154,0.069444,0.080645
1.0,all,test,Chopin/Etudes_op_10/8/xml_score.musicxml,Chopin/Etudes_op_10/8/SCHU03.mid,1.0,52,13,39,59,0,0.25,0.180556,0.209677
1.0,all,test,Chopin/Etudes_op_10/8/xml_score.musicxml,Chopin/Etudes_op_10/8/SCHU03.mid,2.0,52,21,31,51,3,0.403846,0.291667,0.33871
1.0,all,test,Chopin/Etudes_op_10/8/xml_score.musicxml,Chopin/Etudes_op_10/8/Sekino03.mid,0.0,48,0,48,72,0,0.0,0.0,0.0
1.0,all,test,Chopin/Etudes_op_10/8/xml_score.musicxml,Chopin/Etudes_op_10/8/Sekino03.mid,1.0,48,9,39,63,3,0.1875,0.125,0.15
1.0,all,test,Chopin/Etudes_op_10/8/xml_score.musicxml,Chopin/Etudes_op_10/8/Sekino03.mid,2.0,48,15,33,57,5,0.3125,0.208333,0.25
1.0,all,test,Chopin/Etudes_op_10/8/xml_score.musicxml,Chopin/Etudes_op_10/8/Shilyaev02.mid,0.0,52,2,50,70,0,0.038462,0.027778,0.032258
1.0,all,test,Chopin/Etudes_op_10/8/xml_score.musicxml,Chopin/Etudes_op_10/8/Shilyaev02.mid,1.0,52,14,38,58,2,0.269231,0.194444,0.225806
1.0,all,test,Chopin/Etudes_op_10/8/xml_score.musicxml,Chopin/Etudes_op_10/8/Shilyaev02.mid,2.0,52,22,30,50,1,0.423077,0.305556,0.354839
1.0,all,test,Chopin/Etudes_op_10/8/xml_score.musicxml,Chopin/Etudes_op_10/8/Soukhovetski02.mid,0.0,86,3,83,69,0,0.034884,0.041667,0.037975
1.0,all,test,Chopin/Etudes_op_10/8/xml_score.musicxml,Chopin/Etudes_op_10/8/Soukhovetski02.mid,1.0,86,20,66,52,5,0.232558,0.277778,0.253165
1.0,all,test,Chopin/Etudes_op_10/8/xml_score.musicxml,Chopin/Etudes_op_10/8/Soukhovetski02.mid,2.0,86,28,58,44,4,0.325581,0.388889,0.35443
1.0,all,test,Chopin/Etudes_op_10/8/xml_score.musicxml,Chopin/Etudes_op_10/8/Tak02.mid,0.0,50,3,47,69,0,0.06,0.041667,0.04918
1.0,all,test,Chopin/Etudes_op_10/8/xml_score.musicxml,Chopin/Etudes_op_10/8/Tak02.mid,1.0,50,20,30,52,0,0.4,0.277778,0.327869
1.0,all,test,Chopin/Etudes_op_10/8/xml_score.musicxml,Chopin/Etudes_op_10/8/Tak02.mid,2.0,50,25,25,47,1,0.5,0.347222,0.409836
1.0,all,test,Chopin/Etudes_op_10/8/xml_score.musicxml,Chopin/Etudes_op_10/8/Tetzloff02.mid,0.0,48,1,47,71,0,0.020833,0.013889,0.016667
1.0,all,test,Chopin/Etudes_op_10/8/xml_score.musicxml,Chopin/Etudes_op_10/8/Tetzloff02.mid,1.0,48,8,40,64,1,0.166667,0.111111,0.133333
1.0,all,test,Chopin/Etudes_op_10/8/xml_score.musicxml,Chopin/Etudes_op_10/8/Tetzloff02.mid,2.0,48,14,34,58,2,0.291667,0.194444,0.233333
1.0,all,test,Chopin/Etudes_op_10/8/xml_score.musicxml,Chopin/Etudes_op_10/8/Tetzloff07M.mid,0.0,56,2,54,70,0,0.035714,0.027778,0.03125
1.0,all,test,Chopin/Etudes_op_10/8/xml_score.musicxml,Chopin/Etudes_op_10/8/Tetzloff07M.mid,1.0,56,11,45,61,4,0.196429,0.152778,0.171875
1.0,all,test,Chopin/Etudes_op_10/8/xml_score.musicxml,Chopin/Etudes_op_10/8/Tetzloff07M.mid,2.0,56,16,40,56,3,0.285714,0.222222,0.25
1.0,all,test,Chopin/Etudes_op_10/8/xml_score.musicxml,Chopin/Etudes_op_10/8/YOU02.mid,0.0,52,2,50,70,0,0.038462,0.027778,0.032258
1.0,all,test,Chopin/Etudes_op_10/8/xml_score.musicxml,Chopin/Etudes_op_10/8/YOU02.mid,1.0,52,10,42,62,3,0.192308,0.138889,0.16129
1.0,all,test,Chopin/Etudes_op_10/8/xml_score.musicxml,Chopin/Etudes_op_10/8/YOU02.mid,2.0,52,21,31,51,3,0.403846,0.291667,0.33871
1.0,all,test,Chopin/Etudes_op_10/8/xml_score.musicxml,Chopin/Etudes_op_10/8/Zhou03M.mid,0.0,68,4,64,68,0,0.058824,0.055556,0.057143
1.0,all,test,Chopin/Etudes_op_10/8/xml_score.musicxml,Chopin/Etudes_op_10/8/Zhou03M.mid,1.0,68,16,52,56,6,0.235294,0.222222,0.228571
1.0,all,test,Chopin/Etudes_op_10/8/xml_score.musicxml,Chopin/Etudes_op_10/8/Zhou03M.mid,2.0,68,22,46,50,4,0.323529,0.305556,0.314286
1.0,all,train,Chopin/Etudes_op_25/1/xml_score.musicxml,Chopin/Etudes_op_25/1/Erice03.mid,0.0,2,0,2,182,0,0.0,0.0,0.0
1.0,all,train,Chopin/Etudes_op_25/1/xml_score.musicxml,Chopin/Etudes_op_25/1/Erice03.mid,1.0,2,0,2,182,0,0.0,0.0,0.0
1.0,all,train,Chopin/Etudes_op_25/1/xml_score.musicxml,Chopin/Etudes_op_25/1/Erice03.mid,2.0,2,0,2,182,0,0.0,0.0,0.0
1.0,all,train,Chopin/Etudes_op_25/1/xml_score.musicxml,Chopin/Etudes_op_25/1/LeeN03M.mid,0.0,2,0,2,182,0,0.0,0.0,0.0
1.0,all,train,Chopin/Etudes_op_25/1/xml_score.musicxml,Chopin/Etudes_op_25/1/LeeN03M.mid,1.0,2,0,2,182,0,0.0,0.0,0.0
1.0,all,train,Chopin/Etudes_op_25/1/xml_score.musicxml,Chopin/Etudes_op_25/1/LeeN03M.mid,2.0,2,0,2,182,0,0.0,0.0,0.0
1.0,all,train,Chopin/Etudes_op_25/1/xml_score.musicxml,Chopin/Etudes_op_25/1/TongB02M.mid,0.0,2,0,2,182,0,0.0,0.0,0.0
1.0,all,train,Chopin/Etudes_op_25/1/xml_score.musicxml,Chopin/Etudes_op_25/1/TongB02M.mid,1.0,2,0,2,182,0,0.0,0.0,0.0
1.0,all,train,Chopin/Etudes_op_25/1/xml_score.musicxml,Chopin/Etudes_op_25/1/TongB02M.mid,2.0,2,0,2,182,0,0.0,0.0,0.0
1.0,all,train,Chopin/Etudes_op_25/1/xml_score.musicxml,Chopin/Etudes_op_25/1/TuanS04M.mid,0.0,2,0,2,182,0,0.0,0.0,0.0
1.0,all,train,Chopin/Etudes_op_25/1/xml_score.musicxml,Chopin/Etudes_op_25/1/TuanS04M.mid,1.0,2,1,1,181,0,0.5,0.005495,0.01087
1.0,all,train,Chopin/Etudes_op_25/1/xml_score.musicxml,Chopin/Etudes_op_25/1/TuanS04M.mid,2.0,2,1,1,181,0,0.5,0.005495,0.01087
1.0,all,train,Chopin/Etudes_op_25/1/xml_score.musicxml,Chopin/Etudes_op_25/1/Wong03M.mid,0.0,2,0,2,182,0,0.0,0.0,0.0
1.0,all,train,Chopin/Etudes_op_25/1/xml_score.musicxml,Chopin/Etudes_op_25/1/Wong03M.mid,1.0,2,0,2,182,0,0.0,0.0,0.0
1.0,all,train,Chopin/Etudes_op_25/1/xml_score.musicxml,Chopin/Etudes_op_25/1/Wong03M.mid,2.0,2,0,2,182,0,0.0,0.0,0.0
1.0,all,train,Chopin/Etudes_op_25/12/xml_score.musicxml,Chopin/Etudes_op_25/12/Atzinger03.mid,0.0,10,0,10,1,0,0.0,0.0,0.0
1.0,all,train,Chopin/Etudes_op_25/12/xml_score.musicxml,Chopin/Etudes_op_25/12/Atzinger03.mid,1.0,10,0,10,1,0,0.0,0.0,0.0
1.0,all,train,Chopin/Etudes_op_25/12/xml_score.musicxml,Chopin/Etudes_op_25/12/Atzinger03.mid,2.0,10,1,9,0,0,0.1,1.0,0.181818
1.0,all,train,Chopin/Etudes_op_25/12/xml_score.musicxml,Chopin/Etudes_op_25/12/BorickC04M.mid,0.0,2,0,2,1,0,0.0,0.0,0.0
1.0,all,train,Chopin/Etudes_op_25/12/xml_score.musicxml,Chopin/Etudes_op_25/12/BorickC04M.mid,1.0,2,0,2,1,0,0.0,0.0,0.0
1.0,all,train,Chopin/Etudes_op_25/12/xml_score.musicxml,Chopin/Etudes_op_25/12/BorickC04M.mid,2.0,2,1,1,0,0,0.5,1.0,0.666667
1.0,all,train,Chopin/Etudes_op_25/12/xml_score.musicxml,Chopin/Etudes_op_25/12/Golubeva02.mid,0.0,2,0,2,1,0,0.0,0.0,0.0
1.0,all,train,Chopin/Etudes_op_25/12/xml_score.musicxml,Chopin/Etudes_op_25/12/Golubeva02.mid,1.0,2,0,2,1,0,0.0,0.0,0.0
1.0,all,train,Chopin/Etudes_op_25/12/xml_score.musicxml,Chopin/Etudes_op_25/12/Golubeva02.mid,2.0,2,1,1,0,0,0.5,1.0,0.666667
1.0,all,train,Chopin/Etudes_op_25/12/xml_score.musicxml,Chopin/Etudes_op_25/12/HouKimberly03M.mid,0.0,2,0,2,1,0,0.0,0.0,0.0
1.0,all,train,Chopin/Etudes_op_25/12/xml_score.musicxml,Chopin/Etudes_op_25/12/HouKimberly03M.mid,1.0,2,0,2,1,0,0.0,0.0,0.0
1.0,all,train,Chopin/Etudes_op_25/12/xml_score.musicxml,Chopin/Etudes_op_25/12/HouKimberly03M.mid,2.0,2,1,1,0,0,0.5,1.0,0.666667
1.0,all,train,Chopin/Etudes_op_25/12/xml_score.musicxml,Chopin/Etudes_op_25/12/KWON03.mid,0.0,2,1,1,0,0,0.5,1.0,0.666667
1.0,all,train,Chopin/Etudes_op_25/12/xml_score.musicxml,Chopin/Etudes_op_25/12/KWON03.mid,1.0,2,1,1,0,0,0.5,1.0,0.666667
1.0,all,train,Chopin/Etudes_op_25/12/xml_score.musicxml,Chopin/Etudes_op_25/12/KWON03.mid,2.0,2,1,1,0,0,0.5,1.0,0.666667
1.0,all,train,Chopin/Etudes_op_25/12/xml_score.musicxml,Chopin/Etudes_op_25/12/Kunz03.mid,0.0,2,0,2,1,0,0.0,0.0,0.0
1.0,all,train,Chopin/Etudes_op_25/12/xml_score.musicxml,Chopin/Etudes_op_25/12/Kunz03.mid,1.0,2,0,2,1,0,0.0,0.0,0.0
1.0,all,train,Chopin/Etudes_op_25/12/xml_score.musicxml,Chopin/Etudes_op_25/12/Kunz03.mid,2.0,2,1,1,0,0,0.5,1.0,0.666667
1.0,all,train,Chopin/Etudes_op_25/12/xml_score.musicxml,Chopin/Etudes_op_25/12/LuA04M.mid,0.0,2,0,2,1,0,0.0,0.0,0.0
1.0,all,train,Chopin/Etudes_op_25/12/xml_score.musicxml,Chopin/Etudes_op_25/12/LuA04M.mid,1.0,2,0,2,1,0,0.0,0.0,0.0
1.0,all,train,Chopin/Etudes_op_25/12/xml_score.musicxml,Chopin/Etudes_op_25/12/LuA04M.mid,2.0,2,1,1,0,0,0.5,1.0,0.666667
1.0,all,train,Chopin/Etudes_op_25/12/xml_score.musicxml,Chopin/Etudes_op_25/12/Meek01.mid,0.0,2,0,2,1,0,0.0,0.0,0.0
1.0,all,train,Chopin/Etudes_op_25/12/xml_score.musicxml,Chopin/Etudes_op_25/12/Meek01.mid,1.0,2,0,2,1,0,0.0,0.0,0.0
1.0,all,train,Chopin/Etudes_op_25/12/xml_score.musicxml,Chopin/Etudes_op_25/12/Meek01.mid,2.0,2,1,1,0,0,0.5,1.0,0.666667
1.0,all,train,Chopin/Etudes_op_25/12/xml_score.musicxml,Chopin/Etudes_op_25/12/Yang03.mid,0.0,2,0,2,1,0,0.0,0.0,0.0
1.0,all,train,Chopin/Etudes_op_25/12/xml_score.musicxml,Chopin/Etudes_op_25/12/Yang03.mid,1.0,2,0,2,1,0,0.0,0.0,0.0
1.0,all,train,Chopin/Etudes_op_25/12/xml_score.musicxml,Chopin/Etudes_op_25/12/Yang03.mid,2.0,2,1,1,0,0,0.5,1.0,0.666667
1.0,all,val,Chopin/Etudes_op_25/8/xml_score.musicxml,Chopin/Etudes_op_25/8/DeTurck02.mid,0.0,12,1,11,95,0,0.083333,0.010417,0.018519
1.0,all,val,Chopin/Etudes_op_25/8/xml_score.musicxml,Chopin/Etudes_op_25/8/DeTurck02.mid,1.0,12,5,7,91,0,0.416667,0.052083,0.092593
1.0,all,val,Chopin/Etudes_op_25/8/xml_score.musicxml,Chopin/Etudes_op_25/8/DeTurck02.mid,2.0,12,5,7,91,0,0.416667,0.052083,0.092593
1.0,all,val,Chopin/Etudes_op_25/8/xml_score.musicxml,Chopin/Etudes_op_25/8/MORET03.mid,0.0,6,0,6,96,0,0.0,0.0,0.0
1.0,all,val,Chopin/Etudes_op_25/8/xml_score.musicxml,Chopin/Etudes_op_25/8/MORET03.mid,1.0,6,3,3,93,0,0.5,0.03125,0.058824
1.0,all,val,Chopin/Etudes_op_25/8/xml_score.musicxml,Chopin/Etudes_op_25/8/MORET03.mid,2.0,6,3,3,93,0,0.5,0.03125,0.058824
1.0,all,val,Chopin/Etudes_op_25/8/xml_score.musicxml,Chopin/Etudes_op_25/8/SOLOM03.mid,0.0,2,1,1,95,0,0.5,0.010417,0.020408
1.0,all,val,Chopin/Etudes_op_25/8/xml_score.musicxml,Chopin/Etudes_op_25/8/SOLOM03.mid,1.0,2,1,1,95,0,0.5,0.010417,0.020408
1.0,all,val,Chopin/Etudes_op_25/8/xml_score.musicxml,Chopin/Etudes_op_25/8/SOLOM03.mid,2.0,2,1,1,95,0,0.5,0.010417,0.020408
1.0,all,val,Chopin/Etudes_op_25/8/xml_score.musicxml,Chopin/Etudes_op_25/8/Toscano02.mid,0.0,4,2,2,94,0,0.5,0.020833,0.04
1.0,all,val,Chopin/Etudes_op_25/8/xml_score.musicxml,Chopin/Etudes_op_25/8/Toscano02.mid,1.0,4,2,2,94,0,0.5,0.020833,0.04
1.0,all,val,Chopin/Etudes_op_25/8/xml_score.musicxml,Chopin/Etudes_op_25/8/Toscano02.mid,2.0,4,2,2,94,0,0.5,0.020833,0.04
1.0,all,train,Chopin/Scherzos/20/xml_score.musicxml,Chopin/Scherzos/20/Kurz04M.mid,0.0,166,3,163,417,0,0.018072,0.007143,0.010239
1.0,all,train,Chopin/Scherzos/20/xml_score.musicxml,Chopin/Scherzos/20/Kurz04M.mid,1.0,166,14,152,406,0,0.084337,0.033333,0.047782
1.0,all,train,Chopin/Scherzos/20/xml_score.musicxml,Chopin/Scherzos/20/Kurz04M.mid,2.0,166,14,152,406,0,0.084337,0.033333,0.047782
1.0,all,train,Chopin/Scherzos/20/xml_score.musicxml,Chopin/Scherzos/20/Wong03.mid,0.0,220,9,211,411,0,0.040909,0.021429,0.028125
1.0,all,train,Chopin/Scherzos/20/xml_score.musicxml,Chopin/Scherzos/20/Wong03.mid,1.0,220,21,199,399,1,0.095455,0.05,0.065625
1.0,all,train,Chopin/Scherzos/20/xml_score.musicxml,Chopin/Scherzos/20/Wong03.mid,2.0,220,29,191,391,3,0.131818,0.069048,0.090625
1.0,all,train,Chopin/Scherzos/20/xml_score.musicxml,Chopin/Scherzos/20/Wong04M.mid,0.0,242,3,239,417,0,0.012397,0.007143,0.009063
1.0,all,train,Chopin/Scherzos/20/xml_score.musicxml,Chopin/Scherzos/20/Wong04M.mid,1.0,242,23,219,397,2,0.095041,0.054762,0.069486
1.0,all,train,Chopin/Scherzos/20/xml_score.musicxml,Chopin/Scherzos/20/Wong04M.mid,2.0,242,28,214,392,0,0.115702,0.066667,0.084592
1.0,all,train,Chopin/Scherzos/20/xml_score.musicxml,Chopin/Scherzos/20/ZhangYunling04M.mid,0.0,276,5,271,415,0,0.018116,0.011905,0.014368
1.0,all,train,Chopin/Scherzos/20/xml_score.musicxml,Chopin/Scherzos/20/ZhangYunling04M.mid,1.0,276,20,256,400,3,0.072464,0.047619,0.057471
1.0,all,train,Chopin/Scherzos/20/xml_score.musicxml,Chopin/Scherzos/20/ZhangYunling04M.mid,2.0,276,28,248,392,1,0.101449,0.066667,0.08046
1.0,all,test,Chopin/Scherzos/31/xml_score.musicxml,Chopin/Scherzos/31/ChenW04M.mid,0.0,190,12,178,467,0,0.063158,0.025052,0.035874
1.0,all,test,Chopin/Scherzos/31/xml_score.musicxml,Chopin/Scherzos/31/ChenW04M.mid,1.0,190,50,140,429,5,0.263158,0.104384,0.149477
1.0,all,test,Chopin/Scherzos/31/xml_score.musicxml,Chopin/Scherzos/31/ChenW04M.mid,2.0,190,66,124,413,5,0.347368,0.137787,0.197309
1.0,all,test,Chopin/Scherzos/31/xml_score.musicxml,Chopin/Scherzos/31/Dossin06.mid,0.0,142,3,139,476,0,0.021127,0.006263,0.009662
1.0,all,test,Chopin/Scherzos/31/xml_score.musicxml,Chopin/Scherzos/31/Dossin06.mid,1.0,142,18,124,461,7,0.126761,0.037578,0.057971
1.0,all,test,Chopin/Scherzos/31/xml_score.musicxml,Chopin/Scherzos/31/Dossin06.mid,2.0,142,34,108,445,2,0.239437,0.070981,0.109501
1.0,all,test,Chopin/Scherzos/31/xml_score.musicxml,Chopin/Scherzos/31/HuNY08M.mid,0.0,230,25,205,454,0,0.108696,0.052192,0.070522
1.0,all,test,Chopin/Scherzos/31/xml_score.musicxml,Chopin/Scherzos/31/HuNY08M.mid,1.0,230,80,150,399,8,0.347826,0.167015,0.22567
1.0,all,test,Chopin/Scherzos/31/xml_score.musicxml,Chopin/Scherzos/31/HuNY08M.mid,2.0,230,115,115,364,3,0.5,0.240084,0.324401
1.0,all,test,Chopin/Scherzos/31/xml_score.musicxml,Chopin/Scherzos/31/Jussow04.mid,0.0,274,28,246,451,0,0.10219,0.058455,0.074369
1.0,all,test,Chopin/Scherzos/31/xml_score.musicxml,Chopin/Scherzos/31/Jussow04.mid,1.0,274,93,181,386,6,0.339416,0.194154,0.247012
1.0,all,test,Chopin/Scherzos/31/xml_score.musicxml,Chopin/Scherzos/31/Jussow04.mid,2.0,274,118,156,361,3,0.430657,0.246347,0.313413
1.0,all,test,Chopin/Scherzos/31/xml_score.musicxml,Chopin/Scherzos/31/Jussow11M.mid,0.0,257,33,224,446,0,0.128405,0.068894,0.089674
1.0,all,test,Chopin/Scherzos/31/xml_score.musicxml,Chopin/Scherzos/31/Jussow11M.mid,1.0,257,93,164,386,4,0.361868,0.194154,0.252717
1.0,all,test,Chopin/Scherzos/31/xml_score.musicxml,Chopin/Scherzos/31/Jussow11M.mid,2.0,257,116,141,363,1,0.451362,0.242171,0.315217
1.0,all,test,Chopin/Scherzos/31/xml_score.musicxml,Chopin/Scherzos/31/LeeN04M.mid,0.0,180,9,171,470,0,0.05,0.018789,0.027314
1.0,all,test,Chopin/Scherzos/31/xml_score.musicxml,Chopin/Scherzos/31/LeeN04M.mid,1.0,180,45,135,434,6,0.25,0.093946,0.136571
1.0,all,test,Chopin/Scherzos/31/xml_score.musicxml,Chopin/Scherzos/31/LeeN04M.mid,2.0,180,69,111,410,3,0.383333,0.14405,0.209408
1.0,all,test,Chopin/Scherzos/31/xml_score.musicxml,Chopin/Scherzos/31/LinTami06M.mid,0.0,178,6,172,473,0,0.033708,0.012526,0.018265
1.0,all,test,Chopin/Scherzos/31/xml_score.musicxml,Chopin/Scherzos/31/LinTami06M.mid,1.0,178,34,144,445,6,0.191011,0.070981,0.103501
1.0,all,test,Chopin/Scherzos/31/xml_score.musicxml,Chopin/Scherzos/31/LinTami06M.mid,2.0,178,53,125,426,4,0.297753,0.110647,0.161339
1.0,all,test,Chopin/Scherzos/31/xml_score.musicxml,Chopin/Scherzos/31/LuoJ12M.mid,0.0,76,10,66,469,0,0.131579,0.020877,0.036036
1.0,all,test,Chopin/Scherzos/31/xml_score.musicxml,Chopin/Scherzos/31/LuoJ12M.mid,1.0,76,19,57,460,1,0.25,0.039666,0.068468
1.0,all,test,Chopin/Scherzos/31/xml_score.musicxml,Chopin/Scherzos/31/LuoJ12M.mid,2.0,76,25,51,454,0,0.328947,0.052192,0.09009
1.0,all,test,Chopin/Scherzos/31/xml_score.musicxml,Chopin/Scherzos/31/SunD04M.mid,0.0,122,8,114,471,0,0.065574,0.016701,0.026622
1.0,all,test,Chopin/Scherzos/31/xml_score.musicxml,Chopin/Scherzos/31/SunD04M.mid,1.0,122,17,105,462,2,0.139344,0.035491,0.056572
1.0,all,test,Chopin/Scherzos/31/xml_score.musicxml,Chopin/Scherzos/31/SunD04M.mid,2.0,122,26,96,453,1,0.213115,0.05428,0.086522
1.0,all,test,Chopin/Scherzos/31/xml_score.musicxml,Chopin/Scherzos/31/TongB04M.mid,0.0,146,11,135,468,0,0.075342,0.022965,0.0352
1.0,all,test,Chopin/Scherzos/31/xml_score.musicxml,Chopin/Scherzos/31/TongB04M.mid,1.0,146,36,110,443,7,0.246575,0.075157,0.1152
1.0,all,test,Chopin/Scherzos/31/xml_score.musicxml,Chopin/Scherzos/31/TongB04M.mid,2.0,146,58,88,421,2,0.39726,0.121086,0.1856
1.0,all,test,Chopin/Scherzos/31/xml_score.musicxml,Chopin/Scherzos/31/TuanS05M.mid,0.0,172,11,161,468,0,0.063953,0.022965,0.033794
1.0,all,test,Chopin/Scherzos/31/xml_score.musicxml,Chopin/Scherzos/31/TuanS05M.mid,1.0,172,35,137,444,8,0.203488,0.073069,0.107527
1.0,all,test,Chopin/Scherzos/31/xml_score.musicxml,Chopin/Scherzos/31/TuanS05M.mid,2.0,172,60,112,419,1,0.348837,0.125261,0.184332
1.0,all,test,Chopin/Scherzos/31/xml_score.musicxml,Chopin/Scherzos/31/ZhangW04M.mid,0.0,258,8,250,471,0,0.031008,0.016701,0.02171
1.0,all,test,Chopin/Scherzos/31/xml_score.musicxml,Chopin/Scherzos/31/ZhangW04M.mid,1.0,258,51,207,428,10,0.197674,0.106472,0.138399
1.0,all,test,Chopin/Scherzos/31/xml_score.musicxml,Chopin/Scherzos/31/ZhangW04M.mid,2.0,258,78,180,401,4,0.302326,0.162839,0.211669
1.0,all,train,Chopin/Scherzos/39/xml_score.musicxml,Chopin/Scherzos/39/Arciglione13M.mid,0.0,180,3,177,215,0,0.016667,0.013761,0.015075
1.0,all,train,Chopin/Scherzos/39/xml_score.musicxml,Chopin/Scherzos/39/Arciglione13M.mid,1.0,180,15,165,203,0,0.083333,0.068807,0.075377
1.0,all,train,Chopin/Scherzos/39/xml_score.musicxml,Chopin/Scherzos/39/Arciglione13M.mid,2.0,180,16,164,202,0,0.088889,0.073394,0.080402
1.0,all,train,Chopin/Scherzos/39/xml_score.musicxml,Chopin/Scherzos/39/Bult-ItoS05M.mid,0.0,160,3,157,215,0,0.01875,0.013761,0.015873
1.0,all,train,Chopin/Scherzos/39/xml_score.musicxml,Chopin/Scherzos/39/Bult-ItoS05M.mid,1.0,160,11,149,207,0,0.06875,0.050459,0.058201
1.0,all,train,Chopin/Scherzos/39/xml_score.musicxml,Chopin/Scherzos/39/Bult-ItoS05M.mid,2.0,160,12,148,206,1,0.075,0.055046,0.063492
1.0,all,train,Chopin/Sonata_2/1st_no_repeat/xml_score.musicxml,Chopin/Sonata_2/1st_no_repeat/Giltburg02.mid,0.0,14,0,14,1,0,0.0,0.0,0.0
1.0,all,train,Chopin/Sonata_2/1st_no_repeat/xml_score.musicxml,Chopin/Sonata_2/1st_no_repeat/Giltburg02.mid,1.0,14,0,14,1,0,0.0,0.0,0.0
1.0,all,train,Chopin/Sonata_2/1st_no_repeat/xml_score.musicxml,Chopin/Sonata_2/1st_no_repeat/Giltburg02.mid,2.0,14,0,14,1,0,0.0,0.0,0.0
1.0,all,train,Chopin/Sonata_2/1st_no_repeat/xml_score.musicxml,Chopin/Sonata_2/1st_no_repeat/Jia03.mid,0.0,12,0,12,1,0,0.0,0.0,0.0
1.0,all,train,Chopin/Sonata_2/1st_no_repeat/xml_score.musicxml,Chopin/Sonata_2/1st_no_repeat/Jia03.mid,1.0,12,0,12,1,0,0.0,0.0,0.0
1.0,all,train,Chopin/Sonata_2/1st_no_repeat/xml_score.musicxml,Chopin/Sonata_2/1st_no_repeat/Jia03.mid,2.0,12,0,12,1,0,0.0,0.0,0.0
1.0,all,train,Chopin/Sonata_2/1st_no_repeat/xml_score.musicxml,Chopin/Sonata_2/1st_no_repeat/Knoll10.mid,0.0,8,0,8,1,0,0.0,0.0,0.0
1.0,all,train,Chopin/Sonata_2/1st_no_repeat/xml_score.musicxml,Chopin/Sonata_2/1st_no_repeat/Knoll10.mid,1.0,8,0,8,1,0,0.0,0.0,0.0
1.0,all,train,Chopin/Sonata_2/1st_no_repeat/xml_score.musicxml,Chopin/Sonata_2/1st_no_repeat/Knoll10.mid,2.0,8,0,8,1,0,0.0,0.0,0.0
1.0,all,train,Chopin/Sonata_2/1st_no_repeat/xml_score.musicxml,Chopin/Sonata_2/1st_no_repeat/MATSUM03.mid,0.0,24,0,24,1,0,0.0,0.0,0.0
1.0,all,train,Chopin/Sonata_2/1st_no_repeat/xml_score.musicxml,Chopin/Sonata_2/1st_no_repeat/MATSUM03.mid,1.0,24,0,24,1,0,0.0,0.0,0.0
1.0,all,train,Chopin/Sonata_2/1st_no_repeat/xml_score.musicxml,Chopin/Sonata_2/1st_no_repeat/MATSUM03.mid,2.0,24,0,24,1,0,0.0,0.0,0.0
1.0,all,test,Chopin/Sonata_2/2nd_no_repeat/xml_score.musicxml,Chopin/Sonata_2/2nd_no_repeat/Giltburg02.mid,0.0,76,0,76,1,0,0.0,0.0,0.0
1.0,all,test,Chopin/Sonata_2/2nd_no_repeat/xml_score.musicxml,Chopin/Sonata_2/2nd_no_repeat/Giltburg02.mid,1.0,76,0,76,1,0,0.0,0.0,0.0
1.0,all,test,Chopin/Sonata_2/2nd_no_repeat/xml_score.musicxml,Chopin/Sonata_2/2nd_no_repeat/Giltburg02.mid,2.0,76,0,76,1,0,0.0,0.0,0.0
1.0,all,test,Chopin/Sonata_2/2nd_no_repeat/xml_score.musicxml,Chopin/Sonata_2/2nd_no_repeat/Knoll10.mid,0.0,100,0,100,1,0,0.0,0.0,0.0
1.0,all,test,Chopin/Sonata_2/2nd_no_repeat/xml_score.musicxml,Chopin/Sonata_2/2nd_no_repeat/Knoll10.mid,1.0,100,0,100,1,0,0.0,0.0,0.0
1.0,all,test,Chopin/Sonata_2/2nd_no_repeat/xml_score.musicxml,Chopin/Sonata_2/2nd_no_repeat/Knoll10.mid,2.0,100,0,100,1,0,0.0,0.0,0.0
1.0,all,train,Chopin/Sonata_3/2nd/xml_score.musicxml,Chopin/Sonata_3/2nd/GarritsonL09.mid,0.0,70,0,70,42,0,0.0,0.0,0.0
1.0,all,train,Chopin/Sonata_3/2nd/xml_score.musicxml,Chopin/Sonata_3/2nd/GarritsonL09.mid,1.0,70,19,51,23,0,0.271429,0.452381,0.339286
1.0,all,train,Chopin/Sonata_3/2nd/xml_score.musicxml,Chopin/Sonata_3/2nd/GarritsonL09.mid,2.0,70,26,44,16,3,0.371429,0.619048,0.464286
1.0,all,train,Chopin/Sonata_3/2nd/xml_score.musicxml,Chopin/Sonata_3/2nd/HONG08.mid,0.0,76,0,76,42,0,0.0,0.0,0.0
1.0,all,train,Chopin/Sonata_3/2nd/xml_score.musicxml,Chopin/Sonata_3/2nd/HONG08.mid,1.0,76,15,61,27,0,0.197368,0.357143,0.254237
1.0,all,train,Chopin/Sonata_3/2nd/xml_score.musicxml,Chopin/Sonata_3/2nd/HONG08.mid,2.0,76,18,58,24,1,0.236842,0.428571,0.305085
1.0,all,train,Chopin/Sonata_3/2nd/xml_score.musicxml,Chopin/Sonata_3/2nd/HuangSW04.mid,0.0,110,4,106,38,0,0.036364,0.095238,0.052632
1.0,all,train,Chopin/Sonata_3/2nd/xml_score.musicxml,Chopin/Sonata_3/2nd/HuangSW04.mid,1.0,110,21,89,21,2,0.190909,0.5,0.276316
1.0,all,train,Chopin/Sonata_3/2nd/xml_score.musicxml,Chopin/Sonata_3/2nd/HuangSW04.mid,2.0,110,27,83,15,3,0.245455,0.642857,0.355263
1.0,all,train,Chopin/Sonata_3/2nd/xml_score.musicxml,Chopin/Sonata_3/2nd/Huangci06.mid,0.0,86,3,83,39,0,0.034884,0.071429,0.046875
1.0,all,train,Chopin/Sonata_3/2nd/xml_score.musicxml,Chopin/Sonata_3/2nd/Huangci06.mid,1.0,86,7,79,35,8,0.081395,0.166667,0.109375
1.0,all,train,Chopin/Sonata_3/2nd/xml_score.musicxml,Chopin/Sonata_3/2nd/Huangci06.mid,2.0,86,10,76,32,12,0.116279,0.238095,0.15625
1.0,all,train,Chopin/Sonata_3/2nd/xml_score.musicxml,Chopin/Sonata_3/2nd/KimSJ08.mid,0.0,58,0,58,42,0,0.0,0.0,0.0
1.0,all,train,Chopin/Sonata_3/2nd/xml_score.musicxml,Chopin/Sonata_3/2nd/KimSJ08.mid,1.0,58,2,56,40,1,0.034483,0.047619,0.04
1.0,all,train,Chopin/Sonata_3/2nd/xml_score.musicxml,Chopin/Sonata_3/2nd/KimSJ08.mid,2.0,58,8,50,34,2,0.137931,0.190476,0.16
1.0,all,train,Chopin/Sonata_3/2nd/xml_score.musicxml,Chopin/Sonata_3/2nd/KimSY21.mid,0.0,93,0,93,42,0,0.0,0.0,0.0
1.0,all,train,Chopin/Sonata_3/2nd/xml_score.musicxml,Chopin/Sonata_3/2nd/KimSY21.mid,1.0,93,18,75,24,0,0.193548,0.428571,0.266667
1.0,all,train,Chopin/Sonata_3/2nd/xml_score.musicxml,Chopin/Sonata_3/2nd/KimSY21.mid,2.0,93,27,66,15,0,0.290323,0.642857,0.4
1.0,all,train,Chopin/Sonata_3/2nd/xml_score.musicxml,Chopin/Sonata_3/2nd/SCHU09.mid,0.0,36,0,36,42,0,0.0,0.0,0.0
1.0,all,train,Chopin/Sonata_3/2nd/xml_score.musicxml,Chopin/Sonata_3/2nd/SCHU09.mid,1.0,36,1,35,41,0,0.027778,0.02381,0.025641
1.0,all,train,Chopin/Sonata_3/2nd/xml_score.musicxml,Chopin/Sonata_3/2nd/SCHU09.mid,2.0,36,6,30,36,1,0.166667,0.142857,0.153846
1.0,all,train,Chopin/Sonata_3/2nd/xml_score.musicxml,Chopin/Sonata_3/2nd/Shybayeva07.mid,0.0,80,0,80,42,0,0.0,0.0,0.0
1.0,all,train,Chopin/Sonata_3/2nd/xml_score.musicxml,Chopin/Sonata_3/2nd/Shybayeva07.mid,1.0,80,14,66,28,0,0.175,0.333333,0.229508
1.0,all,train,Chopin/Sonata_3/2nd/xml_score.musicxml,Chopin/Sonata_3/2nd/Shybayeva07.mid,2.0,80,22,58,20,6,0.275,0.52381,0.360656
1.0,all,train,Chopin/Sonata_3/2nd/xml_score.musicxml,Chopin/Sonata_3/2nd/mikahailoff01.mid,0.0,124,0,124,42,0,0.0,0.0,0.0
1.0,all,train,Chopin/Sonata_3/2nd/xml_score.musicxml,Chopin/Sonata_3/2nd/mikahailoff01.mid,1.0,124,18,106,24,0,0.145161,0.428571,0.216867
1.0,all,train,Chopin/Sonata_3/2nd/xml_score.musicxml,Chopin/Sonata_3/2nd/mikahailoff01.mid,2.0,124,29,95,13,2,0.233871,0.690476,0.349398
1.0,all,train,Chopin/Sonata_3/3rd/xml_score.musicxml,Chopin/Sonata_3/3rd/GarritsonL10.mid,0.0,2,0,2,20,0,0.0,0.0,0.0
1.0,all,train,Chopin/Sonata_3/3rd/xml_score.musicxml,Chopin/Sonata_3/3rd/GarritsonL10.mid,1.0,2,0,2,20,0,0.0,0.0,0.0
1.0,all,train,Chopin/Sonata_3/3rd/xml_score.musicxml,Chopin/Sonata_3/3rd/GarritsonL10.mid,2.0,2,0,2,20,0,0.0,0.0,0.0
1.0,all,train,Chopin/Sonata_3/3rd/xml_score.musicxml,Chopin/Sonata_3/3rd/HONG08.mid,0.0,30,0,30,20,0,0.0,0.0,0.0
1.0,all,train,Chopin/Sonata_3/3rd/xml_score.musicxml,Chopin/Sonata_3/3rd/HONG08.mid,1.0,30,1,29,19,2,0.033333,0.05,0.04
1.0,all,train,Chopin/Sonata_3/3rd/xml_score.musicxml,Chopin/Sonata_3/3rd/HONG08.mid,2.0,30,2,28,18,3,0.066667,0.1,0.08
1.0,all,train,Chopin/Sonata_3/3rd/xml_score.musicxml,Chopin/Sonata_3/3rd/HuangSW05.mid,0.0,18,1,17,19,0,0.055556,0.05,0.052632
1.0,all,train,Chopin/Sonata_3/3rd/xml_score.musicxml,Chopin/Sonata_3/3rd/HuangSW05.mid,1.0,18,2,16,18,1,0.111111,0.1,0.105263
1.0,all,train,Chopin/Sonata_3/3rd/xml_score.musicxml,Chopin/Sonata_3/3rd/HuangSW05.mid,2.0,18,3,15,17,0,0.166667,0.15,0.157895
1.0,all,train,Chopin/Sonata_3/3rd/xml_score.musicxml,Chopin/Sonata_3/3rd/Huangci06.mid,0.0,14,0,14,20,0,0.0,0.0,0.0
1.0,all,train,Chopin/Sonata_3/3rd/xml_score.musicxml,Chopin/Sonata_3/3rd/Huangci06.mid,1.0,14,1,13,19,2,0.071429,0.05,0.058824
1.0,all,train,Chopin/Sonata_3/3rd/xml_score.musicxml,Chopin/Sonata_3/3rd/Huangci06.mid,2.0,14,1,13,19,4,0.071429,0.05,0.058824
1.0,all,train,Chopin/Sonata_3/3rd/xml_score.musicxml,Chopin/Sonata_3/3rd/KimSJ09.mid,0.0,24,0,24,20,0,0.0,0.0,0.0
1.0,all,train,Chopin/Sonata_3/3rd/xml_score.musicxml,Chopin/Sonata_3/3rd/KimSJ09.mid,1.0,24,3,21,17,1,0.125,0.15,0.136364
1.0,all,train,Chopin/Sonata_3/3rd/xml_score.musicxml,Chopin/Sonata_3/3rd/KimSJ09.mid,2.0,24,4,20,16,0,0.166667,0.2,0.181818
1.0,all,train,Chopin/Sonata_3/3rd/xml_score.musicxml,Chopin/Sonata_3/3rd/KimSY22.mid,0.0,14,0,14,20,0,0.0,0.0,0.0
1.0,all,train,Chopin/Sonata_3/3rd/xml_score.musicxml,Chopin/Sonata_3/3rd/KimSY22.mid,1.0,14,1,13,19,0,0.071429,0.05,0.058824
1.0,all,train,Chopin/Sonata_3/3rd/xml_score.musicxml,Chopin/Sonata_3/3rd/KimSY22.mid,2.0,14,1,13,19,0,0.071429,0.05,0.058824
1.0,all,train,Chopin/Sonata_3/3rd/xml_score.musicxml,Chopin/Sonata_3/3rd/SCHU09.mid,0.0,18,0,18,20,0,0.0,0.0,0.0
1.0,all,train,Chopin/Sonata_3/3rd/xml_score.musicxml,Chopin/Sonata_3/3rd/SCHU09.mid,1.0,18,0,18,20,2,0.0,0.0,0.0
1.0,all,train,Chopin/Sonata_3/3rd/xml_score.musicxml,Chopin/Sonata_3/3rd/SCHU09.mid,2.0,18,2,16,18,0,0.111111,0.1,0.105263
1.0,all,train,Chopin/Sonata_3/3rd/xml_score.musicxml,Chopin/Sonata_3/3rd/Shybayeva07.mid,0.0,2,0,2,20,0,0.0,0.0,0.0
1.0,all,train,Chopin/Sonata_3/3rd/xml_score.musicxml,Chopin/Sonata_3/3rd/Shybayeva07.mid,1.0,2,0,2,20,0,0.0,0.0,0.0
1.0,all,train,Chopin/Sonata_3/3rd/xml_score.musicxml,Chopin/Sonata_3/3rd/Shybayeva07.mid,2.0,2,0,2,20,0,0.0,0.0,0.0
1.0,all,train,Chopin/Sonata_3/3rd/xml_score.musicxml,Chopin/Sonata_3/3rd/mikahailoff01.mid,0.0,11,1,10,19,0,0.090909,0.05,0.064516
1.0,all,train,Chopin/Sonata_3/3rd/xml_score.musicxml,Chopin/Sonata_3/3rd/mikahailoff01.mid,1.0,11,1,10,19,2,0.090909,0.05,0.064516
1.0,all,train,Chopin/Sonata_3/3rd/xml_score.musicxml,Chopin/Sonata_3/3rd/mikahailoff01.mid,2.0,11,2,9,18,1,0.181818,0.1,0.129032
1.0,all,train,Chopin/Sonata_3/4th/xml_score.musicxml,Chopin/Sonata_3/4th/GarritsonL11M.mid,0.0,34,1,33,13,0,0.029412,0.071429,0.041667
1.0,all,train,Chopin/Sonata_3/4th/xml_score.musicxml,Chopin/Sonata_3/4th/GarritsonL11M.mid,1.0,34,2,32,12,3,0.058824,0.142857,0.083333
1.0,all,train,Chopin/Sonata_3/4th/xml_score.musicxml,Chopin/Sonata_3/4th/GarritsonL11M.mid,2.0,34,2,32,12,3,0.058824,0.142857,0.083333
1.0,all,train,Chopin/Sonata_3/4th/xml_score.musicxml,Chopin/Sonata_3/4th/HONG08.mid,0.0,30,0,30,14,0,0.0,0.0,0.0
1.0,all,train,Chopin/Sonata_3/4th/xml_score.musicxml,Chopin/Sonata_3/4th/HONG08.mid,1.0,30,0,30,14,0,0.0,0.0,0.0
1.0,all,train,Chopin/Sonata_3/4th/xml_score.musicxml,Chopin/Sonata_3/4th/HONG08.mid,2.0,30,2,28,12,1,0.066667,0.142857,0.090909
1.0,all,train,Chopin/Sonata_3/4th/xml_score.musicxml,Chopin/Sonata_3/4th/HuangSW06M.mid,0.0,24,1,23,13,0,0.041667,0.071429,0.052632
1.0,all,train,Chopin/Sonata_3/4th/xml_score.musicxml,Chopin/Sonata_3/4th/HuangSW06M.mid,1.0,24,1,23,13,1,0.041667,0.071429,0.052632
1.0,all,train,Chopin/Sonata_3/4th/xml_score.musicxml,Chopin/Sonata_3/4th/HuangSW06M.mid,2.0,24,1,23,13,1,0.041667,0.071429,0.052632
1.0,all,train,Chopin/Sonata_3/4th/xml_score.musicxml,Chopin/Sonata_3/4th/Huangci06.mid,0.0,40,1,39,13,0,0.025,0.071429,0.037037
1.0,all,train,Chopin/Sonata_3/4th/xml_score.musicxml,Chopin/Sonata_3/4th/Huangci06.mid,1.0,40,2,38,12,1,0.05,0.142857,0.074074
1.0,all,train,Chopin/Sonata_3/4th/xml_score.musicxml,Chopin/Sonata_3/4th/Huangci06.mid,2.0,40,3,37,11,1,0.075,0.214286,0.111111
1.0,all,train,Chopin/Sonata_3/4th/xml_score.musicxml,Chopin/Sonata_3/4th/KimSJ10M.mid,0.0,32,1,31,13,0,0.03125,0.071429,0.043478
1.0,all,train,Chopin/Sonata_3/4th/xml_score.musicxml,Chopin/Sonata_3/4th/KimSJ10M.mid,1.0,32,2,30,12,1,0.0625,0.142857,0.086957
1.0,all,train,Chopin/Sonata_3/4th/xml_score.musicxml,Chopin/Sonata_3/4th/KimSJ10M.mid,2.0,32,3,29,11,1,0.09375,0.214286,0.130435
1.0,all,train,Chopin/Sonata_3/4th/xml_score.musicxml,Chopin/Sonata_3/4th/KimSY23M.mid,0.0,20,1,19,13,0,0.05,0.071429,0.058824
1.0,all,train,Chopin/Sonata_3/4th/xml_score.musicxml,Chopin/Sonata_3/4th/KimSY23M.mid,1.0,20,2,18,12,2,0.1,0.142857,0.117647
1.0,all,train,Chopin/Sonata_3/4th/xml_score.musicxml,Chopin/Sonata_3/4th/KimSY23M.mid,2.0,20,2,18,12,2,0.1,0.142857,0.117647
1.0,all,train,Chopin/Sonata_3/4th/xml_score.musicxml,Chopin/Sonata_3/4th/SCHU09.mid,0.0,24,1,23,13,0,0.041667,0.071429,0.052632
1.0,all,train,Chopin/Sonata_3/4th/xml_score.musicxml,Chopin/Sonata_3/4th/SCHU09.mid,1.0,24,1,23,13,1,0.041667,0.071429,0.052632
1.0,all,train,Chopin/Sonata_3/4th/xml_score.musicxml,Chopin/Sonata_3/4th/SCHU09.mid,2.0,24,1,23,13,1,0.041667,0.071429,0.052632
1.0,all,train,Chopin/Sonata_3/4th/xml_score.musicxml,Chopin/Sonata_3/4th/Shybayeva07.mid,0.0,10,1,9,13,0,0.1,0.071429,0.083333
1.0,all,train,Chopin/Sonata_3/4th/xml_score.musicxml,Chopin/Sonata_3/4th/Shybayeva07.mid,1.0,10,1,9,13,1,0.1,0.071429,0.083333
1.0,all,train,Chopin/Sonata_3/4th/xml_score.musicxml,Chopin/Sonata_3/4th/Shybayeva07.mid,2.0,10,1,9,13,1,0.1,0.071429,0.083333
1.0,all,train,Chopin/Sonata_3/4th/xml_score.musicxml,Chopin/Sonata_3/4th/mikahailoff01.mid,0.0,26,1,25,13,0,0.038462,0.071429,0.05
1.0,all,train,Chopin/Sonata_3/4th/xml_score.musicxml,Chopin/Sonata_3/4th/mikahailoff01.mid,1.0,26,2,24,12,1,0.076923,0.142857,0.1
1.0,all,train,Chopin/Sonata_3/4th/xml_score.musicxml,Chopin/Sonata_3/4th/mikahailoff01.mid,2.0,26,2,24,12,1,0.076923,0.142857,0.1
1.0,all,val,Debussy/Images_Book_1/1_Reflets_dans_lEau/xml_score.musicxml,Debussy/Images_Book_1/1_Reflets_dans_lEau/Kleisen11M.mid,0.0,4,0,4,10,0,0.0,0.0,0.0
1.0,all,val,Debussy/Images_Book_1/1_Reflets_dans_lEau/xml_score.musicxml,Debussy/Images_Book_1/1_Reflets_dans_lEau/Kleisen11M.mid,1.0,4,0,4,10,0,0.0,0.0,0.0
1.0,all,val,Debussy/Images_Book_1/1_Reflets_dans_lEau/xml_score.musicxml,Debussy/Images_Book_1/1_Reflets_dans_lEau/Kleisen11M.mid,2.0,4,0,4,10,0,0.0,0.0,0.0
1.0,all,val,Debussy/Images_Book_1/1_Reflets_dans_lEau/xml_score.musicxml,Debussy/Images_Book_1/1_Reflets_dans_lEau/ParkJH13M.mid,0.0,3,0,3,10,0,0.0,0.0,0.0
1.0,all,val,Debussy/Images_Book_1/1_Reflets_dans_lEau/xml_score.musicxml,Debussy/Images_Book_1/1_Reflets_dans_lEau/ParkJH13M.mid,1.0,3,0,3,10,0,0.0,0.0,0.0
1.0,all,val,Debussy/Images_Book_1/1_Reflets_dans_lEau/xml_score.musicxml,Debussy/Images_Book_1/1_Reflets_dans_lEau/ParkJH13M.mid,2.0,3,0,3,10,0,0.0,0.0,0.0
1.0,all,train,Liszt/Ballade_2/xml_score.musicxml,Liszt/Ballade_2/Broberg03.mid,0.0,58,0,58,34,0,0.0,0.0,0.0
1.0,all,train,Liszt/Ballade_2/xml_score.musicxml,Liszt/Ballade_2/Broberg03.mid,1.0,58,2,56,32,0,0.034483,0.058824,0.043478
1.0,all,train,Liszt/Ballade_2/xml_score.musicxml,Liszt/Ballade_2/Broberg03.mid,2.0,58,4,54,30,0,0.068966,0.117647,0.086957
1.0,all,train,Liszt/Ballade_2/xml_score.musicxml,Liszt/Ballade_2/GarritsonL04M.mid,0.0,28,0,28,34,0,0.0,0.0,0.0
1.0,all,train,Liszt/Ballade_2/xml_score.musicxml,Liszt/Ballade_2/GarritsonL04M.mid,1.0,28,0,28,34,0,0.0,0.0,0.0
1.0,all,train,Liszt/Ballade_2/xml_score.musicxml,Liszt/Ballade_2/GarritsonL04M.mid,2.0,28,0,28,34,0,0.0,0.0,0.0
1.0,all,train,Liszt/Ballade_2/xml_score.musicxml,Liszt/Ballade_2/Jin07M.mid,0.0,40,1,39,33,0,0.025,0.029412,0.027027
1.0,all,train,Liszt/Ballade_2/xml_score.musicxml,Liszt/Ballade_2/Jin07M.mid,1.0,40,1,39,33,0,0.025,0.029412,0.027027
1.0,all,train,Liszt/Ballade_2/xml_score.musicxml,Liszt/Ballade_2/Jin07M.mid,2.0,40,3,37,31,1,0.075,0.088235,0.081081
1.0,all,train,Liszt/Ballade_2/xml_score.musicxml,Liszt/Ballade_2/KIM_J04.mid,0.0,10,0,10,34,0,0.0,0.0,0.0
1.0,all,train,Liszt/Ballade_2/xml_score.musicxml,Liszt/Ballade_2/KIM_J04.mid,1.0,10,1,9,33,0,0.1,0.029412,0.045455
1.0,all,train,Liszt/Ballade_2/xml_score.musicxml,Liszt/Ballade_2/KIM_J04.mid,2.0,10,1,9,33,0,0.1,0.029412,0.045455
1.0,all,train,Liszt/Ballade_2/xml_score.musicxml,Liszt/Ballade_2/Min06M.mid,0.0,48,1,47,33,0,0.020833,0.029412,0.02439
1.0,all,train,Liszt/Ballade_2/xml_score.musicxml,Liszt/Ballade_2/Min06M.mid,1.0,48,4,44,30,0,0.083333,0.117647,0.097561
1.0,all,train,Liszt/Ballade_2/xml_score.musicxml,Liszt/Ballade_2/Min06M.mid,2.0,48,4,44,30,0,0.083333,0.117647,0.097561
1.0,all,train,Liszt/Ballade_2/xml_score.musicxml,Liszt/Ballade_2/Sham05.mid,0.0,86,0,86,34,0,0.0,0.0,0.0
1.0,all,train,Liszt/Ballade_2/xml_score.musicxml,Liszt/Ballade_2/Sham05.mid,1.0,86,2,84,32,0,0.023256,0.058824,0.033333
1.0,all,train,Liszt/Ballade_2/xml_score.musicxml,Liszt/Ballade_2/Sham05.mid,2.0,86,2,84,32,0,0.023256,0.058824,0.033333
1.0,all,train,Liszt/Gran_Etudes_de_Paganini/2_La_campanella/xml_score.musicxml,Liszt/Gran_Etudes_de_Paganini/2_La_campanella/Albright04.mid,0.0,22,1,21,13,0,0.045455,0.071429,0.055556
1.0,all,train,Liszt/Gran_Etudes_de_Paganini/2_La_campanella/xml_score.musicxml,Liszt/Gran_Etudes_de_Paganini/2_La_campanella/Albright04.mid,1.0,22,3,19,11,0,0.136364,0.214286,0.166667
1.0,all,train,Liszt/Gran_Etudes_de_Paganini/2_La_campanella/xml_score.musicxml,Liszt/Gran_Etudes_de_Paganini/2_La_campanella/Albright04.mid,2.0,22,3,19,11,0,0.136364,0.214286,0.166667
1.0,all,train,Liszt/Gran_Etudes_de_Paganini/2_La_campanella/xml_score.musicxml,Liszt/Gran_Etudes_de_Paganini/2_La_campanella/Ali03.mid,0.0,30,3,27,11,0,0.1,0.214286,0.136364
1.0,all,train,Liszt/Gran_Etudes_de_Paganini/2_La_campanella/xml_score.musicxml,Liszt/Gran_Etudes_de_Paganini/2_La_campanella/Ali03.mid,1.0,30,6,24,8,0,0.2,0.428571,0.272727
1.0,all,train,Liszt/Gran_Etudes_de_Paganini/2_La_campanella/xml_score.musicxml,Liszt/Gran_Etudes_de_Paganini/2_La_campanella/Ali03.mid,2.0,30,6,24,8,0,0.2,0.428571,0.272727
1.0,all,train,Liszt/Gran_Etudes_de_Paganini/2_La_campanella/xml_score.musicxml,Liszt/Gran_Etudes_de_Paganini/2_La_campanella/Bogdanovitch02.mid,0.0,22,3,19,11,0,0.136364,0.214286,0.166667
1.0,all,train,Liszt/Gran_Etudes_de_Paganini/2_La_campanella/xml_score.musicxml,Liszt/Gran_Etudes_de_Paganini/2_La_campanella/Bogdanovitch02.mid,1.0,22,6,16,8,0,0.272727,0.428571,0.333333
1.0,all,train,Liszt/Gran_Etudes_de_Paganini/2_La_campanella/xml_score.musicxml,Liszt/Gran_Etudes_de_Paganini/2_La_campanella/Bogdanovitch02.mid,2.0,22,6,16,8,0,0.272727,0.428571,0.333333
1.0,all,train,Liszt/Gran_Etudes_de_Paganini/2_La_campanella/xml_score.musicxml,Liszt/Gran_Etudes_de_Paganini/2_La_campanella/BuiJL03M.mid,0.0,24,3,21,11,0,0.125,0.214286,0.157895
1.0,all,train,Liszt/Gran_Etudes_de_Paganini/2_La_campanella/xml_score.musicxml,Liszt/Gran_Etudes_de_Paganini/2_La_campanella/BuiJL03M.mid,1.0,24,6,18,8,0,0.25,0.428571,0.315789
1.0,all,train,Liszt/Gran_Etudes_de_Paganini/2_La_campanella/xml_score.musicxml,Liszt/Gran_Etudes_de_Paganini/2_La_campanella/BuiJL03M.mid,2.0,24,6,18,8,0,0.25,0.428571,0.315789
1.0,all,train,Liszt/Gran_Etudes_de_Paganini/2_La_campanella/xml_score.musicxml,Liszt/Gran_Etudes_de_Paganini/2_La_campanella/FALIKS02_2004.mid,0.0,24,2,22,12,0,0.083333,0.142857,0.105263
1.0,all,train,Liszt/Gran_Etudes_de_Paganini/2_La_campanella/xml_score.musicxml,Liszt/Gran_Etudes_de_Paganini/2_La_campanella/FALIKS02_2004.mid,1.0,24,5,19,9,0,0.208333,0.357143,0.263158
1.0,all,train,Liszt/Gran_Etudes_de_Paganini/2_La_campanella/xml_score.musicxml,Liszt/Gran_Etudes_de_Paganini/2_La_campanella/FALIKS02_2004.mid,2.0,24,5,19,9,0,0.208333,0.357143,0.263158
1.0,all,train,Liszt/Gran_Etudes_de_Paganini/2_La_campanella/xml_score.musicxml,Liszt/Gran_Etudes_de_Paganini/2_La_campanella/Faliks02.mid,0.0,22,1,21,13,0,0.045455,0.071429,0.055556
1.0,all,train,Liszt/Gran_Etudes_de_Paganini/2_La_campanella/xml_score.musicxml,Liszt/Gran_Etudes_de_Paganini/2_La_campanella/Faliks02.mid,1.0,22,3,19,11,0,0.136364,0.214286,0.166667
1.0,all,train,Liszt/Gran_Etudes_de_Paganini/2_La_campanella/xml_score.musicxml,Liszt/Gran_Etudes_de_Paganini/2_La_campanella/Faliks02.mid,2.0,22,3,19,11,0,0.136364,0.214286,0.166667
1.0,all,train,Liszt/Gran_Etudes_de_Paganini/2_La_campanella/xml_score.musicxml,Liszt/Gran_Etudes_de_Paganini/2_La_campanella/Faliks03.mid,0.0,20,1,19,13,0,0.05,0.071429,0.058824
1.0,all,train,Liszt/Gran_Etudes_de_Paganini/2_La_campanella/xml_score.musicxml,Liszt/Gran_Etudes_de_Paganini/2_La_campanella/Faliks03.mid,1.0,20,4,16,10,0,0.2,0.285714,0.235294
1.0,all,train,Liszt/Gran_Etudes_de_Paganini/2_La_campanella/xml_score.musicxml,Liszt/Gran_Etudes_de_Paganini/2_La_campanella/Faliks03.mid,2.0,20,4,16,10,0,0.2,0.285714,0.235294
1.0,all,train,Liszt/Gran_Etudes_de_Paganini/2_La_campanella/xml_score.musicxml,Liszt/Gran_Etudes_de_Paganini/2_La_campanella/Gasanov02.mid,0.0,28,2,26,12,0,0.071429,0.142857,0.095238
1.0,all,train,Liszt/Gran_Etudes_de_Paganini/2_La_campanella/xml_score.musicxml,Liszt/Gran_Etudes_de_Paganini/2_La_campanella/Gasanov02.mid,1.0,28,6,22,8,0,0.214286,0.428571,0.285714
1.0,all,train,Liszt/Gran_Etudes_de_Paganini/2_La_campanella/xml_score.musicxml,Liszt/Gran_Etudes_de_Paganini/2_La_campanella/Gasanov02.mid,2.0,28,6,22,8,0,0.214286,0.428571,0.285714
1.0,all,train,Liszt/Gran_Etudes_de_Paganini/2_La_campanella/xml_score.musicxml,Liszt/Gran_Etudes_de_Paganini/2_La_campanella/HUAN_J03.mid,0.0,10,1,9,13,0,0.1,0.071429,0.083333
1.0,all,train,Liszt/Gran_Etudes_de_Paganini/2_La_campanella/xml_score.musicxml,Liszt/Gran_Etudes_de_Paganini/2_La_campanella/HUAN_J03.mid,1.0,10,1,9,13,0,0.1,0.071429,0.083333
1.0,all,train,Liszt/Gran_Etudes_de_Paganini/2_La_campanella/xml_score.musicxml,Liszt/Gran_Etudes_de_Paganini/2_La_campanella/HUAN_J03.mid,2.0,10,1,9,13,0,0.1,0.071429,0.083333
1.0,all,train,Liszt/Gran_Etudes_de_Paganini/2_La_campanella/xml_score.musicxml,Liszt/Gran_Etudes_de_Paganini/2_La_campanella/Hao03.mid,0.0,18,1,17,13,0,0.055556,0.071429,0.0625
1.0,all,train,Liszt/Gran_Etudes_de_Paganini/2_La_campanella/xml_score.musicxml,Liszt/Gran_Etudes_de_Paganini/2_La_campanella/Hao03.mid,1.0,18,5,13,9,0,0.277778,0.357143,0.3125
1.0,all,train,Liszt/Gran_Etudes_de_Paganini/2_La_campanella/xml_score.musicxml,Liszt/Gran_Etudes_de_Paganini/2_La_campanella/Hao03.mid,2.0,18,5,13,9,0,0.277778,0.357143,0.3125
1.0,all,train,Liszt/Gran_Etudes_de_Paganini/2_La_campanella/xml_score.musicxml,Liszt/Gran_Etudes_de_Paganini/2_La_campanella/KanM06.mid,0.0,30,1,29,13,0,0.033333,0.071429,0.045455
1.0,all,train,Liszt/Gran_Etudes_de_Paganini/2_La_campanella/xml_score.musicxml,Liszt/Gran_Etudes_de_Paganini/2_La_campanella/KanM06.mid,1.0,30,5,25,9,0,0.166667,0.357143,0.227273
1.0,all,train,Liszt/Gran_Etudes_de_Paganini/2_La_campanella/xml_score.musicxml,Liszt/Gran_Etudes_de_Paganini/2_La_campanella/KanM06.mid,2.0,30,5,25,9,0,0.166667,0.357143,0.227273
1.0,all,train,Liszt/Gran_Etudes_de_Paganini/2_La_campanella/xml_score.musicxml,Liszt/Gran_Etudes_de_Paganini/2_La_campanella/Kolessova07.mid,0.0,28,2,26,12,0,0.071429,0.142857,0.095238
1.0,all,train,Liszt/Gran_Etudes_de_Paganini/2_La_campanella/xml_score.musicxml,Liszt/Gran_Etudes_de_Paganini/2_La_campanella/Kolessova07.mid,1.0,28,10,18,4,0,0.357143,0.714286,0.47619
1.0,all,train,Liszt/Gran_Etudes_de_Paganini/2_La_campanella/xml_score.musicxml,Liszt/Gran_Etudes_de_Paganini/2_La_campanella/Kolessova07.mid,2.0,28,10,18,4,0,0.357143,0.714286,0.47619
1.0,all,train,Liszt/Gran_Etudes_de_Paganini/2_La_campanella/xml_score.musicxml,Liszt/Gran_Etudes_de_Paganini/2_La_campanella/LeungR04M.mid,0.0,22,5,17,9,0,0.227273,0.357143,0.277778
1.0,all,train,Liszt/Gran_Etudes_de_Paganini/2_La_campanella/xml_score.musicxml,Liszt/Gran_Etudes_de_Paganini/2_La_campanella/LeungR04M.mid,1.0,22,6,16,8,0,0.272727,0.428571,0.333333
1.0,all,train,Liszt/Gran_Etudes_de_Paganini/2_La_campanella/xml_score.musicxml,Liszt/Gran_Etudes_de_Paganini/2_La_campanella/LeungR04M.mid,2.0,22,6,16,8,0,0.272727,0.428571,0.333333
1.0,all,train,Liszt/Gran_Etudes_de_Paganini/2_La_campanella/xml_score.musicxml,Liszt/Gran_Etudes_de_Paganini/2_La_campanella/Levitsky02.mid,0.0,26,1,25,13,0,0.038462,0.071429,0.05
1.0,all,train,Liszt/Gran_Etudes_de_Paganini/2_La_campanella/xml_score.musicxml,Liszt/Gran_Etudes_de_Paganini/2_La_campanella/Levitsky02.mid,1.0,26,1,25,13,0,0.038462,0.071429,0.05
1.0,all,train,Liszt/Gran_Etudes_de_Paganini/2_La_campanella/xml_score.musicxml,Liszt/Gran_Etudes_de_Paganini/2_La_campanella/Levitsky02.mid,2.0,26,1,25,13,0,0.038462,0.071429,0.05
1.0,all,train,Liszt/Gran_Etudes_de_Paganini/2_La_campanella/xml_score.musicxml,Liszt/Gran_Etudes_de_Paganini/2_La_campanella/Levitsky06M.mid,0.0,26,1,25,13,0,0.038462,0.071429,0.05
1.0,all,train,Liszt/Gran_Etudes_de_Paganini/2_La_campanella/xml_score.musicxml,Liszt/Gran_Etudes_de_Paganini/2_La_campanella/Levitsky06M.mid,1.0,26,2,24,12,0,0.076923,0.142857,0.1
1.0,all,train,Liszt/Gran_Etudes_de_Paganini/2_La_campanella/xml_score.musicxml,Liszt/Gran_Etudes_de_Paganini/2_La_campanella/Levitsky06M.mid,2.0,26,2,24,12,0,0.076923,0.142857,0.1
1.0,all,train,Liszt/Gran_Etudes_de_Paganini/2_La_campanella/xml_score.musicxml,Liszt/Gran_Etudes_de_Paganini/2_La_campanella/Lin02.mid,0.0,26,4,22,10,0,0.153846,0.285714,0.2
1.0,all,train,Liszt/Gran_Etudes_de_Paganini/2_La_campanella/xml_score.musicxml,Liszt/Gran_Etudes_de_Paganini/2_La_campanella/Lin02.mid,1.0,26,9,17,5,0,0.346154,0.642857,0.45
1.0,all,train,Liszt/Gran_Etudes_de_Paganini/2_La_campanella/xml_score.musicxml,Liszt/Gran_Etudes_de_Paganini/2_La_campanella/Lin02.mid,2.0,26,9,17,5,0,0.346154,0.642857,0.45
1.0,all,train,Liszt/Gran_Etudes_de_Paganini/2_La_campanella/xml_score.musicxml,Liszt/Gran_Etudes_de_Paganini/2_La_campanella/Lin07M.mid,0.0,24,4,20,10,0,0.166667,0.285714,0.210526
1.0,all,train,Liszt/Gran_Etudes_de_Paganini/2_La_campanella/xml_score.musicxml,Liszt/Gran_Etudes_de_Paganini/2_La_campanella/Lin07M.mid,1.0,24,9,15,5,0,0.375,0.642857,0.473684
1.0,all,train,Liszt/Gran_Etudes_de_Paganini/2_La_campanella/xml_score.musicxml,Liszt/Gran_Etudes_de_Paganini/2_La_campanella/Lin07M.mid,2.0,24,9,15,5,0,0.375,0.642857,0.473684
1.0,all,train,Liszt/Gran_Etudes_de_Paganini/2_La_campanella/xml_score.musicxml,Liszt/Gran_Etudes_de_Paganini/2_La_campanella/LiuC05M.mid,0.0,10,1,9,13,0,0.1,0.071429,0.083333
1.0,all,train,Liszt/Gran_Etudes_de_Paganini/2_La_campanella/xml_score.musicxml,Liszt/Gran_Etudes_de_Paganini/2_La_campanella/LiuC05M.mid,1.0,10,5,5,9,0,0.5,0.357143,0.416667
1.0,all,train,Liszt/Gran_Etudes_de_Paganini/2_La_campanella/xml_score.musicxml,Liszt/Gran_Etudes_de_Paganini/2_La_campanella/LiuC05M.mid,2.0,10,5,5,9,0,0.5,0.357143,0.416667
1.0,all,train,Liszt/Gran_Etudes_de_Paganini/2_La_campanella/xml_score.musicxml,Liszt/Gran_Etudes_de_Paganini/2_La_campanella/LiuY03M.mid,0.0,24,1,23,13,0,0.041667,0.071429,0.052632
1.0,all,train,Liszt/Gran_Etudes_de_Paganini/2_La_campanella/xml_score.musicxml,Liszt/Gran_Etudes_de_Paganini/2_La_campanella/LiuY03M.mid,1.0,24,4,20,10,0,0.166667,0.285714,0.210526
1.0,all,train,Liszt/Gran_Etudes_de_Paganini/2_La_campanella/xml_score.musicxml,Liszt/Gran_Etudes_de_Paganini/2_La_campanella/LiuY03M.mid,2.0,24,6,18,8,0,0.25,0.428571,0.315789
1.0,all,train,Liszt/Gran_Etudes_de_Paganini/2_La_campanella/xml_score.musicxml,Liszt/Gran_Etudes_de_Paganini/2_La_campanella/MunA08M.mid,0.0,22,4,18,10,0,0.181818,0.285714,0.222222
1.0,all,train,Liszt/Gran_Etudes_de_Paganini/2_La_campanella/xml_score.musicxml,Liszt/Gran_Etudes_de_Paganini/2_La_campanella/MunA08M.mid,1.0,22,9,13,5,0,0.409091,0.642857,0.5
1.0,all,train,Liszt/Gran_Etudes_de_Paganini/2_La_campanella/xml_score.musicxml,Liszt/Gran_Etudes_de_Paganini/2_La_campanella/MunA08M.mid,2.0,22,9,13,5,0,0.409091,0.642857,0.5
1.0,all,train,Liszt/Gran_Etudes_de_Paganini/2_La_campanella/xml_score.musicxml,Liszt/Gran_Etudes_de_Paganini/2_La_campanella/SEBAST02.mid,0.0,22,2,20,12,0,0.090909,0.142857,0.111111
1.0,all,train,Liszt/Gran_Etudes_de_Paganini/2_La_campanella/xml_score.musicxml,Liszt/Gran_Etudes_de_Paganini/2_La_campanella/SEBAST02.mid,1.0,22,2,20,12,0,0.090909,0.142857,0.111111
1.0,all,train,Liszt/Gran_Etudes_de_Paganini/2_La_campanella/xml_score.musicxml,Liszt/Gran_Etudes_de_Paganini/2_La_campanella/SEBAST02.mid,2.0,22,2,20,12,0,0.090909,0.142857,0.111111
1.0,all,train,Liszt/Gran_Etudes_de_Paganini/2_La_campanella/xml_score.musicxml,Liszt/Gran_Etudes_de_Paganini/2_La_campanella/Seredenko02.mid,0.0,18,2,16,12,0,0.111111,0.142857,0.125
1.0,all,train,Liszt/Gran_Etudes_de_Paganini/2_La_campanella/xml_score.musicxml,Liszt/Gran_Etudes_de_Paganini/2_La_campanella/Seredenko02.mid,1.0,18,2,16,12,0,0.111111,0.142857,0.125
1.0,all,train,Liszt/Gran_Etudes_de_Paganini/2_La_campanella/xml_score.musicxml,Liszt/Gran_Etudes_de_Paganini/2_La_campanella/Seredenko02.mid,2.0,18,2,16,12,0,0.111111,0.142857,0.125
1.0,all,train,Liszt/Gran_Etudes_de_Paganini/2_La_campanella/xml_score.musicxml,Liszt/Gran_Etudes_de_Paganini/2_La_campanella/Sychev03.mid,0.0,24,3,21,11,0,0.125,0.214286,0.157895
1.0,all,train,Liszt/Gran_Etudes_de_Paganini/2_La_campanella/xml_score.musicxml,Liszt/Gran_Etudes_de_Paganini/2_La_campanella/Sychev03.mid,1.0,24,8,16,6,0,0.333333,0.571429,0.421053
1.0,all,train,Liszt/Gran_Etudes_de_Paganini/2_La_campanella/xml_score.musicxml,Liszt/Gran_Etudes_de_Paganini/2_La_campanella/Sychev03.mid,2.0,24,8,16,6,0,0.333333,0.571429,0.421053
1.0,all,train,Liszt/Gran_Etudes_de_Paganini/2_La_campanella/xml_score.musicxml,Liszt/Gran_Etudes_de_Paganini/2_La_campanella/TET03.mid,0.0,16,1,15,13,0,0.0625,0.071429,0.066667
1.0,all,train,Liszt/Gran_Etudes_de_Paganini/2_La_campanella/xml_score.musicxml,Liszt/Gran_Etudes_de_Paganini/2_La_campanella/TET03.mid,1.0,16,1,15,13,0,0.0625,0.071429,0.066667
1.0,all,train,Liszt/Gran_Etudes_de_Paganini/2_La_campanella/xml_score.musicxml,Liszt/Gran_Etudes_de_Paganini/2_La_campanella/TET03.mid,2.0,16,1,15,13,0,0.0625,0.071429,0.066667
1.0,all,train,Liszt/Gran_Etudes_de_Paganini/2_La_campanella/xml_score.musicxml,Liszt/Gran_Etudes_de_Paganini/2_La_campanella/VuV06M.mid,0.0,22,2,20,12,0,0.090909,0.142857,0.111111
1.0,all,train,Liszt/Gran_Etudes_de_Paganini/2_La_campanella/xml_score.musicxml,Liszt/Gran_Etudes_de_Paganini/2_La_campanella/VuV06M.mid,1.0,22,5,17,9,0,0.227273,0.357143,0.277778
1.0,all,train,Liszt/Gran_Etudes_de_Paganini/2_La_campanella/xml_score.musicxml,Liszt/Gran_Etudes_de_Paganini/2_La_campanella/VuV06M.mid,2.0,22,5,17,9,0,0.227273,0.357143,0.277778
1.0,all,train,Liszt/Gran_Etudes_de_Paganini/2_La_campanella/xml_score.musicxml,Liszt/Gran_Etudes_de_Paganini/2_La_campanella/Yang05M.mid,0.0,22,3,19,11,0,0.136364,0.214286,0.166667
1.0,all,train,Liszt/Gran_Etudes_de_Paganini/2_La_campanella/xml_score.musicxml,Liszt/Gran_Etudes_de_Paganini/2_La_campanella/Yang05M.mid,1.0,22,5,17,9,0,0.227273,0.357143,0.277778
1.0,all,train,Liszt/Gran_Etudes_de_Paganini/2_La_campanella/xml_score.musicxml,Liszt/Gran_Etudes_de_Paganini/2_La_campanella/Yang05M.mid,2.0,22,7,15,7,0,0.318182,0.5,0.388889
1.0,all,train,Liszt/Gran_Etudes_de_Paganini/2_La_campanella/xml_score.musicxml,Liszt/Gran_Etudes_de_Paganini/2_La_campanella/Yoon02.mid,0.0,16,2,14,12,0,0.125,0.142857,0.133333
1.0,all,train,Liszt/Gran_Etudes_de_Paganini/2_La_campanella/xml_score.musicxml,Liszt/Gran_Etudes_de_Paganini/2_La_campanella/Yoon02.mid,1.0,16,3,13,11,0,0.1875,0.214286,0.2
1.0,all,train,Liszt/Gran_Etudes_de_Paganini/2_La_campanella/xml_score.musicxml,Liszt/Gran_Etudes_de_Paganini/2_La_campanella/Yoon02.mid,2.0,16,3,13,11,0,0.1875,0.214286,0.2
1.0,all,train,Liszt/Gran_Etudes_de_Paganini/2_La_campanella/xml_score.musicxml,Liszt/Gran_Etudes_de_Paganini/2_La_campanella/ZhangH02.mid,0.0,26,1,25,13,0,0.038462,0.071429,0.05
1.0,all,train,Liszt/Gran_Etudes_de_Paganini/2_La_campanella/xml_score.musicxml,Liszt/Gran_Etudes_de_Paganini/2_La_campanella/ZhangH02.mid,1.0,26,2,24,12,0,0.076923,0.142857,0.1
1.0,all,train,Liszt/Gran_Etudes_de_Paganini/2_La_campanella/xml_score.musicxml,Liszt/Gran_Etudes_de_Paganini/2_La_campanella/ZhangH02.mid,2.0,26,2,24,12,0,0.076923,0.142857,0.1
1.0,all,train,Liszt/Gran_Etudes_de_Paganini/2_La_campanella/xml_score.musicxml,Liszt/Gran_Etudes_de_Paganini/2_La_campanella/ZhangH07M.mid,0.0,32,3,29,11,0,0.09375,0.214286,0.130435
1.0,all,train,Liszt/Gran_Etudes_de_Paganini/2_La_campanella/xml_score.musicxml,Liszt/Gran_Etudes_de_Paganini/2_La_campanella/ZhangH07M.mid,1.0,32,7,25,7,0,0.21875,0.5,0.304348
1.0,all,train,Liszt/Gran_Etudes_de_Paganini/2_La_campanella/xml_score.musicxml,Liszt/Gran_Etudes_de_Paganini/2_La_campanella/ZhangH07M.mid,2.0,32,7,25,7,0,0.21875,0.5,0.304348
1.0,all,val,Liszt/Transcendental_Etudes/10/xml_score.musicxml,Liszt/Transcendental_Etudes/10/CaoJ03M.mid,0.0,18,1,17,9,0,0.055556,0.1,0.071429
1.0,all,val,Liszt/Transcendental_Etudes/10/xml_score.musicxml,Liszt/Transcendental_Etudes/10/CaoJ03M.mid,1.0,18,1,17,9,0,0.055556,0.1,0.071429
1.0,all,val,Liszt/Transcendental_Etudes/10/xml_score.musicxml,Liszt/Transcendental_Etudes/10/CaoJ03M.mid,2.0,18,1,17,9,0,0.055556,0.1,0.071429
1.0,all,val,Liszt/Transcendental_Etudes/10/xml_score.musicxml,Liszt/Transcendental_Etudes/10/Goldberg02.mid,0.0,4,0,4,10,0,0.0,0.0,0.0
1.0,all,val,Liszt/Transcendental_Etudes/10/xml_score.musicxml,Liszt/Transcendental_Etudes/10/Goldberg02.mid,1.0,4,0,4,10,0,0.0,0.0,0.0
1.0,all,val,Liszt/Transcendental_Etudes/10/xml_score.musicxml,Liszt/Transcendental_Etudes/10/Goldberg02.mid,2.0,4,0,4,10,0,0.0,0.0,0.0
1.0,all,val,Liszt/Transcendental_Etudes/10/xml_score.musicxml,Liszt/Transcendental_Etudes/10/HAGINO03.mid,0.0,10,0,10,10,0,0.0,0.0,0.0
1.0,all,val,Liszt/Transcendental_Etudes/10/xml_score.musicxml,Liszt/Transcendental_Etudes/10/HAGINO03.mid,1.0,10,0,10,10,0,0.0,0.0,0.0
1.0,all,val,Liszt/Transcendental_Etudes/10/xml_score.musicxml,Liszt/Transcendental_Etudes/10/HAGINO03.mid,2.0,10,0,10,10,0,0.0,0.0,0.0
1.0,all,val,Liszt/Transcendental_Etudes/10/xml_score.musicxml,Liszt/Transcendental_Etudes/10/Huang17M.mid,0.0,28,1,27,9,0,0.035714,0.1,0.052632
1.0,all,val,Liszt/Transcendental_Etudes/10/xml_score.musicxml,Liszt/Transcendental_Etudes/10/Huang17M.mid,1.0,28,1,27,9,0,0.035714,0.1,0.052632
1.0,all,val,Liszt/Transcendental_Etudes/10/xml_score.musicxml,Liszt/Transcendental_Etudes/10/Huang17M.mid,2.0,28,1,27,9,0,0.035714,0.1,0.052632
1.0,all,val,Liszt/Transcendental_Etudes/10/xml_score.musicxml,Liszt/Transcendental_Etudes/10/Hwang03.mid,0.0,30,0,30,10,0,0.0,0.0,0.0
1.0,all,val,Liszt/Transcendental_Etudes/10/xml_score.musicxml,Liszt/Transcendental_Etudes/10/Hwang03.mid,1.0,30,0,30,10,0,0.0,0.0,0.0
1.0,all,val,Liszt/Transcendental_Etudes/10/xml_score.musicxml,Liszt/Transcendental_Etudes/10/Hwang03.mid,2.0,30,0,30,10,0,0.0,0.0,0.0
1.0,all,val,Liszt/Transcendental_Etudes/10/xml_score.musicxml,Liszt/Transcendental_Etudes/10/Kim02.mid,0.0,14,0,14,10,0,0.0,0.0,0.0
1.0,all,val,Liszt/Transcendental_Etudes/10/xml_score.musicxml,Liszt/Transcendental_Etudes/10/Kim02.mid,1.0,14,0,14,10,0,0.0,0.0,0.0
1.0,all,val,Liszt/Transcendental_Etudes/10/xml_score.musicxml,Liszt/Transcendental_Etudes/10/Kim02.mid,2.0,14,0,14,10,0,0.0,0.0,0.0
1.0,all,val,Liszt/Transcendental_Etudes/10/xml_score.musicxml,Liszt/Transcendental_Etudes/10/Ladid02.mid,0.0,6,0,6,10,0,0.0,0.0,0.0
1.0,all,val,Liszt/Transcendental_Etudes/10/xml_score.musicxml,Liszt/Transcendental_Etudes/10/Ladid02.mid,1.0,6,0,6,10,0,0.0,0.0,0.0
1.0,all,val,Liszt/Transcendental_Etudes/10/xml_score.musicxml,Liszt/Transcendental_Etudes/10/Ladid02.mid,2.0,6,0,6,10,0,0.0,0.0,0.0
1.0,all,val,Liszt/Transcendental_Etudes/10/xml_score.musicxml,Liszt/Transcendental_Etudes/10/LeungM06M.mid,0.0,12,0,12,10,0,0.0,0.0,0.0
1.0,all,val,Liszt/Transcendental_Etudes/10/xml_score.musicxml,Liszt/Transcendental_Etudes/10/LeungM06M.mid,1.0,12,0,12,10,0,0.0,0.0,0.0
1.0,all,val,Liszt/Transcendental_Etudes/10/xml_score.musicxml,Liszt/Transcendental_Etudes/10/LeungM06M.mid,2.0,12,0,12,10,0,0.0,0.0,0.0
1.0,all,val,Liszt/Transcendental_Etudes/10/xml_score.musicxml,Liszt/Transcendental_Etudes/10/MCVEY02.mid,0.0,18,0,18,10,0,0.0,0.0,0.0
1.0,all,val,Liszt/Transcendental_Etudes/10/xml_score.musicxml,Liszt/Transcendental_Etudes/10/MCVEY02.mid,1.0,18,0,18,10,0,0.0,0.0,0.0
1.0,all,val,Liszt/Transcendental_Etudes/10/xml_score.musicxml,Liszt/Transcendental_Etudes/10/MCVEY02.mid,2.0,18,0,18,10,0,0.0,0.0,0.0
1.0,all,val,Liszt/Transcendental_Etudes/10/xml_score.musicxml,Liszt/Transcendental_Etudes/10/MorozovY03.mid,0.0,8,0,8,10,0,0.0,0.0,0.0
1.0,all,val,Liszt/Transcendental_Etudes/10/xml_score.musicxml,Liszt/Transcendental_Etudes/10/MorozovY03.mid,1.0,8,0,8,10,0,0.0,0.0,0.0
1.0,all,val,Liszt/Transcendental_Etudes/10/xml_score.musicxml,Liszt/Transcendental_Etudes/10/MorozovY03.mid,2.0,8,0,8,10,0,0.0,0.0,0.0
1.0,all,val,Liszt/Transcendental_Etudes/10/xml_score.musicxml,Liszt/Transcendental_Etudes/10/Qin03.mid,0.0,28,0,28,10,0,0.0,0.0,0.0
1.0,all,val,Liszt/Transcendental_Etudes/10/xml_score.musicxml,Liszt/Transcendental_Etudes/10/Qin03.mid,1.0,28,0,28,10,0,0.0,0.0,0.0
1.0,all,val,Liszt/Transcendental_Etudes/10/xml_score.musicxml,Liszt/Transcendental_Etudes/10/Qin03.mid,2.0,28,0,28,10,0,0.0,0.0,0.0
1.0,all,val,Liszt/Transcendental_Etudes/10/xml_score.musicxml,Liszt/Transcendental_Etudes/10/SUDBIN02.mid,0.0,22,0,22,10,0,0.0,0.0,0.0
1.0,all,val,Liszt/Transcendental_Etudes/10/xml_score.musicxml,Liszt/Transcendental_Etudes/10/SUDBIN02.mid,1.0,22,0,22,10,0,0.0,0.0,0.0
1.0,all,val,Liszt/Transcendental_Etudes/10/xml_score.musicxml,Liszt/Transcendental_Etudes/10/SUDBIN02.mid,2.0,22,0,22,10,0,0.0,0.0,0.0
1.0,all,val,Liszt/Transcendental_Etudes/10/xml_score.musicxml,Liszt/Transcendental_Etudes/10/Shamray02.mid,0.0,20,0,20,10,0,0.0,0.0,0.0
1.0,all,val,Liszt/Transcendental_Etudes/10/xml_score.musicxml,Liszt/Transcendental_Etudes/10/Shamray02.mid,1.0,20,1,19,9,0,0.05,0.1,0.066667
1.0,all,val,Liszt/Transcendental_Etudes/10/xml_score.musicxml,Liszt/Transcendental_Etudes/10/Shamray02.mid,2.0,20,1,19,9,0,0.05,0.1,0.066667
1.0,all,val,Liszt/Transcendental_Etudes/10/xml_score.musicxml,Liszt/Transcendental_Etudes/10/Tran02.mid,0.0,8,0,8,10,0,0.0,0.0,0.0
1.0,all,val,Liszt/Transcendental_Etudes/10/xml_score.musicxml,Liszt/Transcendental_Etudes/10/Tran02.mid,1.0,8,0,8,10,0,0.0,0.0,0.0
1.0,all,val,Liszt/Transcendental_Etudes/10/xml_score.musicxml,Liszt/Transcendental_Etudes/10/Tran02.mid,2.0,8,0,8,10,0,0.0,0.0,0.0
1.0,all,val,Liszt/Transcendental_Etudes/10/xml_score.musicxml,Liszt/Transcendental_Etudes/10/Uiasiuk03.mid,0.0,8,0,8,10,0,0.0,0.0,0.0
1.0,all,val,Liszt/Transcendental_Etudes/10/xml_score.musicxml,Liszt/Transcendental_Etudes/10/Uiasiuk03.mid,1.0,8,0,8,10,0,0.0,0.0,0.0
1.0,all,val,Liszt/Transcendental_Etudes/10/xml_score.musicxml,Liszt/Transcendental_Etudes/10/Uiasiuk03.mid,2.0,8,0,8,10,0,0.0,0.0,0.0
1.0,all,val,Liszt/Transcendental_Etudes/10/xml_score.musicxml,Liszt/Transcendental_Etudes/10/Yeletskiy03.mid,0.0,18,0,18,10,0,0.0,0.0,0.0
1.0,all,val,Liszt/Transcendental_Etudes/10/xml_score.musicxml,Liszt/Transcendental_Etudes/10/Yeletskiy03.mid,1.0,18,1,17,9,0,0.055556,0.1,0.071429
1.0,all,val,Liszt/Transcendental_Etudes/10/xml_score.musicxml,Liszt/Transcendental_Etudes/10/Yeletskiy03.mid,2.0,18,1,17,9,0,0.055556,0.1,0.071429
1.0,all,test,Liszt/Transcendental_Etudes/5/xml_score.musicxml,Liszt/Transcendental_Etudes/5/Gryaznov02.mid,0.0,18,3,15,7,0,0.166667,0.3,0.214286
1.0,all,test,Liszt/Transcendental_Etudes/5/xml_score.musicxml,Liszt/Transcendental_Etudes/5/Gryaznov02.mid,1.0,18,5,13,5,0,0.277778,0.5,0.357143
1.0,all,test,Liszt/Transcendental_Etudes/5/xml_score.musicxml,Liszt/Transcendental_Etudes/5/Gryaznov02.mid,2.0,18,6,12,4,1,0.333333,0.6,0.428571
1.0,all,test,Liszt/Transcendental_Etudes/5/xml_score.musicxml,Liszt/Transcendental_Etudes/5/HUAN_B03.mid,0.0,14,1,13,9,0,0.071429,0.1,0.083333
1.0,all,test,Liszt/Transcendental_Etudes/5/xml_score.musicxml,Liszt/Transcendental_Etudes/5/HUAN_B03.mid,1.0,14,3,11,7,0,0.214286,0.3,0.25
1.0,all,test,Liszt/Transcendental_Etudes/5/xml_score.musicxml,Liszt/Transcendental_Etudes/5/HUAN_B03.mid,2.0,14,3,11,7,0,0.214286,0.3,0.25
1.0,all,test,Liszt/Transcendental_Etudes/5/xml_score.musicxml,Liszt/Transcendental_Etudes/5/Huang16M.mid,0.0,10,0,10,10,0,0.0,0.0,0.0
1.0,all,test,Liszt/Transcendental_Etudes/5/xml_score.musicxml,Liszt/Transcendental_Etudes/5/Huang16M.mid,1.0,10,2,8,8,0,0.2,0.2,0.2
1.0,all,test,Liszt/Transcendental_Etudes/5/xml_score.musicxml,Liszt/Transcendental_Etudes/5/Huang16M.mid,2.0,10,2,8,8,0,0.2,0.2,0.2
1.0,all,test,Liszt/Transcendental_Etudes/5/xml_score.musicxml,Liszt/Transcendental_Etudes/5/Huangci01.mid,0.0,36,1,35,9,0,0.027778,0.1,0.043478
1.0,all,test,Liszt/Transcendental_Etudes/5/xml_score.musicxml,Liszt/Transcendental_Etudes/5/Huangci01.mid,1.0,36,2,34,8,1,0.055556,0.2,0.086957
1.0,all,test,Liszt/Transcendental_Etudes/5/xml_score.musicxml,Liszt/Transcendental_Etudes/5/Huangci01.mid,2.0,36,3,33,7,0,0.083333,0.3,0.130435
1.0,all,test,Liszt/Transcendental_Etudes/5/xml_score.musicxml,Liszt/Transcendental_Etudes/5/KIM_W02.mid,0.0,20,1,19,9,0,0.05,0.1,0.066667
1.0,all,test,Liszt/Transcendental_Etudes/5/xml_score.musicxml,Liszt/Transcendental_Etudes/5/KIM_W02.mid,1.0,20,3,17,7,0,0.15,0.3,0.2
1.0,all,test,Liszt/Transcendental_Etudes/5/xml_score.musicxml,Liszt/Transcendental_Etudes/5/KIM_W02.mid,2.0,20,3,17,7,0,0.15,0.3,0.2
1.0,all,test,Liszt/Transcendental_Etudes/5/xml_score.musicxml,Liszt/Transcendental_Etudes/5/LiuY06M.mid,0.0,18,3,15,7,0,0.166667,0.3,0.214286
1.0,all,test,Liszt/Transcendental_Etudes/5/xml_score.musicxml,Liszt/Transcendental_Etudes/5/LiuY06M.mid,1.0,18,3,15,7,0,0.166667,0.3,0.214286
1.0,all,test,Liszt/Transcendental_Etudes/5/xml_score.musicxml,Liszt/Transcendental_Etudes/5/LiuY06M.mid,2.0,18,3,15,7,0,0.166667,0.3,0.214286
1.0,all,test,Liszt/Transcendental_Etudes/5/xml_score.musicxml,Liszt/Transcendental_Etudes/5/Min03M.mid,0.0,20,2,18,8,0,0.1,0.2,0.133333
1.0,all,test,Liszt/Transcendental_Etudes/5/xml_score.musicxml,Liszt/Transcendental_Etudes/5/Min03M.mid,1.0,20,3,17,7,0,0.15,0.3,0.2
1.0,all,test,Liszt/Transcendental_Etudes/5/xml_score.musicxml,Liszt/Transcendental_Etudes/5/Min03M.mid,2.0,20,3,17,7,0,0.15,0.3,0.2
1.0,all,test,Liszt/Transcendental_Etudes/5/xml_score.musicxml,Liszt/Transcendental_Etudes/5/Park03M.mid,0.0,26,2,24,8,0,0.076923,0.2,0.111111
1.0,all,test,Liszt/Transcendental_Etudes/5/xml_score.musicxml,Liszt/Transcendental_Etudes/5/Park03M.mid,1.0,26,3,23,7,0,0.115385,0.3,0.166667
1.0,all,test,Liszt/Transcendental_Etudes/5/xml_score.musicxml,Liszt/Transcendental_Etudes/5/Park03M.mid,2.0,26,3,23,7,0,0.115385,0.3,0.166667
1.0,all,test,Liszt/Transcendental_Etudes/5/xml_score.musicxml,Liszt/Transcendental_Etudes/5/Sun09.mid,0.0,14,1,13,9,0,0.071429,0.1,0.083333
1.0,all,test,Liszt/Transcendental_Etudes/5/xml_score.musicxml,Liszt/Transcendental_Etudes/5/Sun09.mid,1.0,14,4,10,6,0,0.285714,0.4,0.333333
1.0,all,test,Liszt/Transcendental_Etudes/5/xml_score.musicxml,Liszt/Transcendental_Etudes/5/Sun09.mid,2.0,14,4,10,6,0,0.285714,0.4,0.333333
1.0,all,test,Liszt/Transcendental_Etudes/5/xml_score.musicxml,Liszt/Transcendental_Etudes/5/Wang06M.mid,0.0,20,1,19,9,0,0.05,0.1,0.066667
1.0,all,test,Liszt/Transcendental_Etudes/5/xml_score.musicxml,Liszt/Transcendental_Etudes/5/Wang06M.mid,1.0,20,4,16,6,0,0.2,0.4,0.266667
1.0,all,test,Liszt/Transcendental_Etudes/5/xml_score.musicxml,Liszt/Transcendental_Etudes/5/Wang06M.mid,2.0,20,5,15,5,0,0.25,0.5,0.333333
1.0,all,test,Liszt/Transcendental_Etudes/5/xml_score.musicxml,Liszt/Transcendental_Etudes/5/WangY02M.mid,0.0,18,0,18,10,0,0.0,0.0,0.0
1.0,all,test,Liszt/Transcendental_Etudes/5/xml_score.musicxml,Liszt/Transcendental_Etudes/5/WangY02M.mid,1.0,18,0,18,10,0,0.0,0.0,0.0
1.0,all,test,Liszt/Transcendental_Etudes/5/xml_score.musicxml,Liszt/Transcendental_Etudes/5/WangY02M.mid,2.0,18,0,18,10,1,0.0,0.0,0.0
1.0,all,train,Ravel/Pavane/xml_score.musicxml,Ravel/Pavane/ChenS03.mid,0.0,4,0,4,4,0,0.0,0.0,0.0
1.0,all,train,Ravel/Pavane/xml_score.musicxml,Ravel/Pavane/ChenS03.mid,1.0,4,0,4,4,0,0.0,0.0,0.0
1.0,all,train,Ravel/Pavane/xml_score.musicxml,Ravel/Pavane/ChenS03.mid,2.0,4,0,4,4,0,0.0,0.0,0.0
1.0,all,train,Ravel/Pavane/xml_score.musicxml,Ravel/Pavane/Zhdanov08.mid,0.0,1,0,1,4,0,0.0,0.0,0.0
1.0,all,train,Ravel/Pavane/xml_score.musicxml,Ravel/Pavane/Zhdanov08.mid,1.0,1,0,1,4,0,0.0,0.0,0.0
1.0,all,train,Ravel/Pavane/xml_score.musicxml,Ravel/Pavane/Zhdanov08.mid,2.0,1,0,1,4,0,0.0,0.0,0.0
1.0,all,train,Schumann/Kreisleriana/4/xml_score.musicxml,Schumann/Kreisleriana/4/ParkJH07.mid,0.0,6,1,5,5,0,0.166667,0.166667,0.166667
1.0,all,train,Schumann/Kreisleriana/4/xml_score.musicxml,Schumann/Kreisleriana/4/ParkJH07.mid,1.0,6,2,4,4,0,0.333333,0.333333,0.333333
1.0,all,train,Schumann/Kreisleriana/4/xml_score.musicxml,Schumann/Kreisleriana/4/ParkJH07.mid,2.0,6,2,4,4,0,0.333333,0.333333,0.333333
1.0,all,train,Schumann/Kreisleriana/4/xml_score.musicxml,Schumann/Kreisleriana/4/Yarden09.mid,0.0,3,0,3,6,0,0.0,0.0,0.0
1.0,all,train,Schumann/Kreisleriana/4/xml_score.musicxml,Schumann/Kreisleriana/4/Yarden09.mid,1.0,3,0,3,6,0,0.0,0.0,0.0
1.0,all,train,Schumann/Kreisleriana/4/xml_score.musicxml,Schumann/Kreisleriana/4/Yarden09.mid,2.0,3,1,2,5,0,0.333333,0.166667,0.222222
1.0,all,train,Schumann/Kreisleriana/6/xml_score.musicxml,Schumann/Kreisleriana/6/JohannsonP07.mid,0.0,1,0,1,12,0,0.0,0.0,0.0
1.0,all,train,Schumann/Kreisleriana/6/xml_score.musicxml,Schumann/Kreisleriana/6/JohannsonP07.mid,1.0,1,0,1,12,0,0.0,0.0,0.0
1.0,all,train,Schumann/Kreisleriana/6/xml_score.musicxml,Schumann/Kreisleriana/6/JohannsonP07.mid,2.0,1,0,1,12,0,0.0,0.0,0.0
1.0,all,train,Schumann/Kreisleriana/6/xml_score.musicxml,Schumann/Kreisleriana/6/ParkJH09.mid,0.0,2,0,2,12,0,0.0,0.0,0.0
1.0,all,train,Schumann/Kreisleriana/6/xml_score.musicxml,Schumann/Kreisleriana/6/ParkJH09.mid,1.0,2,0,2,12,1,0.0,0.0,0.0
1.0,all,train,Schumann/Kreisleriana/6/xml_score.musicxml,Schumann/Kreisleriana/6/ParkJH09.mid,2.0,2,0,2,12,1,0.0,0.0,0.0
1.0,all,train,Schumann/Kreisleriana/6/xml_score.musicxml,Schumann/Kreisleriana/6/Yarden09.mid,0.0,1,0,1,12,0,0.0,0.0,0.0
1.0,all,train,Schumann/Kreisleriana/6/xml_score.musicxml,Schumann/Kreisleriana/6/Yarden09.mid,1.0,1,0,1,12,0,0.0,0.0,0.0
1.0,all,train,Schumann/Kreisleriana/6/xml_score.musicxml,Schumann/Kreisleriana/6/Yarden09.mid,2.0,1,0,1,12,0,0.0,0.0,0.0
1.0,all,train,Scriabin/Etudes_op_8/11/xml_score.musicxml,Scriabin/Etudes_op_8/11/Shi03.mid,0.0,4,0,4,2,0,0.0,0.0,0.0
1.0,all,train,Scriabin/Etudes_op_8/11/xml_score.musicxml,Scriabin/Etudes_op_8/11/Shi03.mid,1.0,4,0,4,2,0,0.0,0.0,0.0
1.0,all,train,Scriabin/Etudes_op_8/11/xml_score.musicxml,Scriabin/Etudes_op_8/11/Shi03.mid,2.0,4,0,4,2,0,0.0,0.0,0.0
1.0,all,train,Scriabin/Etudes_op_8/11/xml_score.musicxml,Scriabin/Etudes_op_8/11/Shi08M.mid,0.0,4,0,4,2,0,0.0,0.0,0.0
1.0,all,train,Scriabin/Etudes_op_8/11/xml_score.musicxml,Scriabin/Etudes_op_8/11/Shi08M.mid,1.0,4,0,4,2,0,0.0,0.0,0.0
1.0,all,train,Scriabin/Etudes_op_8/11/xml_score.musicxml,Scriabin/Etudes_op_8/11/Shi08M.mid,2.0,4,0,4,2,0,0.0,0.0,0.0
1.0,all,train,Scriabin/Etudes_op_8/11/xml_score.musicxml,Scriabin/Etudes_op_8/11/YeF09.mid,0.0,4,0,4,2,0,0.0,0.0,0.0
1.0,all,train,Scriabin/Etudes_op_8/11/xml_score.musicxml,Scriabin/Etudes_op_8/11/YeF09.mid,1.0,4,0,4,2,0,0.0,0.0,0.0
1.0,all,train,Scriabin/Etudes_op_8/11/xml_score.musicxml,Scriabin/Etudes_op_8/11/YeF09.mid,2.0,4,0,4,2,0,0.0,0.0,0.0
1.0,all,train,Scriabin/Sonatas/5/xml_score.musicxml,Scriabin/Sonatas/5/ChernovA06M.mid,0.0,98,1,97,16,0,0.010204,0.058824,0.017391
1.0,all,train,Scriabin/Sonatas/5/xml_score.musicxml,Scriabin/Sonatas/5/ChernovA06M.mid,1.0,98,2,96,15,0,0.020408,0.117647,0.034783
1.0,all,train,Scriabin/Sonatas/5/xml_score.musicxml,Scriabin/Sonatas/5/ChernovA06M.mid,2.0,98,3,95,14,0,0.030612,0.176471,0.052174
1.0,all,train,Scriabin/Sonatas/5/xml_score.musicxml,Scriabin/Sonatas/5/FALIKS06.mid,0.0,84,1,83,16,0,0.011905,0.058824,0.019802
1.0,all,train,Scriabin/Sonatas/5/xml_score.musicxml,Scriabin/Sonatas/5/FALIKS06.mid,1.0,84,1,83,16,0,0.011905,0.058824,0.019802
1.0,all,train,Scriabin/Sonatas/5/xml_score.musicxml,Scriabin/Sonatas/5/FALIKS06.mid,2.0,84,1,83,16,0,0.011905,0.058824,0.019802
1.0,all,train,Scriabin/Sonatas/5/xml_score.musicxml,Scriabin/Sonatas/5/FaB05M.mid,0.0,82,3,79,14,0,0.036585,0.176471,0.060606
1.0,all,train,Scriabin/Sonatas/5/xml_score.musicxml,Scriabin/Sonatas/5/FaB05M.mid,1.0,82,4,78,13,0,0.04878,0.235294,0.080808
1.0,all,train,Scriabin/Sonatas/5/xml_score.musicxml,Scriabin/Sonatas/5/FaB05M.mid,2.0,82,4,78,13,0,0.04878,0.235294,0.080808
1.0,all,train,Scriabin/Sonatas/5/xml_score.musicxml,Scriabin/Sonatas/5/GarritsonL06M.mid,0.0,76,1,75,16,0,0.013158,0.058824,0.021505
1.0,all,train,Scriabin/Sonatas/5/xml_score.musicxml,Scriabin/Sonatas/5/GarritsonL06M.mid,1.0,76,2,74,15,0,0.026316,0.117647,0.043011
1.0,all,train,Scriabin/Sonatas/5/xml_score.musicxml,Scriabin/Sonatas/5/GarritsonL06M.mid,2.0,76,2,74,15,0,0.026316,0.117647,0.043011
1.0,all,train,Scriabin/Sonatas/5/xml_score.musicxml,Scriabin/Sonatas/5/Ko07M.mid,0.0,86,0,86,17,0,0.0,0.0,0.0
1.0,all,train,Scriabin/Sonatas/5/xml_score.musicxml,Scriabin/Sonatas/5/Ko07M.mid,1.0,86,5,81,12,0,0.05814,0.294118,0.097087
1.0,all,train,Scriabin/Sonatas/5/xml_score.musicxml,Scriabin/Sonatas/5/Ko07M.mid,2.0,86,7,79,10,1,0.081395,0.411765,0.135922
1.0,all,train,Scriabin/Sonatas/5/xml_score.musicxml,Scriabin/Sonatas/5/Na03.mid,0.0,74,1,73,16,0,0.013514,0.058824,0.021978
1.0,all,train,Scriabin/Sonatas/5/xml_score.musicxml,Scriabin/Sonatas/5/Na03.mid,1.0,74,2,72,15,0,0.027027,0.117647,0.043956
1.0,all,train,Scriabin/Sonatas/5/xml_score.musicxml,Scriabin/Sonatas/5/Na03.mid,2.0,74,2,72,15,0,0.027027,0.117647,0.043956
1.0,all,train,Scriabin/Sonatas/5/xml_score.musicxml,Scriabin/Sonatas/5/Na07M.mid,0.0,90,1,89,16,0,0.011111,0.058824,0.018692
1.0,all,train,Scriabin/Sonatas/5/xml_score.musicxml,Scriabin/Sonatas/5/Na07M.mid,1.0,90,2,88,15,0,0.022222,0.117647,0.037383
1.0,all,train,Scriabin/Sonatas/5/xml_score.musicxml,Scriabin/Sonatas/5/Na07M.mid,2.0,90,2,88,15,0,0.022222,0.117647,0.037383
1.0,all,train,Scriabin/Sonatas/5/xml_score.musicxml,Scriabin/Sonatas/5/TET02.mid,0.0,20,1,19,16,0,0.05,0.058824,0.054054
1.0,all,train,Scriabin/Sonatas/5/xml_score.musicxml,Scriabin/Sonatas/5/TET02.mid,1.0,20,1,19,16,0,0.05,0.058824,0.054054
1.0,all,train,Scriabin/Sonatas/5/xml_score.musicxml,Scriabin/Sonatas/5/TET02.mid,2.0,20,1,19,16,0,0.05,0.058824,0.054054
1.0,all,train,Scriabin/Sonatas/5/xml_score.musicxml,Scriabin/Sonatas/5/Yeletskiy02.mid,0.0,86,0,86,17,0,0.0,0.0,0.0
1.0,all,train,Scriabin/Sonatas/5/xml_score.musicxml,Scriabin/Sonatas/5/Yeletskiy02.mid,1.0,86,2,84,15,0,0.023256,0.117647,0.038835
1.0,all,train,Scriabin/Sonatas/5/xml_score.musicxml,Scriabin/Sonatas/5/Yeletskiy02.mid,2.0,86,3,83,14,0,0.034884,0.176471,0.058252
1.0,all,train,Scriabin/Sonatas/5/xml_score.musicxml,Scriabin/Sonatas/5/Yeletskiy07M.mid,0.0,92,0,92,17,0,0.0,0.0,0.0
1.0,all,train,Scriabin/Sonatas/5/xml_score.musicxml,Scriabin/Sonatas/5/Yeletskiy07M.mid,1.0,92,4,88,13,1,0.043478,0.235294,0.073394
1.0,all,train,Scriabin/Sonatas/5/xml_score.musicxml,Scriabin/Sonatas/5/Yeletskiy07M.mid,2.0,92,4,88,13,1,0.043478,0.235294,0.073394
2.0,all,train,Beethoven/Piano_Sonatas/11-2/xml_score.musicxml,Beethoven/Piano_Sonatas/11-2/MaximovI04.mid,0.0,6,1,5,165,0,0.166667,0.006024,0.011628
2.0,all,train,Beethoven/Piano_Sonatas/11-2/xml_score.musicxml,Beethoven/Piano_Sonatas/11-2/MaximovI04.mid,1.0,6,2,4,164,0,0.333333,0.012048,0.023256
2.0,all,train,Beethoven/Piano_Sonatas/11-2/xml_score.musicxml,Beethoven/Piano_Sonatas/11-2/MaximovI04.mid,2.0,6,2,4,164,0,0.333333,0.012048,0.023256
2.0,all,val,Beethoven/Piano_Sonatas/21-3/xml_score.musicxml,Beethoven/Piano_Sonatas/21-3/KimSY04M.mid,0.0,22,0,22,7,0,0.0,0.0,0.0
2.0,all,val,Beethoven/Piano_Sonatas/21-3/xml_score.musicxml,Beethoven/Piano_Sonatas/21-3/KimSY04M.mid,1.0,22,0,22,7,0,0.0,0.0,0.0
2.0,all,val,Beethoven/Piano_Sonatas/21-3/xml_score.musicxml,Beethoven/Piano_Sonatas/21-3/KimSY04M.mid,2.0,22,0,22,7,0,0.0,0.0,0.0
2.0,all,val,Beethoven/Piano_Sonatas/21-3/xml_score.musicxml,Beethoven/Piano_Sonatas/21-3/Sekino05M.mid,0.0,12,0,12,7,0,0.0,0.0,0.0
2.0,all,val,Beethoven/Piano_Sonatas/21-3/xml_score.musicxml,Beethoven/Piano_Sonatas/21-3/Sekino05M.mid,1.0,12,0,12,7,0,0.0,0.0,0.0
2.0,all,val,Beethoven/Piano_Sonatas/21-3/xml_score.musicxml,Beethoven/Piano_Sonatas/21-3/Sekino05M.mid,2.0,12,0,12,7,0,0.0,0.0,0.0
2.0,all,val,Beethoven/Piano_Sonatas/21-3/xml_score.musicxml,Beethoven/Piano_Sonatas/21-3/YOO05M.mid,0.0,38,0,38,7,0,0.0,0.0,0.0
2.0,all,val,Beethoven/Piano_Sonatas/21-3/xml_score.musicxml,Beethoven/Piano_Sonatas/21-3/YOO05M.mid,1.0,38,0,38,7,0,0.0,0.0,0.0
2.0,all,val,Beethoven/Piano_Sonatas/21-3/xml_score.musicxml,Beethoven/Piano_Sonatas/21-3/YOO05M.mid,2.0,38,0,38,7,0,0.0,0.0,0.0
2.0,all,train,Beethoven/Piano_Sonatas/26-2/xml_score.musicxml,Beethoven/Piano_Sonatas/26-2/HONG05M.mid,0.0,1,0,1,3,0,0.0,0.0,0.0
2.0,all,train,Beethoven/Piano_Sonatas/26-2/xml_score.musicxml,Beethoven/Piano_Sonatas/26-2/HONG05M.mid,1.0,1,0,1,3,0,0.0,0.0,0.0
2.0,all,train,Beethoven/Piano_Sonatas/26-2/xml_score.musicxml,Beethoven/Piano_Sonatas/26-2/HONG05M.mid,2.0,1,0,1,3,1,0.0,0.0,0.0
2.0,all,train,Beethoven/Piano_Sonatas/26-2/xml_score.musicxml,Beethoven/Piano_Sonatas/26-2/Huang02.mid,0.0,1,0,1,3,0,0.0,0.0,0.0
2.0,all,train,Beethoven/Piano_Sonatas/26-2/xml_score.musicxml,Beethoven/Piano_Sonatas/26-2/Huang02.mid,1.0,1,0,1,3,0,0.0,0.0,0.0
2.0,all,train,Beethoven/Piano_Sonatas/26-2/xml_score.musicxml,Beethoven/Piano_Sonatas/26-2/Huang02.mid,2.0,1,0,1,3,1,0.0,0.0,0.0
2.0,all,train,Beethoven/Piano_Sonatas/26-2/xml_score.musicxml,Beethoven/Piano_Sonatas/26-2/LEE_K05M.mid,0.0,1,0,1,3,0,0.0,0.0,0.0
2.0,all,train,Beethoven/Piano_Sonatas/26-2/xml_score.musicxml,Beethoven/Piano_Sonatas/26-2/LEE_K05M.mid,1.0,1,1,0,2,0,1.0,0.333333,0.5
2.0,all,train,Beethoven/Piano_Sonatas/26-2/xml_score.musicxml,Beethoven/Piano_Sonatas/26-2/LEE_K05M.mid,2.0,1,1,0,2,0,1.0,0.333333,0.5
2.0,all,train,Beethoven/Piano_Sonatas/26-2/xml_score.musicxml,Beethoven/Piano_Sonatas/26-2/Tysman01.mid,0.0,2,0,2,3,0,0.0,0.0,0.0
2.0,all,train,Beethoven/Piano_Sonatas/26-2/xml_score.musicxml,Beethoven/Piano_Sonatas/26-2/Tysman01.mid,1.0,2,0,2,3,0,0.0,0.0,0.0
2.0,all,train,Beethoven/Piano_Sonatas/26-2/xml_score.musicxml,Beethoven/Piano_Sonatas/26-2/Tysman01.mid,2.0,2,0,2,3,1,0.0,0.0,0.0
2.0,all,train,Beethoven/Piano_Sonatas/26-2/xml_score.musicxml,Beethoven/Piano_Sonatas/26-2/Zhdanov05.mid,0.0,1,0,1,3,0,0.0,0.0,0.0
2.0,all,train,Beethoven/Piano_Sonatas/26-2/xml_score.musicxml,Beethoven/Piano_Sonatas/26-2/Zhdanov05.mid,1.0,1,0,1,3,0,0.0,0.0,0.0
2.0,all,train,Beethoven/Piano_Sonatas/26-2/xml_score.musicxml,Beethoven/Piano_Sonatas/26-2/Zhdanov05.mid,2.0,1,0,1,3,0,0.0,0.0,0.0
2.0,all,test,Beethoven/Piano_Sonatas/28-1/xml_score.musicxml,Beethoven/Piano_Sonatas/28-1/Atzinger01.mid,0.0,2,0,2,2,0,0.0,0.0,0.0
2.0,all,test,Beethoven/Piano_Sonatas/28-1/xml_score.musicxml,Beethoven/Piano_Sonatas/28-1/Atzinger01.mid,1.0,2,0,2,2,0,0.0,0.0,0.0
2.0,all,test,Beethoven/Piano_Sonatas/28-1/xml_score.musicxml,Beethoven/Piano_Sonatas/28-1/Atzinger01.mid,2.0,2,0,2,2,0,0.0,0.0,0.0
2.0,all,test,Beethoven/Piano_Sonatas/28-1/xml_score.musicxml,Beethoven/Piano_Sonatas/28-1/KimHJ02M.mid,0.0,1,0,1,2,0,0.0,0.0,0.0
2.0,all,test,Beethoven/Piano_Sonatas/28-1/xml_score.musicxml,Beethoven/Piano_Sonatas/28-1/KimHJ02M.mid,1.0,1,0,1,2,0,0.0,0.0,0.0
2.0,all,test,Beethoven/Piano_Sonatas/28-1/xml_score.musicxml,Beethoven/Piano_Sonatas/28-1/KimHJ02M.mid,2.0,1,0,1,2,0,0.0,0.0,0.0
2.0,all,test,Beethoven/Piano_Sonatas/28-1/xml_score.musicxml,Beethoven/Piano_Sonatas/28-1/KyykhynenT06M.mid,0.0,5,0,5,2,0,0.0,0.0,0.0
2.0,all,test,Beethoven/Piano_Sonatas/28-1/xml_score.musicxml,Beethoven/Piano_Sonatas/28-1/KyykhynenT06M.mid,1.0,5,0,5,2,0,0.0,0.0,0.0
2.0,all,test,Beethoven/Piano_Sonatas/28-1/xml_score.musicxml,Beethoven/Piano_Sonatas/28-1/KyykhynenT06M.mid,2.0,5,0,5,2,0,0.0,0.0,0.0
2.0,all,test,Beethoven/Piano_Sonatas/28-1/xml_score.musicxml,Beethoven/Piano_Sonatas/28-1/WangY04M.mid,0.0,3,0,3,2,0,0.0,0.0,0.0
2.0,all,test,Beethoven/Piano_Sonatas/28-1/xml_score.musicxml,Beethoven/Piano_Sonatas/28-1/WangY04M.mid,1.0,3,0,3,2,0,0.0,0.0,0.0
2.0,all,test,Beethoven/Piano_Sonatas/28-1/xml_score.musicxml,Beethoven/Piano_Sonatas/28-1/WangY04M.mid,2.0,3,0,3,2,0,0.0,0.0,0.0
2.0,all,test,Beethoven/Piano_Sonatas/28-1/xml_score.musicxml,Beethoven/Piano_Sonatas/28-1/Zhdanov01.mid,0.0,2,0,2,2,0,0.0,0.0,0.0
2.0,all,test,Beethoven/Piano_Sonatas/28-1/xml_score.musicxml,Beethoven/Piano_Sonatas/28-1/Zhdanov01.mid,1.0,2,0,2,2,0,0.0,0.0,0.0
2.0,all,test,Beethoven/Piano_Sonatas/28-1/xml_score.musicxml,Beethoven/Piano_Sonatas/28-1/Zhdanov01.mid,2.0,2,0,2,2,0,0.0,0.0,0.0
2.0,all,train,Beethoven/Piano_Sonatas/29-2/xml_score.musicxml,Beethoven/Piano_Sonatas/29-2/ChowK03.mid,0.0,14,0,14,4,0,0.0,0.0,0.0
2.0,all,train,Beethoven/Piano_Sonatas/29-2/xml_score.musicxml,Beethoven/Piano_Sonatas/29-2/ChowK03.mid,1.0,14,1,13,3,0,0.071429,0.25,0.111111
2.0,all,train,Beethoven/Piano_Sonatas/29-2/xml_score.musicxml,Beethoven/Piano_Sonatas/29-2/ChowK03.mid,2.0,14,1,13,3,0,0.071429,0.25,0.111111
2.0,all,train,Beethoven/Piano_Sonatas/29-3/xml_score.musicxml,Beethoven/Piano_Sonatas/29-3/ChowK04.mid,0.0,2,0,2,6,0,0.0,0.0,0.0
2.0,all,train,Beethoven/Piano_Sonatas/29-3/xml_score.musicxml,Beethoven/Piano_Sonatas/29-3/ChowK04.mid,1.0,2,0,2,6,0,0.0,0.0,0.0
2.0,all,train,Beethoven/Piano_Sonatas/29-3/xml_score.musicxml,Beethoven/Piano_Sonatas/29-3/ChowK04.mid,2.0,2,1,1,5,0,0.5,0.166667,0.25
2.0,all,test,Beethoven/Piano_Sonatas/29-4/xml_score.musicxml,Beethoven/Piano_Sonatas/29-4/ChowK05M.mid,0.0,8,0,8,22,0,0.0,0.0,0.0
2.0,all,test,Beethoven/Piano_Sonatas/29-4/xml_score.musicxml,Beethoven/Piano_Sonatas/29-4/ChowK05M.mid,1.0,8,0,8,22,0,0.0,0.0,0.0
2.0,all,test,Beethoven/Piano_Sonatas/29-4/xml_score.musicxml,Beethoven/Piano_Sonatas/29-4/ChowK05M.mid,2.0,8,1,7,21,0,0.125,0.045455,0.066667
2.0,all,test,Chopin/Ballades/1/xml_score.musicxml,Chopin/Ballades/1/Ali01.mid,0.0,14,3,11,462,0,0.214286,0.006452,0.012526
2.0,all,test,Chopin/Ballades/1/xml_score.musicxml,Chopin/Ballades/1/Ali01.mid,1.0,14,6,8,459,0,0.428571,0.012903,0.025052
2.0,all,test,Chopin/Ballades/1/xml_score.musicxml,Chopin/Ballades/1/Ali01.mid,2.0,14,8,6,457,0,0.571429,0.017204,0.033403
2.0,all,test,Chopin/Ballades/1/xml_score.musicxml,Chopin/Ballades/1/BuiJL04M.mid,0.0,6,1,5,464,0,0.166667,0.002151,0.004246
2.0,all,test,Chopin/Ballades/1/xml_score.musicxml,Chopin/Ballades/1/BuiJL04M.mid,1.0,6,1,5,464,0,0.166667,0.002151,0.004246
2.0,all,test,Chopin/Ballades/1/xml_score.musicxml,Chopin/Ballades/1/BuiJL04M.mid,2.0,6,1,5,464,0,0.166667,0.002151,0.004246
2.0,all,test,Chopin/Ballades/1/xml_score.musicxml,Chopin/Ballades/1/Day04.mid,0.0,12,2,10,463,0,0.166667,0.004301,0.008386
2.0,all,test,Chopin/Ballades/1/xml_score.musicxml,Chopin/Ballades/1/Day04.mid,1.0,12,5,7,460,2,0.416667,0.010753,0.020964
2.0,all,test,Chopin/Ballades/1/xml_score.musicxml,Chopin/Ballades/1/Day04.mid,2.0,12,6,6,459,2,0.5,0.012903,0.025157
2.0,all,test,Chopin/Ballades/1/xml_score.musicxml,Chopin/Ballades/1/Dossin05.mid,0.0,14,1,13,464,0,0.071429,0.002151,0.004175
2.0,all,test,Chopin/Ballades/1/xml_score.musicxml,Chopin/Ballades/1/Dossin05.mid,1.0,14,2,12,463,0,0.142857,0.004301,0.008351
2.0,all,test,Chopin/Ballades/1/xml_score.musicxml,Chopin/Ballades/1/Dossin05.mid,2.0,14,2,12,463,0,0.142857,0.004301,0.008351
2.0,all,test,Chopin/Ballades/1/xml_score.musicxml,Chopin/Ballades/1/JIA06M.mid,0.0,14,2,12,463,0,0.142857,0.004301,0.008351
2.0,all,test,Chopin/Ballades/1/xml_score.musicxml,Chopin/Ballades/1/JIA06M.mid,1.0,14,5,9,460,1,0.357143,0.010753,0.020877
2.0,all,test,Chopin/Ballades/1/xml_score.musicxml,Chopin/Ballades/1/JIA06M.mid,2.0,14,6,8,459,2,0.428571,0.012903,0.025052
2.0,all,test,Chopin/Ballades/1/xml_score.musicxml,Chopin/Ballades/1/KimSuyeon04M.mid,0.0,4,1,3,464,0,0.25,0.002151,0.004264
2.0,all,test,Chopin/Ballades/1/xml_score.musicxml,Chopin/Ballades/1/KimSuyeon04M.mid,1.0,4,1,3,464,0,0.25,0.002151,0.004264
2.0,all,test,Chopin/Ballades/1/xml_score.musicxml,Chopin/Ballades/1/KimSuyeon04M.mid,2.0,4,1,3,464,0,0.25,0.002151,0.004264
2.0,all,test,Chopin/Ballades/1/xml_score.musicxml,Chopin/Ballades/1/LeeKoeun03.mid,0.0,6,1,5,464,0,0.166667,0.002151,0.004246
2.0,all,test,Chopin/Ballades/1/xml_score.musicxml,Chopin/Ballades/1/LeeKoeun03.mid,1.0,6,3,3,462,0,0.5,0.006452,0.012739
2.0,all,test,Chopin/Ballades/1/xml_score.musicxml,Chopin/Ballades/1/LeeKoeun03.mid,2.0,6,3,3,462,0,0.5,0.006452,0.012739
2.0,all,test,Chopin/Ballades/1/xml_score.musicxml,Chopin/Ballades/1/LeeKoeun06.mid,0.0,4,1,3,464,0,0.25,0.002151,0.004264
2.0,all,test,Chopin/Ballades/1/xml_score.musicxml,Chopin/Ballades/1/LeeKoeun06.mid,1.0,4,1,3,464,0,0.25,0.002151,0.004264
2.0,all,test,Chopin/Ballades/1/xml_score.musicxml,Chopin/Ballades/1/LeeKoeun06.mid,2.0,4,1,3,464,0,0.25,0.002151,0.004264
2.0,all,test,Chopin/Ballades/1/xml_score.musicxml,Chopin/Ballades/1/LinTao04.mid,0.0,8,2,6,463,0,0.25,0.004301,0.008457
2.0,all,test,Chopin/Ballades/1/xml_score.musicxml,Chopin/Ballades/1/LinTao04.mid,1.0,8,4,4,461,0,0.5,0.008602,0.016913
2.0,all,test,Chopin/Ballades/1/xml_score.musicxml,Chopin/Ballades/1/LinTao04.mid,2.0,8,5,3,460,0,0.625,0.010753,0.021142
2.0,all,test,Chopin/Ballades/1/xml_score.musicxml,Chopin/Ballades/1/McNamara02.mid,0.0,12,0,12,465,0,0.0,0.0,0.0
2.0,all,test,Chopin/Ballades/1/xml_score.musicxml,Chopin/Ballades/1/McNamara02.mid,1.0,12,2,10,463,0,0.166667,0.004301,0.008386
2.0,all,test,Chopin/Ballades/1/xml_score.musicxml,Chopin/Ballades/1/McNamara02.mid,2.0,12,5,7,460,0,0.416667,0.010753,0.020964
2.0,all,test,Chopin/Ballades/1/xml_score.musicxml,Chopin/Ballades/1/Mo07M.mid,0.0,4,1,3,464,0,0.25,0.002151,0.004264
2.0,all,test,Chopin/Ballades/1/xml_score.musicxml,Chopin/Ballades/1/Mo07M.mid,1.0,4,2,2,463,0,0.5,0.004301,0.008529
2.0,all,test,Chopin/Ballades/1/xml_score.musicxml,Chopin/Ballades/1/Mo07M.mid,2.0,4,2,2,463,0,0.5,0.004301,0.008529
2.0,all,test,Chopin/Ballades/1/xml_score.musicxml,Chopin/Ballades/1/MunA19M.mid,0.0,12,1,11,464,0,0.083333,0.002151,0.004193
2.0,all,test,Chopin/Ballades/1/xml_score.musicxml,Chopin/Ballades/1/MunA19M.mid,1.0,12,3,9,462,1,0.25,0.006452,0.012579
2.0,all,test,Chopin/Ballades/1/xml_score.musicxml,Chopin/Ballades/1/MunA19M.mid,2.0,12,4,8,461,2,0.333333,0.008602,0.016771
2.0,all,test,Chopin/Ballades/1/xml_score.musicxml,Chopin/Ballades/1/Richardson13M.mid,0.0,8,1,7,464,0,0.125,0.002151,0.004228
2.0,all,test,Chopin/Ballades/1/xml_score.musicxml,Chopin/Ballades/1/Richardson13M.mid,1.0,8,1,7,464,1,0.125,0.002151,0.004228
2.0,all,test,Chopin/Ballades/1/xml_score.musicxml,Chopin/Ballades/1/Richardson13M.mid,2.0,8,1,7,464,2,0.125,0.002151,0.004228
2.0,all,test,Chopin/Ballades/1/xml_score.musicxml,Chopin/Ballades/1/SINKEV05.mid,0.0,6,2,4,463,0,0.333333,0.004301,0.008493
2.0,all,test,Chopin/Ballades/1/xml_score.musicxml,Chopin/Ballades/1/SINKEV05.mid,1.0,6,3,3,462,0,0.5,0.006452,0.012739
2.0,all,test,Chopin/Ballades/1/xml_score.musicxml,Chopin/Ballades/1/SINKEV05.mid,2.0,6,3,3,462,0,0.5,0.006452,0.012739
2.0,all,test,Chopin/Ballades/1/xml_score.musicxml,Chopin/Ballades/1/SINKEV11.mid,0.0,6,1,5,464,0,0.166667,0.002151,0.004246
2.0,all,test,Chopin/Ballades/1/xml_score.musicxml,Chopin/Ballades/1/SINKEV11.mid,1.0,6,3,3,462,0,0.5,0.006452,0.012739
2.0,all,test,Chopin/Ballades/1/xml_score.musicxml,Chopin/Ballades/1/SINKEV11.mid,2.0,6,3,3,462,0,0.5,0.006452,0.012739
2.0,all,test,Chopin/Ballades/1/xml_score.musicxml,Chopin/Ballades/1/Sladek04M.mid,0.0,12,3,9,462,0,0.25,0.006452,0.012579
2.0,all,test,Chopin/Ballades/1/xml_score.musicxml,Chopin/Ballades/1/Sladek04M.mid,1.0,12,5,7,460,0,0.416667,0.010753,0.020964
2.0,all,test,Chopin/Ballades/1/xml_score.musicxml,Chopin/Ballades/1/Sladek04M.mid,2.0,12,6,6,459,0,0.5,0.012903,0.025157
2.0,all,test,Chopin/Ballades/1/xml_score.musicxml,Chopin/Ballades/1/YeSijing01.mid,0.0,10,2,8,463,0,0.2,0.004301,0.008421
2.0,all,test,Chopin/Ballades/1/xml_score.musicxml,Chopin/Ballades/1/YeSijing01.mid,1.0,10,3,7,462,1,0.3,0.006452,0.012632
2.0,all,test,Chopin/Ballades/1/xml_score.musicxml,Chopin/Ballades/1/YeSijing01.mid,2.0,10,3,7,462,2,0.3,0.006452,0.012632
2.0,all,test,Chopin/Ballades/1/xml_score.musicxml,Chopin/Ballades/1/Zhou06M.mid,0.0,6,1,5,464,0,0.166667,0.002151,0.004246
2.0,all,test,Chopin/Ballades/1/xml_score.musicxml,Chopin/Ballades/1/Zhou06M.mid,1.0,6,1,5,464,0,0.166667,0.002151,0.004246
2.0,all,test,Chopin/Ballades/1/xml_score.musicxml,Chopin/Ballades/1/Zhou06M.mid,2.0,6,1,5,464,0,0.166667,0.002151,0.004246
2.0,all,train,Chopin/Ballades/3/xml_score.musicxml,Chopin/Ballades/3/Ko11M.mid,0.0,2,0,2,478,0,0.0,0.0,0.0
2.0,all,train,Chopin/Ballades/3/xml_score.musicxml,Chopin/Ballades/3/Ko11M.mid,1.0,2,1,1,477,0,0.5,0.002092,0.004167
2.0,all,train,Chopin/Ballades/3/xml_score.musicxml,Chopin/Ballades/3/Ko11M.mid,2.0,2,1,1,477,0,0.5,0.002092,0.004167
2.0,all,train,Chopin/Ballades/3/xml_score.musicxml,Chopin/Ballades/3/LinPeng06M.mid,0.0,8,0,8,478,0,0.0,0.0,0.0
2.0,all,train,Chopin/Ballades/3/xml_score.musicxml,Chopin/Ballades/3/LinPeng06M.mid,1.0,8,5,3,473,0,0.625,0.01046,0.020576
2.0,all,train,Chopin/Ballades/3/xml_score.musicxml,Chopin/Ballades/3/LinPeng06M.mid,2.0,8,5,3,473,0,0.625,0.01046,0.020576
2.0,all,train,Chopin/Ballades/3/xml_score.musicxml,Chopin/Ballades/3/Tan02.mid,0.0,8,0,8,478,0,0.0,0.0,0.0
2.0,all,train,Chopin/Ballades/3/xml_score.musicxml,Chopin/Ballades/3/Tan02.mid,1.0,8,2,6,476,0,0.25,0.004184,0.00823
2.0,all,train,Chopin/Ballades/3/xml_score.musicxml,Chopin/Ballades/3/Tan02.mid,2.0,8,5,3,473,0,0.625,0.01046,0.020576
2.0,all,train,Chopin/Barcarolle/xml_score.musicxml,Chopin/Barcarolle/Kociuban13.mid,0.0,6,1,5,454,0,0.166667,0.002198,0.004338
2.0,all,train,Chopin/Barcarolle/xml_score.musicxml,Chopin/Barcarolle/Kociuban13.mid,1.0,6,4,2,451,1,0.666667,0.008791,0.017354
2.0,all,train,Chopin/Barcarolle/xml_score.musicxml,Chopin/Barcarolle/Kociuban13.mid,2.0,6,5,1,450,0,0.833333,0.010989,0.021692
2.0,all,train,Chopin/Barcarolle/xml_score.musicxml,Chopin/Barcarolle/LeeSH05M.mid,0.0,6,0,6,455,0,0.0,0.0,0.0
2.0,all,train,Chopin/Barcarolle/xml_score.musicxml,Chopin/Barcarolle/LeeSH05M.mid,1.0,6,3,3,452,1,0.5,0.006593,0.013015
2.0,all,train,Chopin/Barcarolle/xml_score.musicxml,Chopin/Barcarolle/LeeSH05M.mid,2.0,6,4,2,451,0,0.666667,0.008791,0.017354
2.0,all,train,Chopin/Barcarolle/xml_score.musicxml,Chopin/Barcarolle/Na03.mid,0.0,6,0,6,455,0,0.0,0.0,0.0
2.0,all,train,Chopin/Barcarolle/xml_score.musicxml,Chopin/Barcarolle/Na03.mid,1.0,6,3,3,452,1,0.5,0.006593,0.013015
2.0,all,train,Chopin/Barcarolle/xml_score.musicxml,Chopin/Barcarolle/Na03.mid,2.0,6,5,1,450,0,0.833333,0.010989,0.021692
2.0,all,train,Chopin/Barcarolle/xml_score.musicxml,Chopin/Barcarolle/Na09M.mid,0.0,6,1,5,454,0,0.166667,0.002198,0.004338
2.0,all,train,Chopin/Barcarolle/xml_score.musicxml,Chopin/Barcarolle/Na09M.mid,1.0,6,4,2,451,1,0.666667,0.008791,0.017354
2.0,all,train,Chopin/Barcarolle/xml_score.musicxml,Chopin/Barcarolle/Na09M.mid,2.0,6,5,1,450,0,0.833333,0.010989,0.021692
2.0,all,train,Chopin/Barcarolle/xml_score.musicxml,Chopin/Barcarolle/Ozel10M.mid,0.0,4,1,3,454,0,0.25,0.002198,0.004357
2.0,all,train,Chopin/Barcarolle/xml_score.musicxml,Chopin/Barcarolle/Ozel10M.mid,1.0,4,3,1,452,1,0.75,0.006593,0.013072
2.0,all,train,Chopin/Barcarolle/xml_score.musicxml,Chopin/Barcarolle/Ozel10M.mid,2.0,4,4,0,451,0,1.0,0.008791,0.017429
2.0,all,train,Chopin/Barcarolle/xml_score.musicxml,Chopin/Barcarolle/Park10M.mid,0.0,4,0,4,455,0,0.0,0.0,0.0
2.0,all,train,Chopin/Barcarolle/xml_score.musicxml,Chopin/Barcarolle/Park10M.mid,1.0,4,1,3,454,1,0.25,0.002198,0.004357
2.0,all,train,Chopin/Barcarolle/xml_score.musicxml,Chopin/Barcarolle/Park10M.mid,2.0,4,3,1,452,0,0.75,0.006593,0.013072
2.0,all,train,Chopin/Barcarolle/xml_score.musicxml,Chopin/Barcarolle/Rozanski07M.mid,0.0,4,0,4,455,0,0.0,0.0,0.0
2.0,all,train,Chopin/Barcarolle/xml_score.musicxml,Chopin/Barcarolle/Rozanski07M.mid,1.0,4,2,2,453,1,0.5,0.004396,0.008715
2.0,all,train,Chopin/Barcarolle/xml_score.musicxml,Chopin/Barcarolle/Rozanski07M.mid,2.0,4,3,1,452,0,0.75,0.006593,0.013072
2.0,all,train,Chopin/Barcarolle/xml_score.musicxml,Chopin/Barcarolle/Verbaite03.mid,0.0,8,0,8,455,0,0.0,0.0,0.0
2.0,all,train,Chopin/Barcarolle/xml_score.musicxml,Chopin/Barcarolle/Verbaite03.mid,1.0,8,3,5,452,2,0.375,0.006593,0.012959
2.0,all,train,Chopin/Barcarolle/xml_score.musicxml,Chopin/Barcarolle/Verbaite03.mid,2.0,8,5,3,450,0,0.625,0.010989,0.021598
2.0,all,train,Chopin/Barcarolle/xml_score.musicxml,Chopin/Barcarolle/Wilshire04.mid,0.0,4,0,4,455,0,0.0,0.0,0.0
2.0,all,train,Chopin/Barcarolle/xml_score.musicxml,Chopin/Barcarolle/Wilshire04.mid,1.0,4,2,2,453,1,0.5,0.004396,0.008715
2.0,all,train,Chopin/Barcarolle/xml_score.musicxml,Chopin/Barcarolle/Wilshire04.mid,2.0,4,4,0,451,0,1.0,0.008791,0.017429
2.0,all,train,Chopin/Etudes_op_10/1/xml_score.musicxml,Chopin/Etudes_op_10/1/Avdeeva02.mid,0.0,2,0,2,5,0,0.0,0.0,0.0
2.0,all,train,Chopin/Etudes_op_10/1/xml_score.musicxml,Chopin/Etudes_op_10/1/Avdeeva02.mid,1.0,2,0,2,5,0,0.0,0.0,0.0
2.0,all,train,Chopin/Etudes_op_10/1/xml_score.musicxml,Chopin/Etudes_op_10/1/Avdeeva02.mid,2.0,2,0,2,5,0,0.0,0.0,0.0
2.0,all,train,Chopin/Etudes_op_10/1/xml_score.musicxml,Chopin/Etudes_op_10/1/ChenW03M.mid,0.0,6,0,6,5,0,0.0,0.0,0.0
2.0,all,train,Chopin/Etudes_op_10/1/xml_score.musicxml,Chopin/Etudes_op_10/1/ChenW03M.mid,1.0,6,0,6,5,0,0.0,0.0,0.0
2.0,all,train,Chopin/Etudes_op_10/1/xml_score.musicxml,Chopin/Etudes_op_10/1/ChenW03M.mid,2.0,6,0,6,5,0,0.0,0.0,0.0
2.0,all,train,Chopin/Etudes_op_10/1/xml_score.musicxml,Chopin/Etudes_op_10/1/HSU02.mid,0.0,4,0,4,5,0,0.0,0.0,0.0
2.0,all,train,Chopin/Etudes_op_10/1/xml_score.musicxml,Chopin/Etudes_op_10/1/HSU02.mid,1.0,4,0,4,5,0,0.0,0.0,0.0
2.0,all,train,Chopin/Etudes_op_10/1/xml_score.musicxml,Chopin/Etudes_op_10/1/HSU02.mid,2.0,4,0,4,5,0,0.0,0.0,0.0
2.0,all,train,Chopin/Etudes_op_10/1/xml_score.musicxml,Chopin/Etudes_op_10/1/ISHIDA04.mid,0.0,2,0,2,5,0,0.0,0.0,0.0
2.0,all,train,Chopin/Etudes_op_10/1/xml_score.musicxml,Chopin/Etudes_op_10/1/ISHIDA04.mid,1.0,2,0,2,5,1,0.0,0.0,0.0
2.0,all,train,Chopin/Etudes_op_10/1/xml_score.musicxml,Chopin/Etudes_op_10/1/ISHIDA04.mid,2.0,2,0,2,5,1,0.0,0.0,0.0
2.0,all,train,Chopin/Etudes_op_10/1/xml_score.musicxml,Chopin/Etudes_op_10/1/Jussow03.mid,0.0,4,0,4,5,0,0.0,0.0,0.0
2.0,all,train,Chopin/Etudes_op_10/1/xml_score.musicxml,Chopin/Etudes_op_10/1/Jussow03.mid,1.0,4,0,4,5,1,0.0,0.0,0.0
2.0,all,train,Chopin/Etudes_op_10/1/xml_score.musicxml,Chopin/Etudes_op_10/1/Jussow03.mid,2.0,4,0,4,5,1,0.0,0.0,0.0
2.0,all,train,Chopin/Etudes_op_10/1/xml_score.musicxml,Chopin/Etudes_op_10/1/KaiRuiR03M.mid,0.0,2,0,2,5,0,0.0,0.0,0.0
2.0,all,train,Chopin/Etudes_op_10/1/xml_score.musicxml,Chopin/Etudes_op_10/1/KaiRuiR03M.mid,1.0,2,0,2,5,1,0.0,0.0,0.0
2.0,all,train,Chopin/Etudes_op_10/1/xml_score.musicxml,Chopin/Etudes_op_10/1/KaiRuiR03M.mid,2.0,2,0,2,5,1,0.0,0.0,0.0
2.0,all,train,Chopin/Etudes_op_10/1/xml_score.musicxml,Chopin/Etudes_op_10/1/LeeHanchien02.mid,0.0,2,0,2,5,0,0.0,0.0,0.0
2.0,all,train,Chopin/Etudes_op_10/1/xml_score.musicxml,Chopin/Etudes_op_10/1/LeeHanchien02.mid,1.0,2,0,2,5,1,0.0,0.0,0.0
2.0,all,train,Chopin/Etudes_op_10/1/xml_score.musicxml,Chopin/Etudes_op_10/1/LeeHanchien02.mid,2.0,2,0,2,5,1,0.0,0.0,0.0
2.0,all,train,Chopin/Etudes_op_10/1/xml_score.musicxml,Chopin/Etudes_op_10/1/LiYZ02M.mid,0.0,2,0,2,5,0,0.0,0.0,0.0
2.0,all,train,Chopin/Etudes_op_10/1/xml_score.musicxml,Chopin/Etudes_op_10/1/LiYZ02M.mid,1.0,2,0,2,5,0,0.0,0.0,0.0
2.0,all,train,Chopin/Etudes_op_10/1/xml_score.musicxml,Chopin/Etudes_op_10/1/LiYZ02M.mid,2.0,2,0,2,5,0,0.0,0.0,0.0
2.0,all,train,Chopin/Etudes_op_10/1/xml_score.musicxml,Chopin/Etudes_op_10/1/LuM02M.mid,0.0,11,0,11,5,0,0.0,0.0,0.0
2.0,all,train,Chopin/Etudes_op_10/1/xml_score.musicxml,Chopin/Etudes_op_10/1/LuM02M.mid,1.0,11,0,11,5,0,0.0,0.0,0.0
2.0,all,train,Chopin/Etudes_op_10/1/xml_score.musicxml,Chopin/Etudes_op_10/1/LuM02M.mid,2.0,11,0,11,5,0,0.0,0.0,0.0
2.0,all,train,Chopin/Etudes_op_10/1/xml_score.musicxml,Chopin/Etudes_op_10/1/Mikhailoff05.mid,0.0,2,0,2,5,0,0.0,0.0,0.0
2.0,all,train,Chopin/Etudes_op_10/1/xml_score.musicxml,Chopin/Etudes_op_10/1/Mikhailoff05.mid,1.0,2,0,2,5,0,0.0,0.0,0.0
2.0,all,train,Chopin/Etudes_op_10/1/xml_score.musicxml,Chopin/Etudes_op_10/1/Mikhailoff05.mid,2.0,2,0,2,5,0,0.0,0.0,0.0
2.0,all,train,Chopin/Etudes_op_10/1/xml_score.musicxml,Chopin/Etudes_op_10/1/MorozovS02.mid,0.0,4,0,4,5,0,0.0,0.0,0.0
2.0,all,train,Chopin/Etudes_op_10/1/xml_score.musicxml,Chopin/Etudes_op_10/1/MorozovS02.mid,1.0,4,0,4,5,0,0.0,0.0,0.0
2.0,all,train,Chopin/Etudes_op_10/1/xml_score.musicxml,Chopin/Etudes_op_10/1/MorozovS02.mid,2.0,4,0,4,5,0,0.0,0.0,0.0
2.0,all,train,Chopin/Etudes_op_10/1/xml_score.musicxml,Chopin/Etudes_op_10/1/MunA07M.mid,0.0,10,1,9,4,0,0.1,0.2,0.133333
2.0,all,train,Chopin/Etudes_op_10/1/xml_score.musicxml,Chopin/Etudes_op_10/1/MunA07M.mid,1.0,10,1,9,4,0,0.1,0.2,0.133333
2.0,all,train,Chopin/Etudes_op_10/1/xml_score.musicxml,Chopin/Etudes_op_10/1/MunA07M.mid,2.0,10,1,9,4,0,0.1,0.2,0.133333
2.0,all,train,Chopin/Etudes_op_10/1/xml_score.musicxml,Chopin/Etudes_op_10/1/NAKAJI02.mid,0.0,2,0,2,5,0,0.0,0.0,0.0
2.0,all,train,Chopin/Etudes_op_10/1/xml_score.musicxml,Chopin/Etudes_op_10/1/NAKAJI02.mid,1.0,2,0,2,5,0,0.0,0.0,0.0
2.0,all,train,Chopin/Etudes_op_10/1/xml_score.musicxml,Chopin/Etudes_op_10/1/NAKAJI02.mid,2.0,2,0,2,5,0,0.0,0.0,0.0
2.0,all,train,Chopin/Etudes_op_10/1/xml_score.musicxml,Chopin/Etudes_op_10/1/Park02.mid,0.0,10,0,10,5,0,0.0,0.0,0.0
2.0,all,train,Chopin/Etudes_op_10/1/xml_score.musicxml,Chopin/Etudes_op_10/1/Park02.mid,1.0,10,0,10,5,1,0.0,0.0,0.0
2.0,all,train,Chopin/Etudes_op_10/1/xml_score.musicxml,Chopin/Etudes_op_10/1/Park02.mid,2.0,10,0,10,5,1,0.0,0.0,0.0
2.0,all,train,Chopin/Etudes_op_10/1/xml_score.musicxml,Chopin/Etudes_op_10/1/Savitski03.mid,0.0,2,0,2,5,0,0.0,0.0,0.0
2.0,all,train,Chopin/Etudes_op_10/1/xml_score.musicxml,Chopin/Etudes_op_10/1/Savitski03.mid,1.0,2,0,2,5,1,0.0,0.0,0.0
2.0,all,train,Chopin/Etudes_op_10/1/xml_score.musicxml,Chopin/Etudes_op_10/1/Savitski03.mid,2.0,2,0,2,5,1,0.0,0.0,0.0
2.0,all,train,Chopin/Etudes_op_10/1/xml_score.musicxml,Chopin/Etudes_op_10/1/Shelest02.mid,0.0,2,0,2,5,0,0.0,0.0,0.0
2.0,all,train,Chopin/Etudes_op_10/1/xml_score.musicxml,Chopin/Etudes_op_10/1/Shelest02.mid,1.0,2,0,2,5,1,0.0,0.0,0.0
2.0,all,train,Chopin/Etudes_op_10/1/xml_score.musicxml,Chopin/Etudes_op_10/1/Shelest02.mid,2.0,2,0,2,5,1,0.0,0.0,0.0
2.0,all,train,Chopin/Etudes_op_10/1/xml_score.musicxml,Chopin/Etudes_op_10/1/Stahievitch03.mid,0.0,6,0,6,5,0,0.0,0.0,0.0
2.0,all,train,Chopin/Etudes_op_10/1/xml_score.musicxml,Chopin/Etudes_op_10/1/Stahievitch03.mid,1.0,6,0,6,5,0,0.0,0.0,0.0
2.0,all,train,Chopin/Etudes_op_10/1/xml_score.musicxml,Chopin/Etudes_op_10/1/Stahievitch03.mid,2.0,6,0,6,5,0,0.0,0.0,0.0
2.0,all,train,Chopin/Etudes_op_10/1/xml_score.musicxml,Chopin/Etudes_op_10/1/SunY03M.mid,0.0,2,0,2,5,0,0.0,0.0,0.0
2.0,all,train,Chopin/Etudes_op_10/1/xml_score.musicxml,Chopin/Etudes_op_10/1/SunY03M.mid,1.0,2,0,2,5,1,0.0,0.0,0.0
2.0,all,train,Chopin/Etudes_op_10/1/xml_score.musicxml,Chopin/Etudes_op_10/1/SunY03M.mid,2.0,2,0,2,5,1,0.0,0.0,0.0
2.0,all,train,Chopin/Etudes_op_10/1/xml_score.musicxml,Chopin/Etudes_op_10/1/Terenkova02.mid,0.0,6,0,6,5,0,0.0,0.0,0.0
2.0,all,train,Chopin/Etudes_op_10/1/xml_score.musicxml,Chopin/Etudes_op_10/1/Terenkova02.mid,1.0,6,0,6,5,0,0.0,0.0,0.0
2.0,all,train,Chopin/Etudes_op_10/1/xml_score.musicxml,Chopin/Etudes_op_10/1/Terenkova02.mid,2.0,6,0,6,5,0,0.0,0.0,0.0
2.0,all,train,Chopin/Etudes_op_10/1/xml_score.musicxml,Chopin/Etudes_op_10/1/Tysman02.mid,0.0,2,0,2,5,0,0.0,0.0,0.0
2.0,all,train,Chopin/Etudes_op_10/1/xml_score.musicxml,Chopin/Etudes_op_10/1/Tysman02.mid,1.0,2,0,2,5,1,0.0,0.0,0.0
2.0,all,train,Chopin/Etudes_op_10/1/xml_score.musicxml,Chopin/Etudes_op_10/1/Tysman02.mid,2.0,2,0,2,5,1,0.0,0.0,0.0
2.0,all,train,Chopin/Etudes_op_10/1/xml_score.musicxml,Chopin/Etudes_op_10/1/Verbaite02.mid,0.0,2,0,2,5,0,0.0,0.0,0.0
2.0,all,train,Chopin/Etudes_op_10/1/xml_score.musicxml,Chopin/Etudes_op_10/1/Verbaite02.mid,1.0,2,0,2,5,0,0.0,0.0,0.0
2.0,all,train,Chopin/Etudes_op_10/1/xml_score.musicxml,Chopin/Etudes_op_10/1/Verbaite02.mid,2.0,2,0,2,5,1,0.0,0.0,0.0
2.0,all,train,Chopin/Etudes_op_10/1/xml_score.musicxml,Chopin/Etudes_op_10/1/YeF03M.mid,0.0,2,0,2,5,0,0.0,0.0,0.0
2.0,all,train,Chopin/Etudes_op_10/1/xml_score.musicxml,Chopin/Etudes_op_10/1/YeF03M.mid,1.0,2,0,2,5,0,0.0,0.0,0.0
2.0,all,train,Chopin/Etudes_op_10/1/xml_score.musicxml,Chopin/Etudes_op_10/1/YeF03M.mid,2.0,2,0,2,5,0,0.0,0.0,0.0
2.0,all,train,Chopin/Etudes_op_10/1/xml_score.musicxml,Chopin/Etudes_op_10/1/YuP02M.mid,0.0,12,0,12,5,0,0.0,0.0,0.0
2.0,all,train,Chopin/Etudes_op_10/1/xml_score.musicxml,Chopin/Etudes_op_10/1/YuP02M.mid,1.0,12,1,11,4,1,0.083333,0.2,0.117647
2.0,all,train,Chopin/Etudes_op_10/1/xml_score.musicxml,Chopin/Etudes_op_10/1/YuP02M.mid,2.0,12,1,11,4,1,0.083333,0.2,0.117647
2.0,all,train,Chopin/Etudes_op_10/1/xml_score.musicxml,Chopin/Etudes_op_10/1/Zhdanov02.mid,0.0,2,0,2,5,0,0.0,0.0,0.0
2.0,all,train,Chopin/Etudes_op_10/1/xml_score.musicxml,Chopin/Etudes_op_10/1/Zhdanov02.mid,1.0,2,0,2,5,1,0.0,0.0,0.0
2.0,all,train,Chopin/Etudes_op_10/1/xml_score.musicxml,Chopin/Etudes_op_10/1/Zhdanov02.mid,2.0,2,0,2,5,1,0.0,0.0,0.0
2.0,all,train,Chopin/Etudes_op_10/1/xml_score.musicxml,Chopin/Etudes_op_10/1/Zukiewicz02.mid,0.0,2,0,2,5,0,0.0,0.0,0.0
2.0,all,train,Chopin/Etudes_op_10/1/xml_score.musicxml,Chopin/Etudes_op_10/1/Zukiewicz02.mid,1.0,2,0,2,5,0,0.0,0.0,0.0
2.0,all,train,Chopin/Etudes_op_10/1/xml_score.musicxml,Chopin/Etudes_op_10/1/Zukiewicz02.mid,2.0,2,0,2,5,0,0.0,0.0,0.0
2.0,all,train,Chopin/Etudes_op_10/10/xml_score.musicxml,Chopin/Etudes_op_10/10/Na_2009_02.mid,0.0,4,2,2,284,0,0.5,0.006993,0.013793
2.0,all,train,Chopin/Etudes_op_10/10/xml_score.musicxml,Chopin/Etudes_op_10/10/Na_2009_02.mid,1.0,4,3,1,283,1,0.75,0.01049,0.02069
2.0,all,train,Chopin/Etudes_op_10/10/xml_score.musicxml,Chopin/Etudes_op_10/10/Na_2009_02.mid,2.0,4,4,0,282,0,1.0,0.013986,0.027586
2.0,all,train,Chopin/Etudes_op_10/10/xml_score.musicxml,Chopin/Etudes_op_10/10/WangH02M.mid,0.0,4,1,3,285,0,0.25,0.003497,0.006897
2.0,all,train,Chopin/Etudes_op_10/10/xml_score.musicxml,Chopin/Etudes_op_10/10/WangH02M.mid,1.0,4,3,1,283,1,0.75,0.01049,0.02069
2.0,all,train,Chopin/Etudes_op_10/10/xml_score.musicxml,Chopin/Etudes_op_10/10/WangH02M.mid,2.0,4,4,0,282,0,1.0,0.013986,0.027586
2.0,all,train,Chopin/Etudes_op_10/10/xml_score.musicxml,Chopin/Etudes_op_10/10/Wilshire02.mid,0.0,4,0,4,286,0,0.0,0.0,0.0
2.0,all,train,Chopin/Etudes_op_10/10/xml_score.musicxml,Chopin/Etudes_op_10/10/Wilshire02.mid,1.0,4,2,2,284,1,0.5,0.006993,0.013793
2.0,all,train,Chopin/Etudes_op_10/10/xml_score.musicxml,Chopin/Etudes_op_10/10/Wilshire02.mid,2.0,4,4,0,282,0,1.0,0.013986,0.027586
2.0,all,train,Chopin/Etudes_op_10/10/xml_score.musicxml,Chopin/Etudes_op_10/10/Yanagitani02.mid,0.0,2,1,1,285,0,0.5,0.003497,0.006944
2.0,all,train,Chopin/Etudes_op_10/10/xml_score.musicxml,Chopin/Etudes_op_10/10/Yanagitani02.mid,1.0,2,1,1,285,1,0.5,0.003497,0.006944
2.0,all,train,Chopin/Etudes_op_10/10/xml_score.musicxml,Chopin/Etudes_op_10/10/Yanagitani02.mid,2.0,2,2,0,284,0,1.0,0.006993,0.013889
2.0,all,train,Chopin/Etudes_op_10/5/xml_score.musicxml,Chopin/Etudes_op_10/5/Bach02.mid,0.0,2,0,2,12,0,0.0,0.0,0.0
2.0,all,train,Chopin/Etudes_op_10/5/xml_score.musicxml,Chopin/Etudes_op_10/5/Bach02.mid,1.0,2,0,2,12,0,0.0,0.0,0.0
2.0,all,train,Chopin/Etudes_op_10/5/xml_score.musicxml,Chopin/Etudes_op_10/5/Bach02.mid,2.0,2,0,2,12,0,0.0,0.0,0.0
2.0,all,train,Chopin/Etudes_op_10/5/xml_score.musicxml,Chopin/Etudes_op_10/5/Feiner_2006_02.mid,0.0,2,0,2,12,0,0.0,0.0,0.0
2.0,all,train,Chopin/Etudes_op_10/5/xml_score.musicxml,Chopin/Etudes_op_10/5/Feiner_2006_02.mid,1.0,2,0,2,12,0,0.0,0.0,0.0
2.0,all,train,Chopin/Etudes_op_10/5/xml_score.musicxml,Chopin/Etudes_op_10/5/Feiner_2006_02.mid,2.0,2,0,2,12,0,0.0,0.0,0.0
2.0,all,train,Chopin/Etudes_op_10/5/xml_score.musicxml,Chopin/Etudes_op_10/5/KimEunhae04.mid,0.0,6,0,6,12,0,0.0,0.0,0.0
2.0,all,train,Chopin/Etudes_op_10/5/xml_score.musicxml,Chopin/Etudes_op_10/5/KimEunhae04.mid,1.0,6,0,6,12,0,0.0,0.0,0.0
2.0,all,train,Chopin/Etudes_op_10/5/xml_score.musicxml,Chopin/Etudes_op_10/5/KimEunhae04.mid,2.0,6,0,6,12,0,0.0,0.0,0.0
2.0,all,train,Chopin/Etudes_op_10/5/xml_score.musicxml,Chopin/Etudes_op_10/5/Koshoeva02.mid,0.0,2,0,2,12,0,0.0,0.0,0.0
2.0,all,train,Chopin/Etudes_op_10/5/xml_score.musicxml,Chopin/Etudes_op_10/5/Koshoeva02.mid,1.0,2,0,2,12,0,0.0,0.0,0.0
2.0,all,train,Chopin/Etudes_op_10/5/xml_score.musicxml,Chopin/Etudes_op_10/5/Koshoeva02.mid,2.0,2,0,2,12,0,0.0,0.0,0.0
2.0,all,train,Chopin/Etudes_op_10/5/xml_score.musicxml,Chopin/Etudes_op_10/5/LIAO03.mid,0.0,4,0,4,12,0,0.0,0.0,0.0
2.0,all,train,Chopin/Etudes_op_10/5/xml_score.musicxml,Chopin/Etudes_op_10/5/LIAO03.mid,1.0,4,0,4,12,1,0.0,0.0,0.0
2.0,all,train,Chopin/Etudes_op_10/5/xml_score.musicxml,Chopin/Etudes_op_10/5/LIAO03.mid,2.0,4,0,4,12,1,0.0,0.0,0.0
2.0,all,train,Chopin/Etudes_op_10/5/xml_score.musicxml,Chopin/Etudes_op_10/5/LiA03M.mid,0.0,4,0,4,12,0,0.0,0.0,0.0
2.0,all,train,Chopin/Etudes_op_10/5/xml_score.musicxml,Chopin/Etudes_op_10/5/LiA03M.mid,1.0,4,0,4,12,1,0.0,0.0,0.0
2.0,all,train,Chopin/Etudes_op_10/5/xml_score.musicxml,Chopin/Etudes_op_10/5/LiA03M.mid,2.0,4,1,3,11,0,0.25,0.083333,0.125
2.0,all,train,Chopin/Etudes_op_10/5/xml_score.musicxml,Chopin/Etudes_op_10/5/LiC02M.mid,0.0,2,0,2,12,0,0.0,0.0,0.0
2.0,all,train,Chopin/Etudes_op_10/5/xml_score.musicxml,Chopin/Etudes_op_10/5/LiC02M.mid,1.0,2,0,2,12,0,0.0,0.0,0.0
2.0,all,train,Chopin/Etudes_op_10/5/xml_score.musicxml,Chopin/Etudes_op_10/5/LiC02M.mid,2.0,2,0,2,12,0,0.0,0.0,0.0
2.0,all,train,Chopin/Etudes_op_10/5/xml_score.musicxml,Chopin/Etudes_op_10/5/Rozanski03.mid,0.0,4,0,4,12,0,0.0,0.0,0.0
2.0,all,train,Chopin/Etudes_op_10/5/xml_score.musicxml,Chopin/Etudes_op_10/5/Rozanski03.mid,1.0,4,0,4,12,0,0.0,0.0,0.0
2.0,all,train,Chopin/Etudes_op_10/5/xml_score.musicxml,Chopin/Etudes_op_10/5/Rozanski03.mid,2.0,4,0,4,12,0,0.0,0.0,0.0
2.0,all,train,Chopin/Etudes_op_10/5/xml_score.musicxml,Chopin/Etudes_op_10/5/Tario02.mid,0.0,2,0,2,12,0,0.0,0.0,0.0
2.0,all,train,Chopin/Etudes_op_10/5/xml_score.musicxml,Chopin/Etudes_op_10/5/Tario02.mid,1.0,2,0,2,12,1,0.0,0.0,0.0
2.0,all,train,Chopin/Etudes_op_10/5/xml_score.musicxml,Chopin/Etudes_op_10/5/Tario02.mid,2.0,2,0,2,12,1,0.0,0.0,0.0
2.0,all,train,Chopin/Etudes_op_10/5/xml_score.musicxml,Chopin/Etudes_op_10/5/USHIKI03.mid,0.0,6,0,6,12,0,0.0,0.0,0.0
2.0,all,train,Chopin/Etudes_op_10/5/xml_score.musicxml,Chopin/Etudes_op_10/5/USHIKI03.mid,1.0,6,0,6,12,0,0.0,0.0,0.0
2.0,all,train,Chopin/Etudes_op_10/5/xml_score.musicxml,Chopin/Etudes_op_10/5/USHIKI03.mid,2.0,6,0,6,12,0,0.0,0.0,0.0
2.0,all,train,Chopin/Etudes_op_10/5/xml_score.musicxml,Chopin/Etudes_op_10/5/ZhangW03M.mid,0.0,4,0,4,12,0,0.0,0.0,0.0
2.0,all,train,Chopin/Etudes_op_10/5/xml_score.musicxml,Chopin/Etudes_op_10/5/ZhangW03M.mid,1.0,4,0,4,12,0,0.0,0.0,0.0
2.0,all,train,Chopin/Etudes_op_10/5/xml_score.musicxml,Chopin/Etudes_op_10/5/ZhangW03M.mid,2.0,4,0,4,12,0,0.0,0.0,0.0
2.0,all,val,Chopin/Etudes_op_10/7/xml_score.musicxml,Chopin/Etudes_op_10/7/ChenL02.mid,0.0,4,1,3,17,0,0.25,0.055556,0.090909
2.0,all,val,Chopin/Etudes_op_10/7/xml_score.musicxml,Chopin/Etudes_op_10/7/ChenL02.mid,1.0,4,3,1,15,0,0.75,0.166667,0.272727
2.0,all,val,Chopin/Etudes_op_10/7/xml_score.musicxml,Chopin/Etudes_op_10/7/ChenL02.mid,2.0,4,3,1,15,0,0.75,0.166667,0.272727
2.0,all,val,Chopin/Etudes_op_10/7/xml_score.musicxml,Chopin/Etudes_op_10/7/Namirovsky02.mid,0.0,2,0,2,18,0,0.0,0.0,0.0
2.0,all,val,Chopin/Etudes_op_10/7/xml_score.musicxml,Chopin/Etudes_op_10/7/Namirovsky02.mid,1.0,2,1,1,17,0,0.5,0.055556,0.1
2.0,all,val,Chopin/Etudes_op_10/7/xml_score.musicxml,Chopin/Etudes_op_10/7/Namirovsky02.mid,2.0,2,1,1,17,0,0.5,0.055556,0.1
2.0,all,val,Chopin/Etudes_op_10/7/xml_score.musicxml,Chopin/Etudes_op_10/7/SINKEV03.mid,0.0,2,2,0,16,0,1.0,0.111111,0.2
2.0,all,val,Chopin/Etudes_op_10/7/xml_score.musicxml,Chopin/Etudes_op_10/7/SINKEV03.mid,1.0,2,2,0,16,0,1.0,0.111111,0.2
2.0,all,val,Chopin/Etudes_op_10/7/xml_score.musicxml,Chopin/Etudes_op_10/7/SINKEV03.mid,2.0,2,2,0,16,0,1.0,0.111111,0.2
2.0,all,test,Chopin/Etudes_op_10/8/xml_score.musicxml,Chopin/Etudes_op_10/8/BENABD02.mid,0.0,12,2,10,70,0,0.166667,0.027778,0.047619
2.0,all,test,Chopin/Etudes_op_10/8/xml_score.musicxml,Chopin/Etudes_op_10/8/BENABD02.mid,1.0,12,6,6,66,0,0.5,0.083333,0.142857
2.0,all,test,Chopin/Etudes_op_10/8/xml_score.musicxml,Chopin/Etudes_op_10/8/BENABD02.mid,2.0,12,7,5,65,1,0.583333,0.097222,0.166667
2.0,all,test,Chopin/Etudes_op_10/8/xml_score.musicxml,Chopin/Etudes_op_10/8/Benabdallah02.mid,0.0,16,1,15,71,0,0.0625,0.013889,0.022727
2.0,all,test,Chopin/Etudes_op_10/8/xml_score.musicxml,Chopin/Etudes_op_10/8/Benabdallah02.mid,1.0,16,7,9,65,0,0.4375,0.097222,0.159091
2.0,all,test,Chopin/Etudes_op_10/8/xml_score.musicxml,Chopin/Etudes_op_10/8/Benabdallah02.mid,2.0,16,7,9,65,2,0.4375,0.097222,0.159091
2.0,all,test,Chopin/Etudes_op_10/8/xml_score.musicxml,Chopin/Etudes_op_10/8/CHOE01.mid,0.0,18,0,18,72,0,0.0,0.0,0.0
2.0,all,test,Chopin/Etudes_op_10/8/xml_score.musicxml,Chopin/Etudes_op_10/8/CHOE01.mid,1.0,18,2,16,70,0,0.111111,0.027778,0.044444
2.0,all,test,Chopin/Etudes_op_10/8/xml_score.musicxml,Chopin/Etudes_op_10/8/CHOE01.mid,2.0,18,4,14,68,1,0.222222,0.055556,0.088889
2.0,all,test,Chopin/Etudes_op_10/8/xml_score.musicxml,Chopin/Etudes_op_10/8/ChenJie03.mid,0.0,10,0,10,72,0,0.0,0.0,0.0
2.0,all,test,Chopin/Etudes_op_10/8/xml_score.musicxml,Chopin/Etudes_op_10/8/ChenJie03.mid,1.0,10,0,10,72,0,0.0,0.0,0.0
2.0,all,test,Chopin/Etudes_op_10/8/xml_score.musicxml,Chopin/Etudes_op_10/8/ChenJie03.mid,2.0,10,0,10,72,2,0.0,0.0,0.0
2.0,all,test,Chopin/Etudes_op_10/8/xml_score.musicxml,Chopin/Etudes_op_10/8/FONG02.mid,0.0,14,1,13,71,0,0.071429,0.013889,0.023256
2.0,all,test,Chopin/Etudes_op_10/8/xml_score.musicxml,Chopin/Etudes_op_10/8/FONG02.mid,1.0,14,4,10,68,0,0.285714,0.055556,0.093023
2.0,all,test,Chopin/Etudes_op_10/8/xml_score.musicxml,Chopin/Etudes_op_10/8/FONG02.mid,2.0,14,5,9,67,0,0.357143,0.069444,0.116279
2.0,all,test,Chopin/Etudes_op_10/8/xml_score.musicxml,Chopin/Etudes_op_10/8/Georgieva03.mid,0.0,16,0,16,72,0,0.0,0.0,0.0
2.0,all,test,Chopin/Etudes_op_10/8/xml_score.musicxml,Chopin/Etudes_op_10/8/Georgieva03.mid,1.0,16,2,14,70,1,0.125,0.027778,0.045455
2.0,all,test,Chopin/Etudes_op_10/8/xml_score.musicxml,Chopin/Etudes_op_10/8/Georgieva03.mid,2.0,16,3,13,69,2,0.1875,0.041667,0.068182
2.0,all,test,Chopin/Etudes_op_10/8/xml_score.musicxml,Chopin/Etudes_op_10/8/IVLEVA02.mid,0.0,24,1,23,71,0,0.041667,0.013889,0.020833
2.0,all,test,Chopin/Etudes_op_10/8/xml_score.musicxml,Chopin/Etudes_op_10/8/IVLEVA02.mid,1.0,24,6,18,66,1,0.25,0.083333,0.125
2.0,all,test,Chopin/Etudes_op_10/8/xml_score.musicxml,Chopin/Etudes_op_10/8/IVLEVA02.mid,2.0,24,8,16,64,3,0.333333,0.111111,0.166667
2.0,all,test,Chopin/Etudes_op_10/8/xml_score.musicxml,Chopin/Etudes_op_10/8/Kwok02.mid,0.0,16,2,14,70,0,0.125,0.027778,0.045455
2.0,all,test,Chopin/Etudes_op_10/8/xml_score.musicxml,Chopin/Etudes_op_10/8/Kwok02.mid,1.0,16,7,9,65,1,0.4375,0.097222,0.159091
2.0,all,test,Chopin/Etudes_op_10/8/xml_score.musicxml,Chopin/Etudes_op_10/8/Kwok02.mid,2.0,16,8,8,64,2,0.5,0.111111,0.181818
2.0,all,test,Chopin/Etudes_op_10/8/xml_score.musicxml,Chopin/Etudes_op_10/8/KyykhynenT09M.mid,0.0,16,2,14,70,0,0.125,0.027778,0.045455
2.0,all,test,Chopin/Etudes_op_10/8/xml_score.musicxml,Chopin/Etudes_op_10/8/KyykhynenT09M.mid,1.0,16,5,11,67,0,0.3125,0.069444,0.113636
2.0,all,test,Chopin/Etudes_op_10/8/xml_score.musicxml,Chopin/Etudes_op_10/8/KyykhynenT09M.mid,2.0,16,5,11,67,0,0.3125,0.069444,0.113636
2.0,all,test,Chopin/Etudes_op_10/8/xml_score.musicxml,Chopin/Etudes_op_10/8/LeeEunjin02.mid,0.0,16,1,15,71,0,0.0625,0.013889,0.022727
2.0,all,test,Chopin/Etudes_op_10/8/xml_score.musicxml,Chopin/Etudes_op_10/8/LeeEunjin02.mid,1.0,16,6,10,66,0,0.375,0.083333,0.136364
2.0,all,test,Chopin/Etudes_op_10/8/xml_score.musicxml,Chopin/Etudes_op_10/8/LeeEunjin02.mid,2.0,16,7,9,65,1,0.4375,0.097222,0.159091
2.0,all,test,Chopin/Etudes_op_10/8/xml_score.musicxml,Chopin/Etudes_op_10/8/LeeHwakyu02.mid,0.0,22,0,22,72,0,0.0,0.0,0.0
2.0,all,test,Chopin/Etudes_op_10/8/xml_score.musicxml,Chopin/Etudes_op_10/8/LeeHwakyu02.mid,1.0,22,4,18,68,0,0.181818,0.055556,0.085106
2.0,all,test,Chopin/Etudes_op_10/8/xml_score.musicxml,Chopin/Etudes_op_10/8/LeeHwakyu02.mid,2.0,22,6,16,66,2,0.272727,0.083333,0.12766
2.0,all,test,Chopin/Etudes_op_10/8/xml_score.musicxml,Chopin/Etudes_op_10/8/LeeJisun02.mid,0.0,6,1,5,71,0,0.166667,0.013889,0.025641
2.0,all,test,Chopin/Etudes_op_10/8/xml_score.musicxml,Chopin/Etudes_op_10/8/LeeJisun02.mid,1.0,6,1,5,71,0,0.166667,0.013889,0.025641
2.0,all,test,Chopin/Etudes_op_10/8/xml_score.musicxml,Chopin/Etudes_op_10/8/LeeJisun02.mid,2.0,6,1,5,71,1,0.166667,0.013889,0.025641
2.0,all,test,Chopin/Etudes_op_10/8/xml_score.musicxml,Chopin/Etudes_op_10/8/LiuLangning02.mid,0.0,12,0,12,72,0,0.0,0.0,0.0
2.0,all,test,Chopin/Etudes_op_10/8/xml_score.musicxml,Chopin/Etudes_op_10/8/LiuLangning02.mid,1.0,12,1,11,71,0,0.083333,0.013889,0.02381
2.0,all,test,Chopin/Etudes_op_10/8/xml_score.musicxml,Chopin/Etudes_op_10/8/LiuLangning02.mid,2.0,12,1,11,71,0,0.083333,0.013889,0.02381
2.0,all,test,Chopin/Etudes_op_10/8/xml_score.musicxml,Chopin/Etudes_op_10/8/Lou03M.mid,0.0,14,1,13,71,0,0.071429,0.013889,0.023256
2.0,all,test,Chopin/Etudes_op_10/8/xml_score.musicxml,Chopin/Etudes_op_10/8/Lou03M.mid,1.0,14,3,11,69,0,0.214286,0.041667,0.069767
2.0,all,test,Chopin/Etudes_op_10/8/xml_score.musicxml,Chopin/Etudes_op_10/8/Lou03M.mid,2.0,14,4,10,68,1,0.285714,0.055556,0.093023
2.0,all,test,Chopin/Etudes_op_10/8/xml_score.musicxml,Chopin/Etudes_op_10/8/LuEric03M.mid,0.0,18,2,16,70,0,0.111111,0.027778,0.044444
2.0,all,test,Chopin/Etudes_op_10/8/xml_score.musicxml,Chopin/Etudes_op_10/8/LuEric03M.mid,1.0,18,4,14,68,1,0.222222,0.055556,0.088889
2.0,all,test,Chopin/Etudes_op_10/8/xml_score.musicxml,Chopin/Etudes_op_10/8/LuEric03M.mid,2.0,18,4,14,68,2,0.222222,0.055556,0.088889
2.0,all,test,Chopin/Etudes_op_10/8/xml_score.musicxml,Chopin/Etudes_op_10/8/Masycheva02.mid,0.0,16,4,12,68,0,0.25,0.055556,0.090909
2.0,all,test,Chopin/Etudes_op_10/8/xml_score.musicxml,Chopin/Etudes_op_10/8/Masycheva02.mid,1.0,16,5,11,67,0,0.3125,0.069444,0.113636
2.0,all,test,Chopin/Etudes_op_10/8/xml_score.musicxml,Chopin/Etudes_op_10/8/Masycheva02.mid,2.0,16,5,11,67,1,0.3125,0.069444,0.113636
2.0,all,test,Chopin/Etudes_op_10/8/xml_score.musicxml,Chopin/Etudes_op_10/8/MiyashitaM05M.mid,0.0,10,1,9,71,0,0.1,0.013889,0.02439
2.0,all,test,Chopin/Etudes_op_10/8/xml_score.musicxml,Chopin/Etudes_op_10/8/MiyashitaM05M.mid,1.0,10,4,6,68,0,0.4,0.055556,0.097561
2.0,all,test,Chopin/Etudes_op_10/8/xml_score.musicxml,Chopin/Etudes_op_10/8/MiyashitaM05M.mid,2.0,10,5,5,67,2,0.5,0.069444,0.121951
2.0,all,test,Chopin/Etudes_op_10/8/xml_score.musicxml,Chopin/Etudes_op_10/8/ParkH02.mid,0.0,12,0,12,72,0,0.0,0.0,0.0
2.0,all,test,Chopin/Etudes_op_10/8/xml_score.musicxml,Chopin/Etudes_op_10/8/ParkH02.mid,1.0,12,3,9,69,0,0.25,0.041667,0.071429
2.0,all,test,Chopin/Etudes_op_10/8/xml_score.musicxml,Chopin/Etudes_op_10/8/ParkH02.mid,2.0,12,3,9,69,3,0.25,0.041667,0.071429
2.0,all,test,Chopin/Etudes_op_10/8/xml_score.musicxml,Chopin/Etudes_op_10/8/Rizikov03M.mid,0.0,24,2,22,70,0,0.083333,0.027778,0.041667
2.0,all,test,Chopin/Etudes_op_10/8/xml_score.musicxml,Chopin/Etudes_op_10/8/Rizikov03M.mid,1.0,24,7,17,65,0,0.291667,0.097222,0.145833
2.0,all,test,Chopin/Etudes_op_10/8/xml_score.musicxml,Chopin/Etudes_op_10/8/Rizikov03M.mid,2.0,24,7,17,65,4,0.291667,0.097222,0.145833
2.0,all,test,Chopin/Etudes_op_10/8/xml_score.musicxml,Chopin/Etudes_op_10/8/SCHU03.mid,0.0,12,1,11,71,0,0.083333,0.013889,0.02381
2.0,all,test,Chopin/Etudes_op_10/8/xml_score.musicxml,Chopin/Etudes_op_10/8/SCHU03.mid,1.0,12,1,11,71,0,0.083333,0.013889,0.02381
2.0,all,test,Chopin/Etudes_op_10/8/xml_score.musicxml,Chopin/Etudes_op_10/8/SCHU03.mid,2.0,12,6,6,66,2,0.5,0.083333,0.142857
2.0,all,test,Chopin/Etudes_op_10/8/xml_score.musicxml,Chopin/Etudes_op_10/8/Sekino03.mid,0.0,18,0,18,72,0,0.0,0.0,0.0
2.0,all,test,Chopin/Etudes_op_10/8/xml_score.musicxml,Chopin/Etudes_op_10/8/Sekino03.mid,1.0,18,4,14,68,0,0.222222,0.055556,0.088889
2.0,all,test,Chopin/Etudes_op_10/8/xml_score.musicxml,Chopin/Etudes_op_10/8/Sekino03.mid,2.0,18,6,12,66,1,0.333333,0.083333,0.133333
2.0,all,test,Chopin/Etudes_op_10/8/xml_score.musicxml,Chopin/Etudes_op_10/8/Shilyaev02.mid,0.0,18,1,17,71,0,0.055556,0.013889,0.022222
2.0,all,test,Chopin/Etudes_op_10/8/xml_score.musicxml,Chopin/Etudes_op_10/8/Shilyaev02.mid,1.0,18,5,13,67,1,0.277778,0.069444,0.111111
2.0,all,test,Chopin/Etudes_op_10/8/xml_score.musicxml,Chopin/Etudes_op_10/8/Shilyaev02.mid,2.0,18,8,10,64,2,0.444444,0.111111,0.177778
2.0,all,test,Chopin/Etudes_op_10/8/xml_score.musicxml,Chopin/Etudes_op_10/8/Soukhovetski02.mid,0.0,20,1,19,71,0,0.05,0.013889,0.021739
2.0,all,test,Chopin/Etudes_op_10/8/xml_score.musicxml,Chopin/Etudes_op_10/8/Soukhovetski02.mid,1.0,20,5,15,67,0,0.25,0.069444,0.108696
2.0,all,test,Chopin/Etudes_op_10/8/xml_score.musicxml,Chopin/Etudes_op_10/8/Soukhovetski02.mid,2.0,20,8,12,64,0,0.4,0.111111,0.173913
2.0,all,test,Chopin/Etudes_op_10/8/xml_score.musicxml,Chopin/Etudes_op_10/8/Tak02.mid,0.0,6,0,6,72,0,0.0,0.0,0.0
2.0,all,test,Chopin/Etudes_op_10/8/xml_score.musicxml,Chopin/Etudes_op_10/8/Tak02.mid,1.0,6,3,3,69,0,0.5,0.041667,0.076923
2.0,all,test,Chopin/Etudes_op_10/8/xml_score.musicxml,Chopin/Etudes_op_10/8/Tak02.mid,2.0,6,3,3,69,0,0.5,0.041667,0.076923
2.0,all,test,Chopin/Etudes_op_10/8/xml_score.musicxml,Chopin/Etudes_op_10/8/Tetzloff02.mid,0.0,22,0,22,72,0,0.0,0.0,0.0
2.0,all,test,Chopin/Etudes_op_10/8/xml_score.musicxml,Chopin/Etudes_op_10/8/Tetzloff02.mid,1.0,22,2,20,70,0,0.090909,0.027778,0.042553
2.0,all,test,Chopin/Etudes_op_10/8/xml_score.musicxml,Chopin/Etudes_op_10/8/Tetzloff02.mid,2.0,22,4,18,68,1,0.181818,0.055556,0.085106
2.0,all,test,Chopin/Etudes_op_10/8/xml_score.musicxml,Chopin/Etudes_op_10/8/Tetzloff07M.mid,0.0,22,1,21,71,0,0.045455,0.013889,0.021277
2.0,all,test,Chopin/Etudes_op_10/8/xml_score.musicxml,Chopin/Etudes_op_10/8/Tetzloff07M.mid,1.0,22,4,18,68,0,0.181818,0.055556,0.085106
2.0,all,test,Chopin/Etudes_op_10/8/xml_score.musicxml,Chopin/Etudes_op_10/8/Tetzloff07M.mid,2.0,22,5,17,67,1,0.227273,0.069444,0.106383
2.0,all,test,Chopin/Etudes_op_10/8/xml_score.musicxml,Chopin/Etudes_op_10/8/YOU02.mid,0.0,18,0,18,72,0,0.0,0.0,0.0
2.0,all,test,Chopin/Etudes_op_10/8/xml_score.musicxml,Chopin/Etudes_op_10/8/YOU02.mid,1.0,18,3,15,69,1,0.166667,0.041667,0.066667
2.0,all,test,Chopin/Etudes_op_10/8/xml_score.musicxml,Chopin/Etudes_op_10/8/YOU02.mid,2.0,18,7,11,65,1,0.388889,0.097222,0.155556
2.0,all,test,Chopin/Etudes_op_10/8/xml_score.musicxml,Chopin/Etudes_op_10/8/Zhou03M.mid,0.0,18,2,16,70,0,0.111111,0.027778,0.044444
2.0,all,test,Chopin/Etudes_op_10/8/xml_score.musicxml,Chopin/Etudes_op_10/8/Zhou03M.mid,1.0,18,5,13,67,1,0.277778,0.069444,0.111111
2.0,all,test,Chopin/Etudes_op_10/8/xml_score.musicxml,Chopin/Etudes_op_10/8/Zhou03M.mid,2.0,18,7,11,65,1,0.388889,0.097222,0.155556
2.0,all,train,Chopin/Etudes_op_25/1/xml_score.musicxml,Chopin/Etudes_op_25/1/Erice03.mid,0.0,2,0,2,182,0,0.0,0.0,0.0
2.0,all,train,Chopin/Etudes_op_25/1/xml_score.musicxml,Chopin/Etudes_op_25/1/Erice03.mid,1.0,2,0,2,182,0,0.0,0.0,0.0
2.0,all,train,Chopin/Etudes_op_25/1/xml_score.musicxml,Chopin/Etudes_op_25/1/Erice03.mid,2.0,2,0,2,182,0,0.0,0.0,0.0
2.0,all,train,Chopin/Etudes_op_25/1/xml_score.musicxml,Chopin/Etudes_op_25/1/LeeN03M.mid,0.0,2,0,2,182,0,0.0,0.0,0.0
2.0,all,train,Chopin/Etudes_op_25/1/xml_score.musicxml,Chopin/Etudes_op_25/1/LeeN03M.mid,1.0,2,0,2,182,0,0.0,0.0,0.0
2.0,all,train,Chopin/Etudes_op_25/1/xml_score.musicxml,Chopin/Etudes_op_25/1/LeeN03M.mid,2.0,2,0,2,182,0,0.0,0.0,0.0
2.0,all,train,Chopin/Etudes_op_25/1/xml_score.musicxml,Chopin/Etudes_op_25/1/TongB02M.mid,0.0,2,0,2,182,0,0.0,0.0,0.0
2.0,all,train,Chopin/Etudes_op_25/1/xml_score.musicxml,Chopin/Etudes_op_25/1/TongB02M.mid,1.0,2,0,2,182,0,0.0,0.0,0.0
2.0,all,train,Chopin/Etudes_op_25/1/xml_score.musicxml,Chopin/Etudes_op_25/1/TongB02M.mid,2.0,2,0,2,182,0,0.0,0.0,0.0
2.0,all,train,Chopin/Etudes_op_25/1/xml_score.musicxml,Chopin/Etudes_op_25/1/TuanS04M.mid,0.0,2,0,2,182,0,0.0,0.0,0.0
2.0,all,train,Chopin/Etudes_op_25/1/xml_score.musicxml,Chopin/Etudes_op_25/1/TuanS04M.mid,1.0,2,0,2,182,0,0.0,0.0,0.0
2.0,all,train,Chopin/Etudes_op_25/1/xml_score.musicxml,Chopin/Etudes_op_25/1/TuanS04M.mid,2.0,2,0,2,182,0,0.0,0.0,0.0
2.0,all,train,Chopin/Etudes_op_25/1/xml_score.musicxml,Chopin/Etudes_op_25/1/Wong03M.mid,0.0,2,0,2,182,0,0.0,0.0,0.0
2.0,all,train,Chopin/Etudes_op_25/1/xml_score.musicxml,Chopin/Etudes_op_25/1/Wong03M.mid,1.0,2,0,2,182,0,0.0,0.0,0.0
2.0,all,train,Chopin/Etudes_op_25/1/xml_score.musicxml,Chopin/Etudes_op_25/1/Wong03M.mid,2.0,2,0,2,182,0,0.0,0.0,0.0
2.0,all,train,Chopin/Etudes_op_25/12/xml_score.musicxml,Chopin/Etudes_op_25/12/Atzinger03.mid,0.0,8,0,8,1,0,0.0,0.0,0.0
2.0,all,train,Chopin/Etudes_op_25/12/xml_score.musicxml,Chopin/Etudes_op_25/12/Atzinger03.mid,1.0,8,0,8,1,0,0.0,0.0,0.0
2.0,all,train,Chopin/Etudes_op_25/12/xml_score.musicxml,Chopin/Etudes_op_25/12/Atzinger03.mid,2.0,8,1,7,0,0,0.125,1.0,0.222222
2.0,all,train,Chopin/Etudes_op_25/12/xml_score.musicxml,Chopin/Etudes_op_25/12/BorickC04M.mid,0.0,2,0,2,1,0,0.0,0.0,0.0
2.0,all,train,Chopin/Etudes_op_25/12/xml_score.musicxml,Chopin/Etudes_op_25/12/BorickC04M.mid,1.0,2,0,2,1,0,0.0,0.0,0.0
2.0,all,train,Chopin/Etudes_op_25/12/xml_score.musicxml,Chopin/Etudes_op_25/12/BorickC04M.mid,2.0,2,1,1,0,0,0.5,1.0,0.666667
2.0,all,train,Chopin/Etudes_op_25/12/xml_score.musicxml,Chopin/Etudes_op_25/12/Golubeva02.mid,0.0,2,0,2,1,0,0.0,0.0,0.0
2.0,all,train,Chopin/Etudes_op_25/12/xml_score.musicxml,Chopin/Etudes_op_25/12/Golubeva02.mid,1.0,2,0,2,1,0,0.0,0.0,0.0
2.0,all,train,Chopin/Etudes_op_25/12/xml_score.musicxml,Chopin/Etudes_op_25/12/Golubeva02.mid,2.0,2,1,1,0,0,0.5,1.0,0.666667
2.0,all,train,Chopin/Etudes_op_25/12/xml_score.musicxml,Chopin/Etudes_op_25/12/HouKimberly03M.mid,0.0,2,0,2,1,0,0.0,0.0,0.0
2.0,all,train,Chopin/Etudes_op_25/12/xml_score.musicxml,Chopin/Etudes_op_25/12/HouKimberly03M.mid,1.0,2,0,2,1,0,0.0,0.0,0.0
2.0,all,train,Chopin/Etudes_op_25/12/xml_score.musicxml,Chopin/Etudes_op_25/12/HouKimberly03M.mid,2.0,2,1,1,0,0,0.5,1.0,0.666667
2.0,all,train,Chopin/Etudes_op_25/12/xml_score.musicxml,Chopin/Etudes_op_25/12/KWON03.mid,0.0,2,1,1,0,0,0.5,1.0,0.666667
2.0,all,train,Chopin/Etudes_op_25/12/xml_score.musicxml,Chopin/Etudes_op_25/12/KWON03.mid,1.0,2,1,1,0,0,0.5,1.0,0.666667
2.0,all,train,Chopin/Etudes_op_25/12/xml_score.musicxml,Chopin/Etudes_op_25/12/KWON03.mid,2.0,2,1,1,0,0,0.5,1.0,0.666667
2.0,all,train,Chopin/Etudes_op_25/12/xml_score.musicxml,Chopin/Etudes_op_25/12/Kunz03.mid,0.0,2,0,2,1,0,0.0,0.0,0.0
2.0,all,train,Chopin/Etudes_op_25/12/xml_score.musicxml,Chopin/Etudes_op_25/12/Kunz03.mid,1.0,2,0,2,1,0,0.0,0.0,0.0
2.0,all,train,Chopin/Etudes_op_25/12/xml_score.musicxml,Chopin/Etudes_op_25/12/Kunz03.mid,2.0,2,1,1,0,0,0.5,1.0,0.666667
2.0,all,train,Chopin/Etudes_op_25/12/xml_score.musicxml,Chopin/Etudes_op_25/12/LuA04M.mid,0.0,2,0,2,1,0,0.0,0.0,0.0
2.0,all,train,Chopin/Etudes_op_25/12/xml_score.musicxml,Chopin/Etudes_op_25/12/LuA04M.mid,1.0,2,0,2,1,0,0.0,0.0,0.0
2.0,all,train,Chopin/Etudes_op_25/12/xml_score.musicxml,Chopin/Etudes_op_25/12/LuA04M.mid,2.0,2,1,1,0,0,0.5,1.0,0.666667
2.0,all,train,Chopin/Etudes_op_25/12/xml_score.musicxml,Chopin/Etudes_op_25/12/Meek01.mid,0.0,2,0,2,1,0,0.0,0.0,0.0
2.0,all,train,Chopin/Etudes_op_25/12/xml_score.musicxml,Chopin/Etudes_op_25/12/Meek01.mid,1.0,2,0,2,1,0,0.0,0.0,0.0
2.0,all,train,Chopin/Etudes_op_25/12/xml_score.musicxml,Chopin/Etudes_op_25/12/Meek01.mid,2.0,2,1,1,0,0,0.5,1.0,0.666667
2.0,all,train,Chopin/Etudes_op_25/12/xml_score.musicxml,Chopin/Etudes_op_25/12/Yang03.mid,0.0,2,0,2,1,0,0.0,0.0,0.0
2.0,all,train,Chopin/Etudes_op_25/12/xml_score.musicxml,Chopin/Etudes_op_25/12/Yang03.mid,1.0,2,0,2,1,0,0.0,0.0,0.0
2.0,all,train,Chopin/Etudes_op_25/12/xml_score.musicxml,Chopin/Etudes_op_25/12/Yang03.mid,2.0,2,1,1,0,0,0.5,1.0,0.666667
2.0,all,val,Chopin/Etudes_op_25/8/xml_score.musicxml,Chopin/Etudes_op_25/8/DeTurck02.mid,0.0,2,0,2,96,0,0.0,0.0,0.0
2.0,all,val,Chopin/Etudes_op_25/8/xml_score.musicxml,Chopin/Etudes_op_25/8/DeTurck02.mid,1.0,2,0,2,96,0,0.0,0.0,0.0
2.0,all,val,Chopin/Etudes_op_25/8/xml_score.musicxml,Chopin/Etudes_op_25/8/DeTurck02.mid,2.0,2,0,2,96,0,0.0,0.0,0.0
2.0,all,val,Chopin/Etudes_op_25/8/xml_score.musicxml,Chopin/Etudes_op_25/8/MORET03.mid,0.0,2,0,2,96,0,0.0,0.0,0.0
2.0,all,val,Chopin/Etudes_op_25/8/xml_score.musicxml,Chopin/Etudes_op_25/8/MORET03.mid,1.0,2,1,1,95,0,0.5,0.010417,0.020408
2.0,all,val,Chopin/Etudes_op_25/8/xml_score.musicxml,Chopin/Etudes_op_25/8/MORET03.mid,2.0,2,1,1,95,0,0.5,0.010417,0.020408
2.0,all,val,Chopin/Etudes_op_25/8/xml_score.musicxml,Chopin/Etudes_op_25/8/SOLOM03.mid,0.0,2,1,1,95,0,0.5,0.010417,0.020408
2.0,all,val,Chopin/Etudes_op_25/8/xml_score.musicxml,Chopin/Etudes_op_25/8/SOLOM03.mid,1.0,2,1,1,95,0,0.5,0.010417,0.020408
2.0,all,val,Chopin/Etudes_op_25/8/xml_score.musicxml,Chopin/Etudes_op_25/8/SOLOM03.mid,2.0,2,1,1,95,0,0.5,0.010417,0.020408
2.0,all,val,Chopin/Etudes_op_25/8/xml_score.musicxml,Chopin/Etudes_op_25/8/Toscano02.mid,0.0,2,0,2,96,0,0.0,0.0,0.0
2.0,all,val,Chopin/Etudes_op_25/8/xml_score.musicxml,Chopin/Etudes_op_25/8/Toscano02.mid,1.0,2,0,2,96,0,0.0,0.0,0.0
2.0,all,val,Chopin/Etudes_op_25/8/xml_score.musicxml,Chopin/Etudes_op_25/8/Toscano02.mid,2.0,2,0,2,96,0,0.0,0.0,0.0
2.0,all,train,Chopin/Scherzos/20/xml_score.musicxml,Chopin/Scherzos/20/Kurz04M.mid,0.0,80,2,78,418,0,0.025,0.004762,0.008
2.0,all,train,Chopin/Scherzos/20/xml_score.musicxml,Chopin/Scherzos/20/Kurz04M.mid,1.0,80,12,68,408,0,0.15,0.028571,0.048
2.0,all,train,Chopin/Scherzos/20/xml_score.musicxml,Chopin/Scherzos/20/Kurz04M.mid,2.0,80,12,68,408,0,0.15,0.028571,0.048
2.0,all,train,Chopin/Scherzos/20/xml_score.musicxml,Chopin/Scherzos/20/Wong03.mid,0.0,122,8,114,412,0,0.065574,0.019048,0.02952
2.0,all,train,Chopin/Scherzos/20/xml_score.musicxml,Chopin/Scherzos/20/Wong03.mid,1.0,122,16,106,404,1,0.131148,0.038095,0.059041
2.0,all,train,Chopin/Scherzos/20/xml_score.musicxml,Chopin/Scherzos/20/Wong03.mid,2.0,122,16,106,404,1,0.131148,0.038095,0.059041
2.0,all,train,Chopin/Scherzos/20/xml_score.musicxml,Chopin/Scherzos/20/Wong04M.mid,0.0,146,2,144,418,0,0.013699,0.004762,0.007067
2.0,all,train,Chopin/Scherzos/20/xml_score.musicxml,Chopin/Scherzos/20/Wong04M.mid,1.0,146,15,131,405,2,0.10274,0.035714,0.053004
2.0,all,train,Chopin/Scherzos/20/xml_score.musicxml,Chopin/Scherzos/20/Wong04M.mid,2.0,146,19,127,401,0,0.130137,0.045238,0.067138
2.0,all,train,Chopin/Scherzos/20/xml_score.musicxml,Chopin/Scherzos/20/ZhangYunling04M.mid,0.0,100,1,99,419,0,0.01,0.002381,0.003846
2.0,all,train,Chopin/Scherzos/20/xml_score.musicxml,Chopin/Scherzos/20/ZhangYunling04M.mid,1.0,100,9,91,411,1,0.09,0.021429,0.034615
2.0,all,train,Chopin/Scherzos/20/xml_score.musicxml,Chopin/Scherzos/20/ZhangYunling04M.mid,2.0,100,14,86,406,1,0.14,0.033333,0.053846
2.0,all,test,Chopin/Scherzos/31/xml_score.musicxml,Chopin/Scherzos/31/ChenW04M.mid,0.0,98,7,91,472,0,0.071429,0.014614,0.024263
2.0,all,test,Chopin/Scherzos/31/xml_score.musicxml,Chopin/Scherzos/31/ChenW04M.mid,1.0,98,33,65,446,3,0.336735,0.068894,0.114385
2.0,all,test,Chopin/Scherzos/31/xml_score.musicxml,Chopin/Scherzos/31/ChenW04M.mid,2.0,98,40,58,439,4,0.408163,0.083507,0.138648
2.0,all,test,Chopin/Scherzos/31/xml_score.musicxml,Chopin/Scherzos/31/Dossin06.mid,0.0,74,2,72,477,0,0.027027,0.004175,0.007233
2.0,all,test,Chopin/Scherzos/31/xml_score.musicxml,Chopin/Scherzos/31/Dossin06.mid,1.0,74,10,64,469,3,0.135135,0.020877,0.036166
2.0,all,test,Chopin/Scherzos/31/xml_score.musicxml,Chopin/Scherzos/31/Dossin06.mid,2.0,74,17,57,462,3,0.22973,0.035491,0.061483
2.0,all,test,Chopin/Scherzos/31/xml_score.musicxml,Chopin/Scherzos/31/HuNY08M.mid,0.0,96,10,86,469,0,0.104167,0.020877,0.034783
2.0,all,test,Chopin/Scherzos/31/xml_score.musicxml,Chopin/Scherzos/31/HuNY08M.mid,1.0,96,34,62,445,0,0.354167,0.070981,0.118261
2.0,all,test,Chopin/Scherzos/31/xml_score.musicxml,Chopin/Scherzos/31/HuNY08M.mid,2.0,96,43,53,436,2,0.447917,0.08977,0.149565
2.0,all,test,Chopin/Scherzos/31/xml_score.musicxml,Chopin/Scherzos/31/Jussow04.mid,0.0,116,9,107,470,0,0.077586,0.018789,0.030252
2.0,all,test,Chopin/Scherzos/31/xml_score.musicxml,Chopin/Scherzos/31/Jussow04.mid,1.0,116,42,74,437,1,0.362069,0.087683,0.141176
2.0,all,test,Chopin/Scherzos/31/xml_score.musicxml,Chopin/Scherzos/31/Jussow04.mid,2.0,116,54,62,425,1,0.465517,0.112735,0.181513
2.0,all,test,Chopin/Scherzos/31/xml_score.musicxml,Chopin/Scherzos/31/Jussow11M.mid,0.0,126,14,112,465,0,0.111111,0.029228,0.046281
2.0,all,test,Chopin/Scherzos/31/xml_score.musicxml,Chopin/Scherzos/31/Jussow11M.mid,1.0,126,46,80,433,1,0.365079,0.096033,0.152066
2.0,all,test,Chopin/Scherzos/31/xml_score.musicxml,Chopin/Scherzos/31/Jussow11M.mid,2.0,126,59,67,420,1,0.468254,0.123173,0.195041
2.0,all,test,Chopin/Scherzos/31/xml_score.musicxml,Chopin/Scherzos/31/LeeN04M.mid,0.0,86,4,82,475,0,0.046512,0.008351,0.014159
2.0,all,test,Chopin/Scherzos/31/xml_score.musicxml,Chopin/Scherzos/31/LeeN04M.mid,1.0,86,21,65,458,0,0.244186,0.043841,0.074336
2.0,all,test,Chopin/Scherzos/31/xml_score.musicxml,Chopin/Scherzos/31/LeeN04M.mid,2.0,86,26,60,453,3,0.302326,0.05428,0.092035
2.0,all,test,Chopin/Scherzos/31/xml_score.musicxml,Chopin/Scherzos/31/LinTami06M.mid,0.0,112,2,110,477,0,0.017857,0.004175,0.006768
2.0,all,test,Chopin/Scherzos/31/xml_score.musicxml,Chopin/Scherzos/31/LinTami06M.mid,1.0,112,22,90,457,2,0.196429,0.045929,0.07445
2.0,all,test,Chopin/Scherzos/31/xml_score.musicxml,Chopin/Scherzos/31/LinTami06M.mid,2.0,112,32,80,447,3,0.285714,0.066806,0.108291
2.0,all,test,Chopin/Scherzos/31/xml_score.musicxml,Chopin/Scherzos/31/LuoJ12M.mid,0.0,56,9,47,470,0,0.160714,0.018789,0.033645
2.0,all,test,Chopin/Scherzos/31/xml_score.musicxml,Chopin/Scherzos/31/LuoJ12M.mid,1.0,56,18,38,461,0,0.321429,0.037578,0.06729
2.0,all,test,Chopin/Scherzos/31/xml_score.musicxml,Chopin/Scherzos/31/LuoJ12M.mid,2.0,56,20,36,459,0,0.357143,0.041754,0.074766
2.0,all,test,Chopin/Scherzos/31/xml_score.musicxml,Chopin/Scherzos/31/SunD04M.mid,0.0,42,7,35,472,0,0.166667,0.014614,0.026871
2.0,all,test,Chopin/Scherzos/31/xml_score.musicxml,Chopin/Scherzos/31/SunD04M.mid,1.0,42,10,32,469,1,0.238095,0.020877,0.038388
2.0,all,test,Chopin/Scherzos/31/xml_score.musicxml,Chopin/Scherzos/31/SunD04M.mid,2.0,42,10,32,469,1,0.238095,0.020877,0.038388
2.0,all,test,Chopin/Scherzos/31/xml_score.musicxml,Chopin/Scherzos/31/TongB04M.mid,0.0,70,7,63,472,0,0.1,0.014614,0.025501
2.0,all,test,Chopin/Scherzos/31/xml_score.musicxml,Chopin/Scherzos/31/TongB04M.mid,1.0,70,20,50,459,0,0.285714,0.041754,0.07286
2.0,all,test,Chopin/Scherzos/31/xml_score.musicxml,Chopin/Scherzos/31/TongB04M.mid,2.0,70,24,46,455,0,0.342857,0.050104,0.087432
2.0,all,test,Chopin/Scherzos/31/xml_score.musicxml,Chopin/Scherzos/31/TuanS05M.mid,0.0,90,10,80,469,0,0.111111,0.020877,0.035149
2.0,all,test,Chopin/Scherzos/31/xml_score.musicxml,Chopin/Scherzos/31/TuanS05M.mid,1.0,90,23,67,456,3,0.255556,0.048017,0.080844
2.0,all,test,Chopin/Scherzos/31/xml_score.musicxml,Chopin/Scherzos/31/TuanS05M.mid,2.0,90,34,56,445,2,0.377778,0.070981,0.119508
2.0,all,test,Chopin/Scherzos/31/xml_score.musicxml,Chopin/Scherzos/31/ZhangW04M.mid,0.0,92,4,88,475,0,0.043478,0.008351,0.014011
2.0,all,test,Chopin/Scherzos/31/xml_score.musicxml,Chopin/Scherzos/31/ZhangW04M.mid,1.0,92,17,75,462,2,0.184783,0.035491,0.059545
2.0,all,test,Chopin/Scherzos/31/xml_score.musicxml,Chopin/Scherzos/31/ZhangW04M.mid,2.0,92,30,62,449,1,0.326087,0.06263,0.105079
2.0,all,train,Chopin/Scherzos/39/xml_score.musicxml,Chopin/Scherzos/39/Arciglione13M.mid,0.0,88,3,85,215,0,0.034091,0.013761,0.019608
2.0,all,train,Chopin/Scherzos/39/xml_score.musicxml,Chopin/Scherzos/39/Arciglione13M.mid,1.0,88,11,77,207,0,0.125,0.050459,0.071895
2.0,all,train,Chopin/Scherzos/39/xml_score.musicxml,Chopin/Scherzos/39/Arciglione13M.mid,2.0,88,11,77,207,0,0.125,0.050459,0.071895
2.0,all,train,Chopin/Scherzos/39/xml_score.musicxml,Chopin/Scherzos/39/Bult-ItoS05M.mid,0.0,86,1,85,217,0,0.011628,0.004587,0.006579
2.0,all,train,Chopin/Scherzos/39/xml_score.musicxml,Chopin/Scherzos/39/Bult-ItoS05M.mid,1.0,86,4,82,214,0,0.046512,0.018349,0.026316
2.0,all,train,Chopin/Scherzos/39/xml_score.musicxml,Chopin/Scherzos/39/Bult-ItoS05M.mid,2.0,86,5,81,213,0,0.05814,0.022936,0.032895
2.0,all,train,Chopin/Sonata_2/1st_no_repeat/xml_score.musicxml,Chopin/Sonata_2/1st_no_repeat/Giltburg02.mid,0.0,4,0,4,1,0,0.0,0.0,0.0
2.0,all,train,Chopin/Sonata_2/1st_no_repeat/xml_score.musicxml,Chopin/Sonata_2/1st_no_repeat/Giltburg02.mid,1.0,4,0,4,1,0,0.0,0.0,0.0
2.0,all,train,Chopin/Sonata_2/1st_no_repeat/xml_score.musicxml,Chopin/Sonata_2/1st_no_repeat/Giltburg02.mid,2.0,4,0,4,1,0,0.0,0.0,0.0
2.0,all,train,Chopin/Sonata_2/1st_no_repeat/xml_score.musicxml,Chopin/Sonata_2/1st_no_repeat/Jia03.mid,0.0,10,0,10,1,0,0.0,0.0,0.0
2.0,all,train,Chopin/Sonata_2/1st_no_repeat/xml_score.musicxml,Chopin/Sonata_2/1st_no_repeat/Jia03.mid,1.0,10,0,10,1,0,0.0,0.0,0.0
2.0,all,train,Chopin/Sonata_2/1st_no_repeat/xml_score.musicxml,Chopin/Sonata_2/1st_no_repeat/Jia03.mid,2.0,10,0,10,1,0,0.0,0.0,0.0
2.0,all,train,Chopin/Sonata_2/1st_no_repeat/xml_score.musicxml,Chopin/Sonata_2/1st_no_repeat/Knoll10.mid,0.0,8,0,8,1,0,0.0,0.0,0.0
2.0,all,train,Chopin/Sonata_2/1st_no_repeat/xml_score.musicxml,Chopin/Sonata_2/1st_no_repeat/Knoll10.mid,1.0,8,0,8,1,0,0.0,0.0,0.0
2.0,all,train,Chopin/Sonata_2/1st_no_repeat/xml_score.musicxml,Chopin/Sonata_2/1st_no_repeat/Knoll10.mid,2.0,8,0,8,1,0,0.0,0.0,0.0
2.0,all,train,Chopin/Sonata_2/1st_no_repeat/xml_score.musicxml,Chopin/Sonata_2/1st_no_repeat/MATSUM03.mid,0.0,14,0,14,1,0,0.0,0.0,0.0
2.0,all,train,Chopin/Sonata_2/1st_no_repeat/xml_score.musicxml,Chopin/Sonata_2/1st_no_repeat/MATSUM03.mid,1.0,14,0,14,1,0,0.0,0.0,0.0
2.0,all,train,Chopin/Sonata_2/1st_no_repeat/xml_score.musicxml,Chopin/Sonata_2/1st_no_repeat/MATSUM03.mid,2.0,14,0,14,1,0,0.0,0.0,0.0
2.0,all,test,Chopin/Sonata_2/2nd_no_repeat/xml_score.musicxml,Chopin/Sonata_2/2nd_no_repeat/Giltburg02.mid,0.0,12,0,12,1,0,0.0,0.0,0.0
2.0,all,test,Chopin/Sonata_2/2nd_no_repeat/xml_score.musicxml,Chopin/Sonata_2/2nd_no_repeat/Giltburg02.mid,1.0,12,0,12,1,0,0.0,0.0,0.0
2.0,all,test,Chopin/Sonata_2/2nd_no_repeat/xml_score.musicxml,Chopin/Sonata_2/2nd_no_repeat/Giltburg02.mid,2.0,12,0,12,1,0,0.0,0.0,0.0
2.0,all,test,Chopin/Sonata_2/2nd_no_repeat/xml_score.musicxml,Chopin/Sonata_2/2nd_no_repeat/Knoll10.mid,0.0,22,0,22,1,0,0.0,0.0,0.0
2.0,all,test,Chopin/Sonata_2/2nd_no_repeat/xml_score.musicxml,Chopin/Sonata_2/2nd_no_repeat/Knoll10.mid,1.0,22,0,22,1,0,0.0,0.0,0.0
2.0,all,test,Chopin/Sonata_2/2nd_no_repeat/xml_score.musicxml,Chopin/Sonata_2/2nd_no_repeat/Knoll10.mid,2.0,22,0,22,1,0,0.0,0.0,0.0
2.0,all,train,Chopin/Sonata_3/2nd/xml_score.musicxml,Chopin/Sonata_3/2nd/GarritsonL09.mid,0.0,40,0,40,42,0,0.0,0.0,0.0
2.0,all,train,Chopin/Sonata_3/2nd/xml_score.musicxml,Chopin/Sonata_3/2nd/GarritsonL09.mid,1.0,40,11,29,31,0,0.275,0.261905,0.268293
2.0,all,train,Chopin/Sonata_3/2nd/xml_score.musicxml,Chopin/Sonata_3/2nd/GarritsonL09.mid,2.0,40,16,24,26,2,0.4,0.380952,0.390244
2.0,all,train,Chopin/Sonata_3/2nd/xml_score.musicxml,Chopin/Sonata_3/2nd/HONG08.mid,0.0,24,0,24,42,0,0.0,0.0,0.0
2.0,all,train,Chopin/Sonata_3/2nd/xml_score.musicxml,Chopin/Sonata_3/2nd/HONG08.mid,1.0,24,5,19,37,0,0.208333,0.119048,0.151515
2.0,all,train,Chopin/Sonata_3/2nd/xml_score.musicxml,Chopin/Sonata_3/2nd/HONG08.mid,2.0,24,7,17,35,1,0.291667,0.166667,0.212121
2.0,all,train,Chopin/Sonata_3/2nd/xml_score.musicxml,Chopin/Sonata_3/2nd/HuangSW04.mid,0.0,36,1,35,41,0,0.027778,0.02381,0.025641
2.0,all,train,Chopin/Sonata_3/2nd/xml_score.musicxml,Chopin/Sonata_3/2nd/HuangSW04.mid,1.0,36,7,29,35,4,0.194444,0.166667,0.179487
2.0,all,train,Chopin/Sonata_3/2nd/xml_score.musicxml,Chopin/Sonata_3/2nd/HuangSW04.mid,2.0,36,11,25,31,7,0.305556,0.261905,0.282051
2.0,all,train,Chopin/Sonata_3/2nd/xml_score.musicxml,Chopin/Sonata_3/2nd/Huangci06.mid,0.0,42,0,42,42,0,0.0,0.0,0.0
2.0,all,train,Chopin/Sonata_3/2nd/xml_score.musicxml,Chopin/Sonata_3/2nd/Huangci06.mid,1.0,42,0,42,42,8,0.0,0.0,0.0
2.0,all,train,Chopin/Sonata_3/2nd/xml_score.musicxml,Chopin/Sonata_3/2nd/Huangci06.mid,2.0,42,3,39,39,13,0.071429,0.071429,0.071429
2.0,all,train,Chopin/Sonata_3/2nd/xml_score.musicxml,Chopin/Sonata_3/2nd/KimSJ08.mid,0.0,34,0,34,42,0,0.0,0.0,0.0
2.0,all,train,Chopin/Sonata_3/2nd/xml_score.musicxml,Chopin/Sonata_3/2nd/KimSJ08.mid,1.0,34,1,33,41,1,0.029412,0.02381,0.026316
2.0,all,train,Chopin/Sonata_3/2nd/xml_score.musicxml,Chopin/Sonata_3/2nd/KimSJ08.mid,2.0,34,6,28,36,2,0.176471,0.142857,0.157895
2.0,all,train,Chopin/Sonata_3/2nd/xml_score.musicxml,Chopin/Sonata_3/2nd/KimSY21.mid,0.0,34,0,34,42,0,0.0,0.0,0.0
2.0,all,train,Chopin/Sonata_3/2nd/xml_score.musicxml,Chopin/Sonata_3/2nd/KimSY21.mid,1.0,34,3,31,39,0,0.088235,0.071429,0.078947
2.0,all,train,Chopin/Sonata_3/2nd/xml_score.musicxml,Chopin/Sonata_3/2nd/KimSY21.mid,2.0,34,12,22,30,0,0.352941,0.285714,0.315789
2.0,all,train,Chopin/Sonata_3/2nd/xml_score.musicxml,Chopin/Sonata_3/2nd/SCHU09.mid,0.0,28,0,28,42,0,0.0,0.0,0.0
2.0,all,train,Chopin/Sonata_3/2nd/xml_score.musicxml,Chopin/Sonata_3/2nd/SCHU09.mid,1.0,28,1,27,41,0,0.035714,0.02381,0.028571
2.0,all,train,Chopin/Sonata_3/2nd/xml_score.musicxml,Chopin/Sonata_3/2nd/SCHU09.mid,2.0,28,6,22,36,1,0.214286,0.142857,0.171429
2.0,all,train,Chopin/Sonata_3/2nd/xml_score.musicxml,Chopin/Sonata_3/2nd/Shybayeva07.mid,0.0,52,0,52,42,0,0.0,0.0,0.0
2.0,all,train,Chopin/Sonata_3/2nd/xml_score.musicxml,Chopin/Sonata_3/2nd/Shybayeva07.mid,1.0,52,12,40,30,0,0.230769,0.285714,0.255319
2.0,all,train,Chopin/Sonata_3/2nd/xml_score.musicxml,Chopin/Sonata_3/2nd/Shybayeva07.mid,2.0,52,18,34,24,8,0.346154,0.428571,0.382979
2.0,all,train,Chopin/Sonata_3/2nd/xml_score.musicxml,Chopin/Sonata_3/2nd/mikahailoff01.mid,0.0,64,0,64,42,0,0.0,0.0,0.0
2.0,all,train,Chopin/Sonata_3/2nd/xml_score.musicxml,Chopin/Sonata_3/2nd/mikahailoff01.mid,1.0,64,9,55,33,0,0.140625,0.214286,0.169811
2.0,all,train,Chopin/Sonata_3/2nd/xml_score.musicxml,Chopin/Sonata_3/2nd/mikahailoff01.mid,2.0,64,19,45,23,3,0.296875,0.452381,0.358491
2.0,all,train,Chopin/Sonata_3/3rd/xml_score.musicxml,Chopin/Sonata_3/3rd/GarritsonL10.mid,0.0,2,0,2,20,0,0.0,0.0,0.0
2.0,all,train,Chopin/Sonata_3/3rd/xml_score.musicxml,Chopin/Sonata_3/3rd/GarritsonL10.mid,1.0,2,0,2,20,0,0.0,0.0,0.0
2.0,all,train,Chopin/Sonata_3/3rd/xml_score.musicxml,Chopin/Sonata_3/3rd/GarritsonL10.mid,2.0,2,0,2,20,0,0.0,0.0,0.0
2.0,all,train,Chopin/Sonata_3/3rd/xml_score.musicxml,Chopin/Sonata_3/3rd/HONG08.mid,0.0,4,0,4,20,0,0.0,0.0,0.0
2.0,all,train,Chopin/Sonata_3/3rd/xml_score.musicxml,Chopin/Sonata_3/3rd/HONG08.mid,1.0,4,1,3,19,0,0.25,0.05,0.083333
2.0,all,train,Chopin/Sonata_3/3rd/xml_score.musicxml,Chopin/Sonata_3/3rd/HONG08.mid,2.0,4,1,3,19,0,0.25,0.05,0.083333
2.0,all,train,Chopin/Sonata_3/3rd/xml_score.musicxml,Chopin/Sonata_3/3rd/HuangSW05.mid,0.0,4,0,4,20,0,0.0,0.0,0.0
2.0,all,train,Chopin/Sonata_3/3rd/xml_score.musicxml,Chopin/Sonata_3/3rd/HuangSW05.mid,1.0,4,1,3,19,0,0.25,0.05,0.083333
2.0,all,train,Chopin/Sonata_3/3rd/xml_score.musicxml,Chopin/Sonata_3/3rd/HuangSW05.mid,2.0,4,1,3,19,0,0.25,0.05,0.083333
2.0,all,train,Chopin/Sonata_3/3rd/xml_score.musicxml,Chopin/Sonata_3/3rd/Huangci06.mid,0.0,4,1,3,19,0,0.25,0.05,0.083333
2.0,all,train,Chopin/Sonata_3/3rd/xml_score.musicxml,Chopin/Sonata_3/3rd/Huangci06.mid,1.0,4,1,3,19,0,0.25,0.05,0.083333
2.0,all,train,Chopin/Sonata_3/3rd/xml_score.musicxml,Chopin/Sonata_3/3rd/Huangci06.mid,2.0,4,1,3,19,0,0.25,0.05,0.083333
2.0,all,train,Chopin/Sonata_3/3rd/xml_score.musicxml,Chopin/Sonata_3/3rd/KimSJ09.mid,0.0,6,0,6,20,0,0.0,0.0,0.0
2.0,all,train,Chopin/Sonata_3/3rd/xml_score.musicxml,Chopin/Sonata_3/3rd/KimSJ09.mid,1.0,6,1,5,19,1,0.166667,0.05,0.076923
2.0,all,train,Chopin/Sonata_3/3rd/xml_score.musicxml,Chopin/Sonata_3/3rd/KimSJ09.mid,2.0,6,1,5,19,1,0.166667,0.05,0.076923
2.0,all,train,Chopin/Sonata_3/3rd/xml_score.musicxml,Chopin/Sonata_3/3rd/KimSY22.mid,0.0,2,0,2,20,0,0.0,0.0,0.0
2.0,all,train,Chopin/Sonata_3/3rd/xml_score.musicxml,Chopin/Sonata_3/3rd/KimSY22.mid,1.0,2,0,2,20,0,0.0,0.0,0.0
2.0,all,train,Chopin/Sonata_3/3rd/xml_score.musicxml,Chopin/Sonata_3/3rd/KimSY22.mid,2.0,2,0,2,20,0,0.0,0.0,0.0
2.0,all,train,Chopin/Sonata_3/3rd/xml_score.musicxml,Chopin/Sonata_3/3rd/SCHU09.mid,0.0,8,0,8,20,0,0.0,0.0,0.0
2.0,all,train,Chopin/Sonata_3/3rd/xml_score.musicxml,Chopin/Sonata_3/3rd/SCHU09.mid,1.0,8,0,8,20,0,0.0,0.0,0.0
2.0,all,train,Chopin/Sonata_3/3rd/xml_score.musicxml,Chopin/Sonata_3/3rd/SCHU09.mid,2.0,8,0,8,20,0,0.0,0.0,0.0
2.0,all,train,Chopin/Sonata_3/3rd/xml_score.musicxml,Chopin/Sonata_3/3rd/Shybayeva07.mid,0.0,2,0,2,20,0,0.0,0.0,0.0
2.0,all,train,Chopin/Sonata_3/3rd/xml_score.musicxml,Chopin/Sonata_3/3rd/Shybayeva07.mid,1.0,2,0,2,20,0,0.0,0.0,0.0
2.0,all,train,Chopin/Sonata_3/3rd/xml_score.musicxml,Chopin/Sonata_3/3rd/Shybayeva07.mid,2.0,2,0,2,20,0,0.0,0.0,0.0
2.0,all,train,Chopin/Sonata_3/3rd/xml_score.musicxml,Chopin/Sonata_3/3rd/mikahailoff01.mid,0.0,7,0,7,20,0,0.0,0.0,0.0
2.0,all,train,Chopin/Sonata_3/3rd/xml_score.musicxml,Chopin/Sonata_3/3rd/mikahailoff01.mid,1.0,7,0,7,20,1,0.0,0.0,0.0
2.0,all,train,Chopin/Sonata_3/3rd/xml_score.musicxml,Chopin/Sonata_3/3rd/mikahailoff01.mid,2.0,7,0,7,20,1,0.0,0.0,0.0
2.0,all,train,Chopin/Sonata_3/4th/xml_score.musicxml,Chopin/Sonata_3/4th/GarritsonL11M.mid,0.0,14,1,13,13,0,0.071429,0.071429,0.071429
2.0,all,train,Chopin/Sonata_3/4th/xml_score.musicxml,Chopin/Sonata_3/4th/GarritsonL11M.mid,1.0,14,1,13,13,1,0.071429,0.071429,0.071429
2.0,all,train,Chopin/Sonata_3/4th/xml_score.musicxml,Chopin/Sonata_3/4th/GarritsonL11M.mid,2.0,14,1,13,13,1,0.071429,0.071429,0.071429
2.0,all,train,Chopin/Sonata_3/4th/xml_score.musicxml,Chopin/Sonata_3/4th/HONG08.mid,0.0,18,0,18,14,0,0.0,0.0,0.0
2.0,all,train,Chopin/Sonata_3/4th/xml_score.musicxml,Chopin/Sonata_3/4th/HONG08.mid,1.0,18,0,18,14,0,0.0,0.0,0.0
2.0,all,train,Chopin/Sonata_3/4th/xml_score.musicxml,Chopin/Sonata_3/4th/HONG08.mid,2.0,18,2,16,12,0,0.111111,0.142857,0.125
2.0,all,train,Chopin/Sonata_3/4th/xml_score.musicxml,Chopin/Sonata_3/4th/HuangSW06M.mid,0.0,16,1,15,13,0,0.0625,0.071429,0.066667
2.0,all,train,Chopin/Sonata_3/4th/xml_score.musicxml,Chopin/Sonata_3/4th/HuangSW06M.mid,1.0,16,1,15,13,2,0.0625,0.071429,0.066667
2.0,all,train,Chopin/Sonata_3/4th/xml_score.musicxml,Chopin/Sonata_3/4th/HuangSW06M.mid,2.0,16,1,15,13,2,0.0625,0.071429,0.066667
2.0,all,train,Chopin/Sonata_3/4th/xml_score.musicxml,Chopin/Sonata_3/4th/Huangci06.mid,0.0,12,1,11,13,0,0.083333,0.071429,0.076923
2.0,all,train,Chopin/Sonata_3/4th/xml_score.musicxml,Chopin/Sonata_3/4th/Huangci06.mid,1.0,12,1,11,13,0,0.083333,0.071429,0.076923
2.0,all,train,Chopin/Sonata_3/4th/xml_score.musicxml,Chopin/Sonata_3/4th/Huangci06.mid,2.0,12,2,10,12,0,0.166667,0.142857,0.153846
2.0,all,train,Chopin/Sonata_3/4th/xml_score.musicxml,Chopin/Sonata_3/4th/KimSJ10M.mid,0.0,16,1,15,13,0,0.0625,0.071429,0.066667
2.0,all,train,Chopin/Sonata_3/4th/xml_score.musicxml,Chopin/Sonata_3/4th/KimSJ10M.mid,1.0,16,1,15,13,1,0.0625,0.071429,0.066667
2.0,all,train,Chopin/Sonata_3/4th/xml_score.musicxml,Chopin/Sonata_3/4th/KimSJ10M.mid,2.0,16,2,14,12,1,0.125,0.142857,0.133333
2.0,all,train,Chopin/Sonata_3/4th/xml_score.musicxml,Chopin/Sonata_3/4th/KimSY23M.mid,0.0,12,1,11,13,0,0.083333,0.071429,0.076923
2.0,all,train,Chopin/Sonata_3/4th/xml_score.musicxml,Chopin/Sonata_3/4th/KimSY23M.mid,1.0,12,1,11,13,1,0.083333,0.071429,0.076923
2.0,all,train,Chopin/Sonata_3/4th/xml_score.musicxml,Chopin/Sonata_3/4th/KimSY23M.mid,2.0,12,1,11,13,1,0.083333,0.071429,0.076923
2.0,all,train,Chopin/Sonata_3/4th/xml_score.musicxml,Chopin/Sonata_3/4th/SCHU09.mid,0.0,16,1,15,13,0,0.0625,0.071429,0.066667
2.0,all,train,Chopin/Sonata_3/4th/xml_score.musicxml,Chopin/Sonata_3/4th/SCHU09.mid,1.0,16,1,15,13,0,0.0625,0.071429,0.066667
2.0,all,train,Chopin/Sonata_3/4th/xml_score.musicxml,Chopin/Sonata_3/4th/SCHU09.mid,2.0,16,1,15,13,0,0.0625,0.071429,0.066667
2.0,all,train,Chopin/Sonata_3/4th/xml_score.musicxml,Chopin/Sonata_3/4th/Shybayeva07.mid,0.0,2,1,1,13,0,0.5,0.071429,0.125
2.0,all,train,Chopin/Sonata_3/4th/xml_score.musicxml,Chopin/Sonata_3/4th/Shybayeva07.mid,1.0,2,1,1,13,0,0.5,0.071429,0.125
2.0,all,train,Chopin/Sonata_3/4th/xml_score.musicxml,Chopin/Sonata_3/4th/Shybayeva07.mid,2.0,2,1,1,13,0,0.5,0.071429,0.125
2.0,all,train,Chopin/Sonata_3/4th/xml_score.musicxml,Chopin/Sonata_3/4th/mikahailoff01.mid,0.0,12,1,11,13,0,0.083333,0.071429,0.076923
2.0,all,train,Chopin/Sonata_3/4th/xml_score.musicxml,Chopin/Sonata_3/4th/mikahailoff01.mid,1.0,12,1,11,13,1,0.083333,0.071429,0.076923
2.0,all,train,Chopin/Sonata_3/4th/xml_score.musicxml,Chopin/Sonata_3/4th/mikahailoff01.mid,2.0,12,1,11,13,1,0.083333,0.071429,0.076923
2.0,all,val,Debussy/Images_Book_1/1_Reflets_dans_lEau/xml_score.musicxml,Debussy/Images_Book_1/1_Reflets_dans_lEau/Kleisen11M.mid,0.0,4,0,4,10,0,0.0,0.0,0.0
2.0,all,val,Debussy/Images_Book_1/1_Reflets_dans_lEau/xml_score.musicxml,Debussy/Images_Book_1/1_Reflets_dans_lEau/Kleisen11M.mid,1.0,4,0,4,10,0,0.0,0.0,0.0
2.0,all,val,Debussy/Images_Book_1/1_Reflets_dans_lEau/xml_score.musicxml,Debussy/Images_Book_1/1_Reflets_dans_lEau/Kleisen11M.mid,2.0,4,0,4,10,0,0.0,0.0,0.0
2.0,all,val,Debussy/Images_Book_1/1_Reflets_dans_lEau/xml_score.musicxml,Debussy/Images_Book_1/1_Reflets_dans_lEau/ParkJH13M.mid,0.0,3,0,3,10,0,0.0,0.0,0.0
2.0,all,val,Debussy/Images_Book_1/1_Reflets_dans_lEau/xml_score.musicxml,Debussy/Images_Book_1/1_Reflets_dans_lEau/ParkJH13M.mid,1.0,3,0,3,10,0,0.0,0.0,0.0
2.0,all,val,Debussy/Images_Book_1/1_Reflets_dans_lEau/xml_score.musicxml,Debussy/Images_Book_1/1_Reflets_dans_lEau/ParkJH13M.mid,2.0,3,0,3,10,0,0.0,0.0,0.0
2.0,all,train,Liszt/Ballade_2/xml_score.musicxml,Liszt/Ballade_2/Broberg03.mid,0.0,8,0,8,34,0,0.0,0.0,0.0
2.0,all,train,Liszt/Ballade_2/xml_score.musicxml,Liszt/Ballade_2/Broberg03.mid,1.0,8,1,7,33,0,0.125,0.029412,0.047619
2.0,all,train,Liszt/Ballade_2/xml_score.musicxml,Liszt/Ballade_2/Broberg03.mid,2.0,8,1,7,33,0,0.125,0.029412,0.047619
2.0,all,train,Liszt/Ballade_2/xml_score.musicxml,Liszt/Ballade_2/GarritsonL04M.mid,0.0,14,0,14,34,0,0.0,0.0,0.0
2.0,all,train,Liszt/Ballade_2/xml_score.musicxml,Liszt/Ballade_2/GarritsonL04M.mid,1.0,14,0,14,34,0,0.0,0.0,0.0
2.0,all,train,Liszt/Ballade_2/xml_score.musicxml,Liszt/Ballade_2/GarritsonL04M.mid,2.0,14,0,14,34,0,0.0,0.0,0.0
2.0,all,train,Liszt/Ballade_2/xml_score.musicxml,Liszt/Ballade_2/Jin07M.mid,0.0,16,0,16,34,0,0.0,0.0,0.0
2.0,all,train,Liszt/Ballade_2/xml_score.musicxml,Liszt/Ballade_2/Jin07M.mid,1.0,16,1,15,33,0,0.0625,0.029412,0.04
2.0,all,train,Liszt/Ballade_2/xml_score.musicxml,Liszt/Ballade_2/Jin07M.mid,2.0,16,2,14,32,1,0.125,0.058824,0.08
2.0,all,train,Liszt/Ballade_2/xml_score.musicxml,Liszt/Ballade_2/KIM_J04.mid,0.0,8,0,8,34,0,0.0,0.0,0.0
2.0,all,train,Liszt/Ballade_2/xml_score.musicxml,Liszt/Ballade_2/KIM_J04.mid,1.0,8,1,7,33,0,0.125,0.029412,0.047619
2.0,all,train,Liszt/Ballade_2/xml_score.musicxml,Liszt/Ballade_2/KIM_J04.mid,2.0,8,1,7,33,0,0.125,0.029412,0.047619
2.0,all,train,Liszt/Ballade_2/xml_score.musicxml,Liszt/Ballade_2/Min06M.mid,0.0,24,0,24,34,0,0.0,0.0,0.0
2.0,all,train,Liszt/Ballade_2/xml_score.musicxml,Liszt/Ballade_2/Min06M.mid,1.0,24,2,22,32,0,0.083333,0.058824,0.068966
2.0,all,train,Liszt/Ballade_2/xml_score.musicxml,Liszt/Ballade_2/Min06M.mid,2.0,24,4,20,30,0,0.166667,0.117647,0.137931
2.0,all,train,Liszt/Ballade_2/xml_score.musicxml,Liszt/Ballade_2/Sham05.mid,0.0,30,0,30,34,0,0.0,0.0,0.0
2.0,all,train,Liszt/Ballade_2/xml_score.musicxml,Liszt/Ballade_2/Sham05.mid,1.0,30,3,27,31,0,0.1,0.088235,0.09375
2.0,all,train,Liszt/Ballade_2/xml_score.musicxml,Liszt/Ballade_2/Sham05.mid,2.0,30,3,27,31,0,0.1,0.088235,0.09375
2.0,all,train,Liszt/Gran_Etudes_de_Paganini/2_La_campanella/xml_score.musicxml,Liszt/Gran_Etudes_de_Paganini/2_La_campanella/Albright04.mid,0.0,8,1,7,13,0,0.125,0.071429,0.090909
2.0,all,train,Liszt/Gran_Etudes_de_Paganini/2_La_campanella/xml_score.musicxml,Liszt/Gran_Etudes_de_Paganini/2_La_campanella/Albright04.mid,1.0,8,1,7,13,0,0.125,0.071429,0.090909
2.0,all,train,Liszt/Gran_Etudes_de_Paganini/2_La_campanella/xml_score.musicxml,Liszt/Gran_Etudes_de_Paganini/2_La_campanella/Albright04.mid,2.0,8,1,7,13,0,0.125,0.071429,0.090909
2.0,all,train,Liszt/Gran_Etudes_de_Paganini/2_La_campanella/xml_score.musicxml,Liszt/Gran_Etudes_de_Paganini/2_La_campanella/Ali03.mid,0.0,6,1,5,13,0,0.166667,0.071429,0.1
2.0,all,train,Liszt/Gran_Etudes_de_Paganini/2_La_campanella/xml_score.musicxml,Liszt/Gran_Etudes_de_Paganini/2_La_campanella/Ali03.mid,1.0,6,1,5,13,0,0.166667,0.071429,0.1
2.0,all,train,Liszt/Gran_Etudes_de_Paganini/2_La_campanella/xml_score.musicxml,Liszt/Gran_Etudes_de_Paganini/2_La_campanella/Ali03.mid,2.0,6,1,5,13,0,0.166667,0.071429,0.1
2.0,all,train,Liszt/Gran_Etudes_de_Paganini/2_La_campanella/xml_score.musicxml,Liszt/Gran_Etudes_de_Paganini/2_La_campanella/Bogdanovitch02.mid,0.0,6,2,4,12,0,0.333333,0.142857,0.2
2.0,all,train,Liszt/Gran_Etudes_de_Paganini/2_La_campanella/xml_score.musicxml,Liszt/Gran_Etudes_de_Paganini/2_La_campanella/Bogdanovitch02.mid,1.0,6,2,4,12,0,0.333333,0.142857,0.2
2.0,all,train,Liszt/Gran_Etudes_de_Paganini/2_La_campanella/xml_score.musicxml,Liszt/Gran_Etudes_de_Paganini/2_La_campanella/Bogdanovitch02.mid,2.0,6,2,4,12,0,0.333333,0.142857,0.2
2.0,all,train,Liszt/Gran_Etudes_de_Paganini/2_La_campanella/xml_score.musicxml,Liszt/Gran_Etudes_de_Paganini/2_La_campanella/BuiJL03M.mid,0.0,4,1,3,13,0,0.25,0.071429,0.111111
2.0,all,train,Liszt/Gran_Etudes_de_Paganini/2_La_campanella/xml_score.musicxml,Liszt/Gran_Etudes_de_Paganini/2_La_campanella/BuiJL03M.mid,1.0,4,1,3,13,0,0.25,0.071429,0.111111
2.0,all,train,Liszt/Gran_Etudes_de_Paganini/2_La_campanella/xml_score.musicxml,Liszt/Gran_Etudes_de_Paganini/2_La_campanella/BuiJL03M.mid,2.0,4,1,3,13,0,0.25,0.071429,0.111111
2.0,all,train,Liszt/Gran_Etudes_de_Paganini/2_La_campanella/xml_score.musicxml,Liszt/Gran_Etudes_de_Paganini/2_La_campanella/FALIKS02_2004.mid,0.0,10,1,9,13,0,0.1,0.071429,0.083333
2.0,all,train,Liszt/Gran_Etudes_de_Paganini/2_La_campanella/xml_score.musicxml,Liszt/Gran_Etudes_de_Paganini/2_La_campanella/FALIKS02_2004.mid,1.0,10,2,8,12,1,0.2,0.142857,0.166667
2.0,all,train,Liszt/Gran_Etudes_de_Paganini/2_La_campanella/xml_score.musicxml,Liszt/Gran_Etudes_de_Paganini/2_La_campanella/FALIKS02_2004.mid,2.0,10,2,8,12,1,0.2,0.142857,0.166667
2.0,all,train,Liszt/Gran_Etudes_de_Paganini/2_La_campanella/xml_score.musicxml,Liszt/Gran_Etudes_de_Paganini/2_La_campanella/Faliks02.mid,0.0,12,1,11,13,0,0.083333,0.071429,0.076923
2.0,all,train,Liszt/Gran_Etudes_de_Paganini/2_La_campanella/xml_score.musicxml,Liszt/Gran_Etudes_de_Paganini/2_La_campanella/Faliks02.mid,1.0,12,2,10,12,1,0.166667,0.142857,0.153846
2.0,all,train,Liszt/Gran_Etudes_de_Paganini/2_La_campanella/xml_score.musicxml,Liszt/Gran_Etudes_de_Paganini/2_La_campanella/Faliks02.mid,2.0,12,2,10,12,1,0.166667,0.142857,0.153846
2.0,all,train,Liszt/Gran_Etudes_de_Paganini/2_La_campanella/xml_score.musicxml,Liszt/Gran_Etudes_de_Paganini/2_La_campanella/Faliks03.mid,0.0,12,1,11,13,0,0.083333,0.071429,0.076923
2.0,all,train,Liszt/Gran_Etudes_de_Paganini/2_La_campanella/xml_score.musicxml,Liszt/Gran_Etudes_de_Paganini/2_La_campanella/Faliks03.mid,1.0,12,1,11,13,0,0.083333,0.071429,0.076923
2.0,all,train,Liszt/Gran_Etudes_de_Paganini/2_La_campanella/xml_score.musicxml,Liszt/Gran_Etudes_de_Paganini/2_La_campanella/Faliks03.mid,2.0,12,1,11,13,0,0.083333,0.071429,0.076923
2.0,all,train,Liszt/Gran_Etudes_de_Paganini/2_La_campanella/xml_score.musicxml,Liszt/Gran_Etudes_de_Paganini/2_La_campanella/Gasanov02.mid,0.0,10,2,8,12,0,0.2,0.142857,0.166667
2.0,all,train,Liszt/Gran_Etudes_de_Paganini/2_La_campanella/xml_score.musicxml,Liszt/Gran_Etudes_de_Paganini/2_La_campanella/Gasanov02.mid,1.0,10,2,8,12,0,0.2,0.142857,0.166667
2.0,all,train,Liszt/Gran_Etudes_de_Paganini/2_La_campanella/xml_score.musicxml,Liszt/Gran_Etudes_de_Paganini/2_La_campanella/Gasanov02.mid,2.0,10,2,8,12,0,0.2,0.142857,0.166667
2.0,all,train,Liszt/Gran_Etudes_de_Paganini/2_La_campanella/xml_score.musicxml,Liszt/Gran_Etudes_de_Paganini/2_La_campanella/HUAN_J03.mid,0.0,4,1,3,13,0,0.25,0.071429,0.111111
2.0,all,train,Liszt/Gran_Etudes_de_Paganini/2_La_campanella/xml_score.musicxml,Liszt/Gran_Etudes_de_Paganini/2_La_campanella/HUAN_J03.mid,1.0,4,1,3,13,0,0.25,0.071429,0.111111
2.0,all,train,Liszt/Gran_Etudes_de_Paganini/2_La_campanella/xml_score.musicxml,Liszt/Gran_Etudes_de_Paganini/2_La_campanella/HUAN_J03.mid,2.0,4,1,3,13,0,0.25,0.071429,0.111111
2.0,all,train,Liszt/Gran_Etudes_de_Paganini/2_La_campanella/xml_score.musicxml,Liszt/Gran_Etudes_de_Paganini/2_La_campanella/Hao03.mid,0.0,4,1,3,13,0,0.25,0.071429,0.111111
2.0,all,train,Liszt/Gran_Etudes_de_Paganini/2_La_campanella/xml_score.musicxml,Liszt/Gran_Etudes_de_Paganini/2_La_campanella/Hao03.mid,1.0,4,1,3,13,0,0.25,0.071429,0.111111
2.0,all,train,Liszt/Gran_Etudes_de_Paganini/2_La_campanella/xml_score.musicxml,Liszt/Gran_Etudes_de_Paganini/2_La_campanella/Hao03.mid,2.0,4,1,3,13,0,0.25,0.071429,0.111111
2.0,all,train,Liszt/Gran_Etudes_de_Paganini/2_La_campanella/xml_score.musicxml,Liszt/Gran_Etudes_de_Paganini/2_La_campanella/KanM06.mid,0.0,12,1,11,13,0,0.083333,0.071429,0.076923
2.0,all,train,Liszt/Gran_Etudes_de_Paganini/2_La_campanella/xml_score.musicxml,Liszt/Gran_Etudes_de_Paganini/2_La_campanella/KanM06.mid,1.0,12,1,11,13,0,0.083333,0.071429,0.076923
2.0,all,train,Liszt/Gran_Etudes_de_Paganini/2_La_campanella/xml_score.musicxml,Liszt/Gran_Etudes_de_Paganini/2_La_campanella/KanM06.mid,2.0,12,1,11,13,0,0.083333,0.071429,0.076923
2.0,all,train,Liszt/Gran_Etudes_de_Paganini/2_La_campanella/xml_score.musicxml,Liszt/Gran_Etudes_de_Paganini/2_La_campanella/Kolessova07.mid,0.0,10,1,9,13,0,0.1,0.071429,0.083333
2.0,all,train,Liszt/Gran_Etudes_de_Paganini/2_La_campanella/xml_score.musicxml,Liszt/Gran_Etudes_de_Paganini/2_La_campanella/Kolessova07.mid,1.0,10,2,8,12,0,0.2,0.142857,0.166667
2.0,all,train,Liszt/Gran_Etudes_de_Paganini/2_La_campanella/xml_score.musicxml,Liszt/Gran_Etudes_de_Paganini/2_La_campanella/Kolessova07.mid,2.0,10,2,8,12,0,0.2,0.142857,0.166667
2.0,all,train,Liszt/Gran_Etudes_de_Paganini/2_La_campanella/xml_score.musicxml,Liszt/Gran_Etudes_de_Paganini/2_La_campanella/LeungR04M.mid,0.0,8,1,7,13,0,0.125,0.071429,0.090909
2.0,all,train,Liszt/Gran_Etudes_de_Paganini/2_La_campanella/xml_score.musicxml,Liszt/Gran_Etudes_de_Paganini/2_La_campanella/LeungR04M.mid,1.0,8,1,7,13,0,0.125,0.071429,0.090909
2.0,all,train,Liszt/Gran_Etudes_de_Paganini/2_La_campanella/xml_score.musicxml,Liszt/Gran_Etudes_de_Paganini/2_La_campanella/LeungR04M.mid,2.0,8,1,7,13,0,0.125,0.071429,0.090909
2.0,all,train,Liszt/Gran_Etudes_de_Paganini/2_La_campanella/xml_score.musicxml,Liszt/Gran_Etudes_de_Paganini/2_La_campanella/Levitsky02.mid,0.0,10,1,9,13,0,0.1,0.071429,0.083333
2.0,all,train,Liszt/Gran_Etudes_de_Paganini/2_La_campanella/xml_score.musicxml,Liszt/Gran_Etudes_de_Paganini/2_La_campanella/Levitsky02.mid,1.0,10,1,9,13,0,0.1,0.071429,0.083333
2.0,all,train,Liszt/Gran_Etudes_de_Paganini/2_La_campanella/xml_score.musicxml,Liszt/Gran_Etudes_de_Paganini/2_La_campanella/Levitsky02.mid,2.0,10,1,9,13,0,0.1,0.071429,0.083333
2.0,all,train,Liszt/Gran_Etudes_de_Paganini/2_La_campanella/xml_score.musicxml,Liszt/Gran_Etudes_de_Paganini/2_La_campanella/Levitsky06M.mid,0.0,10,1,9,13,0,0.1,0.071429,0.083333
2.0,all,train,Liszt/Gran_Etudes_de_Paganini/2_La_campanella/xml_score.musicxml,Liszt/Gran_Etudes_de_Paganini/2_La_campanella/Levitsky06M.mid,1.0,10,1,9,13,0,0.1,0.071429,0.083333
2.0,all,train,Liszt/Gran_Etudes_de_Paganini/2_La_campanella/xml_score.musicxml,Liszt/Gran_Etudes_de_Paganini/2_La_campanella/Levitsky06M.mid,2.0,10,1,9,13,0,0.1,0.071429,0.083333
2.0,all,train,Liszt/Gran_Etudes_de_Paganini/2_La_campanella/xml_score.musicxml,Liszt/Gran_Etudes_de_Paganini/2_La_campanella/Lin02.mid,0.0,6,1,5,13,0,0.166667,0.071429,0.1
2.0,all,train,Liszt/Gran_Etudes_de_Paganini/2_La_campanella/xml_score.musicxml,Liszt/Gran_Etudes_de_Paganini/2_La_campanella/Lin02.mid,1.0,6,1,5,13,0,0.166667,0.071429,0.1
2.0,all,train,Liszt/Gran_Etudes_de_Paganini/2_La_campanella/xml_score.musicxml,Liszt/Gran_Etudes_de_Paganini/2_La_campanella/Lin02.mid,2.0,6,1,5,13,0,0.166667,0.071429,0.1
2.0,all,train,Liszt/Gran_Etudes_de_Paganini/2_La_campanella/xml_score.musicxml,Liszt/Gran_Etudes_de_Paganini/2_La_campanella/Lin07M.mid,0.0,6,1,5,13,0,0.166667,0.071429,0.1
2.0,all,train,Liszt/Gran_Etudes_de_Paganini/2_La_campanella/xml_score.musicxml,Liszt/Gran_Etudes_de_Paganini/2_La_campanella/Lin07M.mid,1.0,6,1,5,13,0,0.166667,0.071429,0.1
2.0,all,train,Liszt/Gran_Etudes_de_Paganini/2_La_campanella/xml_score.musicxml,Liszt/Gran_Etudes_de_Paganini/2_La_campanella/Lin07M.mid,2.0,6,1,5,13,0,0.166667,0.071429,0.1
2.0,all,train,Liszt/Gran_Etudes_de_Paganini/2_La_campanella/xml_score.musicxml,Liszt/Gran_Etudes_de_Paganini/2_La_campanella/LiuC05M.mid,0.0,6,1,5,13,0,0.166667,0.071429,0.1
2.0,all,train,Liszt/Gran_Etudes_de_Paganini/2_La_campanella/xml_score.musicxml,Liszt/Gran_Etudes_de_Paganini/2_La_campanella/LiuC05M.mid,1.0,6,2,4,12,0,0.333333,0.142857,0.2
2.0,all,train,Liszt/Gran_Etudes_de_Paganini/2_La_campanella/xml_score.musicxml,Liszt/Gran_Etudes_de_Paganini/2_La_campanella/LiuC05M.mid,2.0,6,2,4,12,0,0.333333,0.142857,0.2
2.0,all,train,Liszt/Gran_Etudes_de_Paganini/2_La_campanella/xml_score.musicxml,Liszt/Gran_Etudes_de_Paganini/2_La_campanella/LiuY03M.mid,0.0,6,1,5,13,0,0.166667,0.071429,0.1
2.0,all,train,Liszt/Gran_Etudes_de_Paganini/2_La_campanella/xml_score.musicxml,Liszt/Gran_Etudes_de_Paganini/2_La_campanella/LiuY03M.mid,1.0,6,1,5,13,0,0.166667,0.071429,0.1
2.0,all,train,Liszt/Gran_Etudes_de_Paganini/2_La_campanella/xml_score.musicxml,Liszt/Gran_Etudes_de_Paganini/2_La_campanella/LiuY03M.mid,2.0,6,1,5,13,0,0.166667,0.071429,0.1
2.0,all,train,Liszt/Gran_Etudes_de_Paganini/2_La_campanella/xml_score.musicxml,Liszt/Gran_Etudes_de_Paganini/2_La_campanella/MunA08M.mid,0.0,8,1,7,13,0,0.125,0.071429,0.090909
2.0,all,train,Liszt/Gran_Etudes_de_Paganini/2_La_campanella/xml_score.musicxml,Liszt/Gran_Etudes_de_Paganini/2_La_campanella/MunA08M.mid,1.0,8,1,7,13,0,0.125,0.071429,0.090909
2.0,all,train,Liszt/Gran_Etudes_de_Paganini/2_La_campanella/xml_score.musicxml,Liszt/Gran_Etudes_de_Paganini/2_La_campanella/MunA08M.mid,2.0,8,1,7,13,0,0.125,0.071429,0.090909
2.0,all,train,Liszt/Gran_Etudes_de_Paganini/2_La_campanella/xml_score.musicxml,Liszt/Gran_Etudes_de_Paganini/2_La_campanella/SEBAST02.mid,0.0,10,2,8,12,0,0.2,0.142857,0.166667
2.0,all,train,Liszt/Gran_Etudes_de_Paganini/2_La_campanella/xml_score.musicxml,Liszt/Gran_Etudes_de_Paganini/2_La_campanella/SEBAST02.mid,1.0,10,2,8,12,0,0.2,0.142857,0.166667
2.0,all,train,Liszt/Gran_Etudes_de_Paganini/2_La_campanella/xml_score.musicxml,Liszt/Gran_Etudes_de_Paganini/2_La_campanella/SEBAST02.mid,2.0,10,2,8,12,0,0.2,0.142857,0.166667
2.0,all,train,Liszt/Gran_Etudes_de_Paganini/2_La_campanella/xml_score.musicxml,Liszt/Gran_Etudes_de_Paganini/2_La_campanella/Seredenko02.mid,0.0,4,1,3,13,0,0.25,0.071429,0.111111
2.0,all,train,Liszt/Gran_Etudes_de_Paganini/2_La_campanella/xml_score.musicxml,Liszt/Gran_Etudes_de_Paganini/2_La_campanella/Seredenko02.mid,1.0,4,1,3,13,0,0.25,0.071429,0.111111
2.0,all,train,Liszt/Gran_Etudes_de_Paganini/2_La_campanella/xml_score.musicxml,Liszt/Gran_Etudes_de_Paganini/2_La_campanella/Seredenko02.mid,2.0,4,1,3,13,0,0.25,0.071429,0.111111
2.0,all,train,Liszt/Gran_Etudes_de_Paganini/2_La_campanella/xml_score.musicxml,Liszt/Gran_Etudes_de_Paganini/2_La_campanella/Sychev03.mid,0.0,12,1,11,13,0,0.083333,0.071429,0.076923
2.0,all,train,Liszt/Gran_Etudes_de_Paganini/2_La_campanella/xml_score.musicxml,Liszt/Gran_Etudes_de_Paganini/2_La_campanella/Sychev03.mid,1.0,12,1,11,13,0,0.083333,0.071429,0.076923
2.0,all,train,Liszt/Gran_Etudes_de_Paganini/2_La_campanella/xml_score.musicxml,Liszt/Gran_Etudes_de_Paganini/2_La_campanella/Sychev03.mid,2.0,12,1,11,13,0,0.083333,0.071429,0.076923
2.0,all,train,Liszt/Gran_Etudes_de_Paganini/2_La_campanella/xml_score.musicxml,Liszt/Gran_Etudes_de_Paganini/2_La_campanella/TET03.mid,0.0,8,1,7,13,0,0.125,0.071429,0.090909
2.0,all,train,Liszt/Gran_Etudes_de_Paganini/2_La_campanella/xml_score.musicxml,Liszt/Gran_Etudes_de_Paganini/2_La_campanella/TET03.mid,1.0,8,1,7,13,0,0.125,0.071429,0.090909
2.0,all,train,Liszt/Gran_Etudes_de_Paganini/2_La_campanella/xml_score.musicxml,Liszt/Gran_Etudes_de_Paganini/2_La_campanella/TET03.mid,2.0,8,1,7,13,0,0.125,0.071429,0.090909
2.0,all,train,Liszt/Gran_Etudes_de_Paganini/2_La_campanella/xml_score.musicxml,Liszt/Gran_Etudes_de_Paganini/2_La_campanella/VuV06M.mid,0.0,6,1,5,13,0,0.166667,0.071429,0.1
2.0,all,train,Liszt/Gran_Etudes_de_Paganini/2_La_campanella/xml_score.musicxml,Liszt/Gran_Etudes_de_Paganini/2_La_campanella/VuV06M.mid,1.0,6,1,5,13,0,0.166667,0.071429,0.1
2.0,all,train,Liszt/Gran_Etudes_de_Paganini/2_La_campanella/xml_score.musicxml,Liszt/Gran_Etudes_de_Paganini/2_La_campanella/VuV06M.mid,2.0,6,1,5,13,0,0.166667,0.071429,0.1
2.0,all,train,Liszt/Gran_Etudes_de_Paganini/2_La_campanella/xml_score.musicxml,Liszt/Gran_Etudes_de_Paganini/2_La_campanella/Yang05M.mid,0.0,10,1,9,13,0,0.1,0.071429,0.083333
2.0,all,train,Liszt/Gran_Etudes_de_Paganini/2_La_campanella/xml_score.musicxml,Liszt/Gran_Etudes_de_Paganini/2_La_campanella/Yang05M.mid,1.0,10,1,9,13,0,0.1,0.071429,0.083333
2.0,all,train,Liszt/Gran_Etudes_de_Paganini/2_La_campanella/xml_score.musicxml,Liszt/Gran_Etudes_de_Paganini/2_La_campanella/Yang05M.mid,2.0,10,1,9,13,0,0.1,0.071429,0.083333
2.0,all,train,Liszt/Gran_Etudes_de_Paganini/2_La_campanella/xml_score.musicxml,Liszt/Gran_Etudes_de_Paganini/2_La_campanella/Yoon02.mid,0.0,6,1,5,13,0,0.166667,0.071429,0.1
2.0,all,train,Liszt/Gran_Etudes_de_Paganini/2_La_campanella/xml_score.musicxml,Liszt/Gran_Etudes_de_Paganini/2_La_campanella/Yoon02.mid,1.0,6,1,5,13,0,0.166667,0.071429,0.1
2.0,all,train,Liszt/Gran_Etudes_de_Paganini/2_La_campanella/xml_score.musicxml,Liszt/Gran_Etudes_de_Paganini/2_La_campanella/Yoon02.mid,2.0,6,1,5,13,0,0.166667,0.071429,0.1
2.0,all,train,Liszt/Gran_Etudes_de_Paganini/2_La_campanella/xml_score.musicxml,Liszt/Gran_Etudes_de_Paganini/2_La_campanella/ZhangH02.mid,0.0,6,1,5,13,0,0.166667,0.071429,0.1
2.0,all,train,Liszt/Gran_Etudes_de_Paganini/2_La_campanella/xml_score.musicxml,Liszt/Gran_Etudes_de_Paganini/2_La_campanella/ZhangH02.mid,1.0,6,1,5,13,0,0.166667,0.071429,0.1
2.0,all,train,Liszt/Gran_Etudes_de_Paganini/2_La_campanella/xml_score.musicxml,Liszt/Gran_Etudes_de_Paganini/2_La_campanella/ZhangH02.mid,2.0,6,1,5,13,0,0.166667,0.071429,0.1
2.0,all,train,Liszt/Gran_Etudes_de_Paganini/2_La_campanella/xml_score.musicxml,Liszt/Gran_Etudes_de_Paganini/2_La_campanella/ZhangH07M.mid,0.0,10,1,9,13,0,0.1,0.071429,0.083333
2.0,all,train,Liszt/Gran_Etudes_de_Paganini/2_La_campanella/xml_score.musicxml,Liszt/Gran_Etudes_de_Paganini/2_La_campanella/ZhangH07M.mid,1.0,10,2,8,12,0,0.2,0.142857,0.166667
2.0,all,train,Liszt/Gran_Etudes_de_Paganini/2_La_campanella/xml_score.musicxml,Liszt/Gran_Etudes_de_Paganini/2_La_campanella/ZhangH07M.mid,2.0,10,2,8,12,0,0.2,0.142857,0.166667
2.0,all,val,Liszt/Transcendental_Etudes/10/xml_score.musicxml,Liszt/Transcendental_Etudes/10/CaoJ03M.mid,0.0,4,0,4,10,0,0.0,0.0,0.0
2.0,all,val,Liszt/Transcendental_Etudes/10/xml_score.musicxml,Liszt/Transcendental_Etudes/10/CaoJ03M.mid,1.0,4,0,4,10,0,0.0,0.0,0.0
2.0,all,val,Liszt/Transcendental_Etudes/10/xml_score.musicxml,Liszt/Transcendental_Etudes/10/CaoJ03M.mid,2.0,4,0,4,10,0,0.0,0.0,0.0
2.0,all,val,Liszt/Transcendental_Etudes/10/xml_score.musicxml,Liszt/Transcendental_Etudes/10/Goldberg02.mid,0.0,2,0,2,10,0,0.0,0.0,0.0
2.0,all,val,Liszt/Transcendental_Etudes/10/xml_score.musicxml,Liszt/Transcendental_Etudes/10/Goldberg02.mid,1.0,2,0,2,10,0,0.0,0.0,0.0
2.0,all,val,Liszt/Transcendental_Etudes/10/xml_score.musicxml,Liszt/Transcendental_Etudes/10/Goldberg02.mid,2.0,2,0,2,10,0,0.0,0.0,0.0
2.0,all,val,Liszt/Transcendental_Etudes/10/xml_score.musicxml,Liszt/Transcendental_Etudes/10/HAGINO03.mid,0.0,4,0,4,10,0,0.0,0.0,0.0
2.0,all,val,Liszt/Transcendental_Etudes/10/xml_score.musicxml,Liszt/Transcendental_Etudes/10/HAGINO03.mid,1.0,4,0,4,10,0,0.0,0.0,0.0
2.0,all,val,Liszt/Transcendental_Etudes/10/xml_score.musicxml,Liszt/Transcendental_Etudes/10/HAGINO03.mid,2.0,4,0,4,10,0,0.0,0.0,0.0
2.0,all,val,Liszt/Transcendental_Etudes/10/xml_score.musicxml,Liszt/Transcendental_Etudes/10/Huang17M.mid,0.0,6,0,6,10,0,0.0,0.0,0.0
2.0,all,val,Liszt/Transcendental_Etudes/10/xml_score.musicxml,Liszt/Transcendental_Etudes/10/Huang17M.mid,1.0,6,0,6,10,0,0.0,0.0,0.0
2.0,all,val,Liszt/Transcendental_Etudes/10/xml_score.musicxml,Liszt/Transcendental_Etudes/10/Huang17M.mid,2.0,6,0,6,10,0,0.0,0.0,0.0
2.0,all,val,Liszt/Transcendental_Etudes/10/xml_score.musicxml,Liszt/Transcendental_Etudes/10/Hwang03.mid,0.0,4,0,4,10,0,0.0,0.0,0.0
2.0,all,val,Liszt/Transcendental_Etudes/10/xml_score.musicxml,Liszt/Transcendental_Etudes/10/Hwang03.mid,1.0,4,0,4,10,0,0.0,0.0,0.0
2.0,all,val,Liszt/Transcendental_Etudes/10/xml_score.musicxml,Liszt/Transcendental_Etudes/10/Hwang03.mid,2.0,4,0,4,10,0,0.0,0.0,0.0
2.0,all,val,Liszt/Transcendental_Etudes/10/xml_score.musicxml,Liszt/Transcendental_Etudes/10/Kim02.mid,0.0,4,0,4,10,0,0.0,0.0,0.0
2.0,all,val,Liszt/Transcendental_Etudes/10/xml_score.musicxml,Liszt/Transcendental_Etudes/10/Kim02.mid,1.0,4,0,4,10,0,0.0,0.0,0.0
2.0,all,val,Liszt/Transcendental_Etudes/10/xml_score.musicxml,Liszt/Transcendental_Etudes/10/Kim02.mid,2.0,4,0,4,10,0,0.0,0.0,0.0
2.0,all,val,Liszt/Transcendental_Etudes/10/xml_score.musicxml,Liszt/Transcendental_Etudes/10/Ladid02.mid,0.0,4,0,4,10,0,0.0,0.0,0.0
2.0,all,val,Liszt/Transcendental_Etudes/10/xml_score.musicxml,Liszt/Transcendental_Etudes/10/Ladid02.mid,1.0,4,0,4,10,0,0.0,0.0,0.0
2.0,all,val,Liszt/Transcendental_Etudes/10/xml_score.musicxml,Liszt/Transcendental_Etudes/10/Ladid02.mid,2.0,4,0,4,10,0,0.0,0.0,0.0
2.0,all,val,Liszt/Transcendental_Etudes/10/xml_score.musicxml,Liszt/Transcendental_Etudes/10/LeungM06M.mid,0.0,4,0,4,10,0,0.0,0.0,0.0
2.0,all,val,Liszt/Transcendental_Etudes/10/xml_score.musicxml,Liszt/Transcendental_Etudes/10/LeungM06M.mid,1.0,4,0,4,10,0,0.0,0.0,0.0
2.0,all,val,Liszt/Transcendental_Etudes/10/xml_score.musicxml,Liszt/Transcendental_Etudes/10/LeungM06M.mid,2.0,4,0,4,10,0,0.0,0.0,0.0
2.0,all,val,Liszt/Transcendental_Etudes/10/xml_score.musicxml,Liszt/Transcendental_Etudes/10/MCVEY02.mid,0.0,4,0,4,10,0,0.0,0.0,0.0
2.0,all,val,Liszt/Transcendental_Etudes/10/xml_score.musicxml,Liszt/Transcendental_Etudes/10/MCVEY02.mid,1.0,4,0,4,10,0,0.0,0.0,0.0
2.0,all,val,Liszt/Transcendental_Etudes/10/xml_score.musicxml,Liszt/Transcendental_Etudes/10/MCVEY02.mid,2.0,4,0,4,10,0,0.0,0.0,0.0
2.0,all,val,Liszt/Transcendental_Etudes/10/xml_score.musicxml,Liszt/Transcendental_Etudes/10/MorozovY03.mid,0.0,4,0,4,10,0,0.0,0.0,0.0
2.0,all,val,Liszt/Transcendental_Etudes/10/xml_score.musicxml,Liszt/Transcendental_Etudes/10/MorozovY03.mid,1.0,4,0,4,10,0,0.0,0.0,0.0
2.0,all,val,Liszt/Transcendental_Etudes/10/xml_score.musicxml,Liszt/Transcendental_Etudes/10/MorozovY03.mid,2.0,4,0,4,10,0,0.0,0.0,0.0
2.0,all,val,Liszt/Transcendental_Etudes/10/xml_score.musicxml,Liszt/Transcendental_Etudes/10/Qin03.mid,0.0,4,0,4,10,0,0.0,0.0,0.0
2.0,all,val,Liszt/Transcendental_Etudes/10/xml_score.musicxml,Liszt/Transcendental_Etudes/10/Qin03.mid,1.0,4,0,4,10,0,0.0,0.0,0.0
2.0,all,val,Liszt/Transcendental_Etudes/10/xml_score.musicxml,Liszt/Transcendental_Etudes/10/Qin03.mid,2.0,4,0,4,10,0,0.0,0.0,0.0
2.0,all,val,Liszt/Transcendental_Etudes/10/xml_score.musicxml,Liszt/Transcendental_Etudes/10/SUDBIN02.mid,0.0,4,0,4,10,0,0.0,0.0,0.0
2.0,all,val,Liszt/Transcendental_Etudes/10/xml_score.musicxml,Liszt/Transcendental_Etudes/10/SUDBIN02.mid,1.0,4,0,4,10,0,0.0,0.0,0.0
2.0,all,val,Liszt/Transcendental_Etudes/10/xml_score.musicxml,Liszt/Transcendental_Etudes/10/SUDBIN02.mid,2.0,4,0,4,10,0,0.0,0.0,0.0
2.0,all,val,Liszt/Transcendental_Etudes/10/xml_score.musicxml,Liszt/Transcendental_Etudes/10/Shamray02.mid,0.0,4,0,4,10,0,0.0,0.0,0.0
2.0,all,val,Liszt/Transcendental_Etudes/10/xml_score.musicxml,Liszt/Transcendental_Etudes/10/Shamray02.mid,1.0,4,0,4,10,0,0.0,0.0,0.0
2.0,all,val,Liszt/Transcendental_Etudes/10/xml_score.musicxml,Liszt/Transcendental_Etudes/10/Shamray02.mid,2.0,4,0,4,10,0,0.0,0.0,0.0
2.0,all,val,Liszt/Transcendental_Etudes/10/xml_score.musicxml,Liszt/Transcendental_Etudes/10/Tran02.mid,0.0,4,0,4,10,0,0.0,0.0,0.0
2.0,all,val,Liszt/Transcendental_Etudes/10/xml_score.musicxml,Liszt/Transcendental_Etudes/10/Tran02.mid,1.0,4,0,4,10,0,0.0,0.0,0.0
2.0,all,val,Liszt/Transcendental_Etudes/10/xml_score.musicxml,Liszt/Transcendental_Etudes/10/Tran02.mid,2.0,4,0,4,10,0,0.0,0.0,0.0
2.0,all,val,Liszt/Transcendental_Etudes/10/xml_score.musicxml,Liszt/Transcendental_Etudes/10/Uiasiuk03.mid,0.0,4,0,4,10,0,0.0,0.0,0.0
2.0,all,val,Liszt/Transcendental_Etudes/10/xml_score.musicxml,Liszt/Transcendental_Etudes/10/Uiasiuk03.mid,1.0,4,0,4,10,0,0.0,0.0,0.0
2.0,all,val,Liszt/Transcendental_Etudes/10/xml_score.musicxml,Liszt/Transcendental_Etudes/10/Uiasiuk03.mid,2.0,4,0,4,10,0,0.0,0.0,0.0
2.0,all,val,Liszt/Transcendental_Etudes/10/xml_score.musicxml,Liszt/Transcendental_Etudes/10/Yeletskiy03.mid,0.0,4,0,4,10,0,0.0,0.0,0.0
2.0,all,val,Liszt/Transcendental_Etudes/10/xml_score.musicxml,Liszt/Transcendental_Etudes/10/Yeletskiy03.mid,1.0,4,0,4,10,0,0.0,0.0,0.0
2.0,all,val,Liszt/Transcendental_Etudes/10/xml_score.musicxml,Liszt/Transcendental_Etudes/10/Yeletskiy03.mid,2.0,4,0,4,10,0,0.0,0.0,0.0
2.0,all,test,Liszt/Transcendental_Etudes/5/xml_score.musicxml,Liszt/Transcendental_Etudes/5/Gryaznov02.mid,0.0,4,1,3,9,0,0.25,0.1,0.142857
2.0,all,test,Liszt/Transcendental_Etudes/5/xml_score.musicxml,Liszt/Transcendental_Etudes/5/Gryaznov02.mid,1.0,4,1,3,9,0,0.25,0.1,0.142857
2.0,all,test,Liszt/Transcendental_Etudes/5/xml_score.musicxml,Liszt/Transcendental_Etudes/5/Gryaznov02.mid,2.0,4,1,3,9,0,0.25,0.1,0.142857
2.0,all,test,Liszt/Transcendental_Etudes/5/xml_score.musicxml,Liszt/Transcendental_Etudes/5/HUAN_B03.mid,0.0,8,0,8,10,0,0.0,0.0,0.0
2.0,all,test,Liszt/Transcendental_Etudes/5/xml_score.musicxml,Liszt/Transcendental_Etudes/5/HUAN_B03.mid,1.0,8,0,8,10,0,0.0,0.0,0.0
2.0,all,test,Liszt/Transcendental_Etudes/5/xml_score.musicxml,Liszt/Transcendental_Etudes/5/HUAN_B03.mid,2.0,8,0,8,10,0,0.0,0.0,0.0
2.0,all,test,Liszt/Transcendental_Etudes/5/xml_score.musicxml,Liszt/Transcendental_Etudes/5/Huang16M.mid,0.0,2,0,2,10,0,0.0,0.0,0.0
2.0,all,test,Liszt/Transcendental_Etudes/5/xml_score.musicxml,Liszt/Transcendental_Etudes/5/Huang16M.mid,1.0,2,0,2,10,0,0.0,0.0,0.0
2.0,all,test,Liszt/Transcendental_Etudes/5/xml_score.musicxml,Liszt/Transcendental_Etudes/5/Huang16M.mid,2.0,2,0,2,10,0,0.0,0.0,0.0
2.0,all,test,Liszt/Transcendental_Etudes/5/xml_score.musicxml,Liszt/Transcendental_Etudes/5/Huangci01.mid,0.0,2,0,2,10,0,0.0,0.0,0.0
2.0,all,test,Liszt/Transcendental_Etudes/5/xml_score.musicxml,Liszt/Transcendental_Etudes/5/Huangci01.mid,1.0,2,0,2,10,0,0.0,0.0,0.0
2.0,all,test,Liszt/Transcendental_Etudes/5/xml_score.musicxml,Liszt/Transcendental_Etudes/5/Huangci01.mid,2.0,2,0,2,10,0,0.0,0.0,0.0
2.0,all,test,Liszt/Transcendental_Etudes/5/xml_score.musicxml,Liszt/Transcendental_Etudes/5/KIM_W02.mid,0.0,6,0,6,10,0,0.0,0.0,0.0
2.0,all,test,Liszt/Transcendental_Etudes/5/xml_score.musicxml,Liszt/Transcendental_Etudes/5/KIM_W02.mid,1.0,6,0,6,10,0,0.0,0.0,0.0
2.0,all,test,Liszt/Transcendental_Etudes/5/xml_score.musicxml,Liszt/Transcendental_Etudes/5/KIM_W02.mid,2.0,6,0,6,10,0,0.0,0.0,0.0
2.0,all,test,Liszt/Transcendental_Etudes/5/xml_score.musicxml,Liszt/Transcendental_Etudes/5/LiuY06M.mid,0.0,10,0,10,10,0,0.0,0.0,0.0
2.0,all,test,Liszt/Transcendental_Etudes/5/xml_score.musicxml,Liszt/Transcendental_Etudes/5/LiuY06M.mid,1.0,10,0,10,10,0,0.0,0.0,0.0
2.0,all,test,Liszt/Transcendental_Etudes/5/xml_score.musicxml,Liszt/Transcendental_Etudes/5/LiuY06M.mid,2.0,10,0,10,10,0,0.0,0.0,0.0
2.0,all,test,Liszt/Transcendental_Etudes/5/xml_score.musicxml,Liszt/Transcendental_Etudes/5/Min03M.mid,0.0,6,0,6,10,0,0.0,0.0,0.0
2.0,all,test,Liszt/Transcendental_Etudes/5/xml_score.musicxml,Liszt/Transcendental_Etudes/5/Min03M.mid,1.0,6,0,6,10,0,0.0,0.0,0.0
2.0,all,test,Liszt/Transcendental_Etudes/5/xml_score.musicxml,Liszt/Transcendental_Etudes/5/Min03M.mid,2.0,6,0,6,10,0,0.0,0.0,0.0
2.0,all,test,Liszt/Transcendental_Etudes/5/xml_score.musicxml,Liszt/Transcendental_Etudes/5/Park03M.mid,0.0,6,0,6,10,0,0.0,0.0,0.0
2.0,all,test,Liszt/Transcendental_Etudes/5/xml_score.musicxml,Liszt/Transcendental_Etudes/5/Park03M.mid,1.0,6,0,6,10,0,0.0,0.0,0.0
2.0,all,test,Liszt/Transcendental_Etudes/5/xml_score.musicxml,Liszt/Transcendental_Etudes/5/Park03M.mid,2.0,6,0,6,10,0,0.0,0.0,0.0
2.0,all,test,Liszt/Transcendental_Etudes/5/xml_score.musicxml,Liszt/Transcendental_Etudes/5/Sun09.mid,0.0,4,0,4,10,0,0.0,0.0,0.0
2.0,all,test,Liszt/Transcendental_Etudes/5/xml_score.musicxml,Liszt/Transcendental_Etudes/5/Sun09.mid,1.0,4,0,4,10,0,0.0,0.0,0.0
2.0,all,test,Liszt/Transcendental_Etudes/5/xml_score.musicxml,Liszt/Transcendental_Etudes/5/Sun09.mid,2.0,4,0,4,10,0,0.0,0.0,0.0
2.0,all,test,Liszt/Transcendental_Etudes/5/xml_score.musicxml,Liszt/Transcendental_Etudes/5/Wang06M.mid,0.0,12,1,11,9,0,0.083333,0.1,0.090909
2.0,all,test,Liszt/Transcendental_Etudes/5/xml_score.musicxml,Liszt/Transcendental_Etudes/5/Wang06M.mid,1.0,12,2,10,8,0,0.166667,0.2,0.181818
2.0,all,test,Liszt/Transcendental_Etudes/5/xml_score.musicxml,Liszt/Transcendental_Etudes/5/Wang06M.mid,2.0,12,2,10,8,0,0.166667,0.2,0.181818
2.0,all,test,Liszt/Transcendental_Etudes/5/xml_score.musicxml,Liszt/Transcendental_Etudes/5/WangY02M.mid,0.0,10,0,10,10,0,0.0,0.0,0.0
2.0,all,test,Liszt/Transcendental_Etudes/5/xml_score.musicxml,Liszt/Transcendental_Etudes/5/WangY02M.mid,1.0,10,0,10,10,0,0.0,0.0,0.0
2.0,all,test,Liszt/Transcendental_Etudes/5/xml_score.musicxml,Liszt/Transcendental_Etudes/5/WangY02M.mid,2.0,10,0,10,10,0,0.0,0.0,0.0
2.0,all,train,Ravel/Pavane/xml_score.musicxml,Ravel/Pavane/ChenS03.mid,0.0,2,0,2,4,0,0.0,0.0,0.0
2.0,all,train,Ravel/Pavane/xml_score.musicxml,Ravel/Pavane/ChenS03.mid,1.0,2,0,2,4,0,0.0,0.0,0.0
2.0,all,train,Ravel/Pavane/xml_score.musicxml,Ravel/Pavane/ChenS03.mid,2.0,2,0,2,4,0,0.0,0.0,0.0
2.0,all,train,Ravel/Pavane/xml_score.musicxml,Ravel/Pavane/Zhdanov08.mid,0.0,1,0,1,4,0,0.0,0.0,0.0
2.0,all,train,Ravel/Pavane/xml_score.musicxml,Ravel/Pavane/Zhdanov08.mid,1.0,1,0,1,4,0,0.0,0.0,0.0
2.0,all,train,Ravel/Pavane/xml_score.musicxml,Ravel/Pavane/Zhdanov08.mid,2.0,1,0,1,4,0,0.0,0.0,0.0
2.0,all,train,Schumann/Kreisleriana/4/xml_score.musicxml,Schumann/Kreisleriana/4/ParkJH07.mid,0.0,0,0,0,6,0,0.0,0.0,0.0
2.0,all,train,Schumann/Kreisleriana/4/xml_score.musicxml,Schumann/Kreisleriana/4/ParkJH07.mid,1.0,0,0,0,6,0,0.0,0.0,0.0
2.0,all,train,Schumann/Kreisleriana/4/xml_score.musicxml,Schumann/Kreisleriana/4/ParkJH07.mid,2.0,0,0,0,6,0,0.0,0.0,0.0
2.0,all,train,Schumann/Kreisleriana/4/xml_score.musicxml,Schumann/Kreisleriana/4/Yarden09.mid,0.0,3,0,3,6,0,0.0,0.0,0.0
2.0,all,train,Schumann/Kreisleriana/4/xml_score.musicxml,Schumann/Kreisleriana/4/Yarden09.mid,1.0,3,1,2,5,0,0.333333,0.166667,0.222222
2.0,all,train,Schumann/Kreisleriana/4/xml_score.musicxml,Schumann/Kreisleriana/4/Yarden09.mid,2.0,3,1,2,5,0,0.333333,0.166667,0.222222
2.0,all,train,Schumann/Kreisleriana/6/xml_score.musicxml,Schumann/Kreisleriana/6/JohannsonP07.mid,0.0,1,0,1,12,0,0.0,0.0,0.0
2.0,all,train,Schumann/Kreisleriana/6/xml_score.musicxml,Schumann/Kreisleriana/6/JohannsonP07.mid,1.0,1,0,1,12,0,0.0,0.0,0.0
2.0,all,train,Schumann/Kreisleriana/6/xml_score.musicxml,Schumann/Kreisleriana/6/JohannsonP07.mid,2.0,1,0,1,12,0,0.0,0.0,0.0
2.0,all,train,Schumann/Kreisleriana/6/xml_score.musicxml,Schumann/Kreisleriana/6/ParkJH09.mid,0.0,2,0,2,12,0,0.0,0.0,0.0
2.0,all,train,Schumann/Kreisleriana/6/xml_score.musicxml,Schumann/Kreisleriana/6/ParkJH09.mid,1.0,2,0,2,12,1,0.0,0.0,0.0
2.0,all,train,Schumann/Kreisleriana/6/xml_score.musicxml,Schumann/Kreisleriana/6/ParkJH09.mid,2.0,2,0,2,12,1,0.0,0.0,0.0
2.0,all,train,Schumann/Kreisleriana/6/xml_score.musicxml,Schumann/Kreisleriana/6/Yarden09.mid,0.0,1,0,1,12,0,0.0,0.0,0.0
2.0,all,train,Schumann/Kreisleriana/6/xml_score.musicxml,Schumann/Kreisleriana/6/Yarden09.mid,1.0,1,0,1,12,0,0.0,0.0,0.0
2.0,all,train,Schumann/Kreisleriana/6/xml_score.musicxml,Schumann/Kreisleriana/6/Yarden09.mid,2.0,1,0,1,12,0,0.0,0.0,0.0
2.0,all,train,Scriabin/Etudes_op_8/11/xml_score.musicxml,Scriabin/Etudes_op_8/11/Shi03.mid,0.0,2,0,2,2,0,0.0,0.0,0.0
2.0,all,train,Scriabin/Etudes_op_8/11/xml_score.musicxml,Scriabin/Etudes_op_8/11/Shi03.mid,1.0,2,0,2,2,0,0.0,0.0,0.0
2.0,all,train,Scriabin/Etudes_op_8/11/xml_score.musicxml,Scriabin/Etudes_op_8/11/Shi03.mid,2.0,2,0,2,2,0,0.0,0.0,0.0
2.0,all,train,Scriabin/Etudes_op_8/11/xml_score.musicxml,Scriabin/Etudes_op_8/11/Shi08M.mid,0.0,2,0,2,2,0,0.0,0.0,0.0
2.0,all,train,Scriabin/Etudes_op_8/11/xml_score.musicxml,Scriabin/Etudes_op_8/11/Shi08M.mid,1.0,2,0,2,2,0,0.0,0.0,0.0
2.0,all,train,Scriabin/Etudes_op_8/11/xml_score.musicxml,Scriabin/Etudes_op_8/11/Shi08M.mid,2.0,2,0,2,2,0,0.0,0.0,0.0
2.0,all,train,Scriabin/Etudes_op_8/11/xml_score.musicxml,Scriabin/Etudes_op_8/11/YeF09.mid,0.0,2,0,2,2,0,0.0,0.0,0.0
2.0,all,train,Scriabin/Etudes_op_8/11/xml_score.musicxml,Scriabin/Etudes_op_8/11/YeF09.mid,1.0,2,0,2,2,0,0.0,0.0,0.0
2.0,all,train,Scriabin/Etudes_op_8/11/xml_score.musicxml,Scriabin/Etudes_op_8/11/YeF09.mid,2.0,2,0,2,2,0,0.0,0.0,0.0
2.0,all,train,Scriabin/Sonatas/5/xml_score.musicxml,Scriabin/Sonatas/5/ChernovA06M.mid,0.0,44,0,44,17,0,0.0,0.0,0.0
2.0,all,train,Scriabin/Sonatas/5/xml_score.musicxml,Scriabin/Sonatas/5/ChernovA06M.mid,1.0,44,1,43,16,0,0.022727,0.058824,0.032787
2.0,all,train,Scriabin/Sonatas/5/xml_score.musicxml,Scriabin/Sonatas/5/ChernovA06M.mid,2.0,44,1,43,16,0,0.022727,0.058824,0.032787
2.0,all,train,Scriabin/Sonatas/5/xml_score.musicxml,Scriabin/Sonatas/5/FALIKS06.mid,0.0,32,0,32,17,0,0.0,0.0,0.0
2.0,all,train,Scriabin/Sonatas/5/xml_score.musicxml,Scriabin/Sonatas/5/FALIKS06.mid,1.0,32,0,32,17,0,0.0,0.0,0.0
2.0,all,train,Scriabin/Sonatas/5/xml_score.musicxml,Scriabin/Sonatas/5/FALIKS06.mid,2.0,32,1,31,16,0,0.03125,0.058824,0.040816
2.0,all,train,Scriabin/Sonatas/5/xml_score.musicxml,Scriabin/Sonatas/5/FaB05M.mid,0.0,44,2,42,15,0,0.045455,0.117647,0.065574
2.0,all,train,Scriabin/Sonatas/5/xml_score.musicxml,Scriabin/Sonatas/5/FaB05M.mid,1.0,44,3,41,14,0,0.068182,0.176471,0.098361
2.0,all,train,Scriabin/Sonatas/5/xml_score.musicxml,Scriabin/Sonatas/5/FaB05M.mid,2.0,44,3,41,14,0,0.068182,0.176471,0.098361
2.0,all,train,Scriabin/Sonatas/5/xml_score.musicxml,Scriabin/Sonatas/5/GarritsonL06M.mid,0.0,30,1,29,16,0,0.033333,0.058824,0.042553
2.0,all,train,Scriabin/Sonatas/5/xml_score.musicxml,Scriabin/Sonatas/5/GarritsonL06M.mid,1.0,30,2,28,15,0,0.066667,0.117647,0.085106
2.0,all,train,Scriabin/Sonatas/5/xml_score.musicxml,Scriabin/Sonatas/5/GarritsonL06M.mid,2.0,30,2,28,15,0,0.066667,0.117647,0.085106
2.0,all,train,Scriabin/Sonatas/5/xml_score.musicxml,Scriabin/Sonatas/5/Ko07M.mid,0.0,26,0,26,17,0,0.0,0.0,0.0
2.0,all,train,Scriabin/Sonatas/5/xml_score.musicxml,Scriabin/Sonatas/5/Ko07M.mid,1.0,26,1,25,16,0,0.038462,0.058824,0.046512
2.0,all,train,Scriabin/Sonatas/5/xml_score.musicxml,Scriabin/Sonatas/5/Ko07M.mid,2.0,26,2,24,15,0,0.076923,0.117647,0.093023
2.0,all,train,Scriabin/Sonatas/5/xml_score.musicxml,Scriabin/Sonatas/5/Na03.mid,0.0,26,1,25,16,0,0.038462,0.058824,0.046512
2.0,all,train,Scriabin/Sonatas/5/xml_score.musicxml,Scriabin/Sonatas/5/Na03.mid,1.0,26,1,25,16,0,0.038462,0.058824,0.046512
2.0,all,train,Scriabin/Sonatas/5/xml_score.musicxml,Scriabin/Sonatas/5/Na03.mid,2.0,26,1,25,16,0,0.038462,0.058824,0.046512
2.0,all,train,Scriabin/Sonatas/5/xml_score.musicxml,Scriabin/Sonatas/5/Na07M.mid,0.0,36,1,35,16,0,0.027778,0.058824,0.037736
2.0,all,train,Scriabin/Sonatas/5/xml_score.musicxml,Scriabin/Sonatas/5/Na07M.mid,1.0,36,1,35,16,0,0.027778,0.058824,0.037736
2.0,all,train,Scriabin/Sonatas/5/xml_score.musicxml,Scriabin/Sonatas/5/Na07M.mid,2.0,36,1,35,16,0,0.027778,0.058824,0.037736
2.0,all,train,Scriabin/Sonatas/5/xml_score.musicxml,Scriabin/Sonatas/5/TET02.mid,0.0,12,1,11,16,0,0.083333,0.058824,0.068966
2.0,all,train,Scriabin/Sonatas/5/xml_score.musicxml,Scriabin/Sonatas/5/TET02.mid,1.0,12,1,11,16,0,0.083333,0.058824,0.068966
2.0,all,train,Scriabin/Sonatas/5/xml_score.musicxml,Scriabin/Sonatas/5/TET02.mid,2.0,12,1,11,16,0,0.083333,0.058824,0.068966
2.0,all,train,Scriabin/Sonatas/5/xml_score.musicxml,Scriabin/Sonatas/5/Yeletskiy02.mid,0.0,40,0,40,17,0,0.0,0.0,0.0
2.0,all,train,Scriabin/Sonatas/5/xml_score.musicxml,Scriabin/Sonatas/5/Yeletskiy02.mid,1.0,40,2,38,15,0,0.05,0.117647,0.070175
2.0,all,train,Scriabin/Sonatas/5/xml_score.musicxml,Scriabin/Sonatas/5/Yeletskiy02.mid,2.0,40,2,38,15,0,0.05,0.117647,0.070175
2.0,all,train,Scriabin/Sonatas/5/xml_score.musicxml,Scriabin/Sonatas/5/Yeletskiy07M.mid,0.0,42,0,42,17,0,0.0,0.0,0.0
2.0,all,train,Scriabin/Sonatas/5/xml_score.musicxml,Scriabin/Sonatas/5/Yeletskiy07M.mid,1.0,42,2,40,15,0,0.047619,0.117647,0.067797
2.0,all,train,Scriabin/Sonatas/5/xml_score.musicxml,Scriabin/Sonatas/5/Yeletskiy07M.mid,2.0,42,2,40,15,0,0.047619,0.117647,0.067797
