K,fold,score,perf,tol,n_pred,tp,fp,fn,wrong,DOWN_n_pred,DOWN_n_truth,DOWN_tp,DOWN_fp,DOWN_fn,DOWN_wrong,UP_n_pred,UP_n_truth,UP_tp,UP_fp,UP_fn,UP_wrong,P,R,F1
1,train,Beethoven/Piano_Sonatas/11-2/xml_score.musicxml,Beethoven/Piano_Sonatas/11-2/MaximovI04.mid,0.0,542,51,491,115,0,271,83,19,252,64,1,271,83,32,239,51,5,0.094096,0.307229,0.144068
1,train,Beethoven/Piano_Sonatas/11-2/xml_score.musicxml,Beethoven/Piano_Sonatas/11-2/MaximovI04.mid,1.0,542,81,461,85,0,271,83,41,230,42,0,271,83,40,231,43,0,0.149446,0.487952,0.228814
1,train,Beethoven/Piano_Sonatas/11-2/xml_score.musicxml,Beethoven/Piano_Sonatas/11-2/MaximovI04.mid,2.0,542,87,455,79,0,271,83,44,227,39,0,271,83,43,228,40,0,0.160517,0.524096,0.245763
1,val,Beethoven/Piano_Sonatas/21-3/xml_score.musicxml,Beethoven/Piano_Sonatas/21-3/KimSY04M.mid,0.0,528,0,528,7,0,264,0,0,264,0,0,264,7,0,264,7,0,0.0,0.0,0.0
1,val,Beethoven/Piano_Sonatas/21-3/xml_score.musicxml,Beethoven/Piano_Sonatas/21-3/KimSY04M.mid,1.0,528,2,526,5,2,264,0,0,264,0,2,264,7,2,262,5,0,0.003788,0.285714,0.007477
1,val,Beethoven/Piano_Sonatas/21-3/xml_score.musicxml,Beethoven/Piano_Sonatas/21-3/KimSY04M.mid,2.0,528,6,522,1,1,264,0,0,264,0,1,264,7,6,258,1,0,0.011364,0.857143,0.02243
1,val,Beethoven/Piano_Sonatas/21-3/xml_score.musicxml,Beethoven/Piano_Sonatas/21-3/Sekino05M.mid,0.0,488,0,488,7,0,244,0,0,244,0,0,244,7,0,244,7,0,0.0,0.0,0.0
1,val,Beethoven/Piano_Sonatas/21-3/xml_score.musicxml,Beethoven/Piano_Sonatas/21-3/Sekino05M.mid,1.0,488,0,488,7,5,244,0,0,244,0,5,244,7,0,244,7,0,0.0,0.0,0.0
1,val,Beethoven/Piano_Sonatas/21-3/xml_score.musicxml,Beethoven/Piano_Sonatas/21-3/Sekino05M.mid,2.0,488,6,482,1,0,244,0,0,244,0,0,244,7,6,238,1,0,0.012295,0.857143,0.024242
1,val,Beethoven/Piano_Sonatas/21-3/xml_score.musicxml,Beethoven/Piano_Sonatas/21-3/YOO05M.mid,0.0,452,0,452,7,0,226,0,0,226,0,0,226,7,0,226,7,0,0.0,0.0,0.0
1,val,Beethoven/Piano_Sonatas/21-3/xml_score.musicxml,Beethoven/Piano_Sonatas/21-3/YOO05M.mid,1.0,452,1,451,6,3,226,0,0,226,0,3,226,7,1,225,6,0,0.002212,0.142857,0.004357
1,val,Beethoven/Piano_Sonatas/21-3/xml_score.musicxml,Beethoven/Piano_Sonatas/21-3/YOO05M.mid,2.0,452,6,446,1,0,226,0,0,226,0,0,226,7,6,220,1,0,0.013274,0.857143,0.026144
1,train,Beethoven/Piano_Sonatas/26-2/xml_score.musicxml,Beethoven/Piano_Sonatas/26-2/HONG05M.mid,0.0,236,1,235,2,0,118,1,1,117,0,0,118,2,0,118,2,0,0.004237,0.333333,0.008368
1,train,Beethoven/Piano_Sonatas/26-2/xml_score.musicxml,Beethoven/Piano_Sonatas/26-2/HONG05M.mid,1.0,236,3,233,0,0,118,1,1,117,0,0,118,2,2,116,0,0,0.012712,1.0,0.025105
1,train,Beethoven/Piano_Sonatas/26-2/xml_score.musicxml,Beethoven/Piano_Sonatas/26-2/HONG05M.mid,2.0,236,3,233,0,0,118,1,1,117,0,0,118,2,2,116,0,0,0.012712,1.0,0.025105
1,train,Beethoven/Piano_Sonatas/26-2/xml_score.musicxml,Beethoven/Piano_Sonatas/26-2/Huang02.mid,0.0,284,1,283,2,0,142,1,0,142,1,0,142,2,1,141,1,1,0.003521,0.333333,0.006969
1,train,Beethoven/Piano_Sonatas/26-2/xml_score.musicxml,Beethoven/Piano_Sonatas/26-2/Huang02.mid,1.0,284,3,281,0,0,142,1,1,141,0,0,142,2,2,140,0,0,0.010563,1.0,0.020906
1,train,Beethoven/Piano_Sonatas/26-2/xml_score.musicxml,Beethoven/Piano_Sonatas/26-2/Huang02.mid,2.0,284,3,281,0,0,142,1,1,141,0,0,142,2,2,140,0,0,0.010563,1.0,0.020906
1,train,Beethoven/Piano_Sonatas/26-2/xml_score.musicxml,Beethoven/Piano_Sonatas/26-2/LEE_K05M.mid,0.0,262,1,261,2,0,131,1,0,131,1,0,131,2,1,130,1,1,0.003817,0.333333,0.007547
1,train,Beethoven/Piano_Sonatas/26-2/xml_score.musicxml,Beethoven/Piano_Sonatas/26-2/LEE_K05M.mid,1.0,262,2,260,1,0,131,1,1,130,0,0,131,2,1,130,1,0,0.007634,0.666667,0.015094
1,train,Beethoven/Piano_Sonatas/26-2/xml_score.musicxml,Beethoven/Piano_Sonatas/26-2/LEE_K05M.mid,2.0,262,3,259,0,0,131,1,1,130,0,0,131,2,2,129,0,0,0.01145,1.0,0.022642
1,train,Beethoven/Piano_Sonatas/26-2/xml_score.musicxml,Beethoven/Piano_Sonatas/26-2/Tysman01.mid,0.0,290,2,288,1,0,145,1,0,145,1,0,145,2,2,143,0,1,0.006897,0.666667,0.013652
1,train,Beethoven/Piano_Sonatas/26-2/xml_score.musicxml,Beethoven/Piano_Sonatas/26-2/Tysman01.mid,1.0,290,3,287,0,0,145,1,1,144,0,0,145,2,2,143,0,0,0.010345,1.0,0.020478
1,train,Beethoven/Piano_Sonatas/26-2/xml_score.musicxml,Beethoven/Piano_Sonatas/26-2/Tysman01.mid,2.0,290,3,287,0,0,145,1,1,144,0,0,145,2,2,143,0,0,0.010345,1.0,0.020478
1,train,Beethoven/Piano_Sonatas/26-2/xml_score.musicxml,Beethoven/Piano_Sonatas/26-2/Zhdanov05.mid,0.0,178,0,178,3,0,89,1,0,89,1,0,89,2,0,89,2,0,0.0,0.0,0.0
1,train,Beethoven/Piano_Sonatas/26-2/xml_score.musicxml,Beethoven/Piano_Sonatas/26-2/Zhdanov05.mid,1.0,178,1,177,2,1,89,1,0,89,1,0,89,2,1,88,1,1,0.005618,0.333333,0.01105
1,train,Beethoven/Piano_Sonatas/26-2/xml_score.musicxml,Beethoven/Piano_Sonatas/26-2/Zhdanov05.mid,2.0,178,2,176,1,0,89,1,1,88,0,0,89,2,1,88,1,0,0.011236,0.666667,0.022099
1,test,Beethoven/Piano_Sonatas/28-1/xml_score.musicxml,Beethoven/Piano_Sonatas/28-1/Atzinger01.mid,0.0,368,1,367,1,0,184,0,0,184,0,0,184,2,1,183,1,0,0.002717,0.5,0.005405
1,test,Beethoven/Piano_Sonatas/28-1/xml_score.musicxml,Beethoven/Piano_Sonatas/28-1/Atzinger01.mid,1.0,368,1,367,1,0,184,0,0,184,0,0,184,2,1,183,1,0,0.002717,0.5,0.005405
1,test,Beethoven/Piano_Sonatas/28-1/xml_score.musicxml,Beethoven/Piano_Sonatas/28-1/Atzinger01.mid,2.0,368,2,366,0,0,184,0,0,184,0,0,184,2,2,182,0,0,0.005435,1.0,0.010811
1,test,Beethoven/Piano_Sonatas/28-1/xml_score.musicxml,Beethoven/Piano_Sonatas/28-1/KimHJ02M.mid,0.0,378,1,377,1,0,189,0,0,189,0,0,189,2,1,188,1,0,0.002646,0.5,0.005263
1,test,Beethoven/Piano_Sonatas/28-1/xml_score.musicxml,Beethoven/Piano_Sonatas/28-1/KimHJ02M.mid,1.0,378,1,377,1,0,189,0,0,189,0,0,189,2,1,188,1,0,0.002646,0.5,0.005263
1,test,Beethoven/Piano_Sonatas/28-1/xml_score.musicxml,Beethoven/Piano_Sonatas/28-1/KimHJ02M.mid,2.0,378,2,376,0,0,189,0,0,189,0,0,189,2,2,187,0,0,0.005291,1.0,0.010526
1,test,Beethoven/Piano_Sonatas/28-1/xml_score.musicxml,Beethoven/Piano_Sonatas/28-1/KyykhynenT06M.mid,0.0,398,2,396,0,0,199,0,0,199,0,0,199,2,2,197,0,0,0.005025,1.0,0.01
1,test,Beethoven/Piano_Sonatas/28-1/xml_score.musicxml,Beethoven/Piano_Sonatas/28-1/KyykhynenT06M.mid,1.0,398,2,396,0,0,199,0,0,199,0,0,199,2,2,197,0,0,0.005025,1.0,0.01
1,test,Beethoven/Piano_Sonatas/28-1/xml_score.musicxml,Beethoven/Piano_Sonatas/28-1/KyykhynenT06M.mid,2.0,398,2,396,0,0,199,0,0,199,0,0,199,2,2,197,0,0,0.005025,1.0,0.01
1,test,Beethoven/Piano_Sonatas/28-1/xml_score.musicxml,Beethoven/Piano_Sonatas/28-1/WangY04M.mid,0.0,382,0,382,2,0,191,0,0,191,0,1,191,2,0,191,2,0,0.0,0.0,0.0
1,test,Beethoven/Piano_Sonatas/28-1/xml_score.musicxml,Beethoven/Piano_Sonatas/28-1/WangY04M.mid,1.0,382,1,381,1,0,191,0,0,191,0,0,191,2,1,190,1,0,0.002618,0.5,0.005208
1,test,Beethoven/Piano_Sonatas/28-1/xml_score.musicxml,Beethoven/Piano_Sonatas/28-1/WangY04M.mid,2.0,382,2,380,0,0,191,0,0,191,0,0,191,2,2,189,0,0,0.005236,1.0,0.010417
1,test,Beethoven/Piano_Sonatas/28-1/xml_score.musicxml,Beethoven/Piano_Sonatas/28-1/Zhdanov01.mid,0.0,362,0,362,2,0,181,0,0,181,0,1,181,2,0,181,2,0,0.0,0.0,0.0
1,test,Beethoven/Piano_Sonatas/28-1/xml_score.musicxml,Beethoven/Piano_Sonatas/28-1/Zhdanov01.mid,1.0,362,1,361,1,0,181,0,0,181,0,0,181,2,1,180,1,0,0.002762,0.5,0.005495
1,test,Beethoven/Piano_Sonatas/28-1/xml_score.musicxml,Beethoven/Piano_Sonatas/28-1/Zhdanov01.mid,2.0,362,2,360,0,0,181,0,0,181,0,0,181,2,2,179,0,0,0.005525,1.0,0.010989
1,train,Beethoven/Piano_Sonatas/29-2/xml_score.musicxml,Beethoven/Piano_Sonatas/29-2/ChowK03.mid,0.0,182,0,182,4,0,91,2,0,91,2,0,91,2,0,91,2,0,0.0,0.0,0.0
1,train,Beethoven/Piano_Sonatas/29-2/xml_score.musicxml,Beethoven/Piano_Sonatas/29-2/ChowK03.mid,1.0,182,3,179,1,0,91,2,2,89,0,0,91,2,1,90,1,0,0.016484,0.75,0.032258
1,train,Beethoven/Piano_Sonatas/29-2/xml_score.musicxml,Beethoven/Piano_Sonatas/29-2/ChowK03.mid,2.0,182,3,179,1,0,91,2,2,89,0,0,91,2,1,90,1,0,0.016484,0.75,0.032258
1,train,Beethoven/Piano_Sonatas/29-3/xml_score.musicxml,Beethoven/Piano_Sonatas/29-3/ChowK04.mid,0.0,1260,1,1259,5,0,630,1,0,630,1,2,630,5,1,629,4,1,0.000794,0.166667,0.00158
1,train,Beethoven/Piano_Sonatas/29-3/xml_score.musicxml,Beethoven/Piano_Sonatas/29-3/ChowK04.mid,1.0,1260,5,1255,1,0,630,1,1,629,0,0,630,5,4,626,1,0,0.003968,0.833333,0.007899
1,train,Beethoven/Piano_Sonatas/29-3/xml_score.musicxml,Beethoven/Piano_Sonatas/29-3/ChowK04.mid,2.0,1260,5,1255,1,0,630,1,1,629,0,0,630,5,4,626,1,0,0.003968,0.833333,0.007899
1,test,Beethoven/Piano_Sonatas/29-4/xml_score.musicxml,Beethoven/Piano_Sonatas/29-4/ChowK05M.mid,0.0,1418,3,1415,19,0,709,10,2,707,8,0,709,12,1,708,11,1,0.002116,0.136364,0.004167
1,test,Beethoven/Piano_Sonatas/29-4/xml_score.musicxml,Beethoven/Piano_Sonatas/29-4/ChowK05M.mid,1.0,1418,19,1399,3,0,709,10,8,701,2,0,709,12,11,698,1,0,0.013399,0.863636,0.026389
1,test,Beethoven/Piano_Sonatas/29-4/xml_score.musicxml,Beethoven/Piano_Sonatas/29-4/ChowK05M.mid,2.0,1418,20,1398,2,0,709,10,8,701,2,0,709,12,12,697,0,0,0.014104,0.909091,0.027778
1,test,Chopin/Ballades/1/xml_score.musicxml,Chopin/Ballades/1/Ali01.mid,0.0,662,143,519,322,0,331,242,131,200,111,11,331,223,12,319,211,10,0.216012,0.307527,0.253771
1,test,Chopin/Ballades/1/xml_score.musicxml,Chopin/Ballades/1/Ali01.mid,1.0,662,299,363,166,3,331,242,195,136,47,3,331,223,104,227,119,0,0.451662,0.643011,0.530612
1,test,Chopin/Ballades/1/xml_score.musicxml,Chopin/Ballades/1/Ali01.mid,2.0,662,387,275,78,2,331,242,208,123,34,0,331,223,179,152,44,2,0.584592,0.832258,0.686779
1,test,Chopin/Ballades/1/xml_score.musicxml,Chopin/Ballades/1/BuiJL04M.mid,0.0,826,170,656,295,0,413,242,153,260,89,11,413,223,17,396,206,8,0.205811,0.365591,0.263362
1,test,Chopin/Ballades/1/xml_score.musicxml,Chopin/Ballades/1/BuiJL04M.mid,1.0,826,342,484,123,6,413,242,221,192,21,5,413,223,121,292,102,1,0.414044,0.735484,0.529822
1,test,Chopin/Ballades/1/xml_score.musicxml,Chopin/Ballades/1/BuiJL04M.mid,2.0,826,424,402,41,0,413,242,228,185,14,0,413,223,196,217,27,0,0.513317,0.911828,0.656855
1,test,Chopin/Ballades/1/xml_score.musicxml,Chopin/Ballades/1/Day04.mid,0.0,854,159,695,306,0,427,242,143,284,99,14,427,223,16,411,207,8,0.186183,0.341935,0.241092
1,test,Chopin/Ballades/1/xml_score.musicxml,Chopin/Ballades/1/Day04.mid,1.0,854,326,528,139,4,427,242,216,211,26,3,427,223,110,317,113,1,0.381733,0.701075,0.494314
1,test,Chopin/Ballades/1/xml_score.musicxml,Chopin/Ballades/1/Day04.mid,2.0,854,425,429,40,3,427,242,229,198,13,2,427,223,196,231,27,1,0.497658,0.913978,0.644428
1,test,Chopin/Ballades/1/xml_score.musicxml,Chopin/Ballades/1/Dossin05.mid,0.0,660,127,533,338,0,330,242,113,217,129,7,330,223,14,316,209,8,0.192424,0.273118,0.225778
1,test,Chopin/Ballades/1/xml_score.musicxml,Chopin/Ballades/1/Dossin05.mid,1.0,660,259,401,206,8,330,242,174,156,68,8,330,223,85,245,138,0,0.392424,0.556989,0.460444
1,test,Chopin/Ballades/1/xml_score.musicxml,Chopin/Ballades/1/Dossin05.mid,2.0,660,338,322,127,0,330,242,182,148,60,0,330,223,156,174,67,0,0.512121,0.726882,0.600889
1,test,Chopin/Ballades/1/xml_score.musicxml,Chopin/Ballades/1/JIA06M.mid,0.0,760,142,618,323,0,380,242,122,258,120,10,380,223,20,360,203,15,0.186842,0.305376,0.231837
1,test,Chopin/Ballades/1/xml_score.musicxml,Chopin/Ballades/1/JIA06M.mid,1.0,760,324,436,141,8,380,242,208,172,34,4,380,223,116,264,107,4,0.426316,0.696774,0.52898
1,test,Chopin/Ballades/1/xml_score.musicxml,Chopin/Ballades/1/JIA06M.mid,2.0,760,402,358,63,3,380,242,217,163,25,3,380,223,185,195,38,0,0.528947,0.864516,0.656327
1,test,Chopin/Ballades/1/xml_score.musicxml,Chopin/Ballades/1/KimSuyeon04M.mid,0.0,838,121,717,344,0,419,242,101,318,141,13,419,223,20,399,203,20,0.144391,0.260215,0.185725
1,test,Chopin/Ballades/1/xml_score.musicxml,Chopin/Ballades/1/KimSuyeon04M.mid,1.0,838,347,491,118,4,419,242,221,198,21,3,419,223,126,293,97,1,0.414081,0.746237,0.532617
1,test,Chopin/Ballades/1/xml_score.musicxml,Chopin/Ballades/1/KimSuyeon04M.mid,2.0,838,429,409,36,3,419,242,231,188,11,1,419,223,198,221,25,2,0.511933,0.922581,0.65848
1,test,Chopin/Ballades/1/xml_score.musicxml,Chopin/Ballades/1/LeeKoeun03.mid,0.0,784,126,658,339,0,392,242,100,292,142,11,392,223,26,366,197,7,0.160714,0.270968,0.201761
1,test,Chopin/Ballades/1/xml_score.musicxml,Chopin/Ballades/1/LeeKoeun03.mid,1.0,784,323,461,142,1,392,242,209,183,33,1,392,223,114,278,109,0,0.41199,0.694624,0.517214
1,test,Chopin/Ballades/1/xml_score.musicxml,Chopin/Ballades/1/LeeKoeun03.mid,2.0,784,412,372,53,2,392,242,221,171,21,1,392,223,191,201,32,1,0.52551,0.886022,0.659728
1,test,Chopin/Ballades/1/xml_score.musicxml,Chopin/Ballades/1/LeeKoeun06.mid,0.0,750,107,643,358,0,375,242,85,290,157,19,375,223,22,353,201,12,0.142667,0.230108,0.176132
1,test,Chopin/Ballades/1/xml_score.musicxml,Chopin/Ballades/1/LeeKoeun06.mid,1.0,750,321,429,144,4,375,242,204,171,38,2,375,223,117,258,106,2,0.428,0.690323,0.528395
1,test,Chopin/Ballades/1/xml_score.musicxml,Chopin/Ballades/1/LeeKoeun06.mid,2.0,750,402,348,63,2,375,242,217,158,25,1,375,223,185,190,38,1,0.536,0.864516,0.661728
1,test,Chopin/Ballades/1/xml_score.musicxml,Chopin/Ballades/1/LinTao04.mid,0.0,800,154,646,311,0,400,242,141,259,101,9,400,223,13,387,210,12,0.1925,0.331183,0.243478
1,test,Chopin/Ballades/1/xml_score.musicxml,Chopin/Ballades/1/LinTao04.mid,1.0,800,354,446,111,3,400,242,231,169,11,2,400,223,123,277,100,1,0.4425,0.76129,0.559684
1,test,Chopin/Ballades/1/xml_score.musicxml,Chopin/Ballades/1/LinTao04.mid,2.0,800,430,370,35,0,400,242,232,168,10,0,400,223,198,202,25,0,0.5375,0.924731,0.679842
1,test,Chopin/Ballades/1/xml_score.musicxml,Chopin/Ballades/1/McNamara02.mid,0.0,776,134,642,331,0,388,242,112,276,130,19,388,223,22,366,201,16,0.17268,0.288172,0.215955
1,test,Chopin/Ballades/1/xml_score.musicxml,Chopin/Ballades/1/McNamara02.mid,1.0,776,333,443,132,6,388,242,219,169,23,4,388,223,114,274,109,2,0.429124,0.716129,0.536664
1,test,Chopin/Ballades/1/xml_score.musicxml,Chopin/Ballades/1/McNamara02.mid,2.0,776,419,357,46,0,388,242,225,163,17,0,388,223,194,194,29,0,0.539948,0.901075,0.675262
1,test,Chopin/Ballades/1/xml_score.musicxml,Chopin/Ballades/1/Mo07M.mid,0.0,806,161,645,304,0,403,242,145,258,97,11,403,223,16,387,207,20,0.199752,0.346237,0.253344
1,test,Chopin/Ballades/1/xml_score.musicxml,Chopin/Ballades/1/Mo07M.mid,1.0,806,349,457,116,6,403,242,224,179,18,3,403,223,125,278,98,3,0.433002,0.750538,0.549174
1,test,Chopin/Ballades/1/xml_score.musicxml,Chopin/Ballades/1/Mo07M.mid,2.0,806,442,364,23,0,403,242,235,168,7,0,403,223,207,196,16,0,0.548387,0.950538,0.695515
1,test,Chopin/Ballades/1/xml_score.musicxml,Chopin/Ballades/1/MunA19M.mid,0.0,724,82,642,383,0,362,242,54,308,188,33,362,223,28,334,195,32,0.11326,0.176344,0.137931
1,test,Chopin/Ballades/1/xml_score.musicxml,Chopin/Ballades/1/MunA19M.mid,1.0,724,277,447,188,5,362,242,142,220,100,4,362,223,135,227,88,1,0.382597,0.595699,0.465938
1,test,Chopin/Ballades/1/xml_score.musicxml,Chopin/Ballades/1/MunA19M.mid,2.0,724,349,375,116,4,362,242,178,184,64,1,362,223,171,191,52,3,0.482044,0.750538,0.587048
1,test,Chopin/Ballades/1/xml_score.musicxml,Chopin/Ballades/1/Richardson13M.mid,0.0,754,140,614,325,0,377,242,108,269,134,10,377,223,32,345,191,11,0.185676,0.301075,0.229696
1,test,Chopin/Ballades/1/xml_score.musicxml,Chopin/Ballades/1/Richardson13M.mid,1.0,754,341,413,124,5,377,242,206,171,36,2,377,223,135,242,88,3,0.452255,0.733333,0.559475
1,test,Chopin/Ballades/1/xml_score.musicxml,Chopin/Ballades/1/Richardson13M.mid,2.0,754,419,335,46,1,377,242,226,151,16,0,377,223,193,184,30,1,0.555703,0.901075,0.687449
1,test,Chopin/Ballades/1/xml_score.musicxml,Chopin/Ballades/1/SINKEV05.mid,0.0,942,155,787,310,0,471,242,131,340,111,20,471,223,24,447,199,16,0.164544,0.333333,0.220327
1,test,Chopin/Ballades/1/xml_score.musicxml,Chopin/Ballades/1/SINKEV05.mid,1.0,942,364,578,101,5,471,242,230,241,12,4,471,223,134,337,89,1,0.386412,0.782796,0.517413
1,test,Chopin/Ballades/1/xml_score.musicxml,Chopin/Ballades/1/SINKEV05.mid,2.0,942,434,508,31,0,471,242,231,240,11,0,471,223,203,268,20,0,0.460722,0.933333,0.616915
1,test,Chopin/Ballades/1/xml_score.musicxml,Chopin/Ballades/1/SINKEV11.mid,0.0,900,159,741,306,0,450,242,145,305,97,24,450,223,14,436,209,14,0.176667,0.341935,0.232967
1,test,Chopin/Ballades/1/xml_score.musicxml,Chopin/Ballades/1/SINKEV11.mid,1.0,900,353,547,112,7,450,242,229,221,13,6,450,223,124,326,99,1,0.392222,0.75914,0.517216
1,test,Chopin/Ballades/1/xml_score.musicxml,Chopin/Ballades/1/SINKEV11.mid,2.0,900,435,465,30,0,450,242,231,219,11,0,450,223,204,246,19,0,0.483333,0.935484,0.637363
1,test,Chopin/Ballades/1/xml_score.musicxml,Chopin/Ballades/1/Sladek04M.mid,0.0,738,118,620,347,0,369,242,96,273,146,17,369,223,22,347,201,15,0.159892,0.253763,0.196176
1,test,Chopin/Ballades/1/xml_score.musicxml,Chopin/Ballades/1/Sladek04M.mid,1.0,738,343,395,122,3,369,242,219,150,23,2,369,223,124,245,99,1,0.46477,0.737634,0.570241
1,test,Chopin/Ballades/1/xml_score.musicxml,Chopin/Ballades/1/Sladek04M.mid,2.0,738,416,322,49,4,369,242,225,144,17,2,369,223,191,178,32,2,0.563686,0.894624,0.691604
1,test,Chopin/Ballades/1/xml_score.musicxml,Chopin/Ballades/1/YeSijing01.mid,0.0,812,162,650,303,0,406,242,146,260,96,10,406,223,16,390,207,8,0.199507,0.348387,0.25372
1,test,Chopin/Ballades/1/xml_score.musicxml,Chopin/Ballades/1/YeSijing01.mid,1.0,812,348,464,117,7,406,242,226,180,16,4,406,223,122,284,101,3,0.428571,0.748387,0.545027
1,test,Chopin/Ballades/1/xml_score.musicxml,Chopin/Ballades/1/YeSijing01.mid,2.0,812,443,369,22,0,406,242,238,168,4,0,406,223,205,201,18,0,0.545567,0.952688,0.693814
1,test,Chopin/Ballades/1/xml_score.musicxml,Chopin/Ballades/1/Zhou06M.mid,0.0,810,168,642,297,0,405,242,149,256,93,7,405,223,19,386,204,12,0.207407,0.36129,0.263529
1,test,Chopin/Ballades/1/xml_score.musicxml,Chopin/Ballades/1/Zhou06M.mid,1.0,810,345,465,120,7,405,242,228,177,14,5,405,223,117,288,106,2,0.425926,0.741935,0.541176
1,test,Chopin/Ballades/1/xml_score.musicxml,Chopin/Ballades/1/Zhou06M.mid,2.0,810,441,369,24,2,405,242,235,170,7,1,405,223,206,199,17,1,0.544444,0.948387,0.691765
1,train,Chopin/Ballades/3/xml_score.musicxml,Chopin/Ballades/3/Ko11M.mid,0.0,828,161,667,317,0,414,239,126,288,113,18,414,239,35,379,204,12,0.194444,0.33682,0.246554
1,train,Chopin/Ballades/3/xml_score.musicxml,Chopin/Ballades/3/Ko11M.mid,1.0,828,434,394,44,0,414,239,221,193,18,0,414,239,213,201,26,0,0.524155,0.90795,0.664625
1,train,Chopin/Ballades/3/xml_score.musicxml,Chopin/Ballades/3/Ko11M.mid,2.0,828,466,362,12,1,414,239,235,179,4,1,414,239,231,183,8,0,0.562802,0.974895,0.713629
1,train,Chopin/Ballades/3/xml_score.musicxml,Chopin/Ballades/3/LinPeng06M.mid,0.0,704,129,575,349,0,352,239,104,248,135,16,352,239,25,327,214,11,0.183239,0.269874,0.218274
1,train,Chopin/Ballades/3/xml_score.musicxml,Chopin/Ballades/3/LinPeng06M.mid,1.0,704,413,291,65,3,352,239,212,140,27,2,352,239,201,151,38,1,0.586648,0.864017,0.698816
1,train,Chopin/Ballades/3/xml_score.musicxml,Chopin/Ballades/3/LinPeng06M.mid,2.0,704,449,255,29,0,352,239,227,125,12,0,352,239,222,130,17,0,0.637784,0.939331,0.759729
1,train,Chopin/Ballades/3/xml_score.musicxml,Chopin/Ballades/3/Tan02.mid,0.0,820,161,659,317,0,410,239,132,278,107,17,410,239,29,381,210,13,0.196341,0.33682,0.248074
1,train,Chopin/Ballades/3/xml_score.musicxml,Chopin/Ballades/3/Tan02.mid,1.0,820,444,376,34,0,410,239,228,182,11,0,410,239,216,194,23,0,0.541463,0.92887,0.684129
1,train,Chopin/Ballades/3/xml_score.musicxml,Chopin/Ballades/3/Tan02.mid,2.0,820,471,349,7,0,410,239,237,173,2,0,410,239,234,176,5,0,0.57439,0.985356,0.725732
1,train,Chopin/Barcarolle/xml_score.musicxml,Chopin/Barcarolle/Kociuban13.mid,0.0,646,91,555,364,0,323,246,63,260,183,5,323,209,28,295,181,9,0.140867,0.2,0.165304
1,train,Chopin/Barcarolle/xml_score.musicxml,Chopin/Barcarolle/Kociuban13.mid,1.0,646,391,255,64,3,323,246,226,97,20,1,323,209,165,158,44,2,0.605263,0.859341,0.710263
1,train,Chopin/Barcarolle/xml_score.musicxml,Chopin/Barcarolle/Kociuban13.mid,2.0,646,433,213,22,0,323,246,234,89,12,0,323,209,199,124,10,0,0.670279,0.951648,0.786558
1,train,Chopin/Barcarolle/xml_score.musicxml,Chopin/Barcarolle/LeeSH05M.mid,0.0,740,111,629,344,0,370,246,80,290,166,10,370,209,31,339,178,22,0.15,0.243956,0.185774
1,train,Chopin/Barcarolle/xml_score.musicxml,Chopin/Barcarolle/LeeSH05M.mid,1.0,740,396,344,59,5,370,246,225,145,21,1,370,209,171,199,38,4,0.535135,0.87033,0.662762
1,train,Chopin/Barcarolle/xml_score.musicxml,Chopin/Barcarolle/LeeSH05M.mid,2.0,740,433,307,22,0,370,246,233,137,13,0,370,209,200,170,9,0,0.585135,0.951648,0.724686
1,train,Chopin/Barcarolle/xml_score.musicxml,Chopin/Barcarolle/Na03.mid,0.0,630,120,510,335,0,315,246,91,224,155,3,315,209,29,286,180,13,0.190476,0.263736,0.221198
1,train,Chopin/Barcarolle/xml_score.musicxml,Chopin/Barcarolle/Na03.mid,1.0,630,378,252,77,4,315,246,219,96,27,2,315,209,159,156,50,2,0.6,0.830769,0.696774
1,train,Chopin/Barcarolle/xml_score.musicxml,Chopin/Barcarolle/Na03.mid,2.0,630,424,206,31,0,315,246,229,86,17,0,315,209,195,120,14,0,0.673016,0.931868,0.781567
1,train,Chopin/Barcarolle/xml_score.musicxml,Chopin/Barcarolle/Na09M.mid,0.0,702,112,590,343,0,351,246,82,269,164,7,351,209,30,321,179,14,0.159544,0.246154,0.193604
1,train,Chopin/Barcarolle/xml_score.musicxml,Chopin/Barcarolle/Na09M.mid,1.0,702,400,302,55,8,351,246,230,121,16,3,351,209,170,181,39,5,0.569801,0.879121,0.691443
1,train,Chopin/Barcarolle/xml_score.musicxml,Chopin/Barcarolle/Na09M.mid,2.0,702,440,262,15,0,351,246,239,112,7,0,351,209,201,150,8,0,0.626781,0.967033,0.760588
1,train,Chopin/Barcarolle/xml_score.musicxml,Chopin/Barcarolle/Ozel10M.mid,0.0,740,125,615,330,0,370,246,90,280,156,10,370,209,35,335,174,22,0.168919,0.274725,0.209205
1,train,Chopin/Barcarolle/xml_score.musicxml,Chopin/Barcarolle/Ozel10M.mid,1.0,740,406,334,49,6,370,246,233,137,13,3,370,209,173,197,36,3,0.548649,0.892308,0.679498
1,train,Chopin/Barcarolle/xml_score.musicxml,Chopin/Barcarolle/Ozel10M.mid,2.0,740,443,297,12,2,370,246,240,130,6,0,370,209,203,167,6,2,0.598649,0.973626,0.741423
1,train,Chopin/Barcarolle/xml_score.musicxml,Chopin/Barcarolle/Park10M.mid,0.0,580,103,477,352,0,290,246,84,206,162,9,290,209,19,271,190,14,0.177586,0.226374,0.199034
1,train,Chopin/Barcarolle/xml_score.musicxml,Chopin/Barcarolle/Park10M.mid,1.0,580,322,258,133,6,290,246,179,111,67,1,290,209,143,147,66,5,0.555172,0.707692,0.622222
1,train,Chopin/Barcarolle/xml_score.musicxml,Chopin/Barcarolle/Park10M.mid,2.0,580,360,220,95,5,290,246,191,99,55,0,290,209,169,121,40,5,0.62069,0.791209,0.695652
1,train,Chopin/Barcarolle/xml_score.musicxml,Chopin/Barcarolle/Rozanski07M.mid,0.0,354,68,286,387,0,177,246,58,119,188,5,177,209,10,167,199,10,0.19209,0.149451,0.168109
1,train,Chopin/Barcarolle/xml_score.musicxml,Chopin/Barcarolle/Rozanski07M.mid,1.0,354,244,110,211,8,177,246,141,36,105,0,177,209,103,74,106,8,0.689266,0.536264,0.603214
1,train,Chopin/Barcarolle/xml_score.musicxml,Chopin/Barcarolle/Rozanski07M.mid,2.0,354,272,82,183,3,177,246,149,28,97,0,177,209,123,54,86,3,0.768362,0.597802,0.672435
1,train,Chopin/Barcarolle/xml_score.musicxml,Chopin/Barcarolle/Verbaite03.mid,0.0,778,132,646,323,0,389,246,110,279,136,8,389,209,22,367,187,9,0.169666,0.29011,0.214112
1,train,Chopin/Barcarolle/xml_score.musicxml,Chopin/Barcarolle/Verbaite03.mid,1.0,778,422,356,33,4,389,246,231,158,15,0,389,209,191,198,18,4,0.542416,0.927473,0.684509
1,train,Chopin/Barcarolle/xml_score.musicxml,Chopin/Barcarolle/Verbaite03.mid,2.0,778,446,332,9,1,389,246,240,149,6,0,389,209,206,183,3,1,0.573265,0.98022,0.723439
1,train,Chopin/Barcarolle/xml_score.musicxml,Chopin/Barcarolle/Wilshire04.mid,0.0,826,134,692,321,0,413,246,102,311,144,4,413,209,32,381,177,15,0.162228,0.294505,0.209212
1,train,Chopin/Barcarolle/xml_score.musicxml,Chopin/Barcarolle/Wilshire04.mid,1.0,826,410,416,45,1,413,246,232,181,14,0,413,209,178,235,31,1,0.496368,0.901099,0.640125
1,train,Chopin/Barcarolle/xml_score.musicxml,Chopin/Barcarolle/Wilshire04.mid,2.0,826,438,388,17,1,413,246,238,175,8,0,413,209,200,213,9,1,0.530266,0.962637,0.683841
1,train,Chopin/Etudes_op_10/1/xml_score.musicxml,Chopin/Etudes_op_10/1/Avdeeva02.mid,0.0,76,0,76,5,0,38,1,0,38,1,0,38,4,0,38,4,0,0.0,0.0,0.0
1,train,Chopin/Etudes_op_10/1/xml_score.musicxml,Chopin/Etudes_op_10/1/Avdeeva02.mid,1.0,76,2,74,3,0,38,1,1,37,0,0,38,4,1,37,3,0,0.026316,0.4,0.049383
1,train,Chopin/Etudes_op_10/1/xml_score.musicxml,Chopin/Etudes_op_10/1/Avdeeva02.mid,2.0,76,2,74,3,0,38,1,1,37,0,0,38,4,1,37,3,0,0.026316,0.4,0.049383
1,train,Chopin/Etudes_op_10/1/xml_score.musicxml,Chopin/Etudes_op_10/1/ChenW03M.mid,0.0,66,0,66,5,0,33,1,0,33,1,0,33,4,0,33,4,0,0.0,0.0,0.0
1,train,Chopin/Etudes_op_10/1/xml_score.musicxml,Chopin/Etudes_op_10/1/ChenW03M.mid,1.0,66,1,65,4,0,33,1,1,32,0,0,33,4,0,33,4,0,0.015152,0.2,0.028169
1,train,Chopin/Etudes_op_10/1/xml_score.musicxml,Chopin/Etudes_op_10/1/ChenW03M.mid,2.0,66,1,65,4,0,33,1,1,32,0,0,33,4,0,33,4,0,0.015152,0.2,0.028169
1,train,Chopin/Etudes_op_10/1/xml_score.musicxml,Chopin/Etudes_op_10/1/HSU02.mid,0.0,82,0,82,5,0,41,1,0,41,1,0,41,4,0,41,4,0,0.0,0.0,0.0
1,train,Chopin/Etudes_op_10/1/xml_score.musicxml,Chopin/Etudes_op_10/1/HSU02.mid,1.0,82,3,79,2,0,41,1,1,40,0,0,41,4,2,39,2,0,0.036585,0.6,0.068966
1,train,Chopin/Etudes_op_10/1/xml_score.musicxml,Chopin/Etudes_op_10/1/HSU02.mid,2.0,82,3,79,2,0,41,1,1,40,0,0,41,4,2,39,2,0,0.036585,0.6,0.068966
1,train,Chopin/Etudes_op_10/1/xml_score.musicxml,Chopin/Etudes_op_10/1/ISHIDA04.mid,0.0,86,0,86,5,0,43,1,0,43,1,0,43,4,0,43,4,0,0.0,0.0,0.0
1,train,Chopin/Etudes_op_10/1/xml_score.musicxml,Chopin/Etudes_op_10/1/ISHIDA04.mid,1.0,86,3,83,2,0,43,1,1,42,0,0,43,4,2,41,2,0,0.034884,0.6,0.065934
1,train,Chopin/Etudes_op_10/1/xml_score.musicxml,Chopin/Etudes_op_10/1/ISHIDA04.mid,2.0,86,3,83,2,0,43,1,1,42,0,0,43,4,2,41,2,0,0.034884,0.6,0.065934
1,train,Chopin/Etudes_op_10/1/xml_score.musicxml,Chopin/Etudes_op_10/1/Jussow03.mid,0.0,68,0,68,5,0,34,1,0,34,1,1,34,4,0,34,4,0,0.0,0.0,0.0
1,train,Chopin/Etudes_op_10/1/xml_score.musicxml,Chopin/Etudes_op_10/1/Jussow03.mid,1.0,68,2,66,3,0,34,1,1,33,0,0,34,4,1,33,3,0,0.029412,0.4,0.054795
1,train,Chopin/Etudes_op_10/1/xml_score.musicxml,Chopin/Etudes_op_10/1/Jussow03.mid,2.0,68,2,66,3,0,34,1,1,33,0,0,34,4,1,33,3,0,0.029412,0.4,0.054795
1,train,Chopin/Etudes_op_10/1/xml_score.musicxml,Chopin/Etudes_op_10/1/KaiRuiR03M.mid,0.0,70,0,70,5,0,35,1,0,35,1,1,35,4,0,35,4,0,0.0,0.0,0.0
1,train,Chopin/Etudes_op_10/1/xml_score.musicxml,Chopin/Etudes_op_10/1/KaiRuiR03M.mid,1.0,70,2,68,3,0,35,1,1,34,0,0,35,4,1,34,3,0,0.028571,0.4,0.053333
1,train,Chopin/Etudes_op_10/1/xml_score.musicxml,Chopin/Etudes_op_10/1/KaiRuiR03M.mid,2.0,70,2,68,3,0,35,1,1,34,0,0,35,4,1,34,3,0,0.028571,0.4,0.053333
1,train,Chopin/Etudes_op_10/1/xml_score.musicxml,Chopin/Etudes_op_10/1/LeeHanchien02.mid,0.0,78,0,78,5,0,39,1,0,39,1,1,39,4,0,39,4,0,0.0,0.0,0.0
1,train,Chopin/Etudes_op_10/1/xml_score.musicxml,Chopin/Etudes_op_10/1/LeeHanchien02.mid,1.0,78,3,75,2,0,39,1,1,38,0,0,39,4,2,37,2,0,0.038462,0.6,0.072289
1,train,Chopin/Etudes_op_10/1/xml_score.musicxml,Chopin/Etudes_op_10/1/LeeHanchien02.mid,2.0,78,3,75,2,0,39,1,1,38,0,0,39,4,2,37,2,0,0.038462,0.6,0.072289
1,train,Chopin/Etudes_op_10/1/xml_score.musicxml,Chopin/Etudes_op_10/1/LiYZ02M.mid,0.0,78,0,78,5,0,39,1,0,39,1,0,39,4,0,39,4,0,0.0,0.0,0.0
1,train,Chopin/Etudes_op_10/1/xml_score.musicxml,Chopin/Etudes_op_10/1/LiYZ02M.mid,1.0,78,3,75,2,0,39,1,1,38,0,0,39,4,2,37,2,0,0.038462,0.6,0.072289
1,train,Chopin/Etudes_op_10/1/xml_score.musicxml,Chopin/Etudes_op_10/1/LiYZ02M.mid,2.0,78,3,75,2,0,39,1,1,38,0,0,39,4,2,37,2,0,0.038462,0.6,0.072289
1,train,Chopin/Etudes_op_10/1/xml_score.musicxml,Chopin/Etudes_op_10/1/LuM02M.mid,0.0,120,0,120,5,0,60,1,0,60,1,0,60,4,0,60,4,0,0.0,0.0,0.0
1,train,Chopin/Etudes_op_10/1/xml_score.musicxml,Chopin/Etudes_op_10/1/LuM02M.mid,1.0,120,5,115,0,0,60,1,1,59,0,0,60,4,4,56,0,0,0.041667,1.0,0.08
1,train,Chopin/Etudes_op_10/1/xml_score.musicxml,Chopin/Etudes_op_10/1/LuM02M.mid,2.0,120,5,115,0,0,60,1,1,59,0,0,60,4,4,56,0,0,0.041667,1.0,0.08
1,train,Chopin/Etudes_op_10/1/xml_score.musicxml,Chopin/Etudes_op_10/1/Mikhailoff05.mid,0.0,72,0,72,5,0,36,1,0,36,1,0,36,4,0,36,4,0,0.0,0.0,0.0
1,train,Chopin/Etudes_op_10/1/xml_score.musicxml,Chopin/Etudes_op_10/1/Mikhailoff05.mid,1.0,72,1,71,4,0,36,1,1,35,0,0,36,4,0,36,4,0,0.013889,0.2,0.025974
1,train,Chopin/Etudes_op_10/1/xml_score.musicxml,Chopin/Etudes_op_10/1/Mikhailoff05.mid,2.0,72,1,71,4,0,36,1,1,35,0,0,36,4,0,36,4,0,0.013889,0.2,0.025974
1,train,Chopin/Etudes_op_10/1/xml_score.musicxml,Chopin/Etudes_op_10/1/MorozovS02.mid,0.0,74,0,74,5,0,37,1,0,37,1,0,37,4,0,37,4,0,0.0,0.0,0.0
1,train,Chopin/Etudes_op_10/1/xml_score.musicxml,Chopin/Etudes_op_10/1/MorozovS02.mid,1.0,74,2,72,3,0,37,1,1,36,0,0,37,4,1,36,3,0,0.027027,0.4,0.050633
1,train,Chopin/Etudes_op_10/1/xml_score.musicxml,Chopin/Etudes_op_10/1/MorozovS02.mid,2.0,74,2,72,3,0,37,1,1,36,0,0,37,4,1,36,3,0,0.027027,0.4,0.050633
1,train,Chopin/Etudes_op_10/1/xml_score.musicxml,Chopin/Etudes_op_10/1/MunA07M.mid,0.0,72,0,72,5,0,36,1,0,36,1,0,36,4,0,36,4,0,0.0,0.0,0.0
1,train,Chopin/Etudes_op_10/1/xml_score.musicxml,Chopin/Etudes_op_10/1/MunA07M.mid,1.0,72,1,71,4,0,36,1,1,35,0,0,36,4,0,36,4,0,0.013889,0.2,0.025974
1,train,Chopin/Etudes_op_10/1/xml_score.musicxml,Chopin/Etudes_op_10/1/MunA07M.mid,2.0,72,1,71,4,0,36,1,1,35,0,0,36,4,0,36,4,0,0.013889,0.2,0.025974
1,train,Chopin/Etudes_op_10/1/xml_score.musicxml,Chopin/Etudes_op_10/1/NAKAJI02.mid,0.0,84,0,84,5,0,42,1,0,42,1,1,42,4,0,42,4,0,0.0,0.0,0.0
1,train,Chopin/Etudes_op_10/1/xml_score.musicxml,Chopin/Etudes_op_10/1/NAKAJI02.mid,1.0,84,3,81,2,0,42,1,1,41,0,0,42,4,2,40,2,0,0.035714,0.6,0.067416
1,train,Chopin/Etudes_op_10/1/xml_score.musicxml,Chopin/Etudes_op_10/1/NAKAJI02.mid,2.0,84,3,81,2,0,42,1,1,41,0,0,42,4,2,40,2,0,0.035714,0.6,0.067416
1,train,Chopin/Etudes_op_10/1/xml_score.musicxml,Chopin/Etudes_op_10/1/Park02.mid,0.0,76,0,76,5,0,38,1,0,38,1,1,38,4,0,38,4,0,0.0,0.0,0.0
1,train,Chopin/Etudes_op_10/1/xml_score.musicxml,Chopin/Etudes_op_10/1/Park02.mid,1.0,76,3,73,2,0,38,1,1,37,0,0,38,4,2,36,2,0,0.039474,0.6,0.074074
1,train,Chopin/Etudes_op_10/1/xml_score.musicxml,Chopin/Etudes_op_10/1/Park02.mid,2.0,76,3,73,2,0,38,1,1,37,0,0,38,4,2,36,2,0,0.039474,0.6,0.074074
1,train,Chopin/Etudes_op_10/1/xml_score.musicxml,Chopin/Etudes_op_10/1/Savitski03.mid,0.0,62,0,62,5,0,31,1,0,31,1,1,31,4,0,31,4,0,0.0,0.0,0.0
1,train,Chopin/Etudes_op_10/1/xml_score.musicxml,Chopin/Etudes_op_10/1/Savitski03.mid,1.0,62,2,60,3,0,31,1,1,30,0,0,31,4,1,30,3,0,0.032258,0.4,0.059701
1,train,Chopin/Etudes_op_10/1/xml_score.musicxml,Chopin/Etudes_op_10/1/Savitski03.mid,2.0,62,2,60,3,0,31,1,1,30,0,0,31,4,1,30,3,0,0.032258,0.4,0.059701
1,train,Chopin/Etudes_op_10/1/xml_score.musicxml,Chopin/Etudes_op_10/1/Shelest02.mid,0.0,74,0,74,5,0,37,1,0,37,1,1,37,4,0,37,4,0,0.0,0.0,0.0
1,train,Chopin/Etudes_op_10/1/xml_score.musicxml,Chopin/Etudes_op_10/1/Shelest02.mid,1.0,74,2,72,3,0,37,1,1,36,0,0,37,4,1,36,3,0,0.027027,0.4,0.050633
1,train,Chopin/Etudes_op_10/1/xml_score.musicxml,Chopin/Etudes_op_10/1/Shelest02.mid,2.0,74,2,72,3,0,37,1,1,36,0,0,37,4,1,36,3,0,0.027027,0.4,0.050633
1,train,Chopin/Etudes_op_10/1/xml_score.musicxml,Chopin/Etudes_op_10/1/Stahievitch03.mid,0.0,76,0,76,5,0,38,1,0,38,1,0,38,4,0,38,4,0,0.0,0.0,0.0
1,train,Chopin/Etudes_op_10/1/xml_score.musicxml,Chopin/Etudes_op_10/1/Stahievitch03.mid,1.0,76,3,73,2,0,38,1,1,37,0,0,38,4,2,36,2,0,0.039474,0.6,0.074074
1,train,Chopin/Etudes_op_10/1/xml_score.musicxml,Chopin/Etudes_op_10/1/Stahievitch03.mid,2.0,76,3,73,2,0,38,1,1,37,0,0,38,4,2,36,2,0,0.039474,0.6,0.074074
1,train,Chopin/Etudes_op_10/1/xml_score.musicxml,Chopin/Etudes_op_10/1/SunY03M.mid,0.0,76,0,76,5,0,38,1,0,38,1,1,38,4,0,38,4,0,0.0,0.0,0.0
1,train,Chopin/Etudes_op_10/1/xml_score.musicxml,Chopin/Etudes_op_10/1/SunY03M.mid,1.0,76,3,73,2,0,38,1,1,37,0,0,38,4,2,36,2,0,0.039474,0.6,0.074074
1,train,Chopin/Etudes_op_10/1/xml_score.musicxml,Chopin/Etudes_op_10/1/SunY03M.mid,2.0,76,3,73,2,0,38,1,1,37,0,0,38,4,2,36,2,0,0.039474,0.6,0.074074
1,train,Chopin/Etudes_op_10/1/xml_score.musicxml,Chopin/Etudes_op_10/1/Terenkova02.mid,0.0,82,0,82,5,0,41,1,0,41,1,0,41,4,0,41,4,0,0.0,0.0,0.0
1,train,Chopin/Etudes_op_10/1/xml_score.musicxml,Chopin/Etudes_op_10/1/Terenkova02.mid,1.0,82,2,80,3,0,41,1,1,40,0,0,41,4,1,40,3,0,0.02439,0.4,0.045977
1,train,Chopin/Etudes_op_10/1/xml_score.musicxml,Chopin/Etudes_op_10/1/Terenkova02.mid,2.0,82,2,80,3,0,41,1,1,40,0,0,41,4,1,40,3,0,0.02439,0.4,0.045977
1,train,Chopin/Etudes_op_10/1/xml_score.musicxml,Chopin/Etudes_op_10/1/Tysman02.mid,0.0,80,0,80,5,0,40,1,0,40,1,1,40,4,0,40,4,0,0.0,0.0,0.0
1,train,Chopin/Etudes_op_10/1/xml_score.musicxml,Chopin/Etudes_op_10/1/Tysman02.mid,1.0,80,3,77,2,0,40,1,1,39,0,0,40,4,2,38,2,0,0.0375,0.6,0.070588
1,train,Chopin/Etudes_op_10/1/xml_score.musicxml,Chopin/Etudes_op_10/1/Tysman02.mid,2.0,80,3,77,2,0,40,1,1,39,0,0,40,4,2,38,2,0,0.0375,0.6,0.070588
1,train,Chopin/Etudes_op_10/1/xml_score.musicxml,Chopin/Etudes_op_10/1/Verbaite02.mid,0.0,80,0,80,5,0,40,1,0,40,1,1,40,4,0,40,4,0,0.0,0.0,0.0
1,train,Chopin/Etudes_op_10/1/xml_score.musicxml,Chopin/Etudes_op_10/1/Verbaite02.mid,1.0,80,3,77,2,0,40,1,1,39,0,0,40,4,2,38,2,0,0.0375,0.6,0.070588
1,train,Chopin/Etudes_op_10/1/xml_score.musicxml,Chopin/Etudes_op_10/1/Verbaite02.mid,2.0,80,4,76,1,0,40,1,1,39,0,0,40,4,3,37,1,0,0.05,0.8,0.094118
1,train,Chopin/Etudes_op_10/1/xml_score.musicxml,Chopin/Etudes_op_10/1/YeF03M.mid,0.0,80,0,80,5,0,40,1,0,40,1,0,40,4,0,40,4,0,0.0,0.0,0.0
1,train,Chopin/Etudes_op_10/1/xml_score.musicxml,Chopin/Etudes_op_10/1/YeF03M.mid,1.0,80,2,78,3,0,40,1,1,39,0,0,40,4,1,39,3,0,0.025,0.4,0.047059
1,train,Chopin/Etudes_op_10/1/xml_score.musicxml,Chopin/Etudes_op_10/1/YeF03M.mid,2.0,80,2,78,3,0,40,1,1,39,0,0,40,4,1,39,3,0,0.025,0.4,0.047059
1,train,Chopin/Etudes_op_10/1/xml_score.musicxml,Chopin/Etudes_op_10/1/YuP02M.mid,0.0,72,1,71,4,0,36,1,1,35,0,1,36,4,0,36,4,0,0.013889,0.2,0.025974
1,train,Chopin/Etudes_op_10/1/xml_score.musicxml,Chopin/Etudes_op_10/1/YuP02M.mid,1.0,72,2,70,3,0,36,1,1,35,0,0,36,4,1,35,3,0,0.027778,0.4,0.051948
1,train,Chopin/Etudes_op_10/1/xml_score.musicxml,Chopin/Etudes_op_10/1/YuP02M.mid,2.0,72,2,70,3,0,36,1,1,35,0,0,36,4,1,35,3,0,0.027778,0.4,0.051948
1,train,Chopin/Etudes_op_10/1/xml_score.musicxml,Chopin/Etudes_op_10/1/Zhdanov02.mid,0.0,78,1,77,4,0,39,1,0,39,1,0,39,4,1,38,3,0,0.012821,0.2,0.024096
1,train,Chopin/Etudes_op_10/1/xml_score.musicxml,Chopin/Etudes_op_10/1/Zhdanov02.mid,1.0,78,2,76,3,0,39,1,1,38,0,0,39,4,1,38,3,0,0.025641,0.4,0.048193
1,train,Chopin/Etudes_op_10/1/xml_score.musicxml,Chopin/Etudes_op_10/1/Zhdanov02.mid,2.0,78,2,76,3,0,39,1,1,38,0,0,39,4,1,38,3,0,0.025641,0.4,0.048193
1,train,Chopin/Etudes_op_10/1/xml_score.musicxml,Chopin/Etudes_op_10/1/Zukiewicz02.mid,0.0,78,0,78,5,0,39,1,0,39,1,0,39,4,0,39,4,0,0.0,0.0,0.0
1,train,Chopin/Etudes_op_10/1/xml_score.musicxml,Chopin/Etudes_op_10/1/Zukiewicz02.mid,1.0,78,1,77,4,0,39,1,1,38,0,0,39,4,0,39,4,0,0.012821,0.2,0.024096
1,train,Chopin/Etudes_op_10/1/xml_score.musicxml,Chopin/Etudes_op_10/1/Zukiewicz02.mid,2.0,78,1,77,4,0,39,1,1,38,0,0,39,4,0,39,4,0,0.012821,0.2,0.024096
1,train,Chopin/Etudes_op_10/10/xml_score.musicxml,Chopin/Etudes_op_10/10/Na_2009_02.mid,0.0,328,46,282,240,0,164,143,36,128,107,2,164,143,10,154,133,2,0.140244,0.160839,0.149837
1,train,Chopin/Etudes_op_10/10/xml_score.musicxml,Chopin/Etudes_op_10/10/Na_2009_02.mid,1.0,328,261,67,25,0,164,143,134,30,9,0,164,143,127,37,16,0,0.795732,0.912587,0.850163
1,train,Chopin/Etudes_op_10/10/xml_score.musicxml,Chopin/Etudes_op_10/10/Na_2009_02.mid,2.0,328,274,54,12,0,164,143,136,28,7,0,164,143,138,26,5,0,0.835366,0.958042,0.892508
1,train,Chopin/Etudes_op_10/10/xml_score.musicxml,Chopin/Etudes_op_10/10/WangH02M.mid,0.0,276,104,172,182,0,138,143,101,37,42,2,138,143,3,135,140,0,0.376812,0.363636,0.370107
1,train,Chopin/Etudes_op_10/10/xml_score.musicxml,Chopin/Etudes_op_10/10/WangH02M.mid,1.0,276,256,20,30,0,138,143,131,7,12,0,138,143,125,13,18,0,0.927536,0.895105,0.911032
1,train,Chopin/Etudes_op_10/10/xml_score.musicxml,Chopin/Etudes_op_10/10/WangH02M.mid,2.0,276,267,9,19,0,138,143,134,4,9,0,138,143,133,5,10,0,0.967391,0.933566,0.950178
1,train,Chopin/Etudes_op_10/10/xml_score.musicxml,Chopin/Etudes_op_10/10/Wilshire02.mid,0.0,436,102,334,184,0,218,143,92,126,51,0,218,143,10,208,133,1,0.233945,0.356643,0.282548
1,train,Chopin/Etudes_op_10/10/xml_score.musicxml,Chopin/Etudes_op_10/10/Wilshire02.mid,1.0,436,265,171,21,0,218,143,132,86,11,0,218,143,133,85,10,0,0.607798,0.926573,0.734072
1,train,Chopin/Etudes_op_10/10/xml_score.musicxml,Chopin/Etudes_op_10/10/Wilshire02.mid,2.0,436,273,163,13,0,218,143,136,82,7,0,218,143,137,81,6,0,0.626147,0.954545,0.756233
1,train,Chopin/Etudes_op_10/10/xml_score.musicxml,Chopin/Etudes_op_10/10/Yanagitani02.mid,0.0,312,103,209,183,0,156,143,100,56,43,1,156,143,3,153,140,0,0.330128,0.36014,0.344482
1,train,Chopin/Etudes_op_10/10/xml_score.musicxml,Chopin/Etudes_op_10/10/Yanagitani02.mid,1.0,312,270,42,16,0,156,143,136,20,7,0,156,143,134,22,9,0,0.865385,0.944056,0.90301
1,train,Chopin/Etudes_op_10/10/xml_score.musicxml,Chopin/Etudes_op_10/10/Yanagitani02.mid,2.0,312,273,39,13,0,156,143,137,19,6,0,156,143,136,20,7,0,0.875,0.954545,0.913043
1,train,Chopin/Etudes_op_10/5/xml_score.musicxml,Chopin/Etudes_op_10/5/Bach02.mid,0.0,152,0,152,12,0,76,2,0,76,2,0,76,10,0,76,10,0,0.0,0.0,0.0
1,train,Chopin/Etudes_op_10/5/xml_score.musicxml,Chopin/Etudes_op_10/5/Bach02.mid,1.0,152,4,148,8,0,76,2,0,76,2,0,76,10,4,72,6,0,0.026316,0.333333,0.04878
1,train,Chopin/Etudes_op_10/5/xml_score.musicxml,Chopin/Etudes_op_10/5/Bach02.mid,2.0,152,5,147,7,1,76,2,0,76,2,1,76,10,5,71,5,0,0.032895,0.416667,0.060976
1,train,Chopin/Etudes_op_10/5/xml_score.musicxml,Chopin/Etudes_op_10/5/Feiner_2006_02.mid,0.0,236,3,233,9,0,118,2,1,117,1,1,118,10,2,116,8,1,0.012712,0.25,0.024194
1,train,Chopin/Etudes_op_10/5/xml_score.musicxml,Chopin/Etudes_op_10/5/Feiner_2006_02.mid,1.0,236,8,228,4,0,118,2,1,117,1,0,118,10,7,111,3,0,0.033898,0.666667,0.064516
1,train,Chopin/Etudes_op_10/5/xml_score.musicxml,Chopin/Etudes_op_10/5/Feiner_2006_02.mid,2.0,236,9,227,3,0,118,2,1,117,1,0,118,10,8,110,2,0,0.038136,0.75,0.072581
1,train,Chopin/Etudes_op_10/5/xml_score.musicxml,Chopin/Etudes_op_10/5/KimEunhae04.mid,0.0,116,1,115,11,0,58,2,1,57,1,0,58,10,0,58,10,1,0.008621,0.083333,0.015625
1,train,Chopin/Etudes_op_10/5/xml_score.musicxml,Chopin/Etudes_op_10/5/KimEunhae04.mid,1.0,116,5,111,7,0,58,2,1,57,1,0,58,10,4,54,6,0,0.043103,0.416667,0.078125
1,train,Chopin/Etudes_op_10/5/xml_score.musicxml,Chopin/Etudes_op_10/5/KimEunhae04.mid,2.0,116,7,109,5,0,58,2,1,57,1,0,58,10,6,52,4,0,0.060345,0.583333,0.109375
1,train,Chopin/Etudes_op_10/5/xml_score.musicxml,Chopin/Etudes_op_10/5/Koshoeva02.mid,0.0,172,0,172,12,0,86,2,0,86,2,1,86,10,0,86,10,0,0.0,0.0,0.0
1,train,Chopin/Etudes_op_10/5/xml_score.musicxml,Chopin/Etudes_op_10/5/Koshoeva02.mid,1.0,172,6,166,6,1,86,2,0,86,2,1,86,10,6,80,4,0,0.034884,0.5,0.065217
1,train,Chopin/Etudes_op_10/5/xml_score.musicxml,Chopin/Etudes_op_10/5/Koshoeva02.mid,2.0,172,9,163,3,0,86,2,1,85,1,0,86,10,8,78,2,0,0.052326,0.75,0.097826
1,train,Chopin/Etudes_op_10/5/xml_score.musicxml,Chopin/Etudes_op_10/5/LIAO03.mid,0.0,164,1,163,11,0,82,2,0,82,2,0,82,10,1,81,9,0,0.006098,0.083333,0.011364
1,train,Chopin/Etudes_op_10/5/xml_score.musicxml,Chopin/Etudes_op_10/5/LIAO03.mid,1.0,164,5,159,7,2,82,2,0,82,2,2,82,10,5,77,5,0,0.030488,0.416667,0.056818
1,train,Chopin/Etudes_op_10/5/xml_score.musicxml,Chopin/Etudes_op_10/5/LIAO03.mid,2.0,164,7,157,5,1,82,2,0,82,2,1,82,10,7,75,3,0,0.042683,0.583333,0.079545
1,train,Chopin/Etudes_op_10/5/xml_score.musicxml,Chopin/Etudes_op_10/5/LiA03M.mid,0.0,172,2,170,10,0,86,2,0,86,2,0,86,10,2,84,8,0,0.011628,0.166667,0.021739
1,train,Chopin/Etudes_op_10/5/xml_score.musicxml,Chopin/Etudes_op_10/5/LiA03M.mid,1.0,172,5,167,7,0,86,2,0,86,2,0,86,10,5,81,5,0,0.02907,0.416667,0.054348
1,train,Chopin/Etudes_op_10/5/xml_score.musicxml,Chopin/Etudes_op_10/5/LiA03M.mid,2.0,172,7,165,5,0,86,2,0,86,2,0,86,10,7,79,3,0,0.040698,0.583333,0.076087
1,train,Chopin/Etudes_op_10/5/xml_score.musicxml,Chopin/Etudes_op_10/5/LiC02M.mid,0.0,168,4,164,8,0,84,2,1,83,1,0,84,10,3,81,7,1,0.02381,0.333333,0.044444
1,train,Chopin/Etudes_op_10/5/xml_score.musicxml,Chopin/Etudes_op_10/5/LiC02M.mid,1.0,168,8,160,4,1,84,2,1,83,1,1,84,10,7,77,3,0,0.047619,0.666667,0.088889
1,train,Chopin/Etudes_op_10/5/xml_score.musicxml,Chopin/Etudes_op_10/5/LiC02M.mid,2.0,168,8,160,4,3,84,2,1,83,1,3,84,10,7,77,3,0,0.047619,0.666667,0.088889
1,train,Chopin/Etudes_op_10/5/xml_score.musicxml,Chopin/Etudes_op_10/5/Rozanski03.mid,0.0,164,2,162,10,0,82,2,0,82,2,0,82,10,2,80,8,0,0.012195,0.166667,0.022727
1,train,Chopin/Etudes_op_10/5/xml_score.musicxml,Chopin/Etudes_op_10/5/Rozanski03.mid,1.0,164,5,159,7,0,82,2,0,82,2,0,82,10,5,77,5,0,0.030488,0.416667,0.056818
1,train,Chopin/Etudes_op_10/5/xml_score.musicxml,Chopin/Etudes_op_10/5/Rozanski03.mid,2.0,164,5,159,7,1,82,2,0,82,2,1,82,10,5,77,5,0,0.030488,0.416667,0.056818
1,train,Chopin/Etudes_op_10/5/xml_score.musicxml,Chopin/Etudes_op_10/5/Tario02.mid,0.0,176,1,175,11,0,88,2,1,87,1,0,88,10,0,88,10,1,0.005682,0.083333,0.010638
1,train,Chopin/Etudes_op_10/5/xml_score.musicxml,Chopin/Etudes_op_10/5/Tario02.mid,1.0,176,7,169,5,0,88,2,1,87,1,0,88,10,6,82,4,0,0.039773,0.583333,0.074468
1,train,Chopin/Etudes_op_10/5/xml_score.musicxml,Chopin/Etudes_op_10/5/Tario02.mid,2.0,176,8,168,4,1,88,2,1,87,1,1,88,10,7,81,3,0,0.045455,0.666667,0.085106
1,train,Chopin/Etudes_op_10/5/xml_score.musicxml,Chopin/Etudes_op_10/5/USHIKI03.mid,0.0,128,0,128,12,0,64,2,0,64,2,0,64,10,0,64,10,0,0.0,0.0,0.0
1,train,Chopin/Etudes_op_10/5/xml_score.musicxml,Chopin/Etudes_op_10/5/USHIKI03.mid,1.0,128,3,125,9,0,64,2,0,64,2,0,64,10,3,61,7,0,0.023438,0.25,0.042857
1,train,Chopin/Etudes_op_10/5/xml_score.musicxml,Chopin/Etudes_op_10/5/USHIKI03.mid,2.0,128,5,123,7,1,64,2,0,64,2,1,64,10,5,59,5,0,0.039062,0.416667,0.071429
1,train,Chopin/Etudes_op_10/5/xml_score.musicxml,Chopin/Etudes_op_10/5/ZhangW03M.mid,0.0,180,1,179,11,0,90,2,0,90,2,0,90,10,1,89,9,0,0.005556,0.083333,0.010417
1,train,Chopin/Etudes_op_10/5/xml_score.musicxml,Chopin/Etudes_op_10/5/ZhangW03M.mid,1.0,180,6,174,6,1,90,2,0,90,2,1,90,10,6,84,4,0,0.033333,0.5,0.0625
1,train,Chopin/Etudes_op_10/5/xml_score.musicxml,Chopin/Etudes_op_10/5/ZhangW03M.mid,2.0,180,6,174,6,2,90,2,0,90,2,2,90,10,6,84,4,0,0.033333,0.5,0.0625
1,val,Chopin/Etudes_op_10/7/xml_score.musicxml,Chopin/Etudes_op_10/7/ChenL02.mid,0.0,194,3,191,15,0,97,9,2,95,7,1,97,9,1,96,8,0,0.015464,0.166667,0.028302
1,val,Chopin/Etudes_op_10/7/xml_score.musicxml,Chopin/Etudes_op_10/7/ChenL02.mid,1.0,194,16,178,2,0,97,9,9,88,0,0,97,9,7,90,2,0,0.082474,0.888889,0.150943
1,val,Chopin/Etudes_op_10/7/xml_score.musicxml,Chopin/Etudes_op_10/7/ChenL02.mid,2.0,194,17,177,1,0,97,9,9,88,0,0,97,9,8,89,1,0,0.087629,0.944444,0.160377
1,val,Chopin/Etudes_op_10/7/xml_score.musicxml,Chopin/Etudes_op_10/7/Namirovsky02.mid,0.0,338,6,332,12,0,169,9,6,163,3,1,169,9,0,169,9,0,0.017751,0.333333,0.033708
1,val,Chopin/Etudes_op_10/7/xml_score.musicxml,Chopin/Etudes_op_10/7/Namirovsky02.mid,1.0,338,17,321,1,0,169,9,9,160,0,0,169,9,8,161,1,0,0.050296,0.944444,0.095506
1,val,Chopin/Etudes_op_10/7/xml_score.musicxml,Chopin/Etudes_op_10/7/Namirovsky02.mid,2.0,338,18,320,0,0,169,9,9,160,0,0,169,9,9,160,0,0,0.053254,1.0,0.101124
1,val,Chopin/Etudes_op_10/7/xml_score.musicxml,Chopin/Etudes_op_10/7/SINKEV03.mid,0.0,148,5,143,13,0,74,9,5,69,4,0,74,9,0,74,9,1,0.033784,0.277778,0.060241
1,val,Chopin/Etudes_op_10/7/xml_score.musicxml,Chopin/Etudes_op_10/7/SINKEV03.mid,1.0,148,16,132,2,0,74,9,9,65,0,0,74,9,7,67,2,0,0.108108,0.888889,0.192771
1,val,Chopin/Etudes_op_10/7/xml_score.musicxml,Chopin/Etudes_op_10/7/SINKEV03.mid,2.0,148,17,131,1,1,74,9,9,65,0,1,74,9,8,66,1,0,0.114865,0.944444,0.204819
1,test,Chopin/Etudes_op_10/8/xml_score.musicxml,Chopin/Etudes_op_10/8/BENABD02.mid,0.0,366,15,351,57,0,183,37,11,172,26,1,183,35,4,179,31,0,0.040984,0.208333,0.068493
1,test,Chopin/Etudes_op_10/8/xml_score.musicxml,Chopin/Etudes_op_10/8/BENABD02.mid,1.0,366,48,318,24,3,183,37,29,154,8,1,183,35,19,164,16,2,0.131148,0.666667,0.219178
1,test,Chopin/Etudes_op_10/8/xml_score.musicxml,Chopin/Etudes_op_10/8/BENABD02.mid,2.0,366,65,301,7,0,183,37,35,148,2,0,183,35,30,153,5,0,0.177596,0.902778,0.296804
1,test,Chopin/Etudes_op_10/8/xml_score.musicxml,Chopin/Etudes_op_10/8/Benabdallah02.mid,0.0,378,8,370,64,0,189,37,6,183,31,3,189,35,2,187,33,0,0.021164,0.111111,0.035556
1,test,Chopin/Etudes_op_10/8/xml_score.musicxml,Chopin/Etudes_op_10/8/Benabdallah02.mid,1.0,378,46,332,26,4,189,37,29,160,8,2,189,35,17,172,18,2,0.121693,0.638889,0.204444
1,test,Chopin/Etudes_op_10/8/xml_score.musicxml,Chopin/Etudes_op_10/8/Benabdallah02.mid,2.0,378,64,314,8,0,189,37,35,154,2,0,189,35,29,160,6,0,0.169312,0.888889,0.284444
1,test,Chopin/Etudes_op_10/8/xml_score.musicxml,Chopin/Etudes_op_10/8/CHOE01.mid,0.0,340,12,328,60,0,170,37,8,162,29,0,170,35,4,166,31,0,0.035294,0.166667,0.058252
1,test,Chopin/Etudes_op_10/8/xml_score.musicxml,Chopin/Etudes_op_10/8/CHOE01.mid,1.0,340,51,289,21,3,170,37,30,140,7,2,170,35,21,149,14,1,0.15,0.708333,0.247573
1,test,Chopin/Etudes_op_10/8/xml_score.musicxml,Chopin/Etudes_op_10/8/CHOE01.mid,2.0,340,65,275,7,0,170,37,35,135,2,0,170,35,30,140,5,0,0.191176,0.902778,0.315534
1,test,Chopin/Etudes_op_10/8/xml_score.musicxml,Chopin/Etudes_op_10/8/ChenJie03.mid,0.0,334,8,326,64,0,167,37,4,163,33,0,167,35,4,163,31,2,0.023952,0.111111,0.039409
1,test,Chopin/Etudes_op_10/8/xml_score.musicxml,Chopin/Etudes_op_10/8/ChenJie03.mid,1.0,334,63,271,9,0,167,37,35,132,2,0,167,35,28,139,7,0,0.188623,0.875,0.310345
1,test,Chopin/Etudes_op_10/8/xml_score.musicxml,Chopin/Etudes_op_10/8/ChenJie03.mid,2.0,334,71,263,1,0,167,37,37,130,0,0,167,35,34,133,1,0,0.212575,0.986111,0.349754
1,test,Chopin/Etudes_op_10/8/xml_score.musicxml,Chopin/Etudes_op_10/8/FONG02.mid,0.0,232,9,223,63,0,116,37,8,108,29,1,116,35,1,115,34,0,0.038793,0.125,0.059211
1,test,Chopin/Etudes_op_10/8/xml_score.musicxml,Chopin/Etudes_op_10/8/FONG02.mid,1.0,232,42,190,30,2,116,37,28,88,9,1,116,35,14,102,21,1,0.181034,0.583333,0.276316
1,test,Chopin/Etudes_op_10/8/xml_score.musicxml,Chopin/Etudes_op_10/8/FONG02.mid,2.0,232,57,175,15,0,116,37,31,85,6,0,116,35,26,90,9,0,0.24569,0.791667,0.375
1,test,Chopin/Etudes_op_10/8/xml_score.musicxml,Chopin/Etudes_op_10/8/Georgieva03.mid,0.0,332,5,327,67,0,166,37,2,164,35,2,166,35,3,163,32,1,0.01506,0.069444,0.024752
1,test,Chopin/Etudes_op_10/8/xml_score.musicxml,Chopin/Etudes_op_10/8/Georgieva03.mid,1.0,332,58,274,14,1,166,37,32,134,5,1,166,35,26,140,9,0,0.174699,0.805556,0.287129
1,test,Chopin/Etudes_op_10/8/xml_score.musicxml,Chopin/Etudes_op_10/8/Georgieva03.mid,2.0,332,67,265,5,0,166,37,35,131,2,0,166,35,32,134,3,0,0.201807,0.930556,0.331683
1,test,Chopin/Etudes_op_10/8/xml_score.musicxml,Chopin/Etudes_op_10/8/IVLEVA02.mid,0.0,288,6,282,66,0,144,37,4,140,33,4,144,35,2,142,33,1,0.020833,0.083333,0.033333
1,test,Chopin/Etudes_op_10/8/xml_score.musicxml,Chopin/Etudes_op_10/8/IVLEVA02.mid,1.0,288,56,232,16,1,144,37,32,112,5,0,144,35,24,120,11,1,0.194444,0.777778,0.311111
1,test,Chopin/Etudes_op_10/8/xml_score.musicxml,Chopin/Etudes_op_10/8/IVLEVA02.mid,2.0,288,70,218,2,0,144,37,37,107,0,0,144,35,33,111,2,0,0.243056,0.972222,0.388889
1,test,Chopin/Etudes_op_10/8/xml_score.musicxml,Chopin/Etudes_op_10/8/Kwok02.mid,0.0,308,7,301,65,0,154,37,3,151,34,0,154,35,4,150,31,1,0.022727,0.097222,0.036842
1,test,Chopin/Etudes_op_10/8/xml_score.musicxml,Chopin/Etudes_op_10/8/Kwok02.mid,1.0,308,50,258,22,2,154,37,31,123,6,2,154,35,19,135,16,0,0.162338,0.694444,0.263158
1,test,Chopin/Etudes_op_10/8/xml_score.musicxml,Chopin/Etudes_op_10/8/Kwok02.mid,2.0,308,64,244,8,0,154,37,34,120,3,0,154,35,30,124,5,0,0.207792,0.888889,0.336842
1,test,Chopin/Etudes_op_10/8/xml_score.musicxml,Chopin/Etudes_op_10/8/KyykhynenT09M.mid,0.0,214,4,210,68,0,107,37,4,103,33,2,107,35,0,107,35,3,0.018692,0.055556,0.027972
1,test,Chopin/Etudes_op_10/8/xml_score.musicxml,Chopin/Etudes_op_10/8/KyykhynenT09M.mid,1.0,214,44,170,28,1,107,37,26,81,11,0,107,35,18,89,17,1,0.205607,0.611111,0.307692
1,test,Chopin/Etudes_op_10/8/xml_score.musicxml,Chopin/Etudes_op_10/8/KyykhynenT09M.mid,2.0,214,60,154,12,0,107,37,32,75,5,0,107,35,28,79,7,0,0.280374,0.833333,0.41958
1,test,Chopin/Etudes_op_10/8/xml_score.musicxml,Chopin/Etudes_op_10/8/LeeEunjin02.mid,0.0,390,13,377,59,0,195,37,11,184,26,1,195,35,2,193,33,0,0.033333,0.180556,0.056277
1,test,Chopin/Etudes_op_10/8/xml_score.musicxml,Chopin/Etudes_op_10/8/LeeEunjin02.mid,1.0,390,56,334,16,0,195,37,30,165,7,0,195,35,26,169,9,0,0.14359,0.777778,0.242424
1,test,Chopin/Etudes_op_10/8/xml_score.musicxml,Chopin/Etudes_op_10/8/LeeEunjin02.mid,2.0,390,64,326,8,0,195,37,34,161,3,0,195,35,30,165,5,0,0.164103,0.888889,0.277056
1,test,Chopin/Etudes_op_10/8/xml_score.musicxml,Chopin/Etudes_op_10/8/LeeHwakyu02.mid,0.0,282,8,274,64,0,141,37,4,137,33,1,141,35,4,137,31,1,0.028369,0.111111,0.045198
1,test,Chopin/Etudes_op_10/8/xml_score.musicxml,Chopin/Etudes_op_10/8/LeeHwakyu02.mid,1.0,282,57,225,15,1,141,37,32,109,5,0,141,35,25,116,10,1,0.202128,0.791667,0.322034
1,test,Chopin/Etudes_op_10/8/xml_score.musicxml,Chopin/Etudes_op_10/8/LeeHwakyu02.mid,2.0,282,70,212,2,0,141,37,37,104,0,0,141,35,33,108,2,0,0.248227,0.972222,0.39548
1,test,Chopin/Etudes_op_10/8/xml_score.musicxml,Chopin/Etudes_op_10/8/LeeJisun02.mid,0.0,450,22,428,50,0,225,37,16,209,21,7,225,35,6,219,29,1,0.048889,0.305556,0.084291
1,test,Chopin/Etudes_op_10/8/xml_score.musicxml,Chopin/Etudes_op_10/8/LeeJisun02.mid,1.0,450,67,383,5,2,225,37,36,189,1,2,225,35,31,194,4,0,0.148889,0.930556,0.256705
1,test,Chopin/Etudes_op_10/8/xml_score.musicxml,Chopin/Etudes_op_10/8/LeeJisun02.mid,2.0,450,70,380,2,0,225,37,36,189,1,0,225,35,34,191,1,0,0.155556,0.972222,0.268199
1,test,Chopin/Etudes_op_10/8/xml_score.musicxml,Chopin/Etudes_op_10/8/LiuLangning02.mid,0.0,296,17,279,55,0,148,37,14,134,23,2,148,35,3,145,32,0,0.057432,0.236111,0.092391
1,test,Chopin/Etudes_op_10/8/xml_score.musicxml,Chopin/Etudes_op_10/8/LiuLangning02.mid,1.0,296,49,247,23,1,148,37,28,120,9,0,148,35,21,127,14,1,0.165541,0.680556,0.266304
1,test,Chopin/Etudes_op_10/8/xml_score.musicxml,Chopin/Etudes_op_10/8/LiuLangning02.mid,2.0,296,61,235,11,0,148,37,33,115,4,0,148,35,28,120,7,0,0.206081,0.847222,0.331522
1,test,Chopin/Etudes_op_10/8/xml_score.musicxml,Chopin/Etudes_op_10/8/Lou03M.mid,0.0,358,8,350,64,0,179,37,5,174,32,2,179,35,3,176,32,1,0.022346,0.111111,0.037209
1,test,Chopin/Etudes_op_10/8/xml_score.musicxml,Chopin/Etudes_op_10/8/Lou03M.mid,1.0,358,58,300,14,1,179,37,32,147,5,1,179,35,26,153,9,0,0.162011,0.805556,0.269767
1,test,Chopin/Etudes_op_10/8/xml_score.musicxml,Chopin/Etudes_op_10/8/Lou03M.mid,2.0,358,65,293,7,0,179,37,34,145,3,0,179,35,31,148,4,0,0.181564,0.902778,0.302326
1,test,Chopin/Etudes_op_10/8/xml_score.musicxml,Chopin/Etudes_op_10/8/LuEric03M.mid,0.0,268,11,257,61,0,134,37,8,126,29,1,134,35,3,131,32,0,0.041045,0.152778,0.064706
1,test,Chopin/Etudes_op_10/8/xml_score.musicxml,Chopin/Etudes_op_10/8/LuEric03M.mid,1.0,268,49,219,23,1,134,37,26,108,11,1,134,35,23,111,12,0,0.182836,0.680556,0.288235
1,test,Chopin/Etudes_op_10/8/xml_score.musicxml,Chopin/Etudes_op_10/8/LuEric03M.mid,2.0,268,65,203,7,0,134,37,36,98,1,0,134,35,29,105,6,0,0.242537,0.902778,0.382353
1,test,Chopin/Etudes_op_10/8/xml_score.musicxml,Chopin/Etudes_op_10/8/Masycheva02.mid,0.0,320,15,305,57,0,160,37,11,149,26,3,160,35,4,156,31,1,0.046875,0.208333,0.076531
1,test,Chopin/Etudes_op_10/8/xml_score.musicxml,Chopin/Etudes_op_10/8/Masycheva02.mid,1.0,320,47,273,25,4,160,37,28,132,9,3,160,35,19,141,16,1,0.146875,0.652778,0.239796
1,test,Chopin/Etudes_op_10/8/xml_score.musicxml,Chopin/Etudes_op_10/8/Masycheva02.mid,2.0,320,65,255,7,0,160,37,35,125,2,0,160,35,30,130,5,0,0.203125,0.902778,0.331633
1,test,Chopin/Etudes_op_10/8/xml_score.musicxml,Chopin/Etudes_op_10/8/MiyashitaM05M.mid,0.0,464,11,453,61,0,232,37,9,223,28,4,232,35,2,230,33,2,0.023707,0.152778,0.041045
1,test,Chopin/Etudes_op_10/8/xml_score.musicxml,Chopin/Etudes_op_10/8/MiyashitaM05M.mid,1.0,464,62,402,10,1,232,37,33,199,4,1,232,35,29,203,6,0,0.133621,0.861111,0.231343
1,test,Chopin/Etudes_op_10/8/xml_score.musicxml,Chopin/Etudes_op_10/8/MiyashitaM05M.mid,2.0,464,68,396,4,0,232,37,35,197,2,0,232,35,33,199,2,0,0.146552,0.944444,0.253731
1,test,Chopin/Etudes_op_10/8/xml_score.musicxml,Chopin/Etudes_op_10/8/ParkH02.mid,0.0,426,7,419,65,0,213,37,2,211,35,1,213,35,5,208,30,2,0.016432,0.097222,0.028112
1,test,Chopin/Etudes_op_10/8/xml_score.musicxml,Chopin/Etudes_op_10/8/ParkH02.mid,1.0,426,56,370,16,2,213,37,31,182,6,2,213,35,25,188,10,0,0.131455,0.777778,0.2249
1,test,Chopin/Etudes_op_10/8/xml_score.musicxml,Chopin/Etudes_op_10/8/ParkH02.mid,2.0,426,66,360,6,2,213,37,36,177,1,2,213,35,30,183,5,0,0.15493,0.916667,0.26506
1,test,Chopin/Etudes_op_10/8/xml_score.musicxml,Chopin/Etudes_op_10/8/Rizikov03M.mid,0.0,364,5,359,67,0,182,37,3,179,34,1,182,35,2,180,33,1,0.013736,0.069444,0.022936
1,test,Chopin/Etudes_op_10/8/xml_score.musicxml,Chopin/Etudes_op_10/8/Rizikov03M.mid,1.0,364,53,311,19,2,182,37,31,151,6,2,182,35,22,160,13,0,0.145604,0.736111,0.243119
1,test,Chopin/Etudes_op_10/8/xml_score.musicxml,Chopin/Etudes_op_10/8/Rizikov03M.mid,2.0,364,61,303,11,0,182,37,31,151,6,0,182,35,30,152,5,0,0.167582,0.847222,0.279817
1,test,Chopin/Etudes_op_10/8/xml_score.musicxml,Chopin/Etudes_op_10/8/SCHU03.mid,0.0,288,7,281,65,0,144,37,5,139,32,0,144,35,2,142,33,0,0.024306,0.097222,0.038889
1,test,Chopin/Etudes_op_10/8/xml_score.musicxml,Chopin/Etudes_op_10/8/SCHU03.mid,1.0,288,48,240,24,3,144,37,28,116,9,2,144,35,20,124,15,1,0.166667,0.666667,0.266667
1,test,Chopin/Etudes_op_10/8/xml_score.musicxml,Chopin/Etudes_op_10/8/SCHU03.mid,2.0,288,65,223,7,0,144,37,35,109,2,0,144,35,30,114,5,0,0.225694,0.902778,0.361111
1,test,Chopin/Etudes_op_10/8/xml_score.musicxml,Chopin/Etudes_op_10/8/Sekino03.mid,0.0,418,9,409,63,0,209,37,7,202,30,2,209,35,2,207,33,3,0.021531,0.125,0.036735
1,test,Chopin/Etudes_op_10/8/xml_score.musicxml,Chopin/Etudes_op_10/8/Sekino03.mid,1.0,418,49,369,23,1,209,37,28,181,9,1,209,35,21,188,14,0,0.117225,0.680556,0.2
1,test,Chopin/Etudes_op_10/8/xml_score.musicxml,Chopin/Etudes_op_10/8/Sekino03.mid,2.0,418,62,356,10,1,209,37,34,175,3,1,209,35,28,181,7,0,0.148325,0.861111,0.253061
1,test,Chopin/Etudes_op_10/8/xml_score.musicxml,Chopin/Etudes_op_10/8/Shilyaev02.mid,0.0,400,12,388,60,0,200,37,8,192,29,3,200,35,4,196,31,0,0.03,0.166667,0.050847
1,test,Chopin/Etudes_op_10/8/xml_score.musicxml,Chopin/Etudes_op_10/8/Shilyaev02.mid,1.0,400,56,344,16,1,200,37,30,170,7,1,200,35,26,174,9,0,0.14,0.777778,0.237288
1,test,Chopin/Etudes_op_10/8/xml_score.musicxml,Chopin/Etudes_op_10/8/Shilyaev02.mid,2.0,400,65,335,7,0,200,37,34,166,3,0,200,35,31,169,4,0,0.1625,0.902778,0.275424
1,test,Chopin/Etudes_op_10/8/xml_score.musicxml,Chopin/Etudes_op_10/8/Soukhovetski02.mid,0.0,288,6,282,66,0,144,37,4,140,33,2,144,35,2,142,33,2,0.020833,0.083333,0.033333
1,test,Chopin/Etudes_op_10/8/xml_score.musicxml,Chopin/Etudes_op_10/8/Soukhovetski02.mid,1.0,288,50,238,22,2,144,37,30,114,7,1,144,35,20,124,15,1,0.173611,0.694444,0.277778
1,test,Chopin/Etudes_op_10/8/xml_score.musicxml,Chopin/Etudes_op_10/8/Soukhovetski02.mid,2.0,288,63,225,9,1,144,37,34,110,3,1,144,35,29,115,6,0,0.21875,0.875,0.35
1,test,Chopin/Etudes_op_10/8/xml_score.musicxml,Chopin/Etudes_op_10/8/Tak02.mid,0.0,214,6,208,66,0,107,37,2,105,35,2,107,35,4,103,31,2,0.028037,0.083333,0.041958
1,test,Chopin/Etudes_op_10/8/xml_score.musicxml,Chopin/Etudes_op_10/8/Tak02.mid,1.0,214,48,166,24,0,107,37,27,80,10,0,107,35,21,86,14,0,0.224299,0.666667,0.335664
1,test,Chopin/Etudes_op_10/8/xml_score.musicxml,Chopin/Etudes_op_10/8/Tak02.mid,2.0,214,55,159,17,0,107,37,30,77,7,0,107,35,25,82,10,0,0.257009,0.763889,0.384615
1,test,Chopin/Etudes_op_10/8/xml_score.musicxml,Chopin/Etudes_op_10/8/Tetzloff02.mid,0.0,324,12,312,60,0,162,37,5,157,32,0,162,35,7,155,28,0,0.037037,0.166667,0.060606
1,test,Chopin/Etudes_op_10/8/xml_score.musicxml,Chopin/Etudes_op_10/8/Tetzloff02.mid,1.0,324,55,269,17,0,162,37,30,132,7,0,162,35,25,137,10,0,0.169753,0.763889,0.277778
1,test,Chopin/Etudes_op_10/8/xml_score.musicxml,Chopin/Etudes_op_10/8/Tetzloff02.mid,2.0,324,67,257,5,0,162,37,36,126,1,0,162,35,31,131,4,0,0.20679,0.930556,0.338384
1,test,Chopin/Etudes_op_10/8/xml_score.musicxml,Chopin/Etudes_op_10/8/Tetzloff07M.mid,0.0,304,8,296,64,0,152,37,6,146,31,3,152,35,2,150,33,1,0.026316,0.111111,0.042553
1,test,Chopin/Etudes_op_10/8/xml_score.musicxml,Chopin/Etudes_op_10/8/Tetzloff07M.mid,1.0,304,51,253,21,1,152,37,27,125,10,1,152,35,24,128,11,0,0.167763,0.708333,0.271277
1,test,Chopin/Etudes_op_10/8/xml_score.musicxml,Chopin/Etudes_op_10/8/Tetzloff07M.mid,2.0,304,66,238,6,0,152,37,36,116,1,0,152,35,30,122,5,0,0.217105,0.916667,0.351064
1,test,Chopin/Etudes_op_10/8/xml_score.musicxml,Chopin/Etudes_op_10/8/YOU02.mid,0.0,332,7,325,65,0,166,37,5,161,32,2,166,35,2,164,33,2,0.021084,0.097222,0.034653
1,test,Chopin/Etudes_op_10/8/xml_score.musicxml,Chopin/Etudes_op_10/8/YOU02.mid,1.0,332,50,282,22,1,166,37,28,138,9,1,166,35,22,144,13,0,0.150602,0.694444,0.247525
1,test,Chopin/Etudes_op_10/8/xml_score.musicxml,Chopin/Etudes_op_10/8/YOU02.mid,2.0,332,64,268,8,0,166,37,36,130,1,0,166,35,28,138,7,0,0.192771,0.888889,0.316832
1,test,Chopin/Etudes_op_10/8/xml_score.musicxml,Chopin/Etudes_op_10/8/Zhou03M.mid,0.0,244,10,234,62,0,122,37,9,113,28,2,122,35,1,121,34,0,0.040984,0.138889,0.063291
1,test,Chopin/Etudes_op_10/8/xml_score.musicxml,Chopin/Etudes_op_10/8/Zhou03M.mid,1.0,244,47,197,25,3,122,37,28,94,9,2,122,35,19,103,16,1,0.192623,0.652778,0.297468
1,test,Chopin/Etudes_op_10/8/xml_score.musicxml,Chopin/Etudes_op_10/8/Zhou03M.mid,2.0,244,61,183,11,0,122,37,32,90,5,0,122,35,29,93,6,0,0.25,0.847222,0.386076
1,train,Chopin/Etudes_op_25/1/xml_score.musicxml,Chopin/Etudes_op_25/1/Erice03.mid,0.0,204,42,162,140,0,102,96,42,60,54,0,102,86,0,102,86,1,0.205882,0.230769,0.217617
1,train,Chopin/Etudes_op_25/1/xml_score.musicxml,Chopin/Etudes_op_25/1/Erice03.mid,1.0,204,144,60,38,2,102,96,76,26,20,1,102,86,68,34,18,1,0.705882,0.791209,0.746114
1,train,Chopin/Etudes_op_25/1/xml_score.musicxml,Chopin/Etudes_op_25/1/Erice03.mid,2.0,204,152,52,30,2,102,96,81,21,15,0,102,86,71,31,15,2,0.745098,0.835165,0.787565
1,train,Chopin/Etudes_op_25/1/xml_score.musicxml,Chopin/Etudes_op_25/1/LeeN03M.mid,0.0,220,50,170,132,0,110,96,50,60,46,0,110,86,0,110,86,0,0.227273,0.274725,0.248756
1,train,Chopin/Etudes_op_25/1/xml_score.musicxml,Chopin/Etudes_op_25/1/LeeN03M.mid,1.0,220,161,59,21,2,110,96,85,25,11,1,110,86,76,34,10,1,0.731818,0.884615,0.800995
1,train,Chopin/Etudes_op_25/1/xml_score.musicxml,Chopin/Etudes_op_25/1/LeeN03M.mid,2.0,220,171,49,11,0,110,96,91,19,5,0,110,86,80,30,6,0,0.777273,0.93956,0.850746
1,train,Chopin/Etudes_op_25/1/xml_score.musicxml,Chopin/Etudes_op_25/1/TongB02M.mid,0.0,146,38,108,144,0,73,96,38,35,58,0,73,86,0,73,86,1,0.260274,0.208791,0.231707
1,train,Chopin/Etudes_op_25/1/xml_score.musicxml,Chopin/Etudes_op_25/1/TongB02M.mid,1.0,146,119,27,63,2,73,96,62,11,34,0,73,86,57,16,29,2,0.815068,0.653846,0.72561
1,train,Chopin/Etudes_op_25/1/xml_score.musicxml,Chopin/Etudes_op_25/1/TongB02M.mid,2.0,146,126,20,56,4,73,96,67,6,29,0,73,86,59,14,27,4,0.863014,0.692308,0.768293
1,train,Chopin/Etudes_op_25/1/xml_score.musicxml,Chopin/Etudes_op_25/1/TuanS04M.mid,0.0,154,25,129,157,0,77,96,25,52,71,0,77,86,0,77,86,0,0.162338,0.137363,0.14881
1,train,Chopin/Etudes_op_25/1/xml_score.musicxml,Chopin/Etudes_op_25/1/TuanS04M.mid,1.0,154,123,31,59,4,77,96,63,14,33,1,77,86,60,17,26,3,0.798701,0.675824,0.732143
1,train,Chopin/Etudes_op_25/1/xml_score.musicxml,Chopin/Etudes_op_25/1/TuanS04M.mid,2.0,154,132,22,50,4,77,96,68,9,28,0,77,86,64,13,22,4,0.857143,0.725275,0.785714
1,train,Chopin/Etudes_op_25/1/xml_score.musicxml,Chopin/Etudes_op_25/1/Wong03M.mid,0.0,212,59,153,123,0,106,96,59,47,37,0,106,86,0,106,86,1,0.278302,0.324176,0.299492
1,train,Chopin/Etudes_op_25/1/xml_score.musicxml,Chopin/Etudes_op_25/1/Wong03M.mid,1.0,212,156,56,26,5,106,96,83,23,13,1,106,86,73,33,13,4,0.735849,0.857143,0.791878
1,train,Chopin/Etudes_op_25/1/xml_score.musicxml,Chopin/Etudes_op_25/1/Wong03M.mid,2.0,212,171,41,11,4,106,96,90,16,6,0,106,86,81,25,5,4,0.806604,0.93956,0.86802
1,train,Chopin/Etudes_op_25/12/xml_score.musicxml,Chopin/Etudes_op_25/12/Atzinger03.mid,0.0,220,1,219,0,0,110,0,0,110,0,0,110,1,1,109,0,0,0.004545,1.0,0.00905
1,train,Chopin/Etudes_op_25/12/xml_score.musicxml,Chopin/Etudes_op_25/12/Atzinger03.mid,1.0,220,1,219,0,0,110,0,0,110,0,0,110,1,1,109,0,0,0.004545,1.0,0.00905
1,train,Chopin/Etudes_op_25/12/xml_score.musicxml,Chopin/Etudes_op_25/12/Atzinger03.mid,2.0,220,1,219,0,0,110,0,0,110,0,0,110,1,1,109,0,0,0.004545,1.0,0.00905
1,train,Chopin/Etudes_op_25/12/xml_score.musicxml,Chopin/Etudes_op_25/12/BorickC04M.mid,0.0,186,0,186,1,0,93,0,0,93,0,0,93,1,0,93,1,0,0.0,0.0,0.0
1,train,Chopin/Etudes_op_25/12/xml_score.musicxml,Chopin/Etudes_op_25/12/BorickC04M.mid,1.0,186,1,185,0,0,93,0,0,93,0,0,93,1,1,92,0,0,0.005376,1.0,0.010695
1,train,Chopin/Etudes_op_25/12/xml_score.musicxml,Chopin/Etudes_op_25/12/BorickC04M.mid,2.0,186,1,185,0,0,93,0,0,93,0,0,93,1,1,92,0,0,0.005376,1.0,0.010695
1,train,Chopin/Etudes_op_25/12/xml_score.musicxml,Chopin/Etudes_op_25/12/Golubeva02.mid,0.0,234,0,234,1,0,117,0,0,117,0,0,117,1,0,117,1,0,0.0,0.0,0.0
1,train,Chopin/Etudes_op_25/12/xml_score.musicxml,Chopin/Etudes_op_25/12/Golubeva02.mid,1.0,234,0,234,1,0,117,0,0,117,0,0,117,1,0,117,1,0,0.0,0.0,0.0
1,train,Chopin/Etudes_op_25/12/xml_score.musicxml,Chopin/Etudes_op_25/12/Golubeva02.mid,2.0,234,0,234,1,0,117,0,0,117,0,0,117,1,0,117,1,0,0.0,0.0,0.0
1,train,Chopin/Etudes_op_25/12/xml_score.musicxml,Chopin/Etudes_op_25/12/HouKimberly03M.mid,0.0,188,0,188,1,0,94,0,0,94,0,0,94,1,0,94,1,0,0.0,0.0,0.0
1,train,Chopin/Etudes_op_25/12/xml_score.musicxml,Chopin/Etudes_op_25/12/HouKimberly03M.mid,1.0,188,1,187,0,0,94,0,0,94,0,0,94,1,1,93,0,0,0.005319,1.0,0.010582
1,train,Chopin/Etudes_op_25/12/xml_score.musicxml,Chopin/Etudes_op_25/12/HouKimberly03M.mid,2.0,188,1,187,0,0,94,0,0,94,0,0,94,1,1,93,0,0,0.005319,1.0,0.010582
1,train,Chopin/Etudes_op_25/12/xml_score.musicxml,Chopin/Etudes_op_25/12/KWON03.mid,0.0,206,1,205,0,0,103,0,0,103,0,0,103,1,1,102,0,0,0.004854,1.0,0.009662
1,train,Chopin/Etudes_op_25/12/xml_score.musicxml,Chopin/Etudes_op_25/12/KWON03.mid,1.0,206,1,205,0,0,103,0,0,103,0,0,103,1,1,102,0,0,0.004854,1.0,0.009662
1,train,Chopin/Etudes_op_25/12/xml_score.musicxml,Chopin/Etudes_op_25/12/KWON03.mid,2.0,206,1,205,0,0,103,0,0,103,0,0,103,1,1,102,0,0,0.004854,1.0,0.009662
1,train,Chopin/Etudes_op_25/12/xml_score.musicxml,Chopin/Etudes_op_25/12/Kunz03.mid,0.0,186,1,185,0,0,93,0,0,93,0,0,93,1,1,92,0,0,0.005376,1.0,0.010695
1,train,Chopin/Etudes_op_25/12/xml_score.musicxml,Chopin/Etudes_op_25/12/Kunz03.mid,1.0,186,1,185,0,0,93,0,0,93,0,0,93,1,1,92,0,0,0.005376,1.0,0.010695
1,train,Chopin/Etudes_op_25/12/xml_score.musicxml,Chopin/Etudes_op_25/12/Kunz03.mid,2.0,186,1,185,0,0,93,0,0,93,0,0,93,1,1,92,0,0,0.005376,1.0,0.010695
1,train,Chopin/Etudes_op_25/12/xml_score.musicxml,Chopin/Etudes_op_25/12/LuA04M.mid,0.0,202,0,202,1,0,101,0,0,101,0,0,101,1,0,101,1,0,0.0,0.0,0.0
1,train,Chopin/Etudes_op_25/12/xml_score.musicxml,Chopin/Etudes_op_25/12/LuA04M.mid,1.0,202,1,201,0,0,101,0,0,101,0,0,101,1,1,100,0,0,0.00495,1.0,0.009852
1,train,Chopin/Etudes_op_25/12/xml_score.musicxml,Chopin/Etudes_op_25/12/LuA04M.mid,2.0,202,1,201,0,0,101,0,0,101,0,0,101,1,1,100,0,0,0.00495,1.0,0.009852
1,train,Chopin/Etudes_op_25/12/xml_score.musicxml,Chopin/Etudes_op_25/12/Meek01.mid,0.0,226,0,226,1,0,113,0,0,113,0,0,113,1,0,113,1,0,0.0,0.0,0.0
1,train,Chopin/Etudes_op_25/12/xml_score.musicxml,Chopin/Etudes_op_25/12/Meek01.mid,1.0,226,0,226,1,0,113,0,0,113,0,0,113,1,0,113,1,0,0.0,0.0,0.0
1,train,Chopin/Etudes_op_25/12/xml_score.musicxml,Chopin/Etudes_op_25/12/Meek01.mid,2.0,226,0,226,1,0,113,0,0,113,0,0,113,1,0,113,1,0,0.0,0.0,0.0
1,train,Chopin/Etudes_op_25/12/xml_score.musicxml,Chopin/Etudes_op_25/12/Yang03.mid,0.0,194,1,193,0,0,97,0,0,97,0,0,97,1,1,96,0,0,0.005155,1.0,0.010256
1,train,Chopin/Etudes_op_25/12/xml_score.musicxml,Chopin/Etudes_op_25/12/Yang03.mid,1.0,194,1,193,0,0,97,0,0,97,0,0,97,1,1,96,0,0,0.005155,1.0,0.010256
1,train,Chopin/Etudes_op_25/12/xml_score.musicxml,Chopin/Etudes_op_25/12/Yang03.mid,2.0,194,1,193,0,0,97,0,0,97,0,0,97,1,1,96,0,0,0.005155,1.0,0.010256
1,val,Chopin/Etudes_op_25/8/xml_score.musicxml,Chopin/Etudes_op_25/8/DeTurck02.mid,0.0,158,21,137,75,0,79,48,17,62,31,0,79,48,4,75,44,2,0.132911,0.21875,0.165354
1,val,Chopin/Etudes_op_25/8/xml_score.musicxml,Chopin/Etudes_op_25/8/DeTurck02.mid,1.0,158,92,66,4,0,79,48,47,32,1,0,79,48,45,34,3,0,0.582278,0.958333,0.724409
1,val,Chopin/Etudes_op_25/8/xml_score.musicxml,Chopin/Etudes_op_25/8/DeTurck02.mid,2.0,158,96,62,0,0,79,48,48,31,0,0,79,48,48,31,0,0,0.607595,1.0,0.755906
1,val,Chopin/Etudes_op_25/8/xml_score.musicxml,Chopin/Etudes_op_25/8/MORET03.mid,0.0,166,26,140,70,0,83,48,17,66,31,0,83,48,9,74,39,3,0.156627,0.270833,0.198473
1,val,Chopin/Etudes_op_25/8/xml_score.musicxml,Chopin/Etudes_op_25/8/MORET03.mid,1.0,166,89,77,7,0,83,48,44,39,4,0,83,48,45,38,3,0,0.536145,0.927083,0.679389
1,val,Chopin/Etudes_op_25/8/xml_score.musicxml,Chopin/Etudes_op_25/8/MORET03.mid,2.0,166,96,70,0,0,83,48,48,35,0,0,83,48,48,35,0,0,0.578313,1.0,0.732824
1,val,Chopin/Etudes_op_25/8/xml_score.musicxml,Chopin/Etudes_op_25/8/SOLOM03.mid,0.0,140,26,114,70,0,70,48,25,45,23,0,70,48,1,69,47,1,0.185714,0.270833,0.220339
1,val,Chopin/Etudes_op_25/8/xml_score.musicxml,Chopin/Etudes_op_25/8/SOLOM03.mid,1.0,140,87,53,9,0,70,48,44,26,4,0,70,48,43,27,5,0,0.621429,0.90625,0.737288
1,val,Chopin/Etudes_op_25/8/xml_score.musicxml,Chopin/Etudes_op_25/8/SOLOM03.mid,2.0,140,95,45,1,0,70,48,47,23,1,0,70,48,48,22,0,0,0.678571,0.989583,0.805085
1,val,Chopin/Etudes_op_25/8/xml_score.musicxml,Chopin/Etudes_op_25/8/Toscano02.mid,0.0,134,20,114,76,0,67,48,18,49,30,1,67,48,2,65,46,2,0.149254,0.208333,0.173913
1,val,Chopin/Etudes_op_25/8/xml_score.musicxml,Chopin/Etudes_op_25/8/Toscano02.mid,1.0,134,93,41,3,0,67,48,47,20,1,0,67,48,46,21,2,0,0.69403,0.96875,0.808696
1,val,Chopin/Etudes_op_25/8/xml_score.musicxml,Chopin/Etudes_op_25/8/Toscano02.mid,2.0,134,96,38,0,0,67,48,48,19,0,0,67,48,48,19,0,0,0.716418,1.0,0.834783
1,train,Chopin/Scherzos/20/xml_score.musicxml,Chopin/Scherzos/20/Kurz04M.mid,0.0,650,116,534,304,0,325,210,105,220,105,2,325,210,11,314,199,1,0.178462,0.27619,0.216822
1,train,Chopin/Scherzos/20/xml_score.musicxml,Chopin/Scherzos/20/Kurz04M.mid,1.0,650,328,322,92,0,325,210,178,147,32,0,325,210,150,175,60,0,0.504615,0.780952,0.613084
1,train,Chopin/Scherzos/20/xml_score.musicxml,Chopin/Scherzos/20/Kurz04M.mid,2.0,650,344,306,76,0,325,210,179,146,31,0,325,210,165,160,45,0,0.529231,0.819048,0.642991
1,train,Chopin/Scherzos/20/xml_score.musicxml,Chopin/Scherzos/20/Wong03.mid,0.0,966,188,778,232,0,483,210,141,342,69,8,483,210,47,436,163,2,0.194617,0.447619,0.271284
1,train,Chopin/Scherzos/20/xml_score.musicxml,Chopin/Scherzos/20/Wong03.mid,1.0,966,381,585,39,1,483,210,202,281,8,1,483,210,179,304,31,0,0.39441,0.907143,0.549784
1,train,Chopin/Scherzos/20/xml_score.musicxml,Chopin/Scherzos/20/Wong03.mid,2.0,966,394,572,26,2,483,210,203,280,7,2,483,210,191,292,19,0,0.407867,0.938095,0.568543
1,train,Chopin/Scherzos/20/xml_score.musicxml,Chopin/Scherzos/20/Wong04M.mid,0.0,852,122,730,298,0,426,210,75,351,135,5,426,210,47,379,163,6,0.143192,0.290476,0.191824
1,train,Chopin/Scherzos/20/xml_score.musicxml,Chopin/Scherzos/20/Wong04M.mid,1.0,852,320,532,100,4,426,210,165,261,45,2,426,210,155,271,55,2,0.375587,0.761905,0.503145
1,train,Chopin/Scherzos/20/xml_score.musicxml,Chopin/Scherzos/20/Wong04M.mid,2.0,852,353,499,67,2,426,210,178,248,32,1,426,210,175,251,35,1,0.414319,0.840476,0.555031
1,train,Chopin/Scherzos/20/xml_score.musicxml,Chopin/Scherzos/20/ZhangYunling04M.mid,0.0,994,157,837,263,0,497,210,133,364,77,8,497,210,24,473,186,3,0.157948,0.37381,0.222065
1,train,Chopin/Scherzos/20/xml_score.musicxml,Chopin/Scherzos/20/ZhangYunling04M.mid,1.0,994,387,607,33,2,497,210,204,293,6,1,497,210,183,314,27,1,0.389336,0.921429,0.547383
1,train,Chopin/Scherzos/20/xml_score.musicxml,Chopin/Scherzos/20/ZhangYunling04M.mid,2.0,994,400,594,20,0,497,210,206,291,4,0,497,210,194,303,16,0,0.402414,0.952381,0.565771
1,test,Chopin/Scherzos/31/xml_score.musicxml,Chopin/Scherzos/31/ChenW04M.mid,0.0,978,80,898,399,0,489,250,77,412,173,11,489,229,3,486,226,15,0.0818,0.167015,0.109815
1,test,Chopin/Scherzos/31/xml_score.musicxml,Chopin/Scherzos/31/ChenW04M.mid,1.0,978,288,690,191,16,489,250,226,263,24,10,489,229,62,427,167,6,0.294479,0.601253,0.395333
1,test,Chopin/Scherzos/31/xml_score.musicxml,Chopin/Scherzos/31/ChenW04M.mid,2.0,978,423,555,56,5,489,250,238,251,12,2,489,229,185,304,44,3,0.432515,0.88309,0.580645
1,test,Chopin/Scherzos/31/xml_score.musicxml,Chopin/Scherzos/31/Dossin06.mid,0.0,884,126,758,353,0,442,250,118,324,132,9,442,229,8,434,221,9,0.142534,0.263048,0.184886
1,test,Chopin/Scherzos/31/xml_score.musicxml,Chopin/Scherzos/31/Dossin06.mid,1.0,884,273,611,206,12,442,250,192,250,58,10,442,229,81,361,148,2,0.308824,0.569937,0.400587
1,test,Chopin/Scherzos/31/xml_score.musicxml,Chopin/Scherzos/31/Dossin06.mid,2.0,884,359,525,120,14,442,250,203,239,47,13,442,229,156,286,73,1,0.406109,0.749478,0.526779
1,test,Chopin/Scherzos/31/xml_score.musicxml,Chopin/Scherzos/31/HuNY08M.mid,0.0,1004,90,914,389,0,502,250,79,423,171,7,502,229,11,491,218,21,0.089641,0.187891,0.121376
1,test,Chopin/Scherzos/31/xml_score.musicxml,Chopin/Scherzos/31/HuNY08M.mid,1.0,1004,273,731,206,29,502,250,197,305,53,14,502,229,76,426,153,15,0.271912,0.569937,0.368173
1,test,Chopin/Scherzos/31/xml_score.musicxml,Chopin/Scherzos/31/HuNY08M.mid,2.0,1004,401,603,78,9,502,250,214,288,36,3,502,229,187,315,42,6,0.399402,0.837161,0.540796
1,test,Chopin/Scherzos/31/xml_score.musicxml,Chopin/Scherzos/31/Jussow04.mid,0.0,832,94,738,385,0,416,250,91,325,159,9,416,229,3,413,226,18,0.112981,0.196242,0.143402
1,test,Chopin/Scherzos/31/xml_score.musicxml,Chopin/Scherzos/31/Jussow04.mid,1.0,832,268,564,211,15,416,250,211,205,39,5,416,229,57,359,172,10,0.322115,0.559499,0.408848
1,test,Chopin/Scherzos/31/xml_score.musicxml,Chopin/Scherzos/31/Jussow04.mid,2.0,832,388,444,91,14,416,250,219,197,31,8,416,229,169,247,60,6,0.466346,0.810021,0.591915
1,test,Chopin/Scherzos/31/xml_score.musicxml,Chopin/Scherzos/31/Jussow11M.mid,0.0,790,99,691,380,0,395,250,94,301,156,2,395,229,5,390,224,13,0.125316,0.206681,0.156028
1,test,Chopin/Scherzos/31/xml_score.musicxml,Chopin/Scherzos/31/Jussow11M.mid,1.0,790,261,529,218,15,395,250,212,183,38,6,395,229,49,346,180,9,0.33038,0.544885,0.411348
1,test,Chopin/Scherzos/31/xml_score.musicxml,Chopin/Scherzos/31/Jussow11M.mid,2.0,790,384,406,95,15,395,250,218,177,32,8,395,229,166,229,63,7,0.486076,0.80167,0.605201
1,test,Chopin/Scherzos/31/xml_score.musicxml,Chopin/Scherzos/31/LeeN04M.mid,0.0,1048,112,936,367,0,524,250,104,420,146,3,524,229,8,516,221,17,0.10687,0.23382,0.146693
1,test,Chopin/Scherzos/31/xml_score.musicxml,Chopin/Scherzos/31/LeeN04M.mid,1.0,1048,295,753,184,26,524,250,203,321,47,14,524,229,92,432,137,12,0.281489,0.615866,0.386379
1,test,Chopin/Scherzos/31/xml_score.musicxml,Chopin/Scherzos/31/LeeN04M.mid,2.0,1048,407,641,72,17,524,250,227,297,23,11,524,229,180,344,49,6,0.388359,0.849687,0.533071
1,test,Chopin/Scherzos/31/xml_score.musicxml,Chopin/Scherzos/31/LinTami06M.mid,0.0,942,92,850,387,0,471,250,82,389,168,1,471,229,10,461,219,8,0.097665,0.192067,0.129486
1,test,Chopin/Scherzos/31/xml_score.musicxml,Chopin/Scherzos/31/LinTami06M.mid,1.0,942,271,671,208,8,471,250,213,258,37,5,471,229,58,413,171,3,0.287686,0.565762,0.381422
1,test,Chopin/Scherzos/31/xml_score.musicxml,Chopin/Scherzos/31/LinTami06M.mid,2.0,942,401,541,78,8,471,250,229,242,21,7,471,229,172,299,57,1,0.42569,0.837161,0.564391
1,test,Chopin/Scherzos/31/xml_score.musicxml,Chopin/Scherzos/31/LuoJ12M.mid,0.0,1188,126,1062,353,0,594,250,114,480,136,9,594,229,12,582,217,10,0.106061,0.263048,0.15117
1,test,Chopin/Scherzos/31/xml_score.musicxml,Chopin/Scherzos/31/LuoJ12M.mid,1.0,1188,309,879,170,19,594,250,231,363,19,15,594,229,78,516,151,4,0.260101,0.645094,0.370726
1,test,Chopin/Scherzos/31/xml_score.musicxml,Chopin/Scherzos/31/LuoJ12M.mid,2.0,1188,425,763,54,8,594,250,239,355,11,6,594,229,186,408,43,2,0.357744,0.887265,0.509898
1,test,Chopin/Scherzos/31/xml_score.musicxml,Chopin/Scherzos/31/SunD04M.mid,0.0,1078,151,927,328,0,539,250,141,398,109,6,539,229,10,529,219,17,0.140074,0.31524,0.193963
1,test,Chopin/Scherzos/31/xml_score.musicxml,Chopin/Scherzos/31/SunD04M.mid,1.0,1078,330,748,149,24,539,250,209,330,41,13,539,229,121,418,108,11,0.306122,0.688935,0.423892
1,test,Chopin/Scherzos/31/xml_score.musicxml,Chopin/Scherzos/31/SunD04M.mid,2.0,1078,434,644,45,9,539,250,243,296,7,7,539,229,191,348,38,2,0.402597,0.906054,0.557482
1,test,Chopin/Scherzos/31/xml_score.musicxml,Chopin/Scherzos/31/TongB04M.mid,0.0,954,112,842,367,0,477,250,111,366,139,4,477,229,1,476,228,10,0.1174,0.23382,0.156315
1,test,Chopin/Scherzos/31/xml_score.musicxml,Chopin/Scherzos/31/TongB04M.mid,1.0,954,283,671,196,17,477,250,225,252,25,14,477,229,58,419,171,3,0.296646,0.590814,0.394976
1,test,Chopin/Scherzos/31/xml_score.musicxml,Chopin/Scherzos/31/TongB04M.mid,2.0,954,412,542,67,9,477,250,234,243,16,8,477,229,178,299,51,1,0.431866,0.860125,0.575017
1,test,Chopin/Scherzos/31/xml_score.musicxml,Chopin/Scherzos/31/TuanS05M.mid,0.0,974,72,902,407,0,487,250,64,423,186,10,487,229,8,479,221,11,0.073922,0.150313,0.099105
1,test,Chopin/Scherzos/31/xml_score.musicxml,Chopin/Scherzos/31/TuanS05M.mid,1.0,974,294,680,185,9,487,250,231,256,19,5,487,229,63,424,166,4,0.301848,0.613779,0.40468
1,test,Chopin/Scherzos/31/xml_score.musicxml,Chopin/Scherzos/31/TuanS05M.mid,2.0,974,424,550,55,6,487,250,240,247,10,5,487,229,184,303,45,1,0.435318,0.885177,0.58362
1,test,Chopin/Scherzos/31/xml_score.musicxml,Chopin/Scherzos/31/ZhangW04M.mid,0.0,1164,96,1068,383,0,582,250,83,499,167,10,582,229,13,569,216,24,0.082474,0.200418,0.116859
1,test,Chopin/Scherzos/31/xml_score.musicxml,Chopin/Scherzos/31/ZhangW04M.mid,1.0,1164,316,848,163,12,582,250,233,349,17,7,582,229,83,499,146,5,0.271478,0.659708,0.384662
1,test,Chopin/Scherzos/31/xml_score.musicxml,Chopin/Scherzos/31/ZhangW04M.mid,2.0,1164,441,723,38,10,582,250,245,337,5,8,582,229,196,386,33,2,0.378866,0.920668,0.536823
1,train,Chopin/Scherzos/39/xml_score.musicxml,Chopin/Scherzos/39/Arciglione13M.mid,0.0,680,41,639,177,0,340,109,33,307,76,6,340,109,8,332,101,14,0.060294,0.188073,0.091314
1,train,Chopin/Scherzos/39/xml_score.musicxml,Chopin/Scherzos/39/Arciglione13M.mid,1.0,680,86,594,132,10,340,109,61,279,48,6,340,109,25,315,84,4,0.126471,0.394495,0.191537
1,train,Chopin/Scherzos/39/xml_score.musicxml,Chopin/Scherzos/39/Arciglione13M.mid,2.0,680,107,573,111,12,340,109,66,274,43,12,340,109,41,299,68,0,0.157353,0.490826,0.238307
1,train,Chopin/Scherzos/39/xml_score.musicxml,Chopin/Scherzos/39/Bult-ItoS05M.mid,0.0,710,54,656,164,0,355,109,38,317,71,16,355,109,16,339,93,13,0.076056,0.247706,0.116379
1,train,Chopin/Scherzos/39/xml_score.musicxml,Chopin/Scherzos/39/Bult-ItoS05M.mid,1.0,710,129,581,89,15,355,109,82,273,27,15,355,109,47,308,62,0,0.18169,0.591743,0.278017
1,train,Chopin/Scherzos/39/xml_score.musicxml,Chopin/Scherzos/39/Bult-ItoS05M.mid,2.0,710,164,546,54,2,355,109,86,269,23,2,355,109,78,277,31,0,0.230986,0.752294,0.353448
1,train,Chopin/Sonata_2/1st_no_repeat/xml_score.musicxml,Chopin/Sonata_2/1st_no_repeat/Giltburg02.mid,0.0,538,0,538,1,0,269,0,0,269,0,0,269,1,0,269,1,0,0.0,0.0,0.0
1,train,Chopin/Sonata_2/1st_no_repeat/xml_score.musicxml,Chopin/Sonata_2/1st_no_repeat/Giltburg02.mid,1.0,538,0,538,1,0,269,0,0,269,0,0,269,1,0,269,1,0,0.0,0.0,0.0
1,train,Chopin/Sonata_2/1st_no_repeat/xml_score.musicxml,Chopin/Sonata_2/1st_no_repeat/Giltburg02.mid,2.0,538,0,538,1,0,269,0,0,269,0,0,269,1,0,269,1,0,0.0,0.0,0.0
1,train,Chopin/Sonata_2/1st_no_repeat/xml_score.musicxml,Chopin/Sonata_2/1st_no_repeat/Jia03.mid,0.0,724,0,724,1,0,362,0,0,362,0,0,362,1,0,362,1,0,0.0,0.0,0.0
1,train,Chopin/Sonata_2/1st_no_repeat/xml_score.musicxml,Chopin/Sonata_2/1st_no_repeat/Jia03.mid,1.0,724,0,724,1,0,362,0,0,362,0,0,362,1,0,362,1,0,0.0,0.0,0.0
1,train,Chopin/Sonata_2/1st_no_repeat/xml_score.musicxml,Chopin/Sonata_2/1st_no_repeat/Jia03.mid,2.0,724,0,724,1,0,362,0,0,362,0,0,362,1,0,362,1,0,0.0,0.0,0.0
1,train,Chopin/Sonata_2/1st_no_repeat/xml_score.musicxml,Chopin/Sonata_2/1st_no_repeat/Knoll10.mid,0.0,654,0,654,1,0,327,0,0,327,0,0,327,1,0,327,1,0,0.0,0.0,0.0
1,train,Chopin/Sonata_2/1st_no_repeat/xml_score.musicxml,Chopin/Sonata_2/1st_no_repeat/Knoll10.mid,1.0,654,0,654,1,0,327,0,0,327,0,0,327,1,0,327,1,0,0.0,0.0,0.0
1,train,Chopin/Sonata_2/1st_no_repeat/xml_score.musicxml,Chopin/Sonata_2/1st_no_repeat/Knoll10.mid,2.0,654,1,653,0,0,327,0,0,327,0,0,327,1,1,326,0,0,0.001529,1.0,0.003053
1,train,Chopin/Sonata_2/1st_no_repeat/xml_score.musicxml,Chopin/Sonata_2/1st_no_repeat/MATSUM03.mid,0.0,384,0,384,1,0,192,0,0,192,0,0,192,1,0,192,1,0,0.0,0.0,0.0
1,train,Chopin/Sonata_2/1st_no_repeat/xml_score.musicxml,Chopin/Sonata_2/1st_no_repeat/MATSUM03.mid,1.0,384,0,384,1,0,192,0,0,192,0,0,192,1,0,192,1,0,0.0,0.0,0.0
1,train,Chopin/Sonata_2/1st_no_repeat/xml_score.musicxml,Chopin/Sonata_2/1st_no_repeat/MATSUM03.mid,2.0,384,0,384,1,0,192,0,0,192,0,0,192,1,0,192,1,0,0.0,0.0,0.0
1,test,Chopin/Sonata_2/2nd_no_repeat/xml_score.musicxml,Chopin/Sonata_2/2nd_no_repeat/Giltburg02.mid,0.0,620,0,620,1,0,310,0,0,310,0,0,310,1,0,310,1,0,0.0,0.0,0.0
1,test,Chopin/Sonata_2/2nd_no_repeat/xml_score.musicxml,Chopin/Sonata_2/2nd_no_repeat/Giltburg02.mid,1.0,620,0,620,1,0,310,0,0,310,0,0,310,1,0,310,1,0,0.0,0.0,0.0
1,test,Chopin/Sonata_2/2nd_no_repeat/xml_score.musicxml,Chopin/Sonata_2/2nd_no_repeat/Giltburg02.mid,2.0,620,0,620,1,0,310,0,0,310,0,0,310,1,0,310,1,0,0.0,0.0,0.0
1,test,Chopin/Sonata_2/2nd_no_repeat/xml_score.musicxml,Chopin/Sonata_2/2nd_no_repeat/Knoll10.mid,0.0,680,0,680,1,0,340,0,0,340,0,0,340,1,0,340,1,0,0.0,0.0,0.0
1,test,Chopin/Sonata_2/2nd_no_repeat/xml_score.musicxml,Chopin/Sonata_2/2nd_no_repeat/Knoll10.mid,1.0,680,0,680,1,0,340,0,0,340,0,0,340,1,0,340,1,0,0.0,0.0,0.0
1,test,Chopin/Sonata_2/2nd_no_repeat/xml_score.musicxml,Chopin/Sonata_2/2nd_no_repeat/Knoll10.mid,2.0,680,0,680,1,0,340,0,0,340,0,0,340,1,0,340,1,0,0.0,0.0,0.0
1,train,Chopin/Sonata_3/2nd/xml_score.musicxml,Chopin/Sonata_3/2nd/GarritsonL09.mid,0.0,282,1,281,41,0,141,0,0,141,0,0,141,42,1,140,41,0,0.003546,0.02381,0.006173
1,train,Chopin/Sonata_3/2nd/xml_score.musicxml,Chopin/Sonata_3/2nd/GarritsonL09.mid,1.0,282,9,273,33,0,141,0,0,141,0,0,141,42,9,132,33,0,0.031915,0.214286,0.055556
1,train,Chopin/Sonata_3/2nd/xml_score.musicxml,Chopin/Sonata_3/2nd/GarritsonL09.mid,2.0,282,39,243,3,0,141,0,0,141,0,0,141,42,39,102,3,0,0.138298,0.928571,0.240741
1,train,Chopin/Sonata_3/2nd/xml_score.musicxml,Chopin/Sonata_3/2nd/HONG08.mid,0.0,270,0,270,42,0,135,0,0,135,0,0,135,42,0,135,42,0,0.0,0.0,0.0
1,train,Chopin/Sonata_3/2nd/xml_score.musicxml,Chopin/Sonata_3/2nd/HONG08.mid,1.0,270,0,270,42,0,135,0,0,135,0,0,135,42,0,135,42,0,0.0,0.0,0.0
1,train,Chopin/Sonata_3/2nd/xml_score.musicxml,Chopin/Sonata_3/2nd/HONG08.mid,2.0,270,19,251,23,3,135,0,0,135,0,3,135,42,19,116,23,0,0.07037,0.452381,0.121795
1,train,Chopin/Sonata_3/2nd/xml_score.musicxml,Chopin/Sonata_3/2nd/HuangSW04.mid,0.0,318,1,317,41,0,159,0,0,159,0,0,159,42,1,158,41,0,0.003145,0.02381,0.005556
1,train,Chopin/Sonata_3/2nd/xml_score.musicxml,Chopin/Sonata_3/2nd/HuangSW04.mid,1.0,318,15,303,27,5,159,0,0,159,0,5,159,42,15,144,27,0,0.04717,0.357143,0.083333
1,train,Chopin/Sonata_3/2nd/xml_score.musicxml,Chopin/Sonata_3/2nd/HuangSW04.mid,2.0,318,35,283,7,0,159,0,0,159,0,0,159,42,35,124,7,0,0.110063,0.833333,0.194444
1,train,Chopin/Sonata_3/2nd/xml_score.musicxml,Chopin/Sonata_3/2nd/Huangci06.mid,0.0,286,3,283,39,0,143,0,0,143,0,0,143,42,3,140,39,0,0.01049,0.071429,0.018293
1,train,Chopin/Sonata_3/2nd/xml_score.musicxml,Chopin/Sonata_3/2nd/Huangci06.mid,1.0,286,20,266,22,2,143,0,0,143,0,2,143,42,20,123,22,0,0.06993,0.47619,0.121951
1,train,Chopin/Sonata_3/2nd/xml_score.musicxml,Chopin/Sonata_3/2nd/Huangci06.mid,2.0,286,25,261,17,1,143,0,0,143,0,1,143,42,25,118,17,0,0.087413,0.595238,0.152439
1,train,Chopin/Sonata_3/2nd/xml_score.musicxml,Chopin/Sonata_3/2nd/KimSJ08.mid,0.0,308,3,305,39,0,154,0,0,154,0,0,154,42,3,151,39,0,0.00974,0.071429,0.017143
1,train,Chopin/Sonata_3/2nd/xml_score.musicxml,Chopin/Sonata_3/2nd/KimSJ08.mid,1.0,308,7,301,35,1,154,0,0,154,0,1,154,42,7,147,35,0,0.022727,0.166667,0.04
1,train,Chopin/Sonata_3/2nd/xml_score.musicxml,Chopin/Sonata_3/2nd/KimSJ08.mid,2.0,308,13,295,29,2,154,0,0,154,0,2,154,42,13,141,29,0,0.042208,0.309524,0.074286
1,train,Chopin/Sonata_3/2nd/xml_score.musicxml,Chopin/Sonata_3/2nd/KimSY21.mid,0.0,256,0,256,42,0,128,0,0,128,0,0,128,42,0,128,42,0,0.0,0.0,0.0
1,train,Chopin/Sonata_3/2nd/xml_score.musicxml,Chopin/Sonata_3/2nd/KimSY21.mid,1.0,256,8,248,34,1,128,0,0,128,0,1,128,42,8,120,34,0,0.03125,0.190476,0.053691
1,train,Chopin/Sonata_3/2nd/xml_score.musicxml,Chopin/Sonata_3/2nd/KimSY21.mid,2.0,256,40,216,2,0,128,0,0,128,0,0,128,42,40,88,2,0,0.15625,0.952381,0.268456
1,train,Chopin/Sonata_3/2nd/xml_score.musicxml,Chopin/Sonata_3/2nd/SCHU09.mid,0.0,234,0,234,42,0,117,0,0,117,0,0,117,42,0,117,42,0,0.0,0.0,0.0
1,train,Chopin/Sonata_3/2nd/xml_score.musicxml,Chopin/Sonata_3/2nd/SCHU09.mid,1.0,234,1,233,41,0,117,0,0,117,0,0,117,42,1,116,41,0,0.004274,0.02381,0.007246
1,train,Chopin/Sonata_3/2nd/xml_score.musicxml,Chopin/Sonata_3/2nd/SCHU09.mid,2.0,234,4,230,38,6,117,0,0,117,0,6,117,42,4,113,38,0,0.017094,0.095238,0.028986
1,train,Chopin/Sonata_3/2nd/xml_score.musicxml,Chopin/Sonata_3/2nd/Shybayeva07.mid,0.0,360,0,360,42,0,180,0,0,180,0,0,180,42,0,180,42,0,0.0,0.0,0.0
1,train,Chopin/Sonata_3/2nd/xml_score.musicxml,Chopin/Sonata_3/2nd/Shybayeva07.mid,1.0,360,2,358,40,9,180,0,0,180,0,9,180,42,2,178,40,0,0.005556,0.047619,0.00995
1,train,Chopin/Sonata_3/2nd/xml_score.musicxml,Chopin/Sonata_3/2nd/Shybayeva07.mid,2.0,360,30,330,12,0,180,0,0,180,0,0,180,42,30,150,12,0,0.083333,0.714286,0.149254
1,train,Chopin/Sonata_3/2nd/xml_score.musicxml,Chopin/Sonata_3/2nd/mikahailoff01.mid,0.0,262,2,260,40,0,131,0,0,131,0,0,131,42,2,129,40,0,0.007634,0.047619,0.013158
1,train,Chopin/Sonata_3/2nd/xml_score.musicxml,Chopin/Sonata_3/2nd/mikahailoff01.mid,1.0,262,27,235,15,0,131,0,0,131,0,0,131,42,27,104,15,0,0.103053,0.642857,0.177632
1,train,Chopin/Sonata_3/2nd/xml_score.musicxml,Chopin/Sonata_3/2nd/mikahailoff01.mid,2.0,262,34,228,8,1,131,0,0,131,0,1,131,42,34,97,8,0,0.129771,0.809524,0.223684
1,train,Chopin/Sonata_3/3rd/xml_score.musicxml,Chopin/Sonata_3/3rd/GarritsonL10.mid,0.0,546,10,536,10,0,273,8,6,267,2,1,273,12,4,269,8,0,0.018315,0.5,0.035336
1,train,Chopin/Sonata_3/3rd/xml_score.musicxml,Chopin/Sonata_3/3rd/GarritsonL10.mid,1.0,546,17,529,3,0,273,8,8,265,0,0,273,12,9,264,3,0,0.031136,0.85,0.060071
1,train,Chopin/Sonata_3/3rd/xml_score.musicxml,Chopin/Sonata_3/3rd/GarritsonL10.mid,2.0,546,20,526,0,0,273,8,8,265,0,0,273,12,12,261,0,0,0.03663,1.0,0.070671
1,train,Chopin/Sonata_3/3rd/xml_score.musicxml,Chopin/Sonata_3/3rd/HONG08.mid,0.0,478,5,473,15,0,239,8,2,237,6,1,239,12,3,236,9,2,0.01046,0.25,0.02008
1,train,Chopin/Sonata_3/3rd/xml_score.musicxml,Chopin/Sonata_3/3rd/HONG08.mid,1.0,478,19,459,1,1,239,8,8,231,0,1,239,12,11,228,1,0,0.039749,0.95,0.076305
1,train,Chopin/Sonata_3/3rd/xml_score.musicxml,Chopin/Sonata_3/3rd/HONG08.mid,2.0,478,20,458,0,0,239,8,8,231,0,0,239,12,12,227,0,0,0.041841,1.0,0.080321
1,train,Chopin/Sonata_3/3rd/xml_score.musicxml,Chopin/Sonata_3/3rd/HuangSW05.mid,0.0,486,5,481,15,0,243,8,3,240,5,3,243,12,2,241,10,2,0.010288,0.25,0.019763
1,train,Chopin/Sonata_3/3rd/xml_score.musicxml,Chopin/Sonata_3/3rd/HuangSW05.mid,1.0,486,17,469,3,2,243,8,8,235,0,2,243,12,9,234,3,0,0.034979,0.85,0.067194
1,train,Chopin/Sonata_3/3rd/xml_score.musicxml,Chopin/Sonata_3/3rd/HuangSW05.mid,2.0,486,20,466,0,0,243,8,8,235,0,0,243,12,12,231,0,0,0.041152,1.0,0.079051
1,train,Chopin/Sonata_3/3rd/xml_score.musicxml,Chopin/Sonata_3/3rd/Huangci06.mid,0.0,540,7,533,13,0,270,8,5,265,3,1,270,12,2,268,10,0,0.012963,0.35,0.025
1,train,Chopin/Sonata_3/3rd/xml_score.musicxml,Chopin/Sonata_3/3rd/Huangci06.mid,1.0,540,19,521,1,1,270,8,8,262,0,1,270,12,11,259,1,0,0.035185,0.95,0.067857
1,train,Chopin/Sonata_3/3rd/xml_score.musicxml,Chopin/Sonata_3/3rd/Huangci06.mid,2.0,540,20,520,0,0,270,8,8,262,0,0,270,12,12,258,0,0,0.037037,1.0,0.071429
1,train,Chopin/Sonata_3/3rd/xml_score.musicxml,Chopin/Sonata_3/3rd/KimSJ09.mid,0.0,470,5,465,15,0,235,8,3,232,5,1,235,12,2,233,10,1,0.010638,0.25,0.020408
1,train,Chopin/Sonata_3/3rd/xml_score.musicxml,Chopin/Sonata_3/3rd/KimSJ09.mid,1.0,470,16,454,4,0,235,8,8,227,0,0,235,12,8,227,4,0,0.034043,0.8,0.065306
1,train,Chopin/Sonata_3/3rd/xml_score.musicxml,Chopin/Sonata_3/3rd/KimSJ09.mid,2.0,470,19,451,1,1,235,8,8,227,0,1,235,12,11,224,1,0,0.040426,0.95,0.077551
1,train,Chopin/Sonata_3/3rd/xml_score.musicxml,Chopin/Sonata_3/3rd/KimSY22.mid,0.0,448,6,442,14,0,224,8,3,221,5,1,224,12,3,221,9,1,0.013393,0.3,0.025641
1,train,Chopin/Sonata_3/3rd/xml_score.musicxml,Chopin/Sonata_3/3rd/KimSY22.mid,1.0,448,19,429,1,0,224,8,8,216,0,0,224,12,11,213,1,0,0.042411,0.95,0.081197
1,train,Chopin/Sonata_3/3rd/xml_score.musicxml,Chopin/Sonata_3/3rd/KimSY22.mid,2.0,448,20,428,0,0,224,8,8,216,0,0,224,12,12,212,0,0,0.044643,1.0,0.08547
1,train,Chopin/Sonata_3/3rd/xml_score.musicxml,Chopin/Sonata_3/3rd/SCHU09.mid,0.0,450,5,445,15,0,225,8,2,223,6,0,225,12,3,222,9,1,0.011111,0.25,0.021277
1,train,Chopin/Sonata_3/3rd/xml_score.musicxml,Chopin/Sonata_3/3rd/SCHU09.mid,1.0,450,19,431,1,0,225,8,8,217,0,0,225,12,11,214,1,0,0.042222,0.95,0.080851
1,train,Chopin/Sonata_3/3rd/xml_score.musicxml,Chopin/Sonata_3/3rd/SCHU09.mid,2.0,450,20,430,0,0,225,8,8,217,0,0,225,12,12,213,0,0,0.044444,1.0,0.085106
1,train,Chopin/Sonata_3/3rd/xml_score.musicxml,Chopin/Sonata_3/3rd/Shybayeva07.mid,0.0,480,4,476,16,0,240,8,2,238,6,1,240,12,2,238,10,3,0.008333,0.2,0.016
1,train,Chopin/Sonata_3/3rd/xml_score.musicxml,Chopin/Sonata_3/3rd/Shybayeva07.mid,1.0,480,18,462,2,0,240,8,7,233,1,0,240,12,11,229,1,0,0.0375,0.9,0.072
1,train,Chopin/Sonata_3/3rd/xml_score.musicxml,Chopin/Sonata_3/3rd/Shybayeva07.mid,2.0,480,20,460,0,0,240,8,8,232,0,0,240,12,12,228,0,0,0.041667,1.0,0.08
1,train,Chopin/Sonata_3/3rd/xml_score.musicxml,Chopin/Sonata_3/3rd/mikahailoff01.mid,0.0,468,4,464,16,0,234,8,3,231,5,2,234,12,1,233,11,1,0.008547,0.2,0.016393
1,train,Chopin/Sonata_3/3rd/xml_score.musicxml,Chopin/Sonata_3/3rd/mikahailoff01.mid,1.0,468,17,451,3,1,234,8,8,226,0,1,234,12,9,225,3,0,0.036325,0.85,0.069672
1,train,Chopin/Sonata_3/3rd/xml_score.musicxml,Chopin/Sonata_3/3rd/mikahailoff01.mid,2.0,468,20,448,0,0,234,8,8,226,0,0,234,12,12,222,0,0,0.042735,1.0,0.081967
1,train,Chopin/Sonata_3/4th/xml_score.musicxml,Chopin/Sonata_3/4th/GarritsonL11M.mid,0.0,946,3,943,11,0,473,0,0,473,0,0,473,14,3,470,11,0,0.003171,0.214286,0.00625
1,train,Chopin/Sonata_3/4th/xml_score.musicxml,Chopin/Sonata_3/4th/GarritsonL11M.mid,1.0,946,8,938,6,4,473,0,0,473,0,4,473,14,8,465,6,0,0.008457,0.571429,0.016667
1,train,Chopin/Sonata_3/4th/xml_score.musicxml,Chopin/Sonata_3/4th/GarritsonL11M.mid,2.0,946,11,935,3,2,473,0,0,473,0,2,473,14,11,462,3,0,0.011628,0.785714,0.022917
1,train,Chopin/Sonata_3/4th/xml_score.musicxml,Chopin/Sonata_3/4th/HONG08.mid,0.0,816,4,812,10,0,408,0,0,408,0,0,408,14,4,404,10,0,0.004902,0.285714,0.009639
1,train,Chopin/Sonata_3/4th/xml_score.musicxml,Chopin/Sonata_3/4th/HONG08.mid,1.0,816,9,807,5,1,408,0,0,408,0,1,408,14,9,399,5,0,0.011029,0.642857,0.021687
1,train,Chopin/Sonata_3/4th/xml_score.musicxml,Chopin/Sonata_3/4th/HONG08.mid,2.0,816,11,805,3,0,408,0,0,408,0,0,408,14,11,397,3,0,0.01348,0.785714,0.026506
1,train,Chopin/Sonata_3/4th/xml_score.musicxml,Chopin/Sonata_3/4th/HuangSW06M.mid,0.0,884,2,882,12,0,442,0,0,442,0,1,442,14,2,440,12,0,0.002262,0.142857,0.004454
1,train,Chopin/Sonata_3/4th/xml_score.musicxml,Chopin/Sonata_3/4th/HuangSW06M.mid,1.0,884,11,873,3,0,442,0,0,442,0,0,442,14,11,431,3,0,0.012443,0.785714,0.024499
1,train,Chopin/Sonata_3/4th/xml_score.musicxml,Chopin/Sonata_3/4th/HuangSW06M.mid,2.0,884,12,872,2,1,442,0,0,442,0,1,442,14,12,430,2,0,0.013575,0.857143,0.026726
1,train,Chopin/Sonata_3/4th/xml_score.musicxml,Chopin/Sonata_3/4th/Huangci06.mid,0.0,838,2,836,12,0,419,0,0,419,0,0,419,14,2,417,12,0,0.002387,0.142857,0.004695
1,train,Chopin/Sonata_3/4th/xml_score.musicxml,Chopin/Sonata_3/4th/Huangci06.mid,1.0,838,9,829,5,0,419,0,0,419,0,0,419,14,9,410,5,0,0.01074,0.642857,0.021127
1,train,Chopin/Sonata_3/4th/xml_score.musicxml,Chopin/Sonata_3/4th/Huangci06.mid,2.0,838,11,827,3,2,419,0,0,419,0,2,419,14,11,408,3,0,0.013126,0.785714,0.025822
1,train,Chopin/Sonata_3/4th/xml_score.musicxml,Chopin/Sonata_3/4th/KimSJ10M.mid,0.0,824,0,824,14,0,412,0,0,412,0,1,412,14,0,412,14,0,0.0,0.0,0.0
1,train,Chopin/Sonata_3/4th/xml_score.musicxml,Chopin/Sonata_3/4th/KimSJ10M.mid,1.0,824,8,816,6,2,412,0,0,412,0,2,412,14,8,404,6,0,0.009709,0.571429,0.019093
1,train,Chopin/Sonata_3/4th/xml_score.musicxml,Chopin/Sonata_3/4th/KimSJ10M.mid,2.0,824,11,813,3,0,412,0,0,412,0,0,412,14,11,401,3,0,0.01335,0.785714,0.026253
1,train,Chopin/Sonata_3/4th/xml_score.musicxml,Chopin/Sonata_3/4th/KimSY23M.mid,0.0,906,1,905,13,0,453,0,0,453,0,2,453,14,1,452,13,0,0.001104,0.071429,0.002174
1,train,Chopin/Sonata_3/4th/xml_score.musicxml,Chopin/Sonata_3/4th/KimSY23M.mid,1.0,906,8,898,6,1,453,0,0,453,0,1,453,14,8,445,6,0,0.00883,0.571429,0.017391
1,train,Chopin/Sonata_3/4th/xml_score.musicxml,Chopin/Sonata_3/4th/KimSY23M.mid,2.0,906,10,896,4,1,453,0,0,453,0,1,453,14,10,443,4,0,0.011038,0.714286,0.021739
1,train,Chopin/Sonata_3/4th/xml_score.musicxml,Chopin/Sonata_3/4th/SCHU09.mid,0.0,858,2,856,12,0,429,0,0,429,0,2,429,14,2,427,12,0,0.002331,0.142857,0.004587
1,train,Chopin/Sonata_3/4th/xml_score.musicxml,Chopin/Sonata_3/4th/SCHU09.mid,1.0,858,8,850,6,2,429,0,0,429,0,2,429,14,8,421,6,0,0.009324,0.571429,0.018349
1,train,Chopin/Sonata_3/4th/xml_score.musicxml,Chopin/Sonata_3/4th/SCHU09.mid,2.0,858,10,848,4,1,429,0,0,429,0,1,429,14,10,419,4,0,0.011655,0.714286,0.022936
1,train,Chopin/Sonata_3/4th/xml_score.musicxml,Chopin/Sonata_3/4th/Shybayeva07.mid,0.0,1036,1,1035,13,0,518,0,0,518,0,0,518,14,1,517,13,0,0.000965,0.071429,0.001905
1,train,Chopin/Sonata_3/4th/xml_score.musicxml,Chopin/Sonata_3/4th/Shybayeva07.mid,1.0,1036,9,1027,5,1,518,0,0,518,0,1,518,14,9,509,5,0,0.008687,0.642857,0.017143
1,train,Chopin/Sonata_3/4th/xml_score.musicxml,Chopin/Sonata_3/4th/Shybayeva07.mid,2.0,1036,12,1024,2,1,518,0,0,518,0,1,518,14,12,506,2,0,0.011583,0.857143,0.022857
1,train,Chopin/Sonata_3/4th/xml_score.musicxml,Chopin/Sonata_3/4th/mikahailoff01.mid,0.0,922,3,919,11,0,461,0,0,461,0,2,461,14,3,458,11,0,0.003254,0.214286,0.00641
1,train,Chopin/Sonata_3/4th/xml_score.musicxml,Chopin/Sonata_3/4th/mikahailoff01.mid,1.0,922,9,913,5,2,461,0,0,461,0,2,461,14,9,452,5,0,0.009761,0.642857,0.019231
1,train,Chopin/Sonata_3/4th/xml_score.musicxml,Chopin/Sonata_3/4th/mikahailoff01.mid,2.0,922,12,910,2,0,461,0,0,461,0,0,461,14,12,449,2,0,0.013015,0.857143,0.025641
1,val,Debussy/Images_Book_1/1_Reflets_dans_lEau/xml_score.musicxml,Debussy/Images_Book_1/1_Reflets_dans_lEau/Kleisen11M.mid,0.0,162,1,161,9,0,81,5,0,81,5,0,81,5,1,80,4,0,0.006173,0.1,0.011628
1,val,Debussy/Images_Book_1/1_Reflets_dans_lEau/xml_score.musicxml,Debussy/Images_Book_1/1_Reflets_dans_lEau/Kleisen11M.mid,1.0,162,10,152,0,0,81,5,5,76,0,0,81,5,5,76,0,0,0.061728,1.0,0.116279
1,val,Debussy/Images_Book_1/1_Reflets_dans_lEau/xml_score.musicxml,Debussy/Images_Book_1/1_Reflets_dans_lEau/Kleisen11M.mid,2.0,162,10,152,0,0,81,5,5,76,0,0,81,5,5,76,0,0,0.061728,1.0,0.116279
1,val,Debussy/Images_Book_1/1_Reflets_dans_lEau/xml_score.musicxml,Debussy/Images_Book_1/1_Reflets_dans_lEau/ParkJH13M.mid,0.0,156,0,156,10,0,78,5,0,78,5,1,78,5,0,78,5,1,0.0,0.0,0.0
1,val,Debussy/Images_Book_1/1_Reflets_dans_lEau/xml_score.musicxml,Debussy/Images_Book_1/1_Reflets_dans_lEau/ParkJH13M.mid,1.0,156,5,151,5,1,78,5,2,76,3,0,78,5,3,75,2,1,0.032051,0.5,0.060241
1,val,Debussy/Images_Book_1/1_Reflets_dans_lEau/xml_score.musicxml,Debussy/Images_Book_1/1_Reflets_dans_lEau/ParkJH13M.mid,2.0,156,9,147,1,0,78,5,5,73,0,0,78,5,4,74,1,0,0.057692,0.9,0.108434
1,train,Liszt/Ballade_2/xml_score.musicxml,Liszt/Ballade_2/Broberg03.mid,0.0,216,0,216,34,0,108,17,0,108,17,1,108,17,0,108,17,1,0.0,0.0,0.0
1,train,Liszt/Ballade_2/xml_score.musicxml,Liszt/Ballade_2/Broberg03.mid,1.0,216,30,186,4,1,108,17,16,92,1,0,108,17,14,94,3,1,0.138889,0.882353,0.24
1,train,Liszt/Ballade_2/xml_score.musicxml,Liszt/Ballade_2/Broberg03.mid,2.0,216,31,185,3,2,108,17,16,92,1,1,108,17,15,93,2,1,0.143519,0.911765,0.248
1,train,Liszt/Ballade_2/xml_score.musicxml,Liszt/Ballade_2/GarritsonL04M.mid,0.0,284,2,282,32,0,142,17,1,141,16,0,142,17,1,141,16,0,0.007042,0.058824,0.012579
1,train,Liszt/Ballade_2/xml_score.musicxml,Liszt/Ballade_2/GarritsonL04M.mid,1.0,284,28,256,6,1,142,17,16,126,1,1,142,17,12,130,5,0,0.098592,0.823529,0.176101
1,train,Liszt/Ballade_2/xml_score.musicxml,Liszt/Ballade_2/GarritsonL04M.mid,2.0,284,33,251,1,0,142,17,17,125,0,0,142,17,16,126,1,0,0.116197,0.970588,0.207547
1,train,Liszt/Ballade_2/xml_score.musicxml,Liszt/Ballade_2/Jin07M.mid,0.0,212,6,206,28,0,106,17,5,101,12,0,106,17,1,105,16,0,0.028302,0.176471,0.04878
1,train,Liszt/Ballade_2/xml_score.musicxml,Liszt/Ballade_2/Jin07M.mid,1.0,212,31,181,3,0,106,17,17,89,0,0,106,17,14,92,3,0,0.146226,0.911765,0.252033
1,train,Liszt/Ballade_2/xml_score.musicxml,Liszt/Ballade_2/Jin07M.mid,2.0,212,31,181,3,0,106,17,17,89,0,0,106,17,14,92,3,0,0.146226,0.911765,0.252033
1,train,Liszt/Ballade_2/xml_score.musicxml,Liszt/Ballade_2/KIM_J04.mid,0.0,250,4,246,30,0,125,17,3,122,14,2,125,17,1,124,16,1,0.016,0.117647,0.028169
1,train,Liszt/Ballade_2/xml_score.musicxml,Liszt/Ballade_2/KIM_J04.mid,1.0,250,32,218,2,0,125,17,17,108,0,0,125,17,15,110,2,0,0.128,0.941176,0.225352
1,train,Liszt/Ballade_2/xml_score.musicxml,Liszt/Ballade_2/KIM_J04.mid,2.0,250,33,217,1,0,125,17,17,108,0,0,125,17,16,109,1,0,0.132,0.970588,0.232394
1,train,Liszt/Ballade_2/xml_score.musicxml,Liszt/Ballade_2/Min06M.mid,0.0,230,5,225,29,0,115,17,3,112,14,0,115,17,2,113,15,1,0.021739,0.147059,0.037879
1,train,Liszt/Ballade_2/xml_score.musicxml,Liszt/Ballade_2/Min06M.mid,1.0,230,32,198,2,0,115,17,17,98,0,0,115,17,15,100,2,0,0.13913,0.941176,0.242424
1,train,Liszt/Ballade_2/xml_score.musicxml,Liszt/Ballade_2/Min06M.mid,2.0,230,32,198,2,0,115,17,17,98,0,0,115,17,15,100,2,0,0.13913,0.941176,0.242424
1,train,Liszt/Ballade_2/xml_score.musicxml,Liszt/Ballade_2/Sham05.mid,0.0,258,5,253,29,0,129,17,1,128,16,0,129,17,4,125,13,0,0.01938,0.147059,0.034247
1,train,Liszt/Ballade_2/xml_score.musicxml,Liszt/Ballade_2/Sham05.mid,1.0,258,27,231,7,1,129,17,15,114,2,0,129,17,12,117,5,1,0.104651,0.794118,0.184932
1,train,Liszt/Ballade_2/xml_score.musicxml,Liszt/Ballade_2/Sham05.mid,2.0,258,27,231,7,2,129,17,15,114,2,1,129,17,12,117,5,1,0.104651,0.794118,0.184932
1,train,Liszt/Gran_Etudes_de_Paganini/2_La_campanella/xml_score.musicxml,Liszt/Gran_Etudes_de_Paganini/2_La_campanella/Albright04.mid,0.0,476,0,476,14,0,238,7,0,238,7,1,238,7,0,238,7,1,0.0,0.0,0.0
1,train,Liszt/Gran_Etudes_de_Paganini/2_La_campanella/xml_score.musicxml,Liszt/Gran_Etudes_de_Paganini/2_La_campanella/Albright04.mid,1.0,476,11,465,3,0,238,7,6,232,1,0,238,7,5,233,2,0,0.023109,0.785714,0.044898
1,train,Liszt/Gran_Etudes_de_Paganini/2_La_campanella/xml_score.musicxml,Liszt/Gran_Etudes_de_Paganini/2_La_campanella/Albright04.mid,2.0,476,12,464,2,0,238,7,6,232,1,0,238,7,6,232,1,0,0.02521,0.857143,0.04898
1,train,Liszt/Gran_Etudes_de_Paganini/2_La_campanella/xml_score.musicxml,Liszt/Gran_Etudes_de_Paganini/2_La_campanella/Ali03.mid,0.0,342,1,341,13,0,171,7,1,170,6,0,171,7,0,171,7,1,0.002924,0.071429,0.005618
1,train,Liszt/Gran_Etudes_de_Paganini/2_La_campanella/xml_score.musicxml,Liszt/Gran_Etudes_de_Paganini/2_La_campanella/Ali03.mid,1.0,342,10,332,4,0,171,7,6,165,1,0,171,7,4,167,3,0,0.02924,0.714286,0.05618
1,train,Liszt/Gran_Etudes_de_Paganini/2_La_campanella/xml_score.musicxml,Liszt/Gran_Etudes_de_Paganini/2_La_campanella/Ali03.mid,2.0,342,11,331,3,0,171,7,6,165,1,0,171,7,5,166,2,0,0.032164,0.785714,0.061798
1,train,Liszt/Gran_Etudes_de_Paganini/2_La_campanella/xml_score.musicxml,Liszt/Gran_Etudes_de_Paganini/2_La_campanella/Bogdanovitch02.mid,0.0,396,3,393,11,0,198,7,2,196,5,0,198,7,1,197,6,0,0.007576,0.214286,0.014634
1,train,Liszt/Gran_Etudes_de_Paganini/2_La_campanella/xml_score.musicxml,Liszt/Gran_Etudes_de_Paganini/2_La_campanella/Bogdanovitch02.mid,1.0,396,12,384,2,0,198,7,7,191,0,0,198,7,5,193,2,0,0.030303,0.857143,0.058537
1,train,Liszt/Gran_Etudes_de_Paganini/2_La_campanella/xml_score.musicxml,Liszt/Gran_Etudes_de_Paganini/2_La_campanella/Bogdanovitch02.mid,2.0,396,13,383,1,0,198,7,7,191,0,0,198,7,6,192,1,0,0.032828,0.928571,0.063415
1,train,Liszt/Gran_Etudes_de_Paganini/2_La_campanella/xml_score.musicxml,Liszt/Gran_Etudes_de_Paganini/2_La_campanella/BuiJL03M.mid,0.0,438,2,436,12,0,219,7,2,217,5,0,219,7,0,219,7,1,0.004566,0.142857,0.00885
1,train,Liszt/Gran_Etudes_de_Paganini/2_La_campanella/xml_score.musicxml,Liszt/Gran_Etudes_de_Paganini/2_La_campanella/BuiJL03M.mid,1.0,438,11,427,3,1,219,7,6,213,1,1,219,7,5,214,2,0,0.025114,0.785714,0.048673
1,train,Liszt/Gran_Etudes_de_Paganini/2_La_campanella/xml_score.musicxml,Liszt/Gran_Etudes_de_Paganini/2_La_campanella/BuiJL03M.mid,2.0,438,13,425,1,0,219,7,7,212,0,0,219,7,6,213,1,0,0.02968,0.928571,0.057522
1,train,Liszt/Gran_Etudes_de_Paganini/2_La_campanella/xml_score.musicxml,Liszt/Gran_Etudes_de_Paganini/2_La_campanella/FALIKS02_2004.mid,0.0,406,1,405,13,0,203,7,1,202,6,1,203,7,0,203,7,0,0.002463,0.071429,0.004762
1,train,Liszt/Gran_Etudes_de_Paganini/2_La_campanella/xml_score.musicxml,Liszt/Gran_Etudes_de_Paganini/2_La_campanella/FALIKS02_2004.mid,1.0,406,10,396,4,0,203,7,5,198,2,0,203,7,5,198,2,0,0.024631,0.714286,0.047619
1,train,Liszt/Gran_Etudes_de_Paganini/2_La_campanella/xml_score.musicxml,Liszt/Gran_Etudes_de_Paganini/2_La_campanella/FALIKS02_2004.mid,2.0,406,10,396,4,0,203,7,5,198,2,0,203,7,5,198,2,0,0.024631,0.714286,0.047619
1,train,Liszt/Gran_Etudes_de_Paganini/2_La_campanella/xml_score.musicxml,Liszt/Gran_Etudes_de_Paganini/2_La_campanella/Faliks02.mid,0.0,426,0,426,14,0,213,7,0,213,7,1,213,7,0,213,7,0,0.0,0.0,0.0
1,train,Liszt/Gran_Etudes_de_Paganini/2_La_campanella/xml_score.musicxml,Liszt/Gran_Etudes_de_Paganini/2_La_campanella/Faliks02.mid,1.0,426,11,415,3,0,213,7,6,207,1,0,213,7,5,208,2,0,0.025822,0.785714,0.05
1,train,Liszt/Gran_Etudes_de_Paganini/2_La_campanella/xml_score.musicxml,Liszt/Gran_Etudes_de_Paganini/2_La_campanella/Faliks02.mid,2.0,426,11,415,3,0,213,7,6,207,1,0,213,7,5,208,2,0,0.025822,0.785714,0.05
1,train,Liszt/Gran_Etudes_de_Paganini/2_La_campanella/xml_score.musicxml,Liszt/Gran_Etudes_de_Paganini/2_La_campanella/Faliks03.mid,0.0,446,0,446,14,0,223,7,0,223,7,1,223,7,0,223,7,0,0.0,0.0,0.0
1,train,Liszt/Gran_Etudes_de_Paganini/2_La_campanella/xml_score.musicxml,Liszt/Gran_Etudes_de_Paganini/2_La_campanella/Faliks03.mid,1.0,446,11,435,3,0,223,7,6,217,1,0,223,7,5,218,2,0,0.024664,0.785714,0.047826
1,train,Liszt/Gran_Etudes_de_Paganini/2_La_campanella/xml_score.musicxml,Liszt/Gran_Etudes_de_Paganini/2_La_campanella/Faliks03.mid,2.0,446,11,435,3,0,223,7,6,217,1,0,223,7,5,218,2,0,0.024664,0.785714,0.047826
1,train,Liszt/Gran_Etudes_de_Paganini/2_La_campanella/xml_score.musicxml,Liszt/Gran_Etudes_de_Paganini/2_La_campanella/Gasanov02.mid,0.0,430,1,429,13,0,215,7,1,214,6,0,215,7,0,215,7,0,0.002326,0.071429,0.004505
1,train,Liszt/Gran_Etudes_de_Paganini/2_La_campanella/xml_score.musicxml,Liszt/Gran_Etudes_de_Paganini/2_La_campanella/Gasanov02.mid,1.0,430,11,419,3,0,215,7,6,209,1,0,215,7,5,210,2,0,0.025581,0.785714,0.04955
1,train,Liszt/Gran_Etudes_de_Paganini/2_La_campanella/xml_score.musicxml,Liszt/Gran_Etudes_de_Paganini/2_La_campanella/Gasanov02.mid,2.0,430,11,419,3,0,215,7,6,209,1,0,215,7,5,210,2,0,0.025581,0.785714,0.04955
1,train,Liszt/Gran_Etudes_de_Paganini/2_La_campanella/xml_score.musicxml,Liszt/Gran_Etudes_de_Paganini/2_La_campanella/HUAN_J03.mid,0.0,458,1,457,13,0,229,7,1,228,6,2,229,7,0,229,7,0,0.002183,0.071429,0.004237
1,train,Liszt/Gran_Etudes_de_Paganini/2_La_campanella/xml_score.musicxml,Liszt/Gran_Etudes_de_Paganini/2_La_campanella/HUAN_J03.mid,1.0,458,12,446,2,0,229,7,6,223,1,0,229,7,6,223,1,0,0.026201,0.857143,0.050847
1,train,Liszt/Gran_Etudes_de_Paganini/2_La_campanella/xml_score.musicxml,Liszt/Gran_Etudes_de_Paganini/2_La_campanella/HUAN_J03.mid,2.0,458,13,445,1,0,229,7,7,222,0,0,229,7,6,223,1,0,0.028384,0.928571,0.055085
1,train,Liszt/Gran_Etudes_de_Paganini/2_La_campanella/xml_score.musicxml,Liszt/Gran_Etudes_de_Paganini/2_La_campanella/Hao03.mid,0.0,438,1,437,13,0,219,7,1,218,6,0,219,7,0,219,7,1,0.002283,0.071429,0.004425
1,train,Liszt/Gran_Etudes_de_Paganini/2_La_campanella/xml_score.musicxml,Liszt/Gran_Etudes_de_Paganini/2_La_campanella/Hao03.mid,1.0,438,11,427,3,0,219,7,6,213,1,0,219,7,5,214,2,0,0.025114,0.785714,0.048673
1,train,Liszt/Gran_Etudes_de_Paganini/2_La_campanella/xml_score.musicxml,Liszt/Gran_Etudes_de_Paganini/2_La_campanella/Hao03.mid,2.0,438,11,427,3,0,219,7,6,213,1,0,219,7,5,214,2,0,0.025114,0.785714,0.048673
1,train,Liszt/Gran_Etudes_de_Paganini/2_La_campanella/xml_score.musicxml,Liszt/Gran_Etudes_de_Paganini/2_La_campanella/KanM06.mid,0.0,450,0,450,14,0,225,7,0,225,7,1,225,7,0,225,7,0,0.0,0.0,0.0
1,train,Liszt/Gran_Etudes_de_Paganini/2_La_campanella/xml_score.musicxml,Liszt/Gran_Etudes_de_Paganini/2_La_campanella/KanM06.mid,1.0,450,11,439,3,0,225,7,6,219,1,0,225,7,5,220,2,0,0.024444,0.785714,0.047414
1,train,Liszt/Gran_Etudes_de_Paganini/2_La_campanella/xml_score.musicxml,Liszt/Gran_Etudes_de_Paganini/2_La_campanella/KanM06.mid,2.0,450,12,438,2,0,225,7,6,219,1,0,225,7,6,219,1,0,0.026667,0.857143,0.051724
1,train,Liszt/Gran_Etudes_de_Paganini/2_La_campanella/xml_score.musicxml,Liszt/Gran_Etudes_de_Paganini/2_La_campanella/Kolessova07.mid,0.0,322,1,321,13,0,161,7,1,160,6,0,161,7,0,161,7,0,0.003106,0.071429,0.005952
1,train,Liszt/Gran_Etudes_de_Paganini/2_La_campanella/xml_score.musicxml,Liszt/Gran_Etudes_de_Paganini/2_La_campanella/Kolessova07.mid,1.0,322,11,311,3,0,161,7,6,155,1,0,161,7,5,156,2,0,0.034161,0.785714,0.065476
1,train,Liszt/Gran_Etudes_de_Paganini/2_La_campanella/xml_score.musicxml,Liszt/Gran_Etudes_de_Paganini/2_La_campanella/Kolessova07.mid,2.0,322,11,311,3,0,161,7,6,155,1,0,161,7,5,156,2,0,0.034161,0.785714,0.065476
1,train,Liszt/Gran_Etudes_de_Paganini/2_La_campanella/xml_score.musicxml,Liszt/Gran_Etudes_de_Paganini/2_La_campanella/LeungR04M.mid,0.0,462,4,458,10,0,231,7,4,227,3,0,231,7,0,231,7,0,0.008658,0.285714,0.016807
1,train,Liszt/Gran_Etudes_de_Paganini/2_La_campanella/xml_score.musicxml,Liszt/Gran_Etudes_de_Paganini/2_La_campanella/LeungR04M.mid,1.0,462,9,453,5,0,231,7,6,225,1,0,231,7,3,228,4,0,0.019481,0.642857,0.037815
1,train,Liszt/Gran_Etudes_de_Paganini/2_La_campanella/xml_score.musicxml,Liszt/Gran_Etudes_de_Paganini/2_La_campanella/LeungR04M.mid,2.0,462,11,451,3,0,231,7,6,225,1,0,231,7,5,226,2,0,0.02381,0.785714,0.046218
1,train,Liszt/Gran_Etudes_de_Paganini/2_La_campanella/xml_score.musicxml,Liszt/Gran_Etudes_de_Paganini/2_La_campanella/Levitsky02.mid,0.0,312,1,311,13,0,156,7,1,155,6,1,156,7,0,156,7,0,0.003205,0.071429,0.006135
1,train,Liszt/Gran_Etudes_de_Paganini/2_La_campanella/xml_score.musicxml,Liszt/Gran_Etudes_de_Paganini/2_La_campanella/Levitsky02.mid,1.0,312,5,307,9,1,156,7,3,153,4,0,156,7,2,154,5,1,0.016026,0.357143,0.030675
1,train,Liszt/Gran_Etudes_de_Paganini/2_La_campanella/xml_score.musicxml,Liszt/Gran_Etudes_de_Paganini/2_La_campanella/Levitsky02.mid,2.0,312,6,306,8,0,156,7,4,152,3,0,156,7,2,154,5,0,0.019231,0.428571,0.03681
1,train,Liszt/Gran_Etudes_de_Paganini/2_La_campanella/xml_score.musicxml,Liszt/Gran_Etudes_de_Paganini/2_La_campanella/Levitsky06M.mid,0.0,294,2,292,12,0,147,7,2,145,5,0,147,7,0,147,7,0,0.006803,0.142857,0.012987
1,train,Liszt/Gran_Etudes_de_Paganini/2_La_campanella/xml_score.musicxml,Liszt/Gran_Etudes_de_Paganini/2_La_campanella/Levitsky06M.mid,1.0,294,8,286,6,0,147,7,5,142,2,0,147,7,3,144,4,0,0.027211,0.571429,0.051948
1,train,Liszt/Gran_Etudes_de_Paganini/2_La_campanella/xml_score.musicxml,Liszt/Gran_Etudes_de_Paganini/2_La_campanella/Levitsky06M.mid,2.0,294,9,285,5,0,147,7,6,141,1,0,147,7,3,144,4,0,0.030612,0.642857,0.058442
1,train,Liszt/Gran_Etudes_de_Paganini/2_La_campanella/xml_score.musicxml,Liszt/Gran_Etudes_de_Paganini/2_La_campanella/Lin02.mid,0.0,482,1,481,13,0,241,7,1,240,6,0,241,7,0,241,7,1,0.002075,0.071429,0.004032
1,train,Liszt/Gran_Etudes_de_Paganini/2_La_campanella/xml_score.musicxml,Liszt/Gran_Etudes_de_Paganini/2_La_campanella/Lin02.mid,1.0,482,11,471,3,0,241,7,6,235,1,0,241,7,5,236,2,0,0.022822,0.785714,0.044355
1,train,Liszt/Gran_Etudes_de_Paganini/2_La_campanella/xml_score.musicxml,Liszt/Gran_Etudes_de_Paganini/2_La_campanella/Lin02.mid,2.0,482,11,471,3,0,241,7,6,235,1,0,241,7,5,236,2,0,0.022822,0.785714,0.044355
1,train,Liszt/Gran_Etudes_de_Paganini/2_La_campanella/xml_score.musicxml,Liszt/Gran_Etudes_de_Paganini/2_La_campanella/Lin07M.mid,0.0,504,2,502,12,0,252,7,2,250,5,0,252,7,0,252,7,0,0.003968,0.142857,0.007722
1,train,Liszt/Gran_Etudes_de_Paganini/2_La_campanella/xml_score.musicxml,Liszt/Gran_Etudes_de_Paganini/2_La_campanella/Lin07M.mid,1.0,504,11,493,3,0,252,7,6,246,1,0,252,7,5,247,2,0,0.021825,0.785714,0.042471
1,train,Liszt/Gran_Etudes_de_Paganini/2_La_campanella/xml_score.musicxml,Liszt/Gran_Etudes_de_Paganini/2_La_campanella/Lin07M.mid,2.0,504,11,493,3,0,252,7,6,246,1,0,252,7,5,247,2,0,0.021825,0.785714,0.042471
1,train,Liszt/Gran_Etudes_de_Paganini/2_La_campanella/xml_score.musicxml,Liszt/Gran_Etudes_de_Paganini/2_La_campanella/LiuC05M.mid,0.0,466,1,465,13,0,233,7,1,232,6,0,233,7,0,233,7,0,0.002146,0.071429,0.004167
1,train,Liszt/Gran_Etudes_de_Paganini/2_La_campanella/xml_score.musicxml,Liszt/Gran_Etudes_de_Paganini/2_La_campanella/LiuC05M.mid,1.0,466,11,455,3,0,233,7,6,227,1,0,233,7,5,228,2,0,0.023605,0.785714,0.045833
1,train,Liszt/Gran_Etudes_de_Paganini/2_La_campanella/xml_score.musicxml,Liszt/Gran_Etudes_de_Paganini/2_La_campanella/LiuC05M.mid,2.0,466,11,455,3,0,233,7,6,227,1,0,233,7,5,228,2,0,0.023605,0.785714,0.045833
1,train,Liszt/Gran_Etudes_de_Paganini/2_La_campanella/xml_score.musicxml,Liszt/Gran_Etudes_de_Paganini/2_La_campanella/LiuY03M.mid,0.0,416,0,416,14,0,208,7,0,208,7,1,208,7,0,208,7,1,0.0,0.0,0.0
1,train,Liszt/Gran_Etudes_de_Paganini/2_La_campanella/xml_score.musicxml,Liszt/Gran_Etudes_de_Paganini/2_La_campanella/LiuY03M.mid,1.0,416,11,405,3,0,208,7,6,202,1,0,208,7,5,203,2,0,0.026442,0.785714,0.051163
1,train,Liszt/Gran_Etudes_de_Paganini/2_La_campanella/xml_score.musicxml,Liszt/Gran_Etudes_de_Paganini/2_La_campanella/LiuY03M.mid,2.0,416,12,404,2,0,208,7,6,202,1,0,208,7,6,202,1,0,0.028846,0.857143,0.055814
1,train,Liszt/Gran_Etudes_de_Paganini/2_La_campanella/xml_score.musicxml,Liszt/Gran_Etudes_de_Paganini/2_La_campanella/MunA08M.mid,0.0,414,1,413,13,0,207,7,1,206,6,0,207,7,0,207,7,1,0.002415,0.071429,0.004673
1,train,Liszt/Gran_Etudes_de_Paganini/2_La_campanella/xml_score.musicxml,Liszt/Gran_Etudes_de_Paganini/2_La_campanella/MunA08M.mid,1.0,414,10,404,4,0,207,7,6,201,1,0,207,7,4,203,3,0,0.024155,0.714286,0.046729
1,train,Liszt/Gran_Etudes_de_Paganini/2_La_campanella/xml_score.musicxml,Liszt/Gran_Etudes_de_Paganini/2_La_campanella/MunA08M.mid,2.0,414,11,403,3,0,207,7,6,201,1,0,207,7,5,202,2,0,0.02657,0.785714,0.051402
1,train,Liszt/Gran_Etudes_de_Paganini/2_La_campanella/xml_score.musicxml,Liszt/Gran_Etudes_de_Paganini/2_La_campanella/SEBAST02.mid,0.0,356,1,355,13,0,178,7,1,177,6,0,178,7,0,178,7,0,0.002809,0.071429,0.005405
1,train,Liszt/Gran_Etudes_de_Paganini/2_La_campanella/xml_score.musicxml,Liszt/Gran_Etudes_de_Paganini/2_La_campanella/SEBAST02.mid,1.0,356,11,345,3,0,178,7,6,172,1,0,178,7,5,173,2,0,0.030899,0.785714,0.059459
1,train,Liszt/Gran_Etudes_de_Paganini/2_La_campanella/xml_score.musicxml,Liszt/Gran_Etudes_de_Paganini/2_La_campanella/SEBAST02.mid,2.0,356,12,344,2,0,178,7,6,172,1,0,178,7,6,172,1,0,0.033708,0.857143,0.064865
1,train,Liszt/Gran_Etudes_de_Paganini/2_La_campanella/xml_score.musicxml,Liszt/Gran_Etudes_de_Paganini/2_La_campanella/Seredenko02.mid,0.0,570,2,568,12,0,285,7,1,284,6,2,285,7,1,284,6,0,0.003509,0.142857,0.006849
1,train,Liszt/Gran_Etudes_de_Paganini/2_La_campanella/xml_score.musicxml,Liszt/Gran_Etudes_de_Paganini/2_La_campanella/Seredenko02.mid,1.0,570,11,559,3,0,285,7,6,279,1,0,285,7,5,280,2,0,0.019298,0.785714,0.037671
1,train,Liszt/Gran_Etudes_de_Paganini/2_La_campanella/xml_score.musicxml,Liszt/Gran_Etudes_de_Paganini/2_La_campanella/Seredenko02.mid,2.0,570,12,558,2,0,285,7,6,279,1,0,285,7,6,279,1,0,0.021053,0.857143,0.041096
1,train,Liszt/Gran_Etudes_de_Paganini/2_La_campanella/xml_score.musicxml,Liszt/Gran_Etudes_de_Paganini/2_La_campanella/Sychev03.mid,0.0,376,1,375,13,0,188,7,1,187,6,0,188,7,0,188,7,1,0.00266,0.071429,0.005128
1,train,Liszt/Gran_Etudes_de_Paganini/2_La_campanella/xml_score.musicxml,Liszt/Gran_Etudes_de_Paganini/2_La_campanella/Sychev03.mid,1.0,376,11,365,3,0,188,7,6,182,1,0,188,7,5,183,2,0,0.029255,0.785714,0.05641
1,train,Liszt/Gran_Etudes_de_Paganini/2_La_campanella/xml_score.musicxml,Liszt/Gran_Etudes_de_Paganini/2_La_campanella/Sychev03.mid,2.0,376,12,364,2,0,188,7,6,182,1,0,188,7,6,182,1,0,0.031915,0.857143,0.061538
1,train,Liszt/Gran_Etudes_de_Paganini/2_La_campanella/xml_score.musicxml,Liszt/Gran_Etudes_de_Paganini/2_La_campanella/TET03.mid,0.0,504,3,501,11,0,252,7,3,249,4,0,252,7,0,252,7,0,0.005952,0.214286,0.011583
1,train,Liszt/Gran_Etudes_de_Paganini/2_La_campanella/xml_score.musicxml,Liszt/Gran_Etudes_de_Paganini/2_La_campanella/TET03.mid,1.0,504,11,493,3,0,252,7,6,246,1,0,252,7,5,247,2,0,0.021825,0.785714,0.042471
1,train,Liszt/Gran_Etudes_de_Paganini/2_La_campanella/xml_score.musicxml,Liszt/Gran_Etudes_de_Paganini/2_La_campanella/TET03.mid,2.0,504,12,492,2,0,252,7,6,246,1,0,252,7,6,246,1,0,0.02381,0.857143,0.046332
1,train,Liszt/Gran_Etudes_de_Paganini/2_La_campanella/xml_score.musicxml,Liszt/Gran_Etudes_de_Paganini/2_La_campanella/VuV06M.mid,0.0,450,3,447,11,0,225,7,3,222,4,1,225,7,0,225,7,0,0.006667,0.214286,0.012931
1,train,Liszt/Gran_Etudes_de_Paganini/2_La_campanella/xml_score.musicxml,Liszt/Gran_Etudes_de_Paganini/2_La_campanella/VuV06M.mid,1.0,450,10,440,4,0,225,7,6,219,1,0,225,7,4,221,3,0,0.022222,0.714286,0.043103
1,train,Liszt/Gran_Etudes_de_Paganini/2_La_campanella/xml_score.musicxml,Liszt/Gran_Etudes_de_Paganini/2_La_campanella/VuV06M.mid,2.0,450,12,438,2,0,225,7,6,219,1,0,225,7,6,219,1,0,0.026667,0.857143,0.051724
1,train,Liszt/Gran_Etudes_de_Paganini/2_La_campanella/xml_score.musicxml,Liszt/Gran_Etudes_de_Paganini/2_La_campanella/Yang05M.mid,0.0,368,1,367,13,0,184,7,1,183,6,0,184,7,0,184,7,0,0.002717,0.071429,0.005236
1,train,Liszt/Gran_Etudes_de_Paganini/2_La_campanella/xml_score.musicxml,Liszt/Gran_Etudes_de_Paganini/2_La_campanella/Yang05M.mid,1.0,368,11,357,3,0,184,7,6,178,1,0,184,7,5,179,2,0,0.029891,0.785714,0.057592
1,train,Liszt/Gran_Etudes_de_Paganini/2_La_campanella/xml_score.musicxml,Liszt/Gran_Etudes_de_Paganini/2_La_campanella/Yang05M.mid,2.0,368,11,357,3,0,184,7,6,178,1,0,184,7,5,179,2,0,0.029891,0.785714,0.057592
1,train,Liszt/Gran_Etudes_de_Paganini/2_La_campanella/xml_score.musicxml,Liszt/Gran_Etudes_de_Paganini/2_La_campanella/Yoon02.mid,0.0,442,1,441,13,0,221,7,1,220,6,1,221,7,0,221,7,0,0.002262,0.071429,0.004386
1,train,Liszt/Gran_Etudes_de_Paganini/2_La_campanella/xml_score.musicxml,Liszt/Gran_Etudes_de_Paganini/2_La_campanella/Yoon02.mid,1.0,442,11,431,3,0,221,7,6,215,1,0,221,7,5,216,2,0,0.024887,0.785714,0.048246
1,train,Liszt/Gran_Etudes_de_Paganini/2_La_campanella/xml_score.musicxml,Liszt/Gran_Etudes_de_Paganini/2_La_campanella/Yoon02.mid,2.0,442,11,431,3,0,221,7,6,215,1,0,221,7,5,216,2,0,0.024887,0.785714,0.048246
1,train,Liszt/Gran_Etudes_de_Paganini/2_La_campanella/xml_score.musicxml,Liszt/Gran_Etudes_de_Paganini/2_La_campanella/ZhangH02.mid,0.0,336,0,336,14,0,168,7,0,168,7,1,168,7,0,168,7,1,0.0,0.0,0.0
1,train,Liszt/Gran_Etudes_de_Paganini/2_La_campanella/xml_score.musicxml,Liszt/Gran_Etudes_de_Paganini/2_La_campanella/ZhangH02.mid,1.0,336,11,325,3,0,168,7,6,162,1,0,168,7,5,163,2,0,0.032738,0.785714,0.062857
1,train,Liszt/Gran_Etudes_de_Paganini/2_La_campanella/xml_score.musicxml,Liszt/Gran_Etudes_de_Paganini/2_La_campanella/ZhangH02.mid,2.0,336,11,325,3,0,168,7,6,162,1,0,168,7,5,163,2,0,0.032738,0.785714,0.062857
1,train,Liszt/Gran_Etudes_de_Paganini/2_La_campanella/xml_score.musicxml,Liszt/Gran_Etudes_de_Paganini/2_La_campanella/ZhangH07M.mid,0.0,308,4,304,10,0,154,7,3,151,4,1,154,7,1,153,6,1,0.012987,0.285714,0.024845
1,train,Liszt/Gran_Etudes_de_Paganini/2_La_campanella/xml_score.musicxml,Liszt/Gran_Etudes_de_Paganini/2_La_campanella/ZhangH07M.mid,1.0,308,12,296,2,0,154,7,7,147,0,0,154,7,5,149,2,0,0.038961,0.857143,0.074534
1,train,Liszt/Gran_Etudes_de_Paganini/2_La_campanella/xml_score.musicxml,Liszt/Gran_Etudes_de_Paganini/2_La_campanella/ZhangH07M.mid,2.0,308,13,295,1,0,154,7,7,147,0,0,154,7,6,148,1,0,0.042208,0.928571,0.080745
1,val,Liszt/Transcendental_Etudes/10/xml_score.musicxml,Liszt/Transcendental_Etudes/10/CaoJ03M.mid,0.0,142,2,140,8,0,71,5,2,69,3,0,71,5,0,71,5,0,0.014085,0.2,0.026316
1,val,Liszt/Transcendental_Etudes/10/xml_score.musicxml,Liszt/Transcendental_Etudes/10/CaoJ03M.mid,1.0,142,9,133,1,0,71,5,5,66,0,0,71,5,4,67,1,0,0.06338,0.9,0.118421
1,val,Liszt/Transcendental_Etudes/10/xml_score.musicxml,Liszt/Transcendental_Etudes/10/CaoJ03M.mid,2.0,142,10,132,0,0,71,5,5,66,0,0,71,5,5,66,0,0,0.070423,1.0,0.131579
1,val,Liszt/Transcendental_Etudes/10/xml_score.musicxml,Liszt/Transcendental_Etudes/10/Goldberg02.mid,0.0,146,3,143,7,0,73,5,3,70,2,0,73,5,0,73,5,0,0.020548,0.3,0.038462
1,val,Liszt/Transcendental_Etudes/10/xml_score.musicxml,Liszt/Transcendental_Etudes/10/Goldberg02.mid,1.0,146,9,137,1,0,73,5,5,68,0,0,73,5,4,69,1,0,0.061644,0.9,0.115385
1,val,Liszt/Transcendental_Etudes/10/xml_score.musicxml,Liszt/Transcendental_Etudes/10/Goldberg02.mid,2.0,146,10,136,0,0,73,5,5,68,0,0,73,5,5,68,0,0,0.068493,1.0,0.128205
1,val,Liszt/Transcendental_Etudes/10/xml_score.musicxml,Liszt/Transcendental_Etudes/10/HAGINO03.mid,0.0,144,1,143,9,0,72,5,1,71,4,0,72,5,0,72,5,0,0.006944,0.1,0.012987
1,val,Liszt/Transcendental_Etudes/10/xml_score.musicxml,Liszt/Transcendental_Etudes/10/HAGINO03.mid,1.0,144,9,135,1,0,72,5,5,67,0,0,72,5,4,68,1,0,0.0625,0.9,0.116883
1,val,Liszt/Transcendental_Etudes/10/xml_score.musicxml,Liszt/Transcendental_Etudes/10/HAGINO03.mid,2.0,144,10,134,0,0,72,5,5,67,0,0,72,5,5,67,0,0,0.069444,1.0,0.12987
1,val,Liszt/Transcendental_Etudes/10/xml_score.musicxml,Liszt/Transcendental_Etudes/10/Huang17M.mid,0.0,120,4,116,6,0,60,5,4,56,1,0,60,5,0,60,5,0,0.033333,0.4,0.061538
1,val,Liszt/Transcendental_Etudes/10/xml_score.musicxml,Liszt/Transcendental_Etudes/10/Huang17M.mid,1.0,120,9,111,1,0,60,5,5,55,0,0,60,5,4,56,1,0,0.075,0.9,0.138462
1,val,Liszt/Transcendental_Etudes/10/xml_score.musicxml,Liszt/Transcendental_Etudes/10/Huang17M.mid,2.0,120,10,110,0,0,60,5,5,55,0,0,60,5,5,55,0,0,0.083333,1.0,0.153846
1,val,Liszt/Transcendental_Etudes/10/xml_score.musicxml,Liszt/Transcendental_Etudes/10/Hwang03.mid,0.0,136,4,132,6,0,68,5,4,64,1,0,68,5,0,68,5,0,0.029412,0.4,0.054795
1,val,Liszt/Transcendental_Etudes/10/xml_score.musicxml,Liszt/Transcendental_Etudes/10/Hwang03.mid,1.0,136,9,127,1,0,68,5,5,63,0,0,68,5,4,64,1,0,0.066176,0.9,0.123288
1,val,Liszt/Transcendental_Etudes/10/xml_score.musicxml,Liszt/Transcendental_Etudes/10/Hwang03.mid,2.0,136,10,126,0,0,68,5,5,63,0,0,68,5,5,63,0,0,0.073529,1.0,0.136986
1,val,Liszt/Transcendental_Etudes/10/xml_score.musicxml,Liszt/Transcendental_Etudes/10/Kim02.mid,0.0,126,2,124,8,0,63,5,2,61,3,0,63,5,0,63,5,0,0.015873,0.2,0.029412
1,val,Liszt/Transcendental_Etudes/10/xml_score.musicxml,Liszt/Transcendental_Etudes/10/Kim02.mid,1.0,126,7,119,3,0,63,5,4,59,1,0,63,5,3,60,2,0,0.055556,0.7,0.102941
1,val,Liszt/Transcendental_Etudes/10/xml_score.musicxml,Liszt/Transcendental_Etudes/10/Kim02.mid,2.0,126,9,117,1,0,63,5,5,58,0,0,63,5,4,59,1,0,0.071429,0.9,0.132353
1,val,Liszt/Transcendental_Etudes/10/xml_score.musicxml,Liszt/Transcendental_Etudes/10/Ladid02.mid,0.0,120,4,116,6,0,60,5,4,56,1,0,60,5,0,60,5,0,0.033333,0.4,0.061538
1,val,Liszt/Transcendental_Etudes/10/xml_score.musicxml,Liszt/Transcendental_Etudes/10/Ladid02.mid,1.0,120,9,111,1,0,60,5,5,55,0,0,60,5,4,56,1,0,0.075,0.9,0.138462
1,val,Liszt/Transcendental_Etudes/10/xml_score.musicxml,Liszt/Transcendental_Etudes/10/Ladid02.mid,2.0,120,10,110,0,0,60,5,5,55,0,0,60,5,5,55,0,0,0.083333,1.0,0.153846
1,val,Liszt/Transcendental_Etudes/10/xml_score.musicxml,Liszt/Transcendental_Etudes/10/LeungM06M.mid,0.0,140,1,139,9,0,70,5,1,69,4,0,70,5,0,70,5,0,0.007143,0.1,0.013333
1,val,Liszt/Transcendental_Etudes/10/xml_score.musicxml,Liszt/Transcendental_Etudes/10/LeungM06M.mid,1.0,140,9,131,1,0,70,5,5,65,0,0,70,5,4,66,1,0,0.064286,0.9,0.12
1,val,Liszt/Transcendental_Etudes/10/xml_score.musicxml,Liszt/Transcendental_Etudes/10/LeungM06M.mid,2.0,140,10,130,0,0,70,5,5,65,0,0,70,5,5,65,0,0,0.071429,1.0,0.133333
1,val,Liszt/Transcendental_Etudes/10/xml_score.musicxml,Liszt/Transcendental_Etudes/10/MCVEY02.mid,0.0,132,2,130,8,0,66,5,2,64,3,0,66,5,0,66,5,0,0.015152,0.2,0.028169
1,val,Liszt/Transcendental_Etudes/10/xml_score.musicxml,Liszt/Transcendental_Etudes/10/MCVEY02.mid,1.0,132,9,123,1,0,66,5,5,61,0,0,66,5,4,62,1,0,0.068182,0.9,0.126761
1,val,Liszt/Transcendental_Etudes/10/xml_score.musicxml,Liszt/Transcendental_Etudes/10/MCVEY02.mid,2.0,132,10,122,0,0,66,5,5,61,0,0,66,5,5,61,0,0,0.075758,1.0,0.140845
1,val,Liszt/Transcendental_Etudes/10/xml_score.musicxml,Liszt/Transcendental_Etudes/10/MorozovY03.mid,0.0,140,1,139,9,0,70,5,1,69,4,0,70,5,0,70,5,0,0.007143,0.1,0.013333
1,val,Liszt/Transcendental_Etudes/10/xml_score.musicxml,Liszt/Transcendental_Etudes/10/MorozovY03.mid,1.0,140,9,131,1,0,70,5,5,65,0,0,70,5,4,66,1,0,0.064286,0.9,0.12
1,val,Liszt/Transcendental_Etudes/10/xml_score.musicxml,Liszt/Transcendental_Etudes/10/MorozovY03.mid,2.0,140,10,130,0,0,70,5,5,65,0,0,70,5,5,65,0,0,0.071429,1.0,0.133333
1,val,Liszt/Transcendental_Etudes/10/xml_score.musicxml,Liszt/Transcendental_Etudes/10/Qin03.mid,0.0,106,2,104,8,0,53,5,2,51,3,0,53,5,0,53,5,0,0.018868,0.2,0.034483
1,val,Liszt/Transcendental_Etudes/10/xml_score.musicxml,Liszt/Transcendental_Etudes/10/Qin03.mid,1.0,106,9,97,1,0,53,5,5,48,0,0,53,5,4,49,1,0,0.084906,0.9,0.155172
1,val,Liszt/Transcendental_Etudes/10/xml_score.musicxml,Liszt/Transcendental_Etudes/10/Qin03.mid,2.0,106,10,96,0,0,53,5,5,48,0,0,53,5,5,48,0,0,0.09434,1.0,0.172414
1,val,Liszt/Transcendental_Etudes/10/xml_score.musicxml,Liszt/Transcendental_Etudes/10/SUDBIN02.mid,0.0,114,0,114,10,0,57,5,0,57,5,0,57,5,0,57,5,0,0.0,0.0,0.0
1,val,Liszt/Transcendental_Etudes/10/xml_score.musicxml,Liszt/Transcendental_Etudes/10/SUDBIN02.mid,1.0,114,9,105,1,0,57,5,5,52,0,0,57,5,4,53,1,0,0.078947,0.9,0.145161
1,val,Liszt/Transcendental_Etudes/10/xml_score.musicxml,Liszt/Transcendental_Etudes/10/SUDBIN02.mid,2.0,114,10,104,0,0,57,5,5,52,0,0,57,5,5,52,0,0,0.087719,1.0,0.16129
1,val,Liszt/Transcendental_Etudes/10/xml_score.musicxml,Liszt/Transcendental_Etudes/10/Shamray02.mid,0.0,118,1,117,9,0,59,5,1,58,4,0,59,5,0,59,5,0,0.008475,0.1,0.015625
1,val,Liszt/Transcendental_Etudes/10/xml_score.musicxml,Liszt/Transcendental_Etudes/10/Shamray02.mid,1.0,118,9,109,1,0,59,5,5,54,0,0,59,5,4,55,1,0,0.076271,0.9,0.140625
1,val,Liszt/Transcendental_Etudes/10/xml_score.musicxml,Liszt/Transcendental_Etudes/10/Shamray02.mid,2.0,118,10,108,0,0,59,5,5,54,0,0,59,5,5,54,0,0,0.084746,1.0,0.15625
1,val,Liszt/Transcendental_Etudes/10/xml_score.musicxml,Liszt/Transcendental_Etudes/10/Tran02.mid,0.0,144,0,144,10,0,72,5,0,72,5,0,72,5,0,72,5,0,0.0,0.0,0.0
1,val,Liszt/Transcendental_Etudes/10/xml_score.musicxml,Liszt/Transcendental_Etudes/10/Tran02.mid,1.0,144,9,135,1,0,72,5,5,67,0,0,72,5,4,68,1,0,0.0625,0.9,0.116883
1,val,Liszt/Transcendental_Etudes/10/xml_score.musicxml,Liszt/Transcendental_Etudes/10/Tran02.mid,2.0,144,10,134,0,0,72,5,5,67,0,0,72,5,5,67,0,0,0.069444,1.0,0.12987
1,val,Liszt/Transcendental_Etudes/10/xml_score.musicxml,Liszt/Transcendental_Etudes/10/Uiasiuk03.mid,0.0,124,2,122,8,0,62,5,2,60,3,0,62,5,0,62,5,0,0.016129,0.2,0.029851
1,val,Liszt/Transcendental_Etudes/10/xml_score.musicxml,Liszt/Transcendental_Etudes/10/Uiasiuk03.mid,1.0,124,9,115,1,0,62,5,5,57,0,0,62,5,4,58,1,0,0.072581,0.9,0.134328
1,val,Liszt/Transcendental_Etudes/10/xml_score.musicxml,Liszt/Transcendental_Etudes/10/Uiasiuk03.mid,2.0,124,10,114,0,0,62,5,5,57,0,0,62,5,5,57,0,0,0.080645,1.0,0.149254
1,val,Liszt/Transcendental_Etudes/10/xml_score.musicxml,Liszt/Transcendental_Etudes/10/Yeletskiy03.mid,0.0,106,2,104,8,0,53,5,2,51,3,0,53,5,0,53,5,0,0.018868,0.2,0.034483
1,val,Liszt/Transcendental_Etudes/10/xml_score.musicxml,Liszt/Transcendental_Etudes/10/Yeletskiy03.mid,1.0,106,9,97,1,0,53,5,5,48,0,0,53,5,4,49,1,0,0.084906,0.9,0.155172
1,val,Liszt/Transcendental_Etudes/10/xml_score.musicxml,Liszt/Transcendental_Etudes/10/Yeletskiy03.mid,2.0,106,10,96,0,0,53,5,5,48,0,0,53,5,5,48,0,0,0.09434,1.0,0.172414
1,test,Liszt/Transcendental_Etudes/5/xml_score.musicxml,Liszt/Transcendental_Etudes/5/Gryaznov02.mid,0.0,194,5,189,5,0,97,5,4,93,1,1,97,5,1,96,4,1,0.025773,0.5,0.04902
1,test,Liszt/Transcendental_Etudes/5/xml_score.musicxml,Liszt/Transcendental_Etudes/5/Gryaznov02.mid,1.0,194,10,184,0,0,97,5,5,92,0,0,97,5,5,92,0,0,0.051546,1.0,0.098039
1,test,Liszt/Transcendental_Etudes/5/xml_score.musicxml,Liszt/Transcendental_Etudes/5/Gryaznov02.mid,2.0,194,10,184,0,0,97,5,5,92,0,0,97,5,5,92,0,0,0.051546,1.0,0.098039
1,test,Liszt/Transcendental_Etudes/5/xml_score.musicxml,Liszt/Transcendental_Etudes/5/HUAN_B03.mid,0.0,290,4,286,6,0,145,5,4,141,1,0,145,5,0,145,5,1,0.013793,0.4,0.026667
1,test,Liszt/Transcendental_Etudes/5/xml_score.musicxml,Liszt/Transcendental_Etudes/5/HUAN_B03.mid,1.0,290,8,282,2,0,145,5,5,140,0,0,145,5,3,142,2,0,0.027586,0.8,0.053333
1,test,Liszt/Transcendental_Etudes/5/xml_score.musicxml,Liszt/Transcendental_Etudes/5/HUAN_B03.mid,2.0,290,10,280,0,0,145,5,5,140,0,0,145,5,5,140,0,0,0.034483,1.0,0.066667
1,test,Liszt/Transcendental_Etudes/5/xml_score.musicxml,Liszt/Transcendental_Etudes/5/Huang16M.mid,0.0,242,3,239,7,0,121,5,3,118,2,0,121,5,0,121,5,2,0.012397,0.3,0.02381
1,test,Liszt/Transcendental_Etudes/5/xml_score.musicxml,Liszt/Transcendental_Etudes/5/Huang16M.mid,1.0,242,8,234,2,0,121,5,5,116,0,0,121,5,3,118,2,0,0.033058,0.8,0.063492
1,test,Liszt/Transcendental_Etudes/5/xml_score.musicxml,Liszt/Transcendental_Etudes/5/Huang16M.mid,2.0,242,10,232,0,0,121,5,5,116,0,0,121,5,5,116,0,0,0.041322,1.0,0.079365
1,test,Liszt/Transcendental_Etudes/5/xml_score.musicxml,Liszt/Transcendental_Etudes/5/Huangci01.mid,0.0,328,5,323,5,0,164,5,4,160,1,2,164,5,1,163,4,1,0.015244,0.5,0.029586
1,test,Liszt/Transcendental_Etudes/5/xml_score.musicxml,Liszt/Transcendental_Etudes/5/Huangci01.mid,1.0,328,10,318,0,0,164,5,5,159,0,0,164,5,5,159,0,0,0.030488,1.0,0.059172
1,test,Liszt/Transcendental_Etudes/5/xml_score.musicxml,Liszt/Transcendental_Etudes/5/Huangci01.mid,2.0,328,10,318,0,0,164,5,5,159,0,0,164,5,5,159,0,0,0.030488,1.0,0.059172
1,test,Liszt/Transcendental_Etudes/5/xml_score.musicxml,Liszt/Transcendental_Etudes/5/KIM_W02.mid,0.0,354,8,346,2,0,177,5,5,172,0,1,177,5,3,174,2,0,0.022599,0.8,0.043956
1,test,Liszt/Transcendental_Etudes/5/xml_score.musicxml,Liszt/Transcendental_Etudes/5/KIM_W02.mid,1.0,354,10,344,0,0,177,5,5,172,0,0,177,5,5,172,0,0,0.028249,1.0,0.054945
1,test,Liszt/Transcendental_Etudes/5/xml_score.musicxml,Liszt/Transcendental_Etudes/5/KIM_W02.mid,2.0,354,10,344,0,0,177,5,5,172,0,0,177,5,5,172,0,0,0.028249,1.0,0.054945
1,test,Liszt/Transcendental_Etudes/5/xml_score.musicxml,Liszt/Transcendental_Etudes/5/LiuY06M.mid,0.0,500,8,492,2,0,250,5,5,245,0,2,250,5,3,247,2,0,0.016,0.8,0.031373
1,test,Liszt/Transcendental_Etudes/5/xml_score.musicxml,Liszt/Transcendental_Etudes/5/LiuY06M.mid,1.0,500,10,490,0,0,250,5,5,245,0,0,250,5,5,245,0,0,0.02,1.0,0.039216
1,test,Liszt/Transcendental_Etudes/5/xml_score.musicxml,Liszt/Transcendental_Etudes/5/LiuY06M.mid,2.0,500,10,490,0,0,250,5,5,245,0,0,250,5,5,245,0,0,0.02,1.0,0.039216
1,test,Liszt/Transcendental_Etudes/5/xml_score.musicxml,Liszt/Transcendental_Etudes/5/Min03M.mid,0.0,284,5,279,5,0,142,5,4,138,1,0,142,5,1,141,4,0,0.017606,0.5,0.034014
1,test,Liszt/Transcendental_Etudes/5/xml_score.musicxml,Liszt/Transcendental_Etudes/5/Min03M.mid,1.0,284,9,275,1,0,142,5,5,137,0,0,142,5,4,138,1,0,0.03169,0.9,0.061224
1,test,Liszt/Transcendental_Etudes/5/xml_score.musicxml,Liszt/Transcendental_Etudes/5/Min03M.mid,2.0,284,10,274,0,0,142,5,5,137,0,0,142,5,5,137,0,0,0.035211,1.0,0.068027
1,test,Liszt/Transcendental_Etudes/5/xml_score.musicxml,Liszt/Transcendental_Etudes/5/Park03M.mid,0.0,292,5,287,5,0,146,5,5,141,0,0,146,5,0,146,5,0,0.017123,0.5,0.033113
1,test,Liszt/Transcendental_Etudes/5/xml_score.musicxml,Liszt/Transcendental_Etudes/5/Park03M.mid,1.0,292,8,284,2,0,146,5,5,141,0,0,146,5,3,143,2,0,0.027397,0.8,0.05298
1,test,Liszt/Transcendental_Etudes/5/xml_score.musicxml,Liszt/Transcendental_Etudes/5/Park03M.mid,2.0,292,10,282,0,0,146,5,5,141,0,0,146,5,5,141,0,0,0.034247,1.0,0.066225
1,test,Liszt/Transcendental_Etudes/5/xml_score.musicxml,Liszt/Transcendental_Etudes/5/Sun09.mid,0.0,370,5,365,5,0,185,5,4,181,1,1,185,5,1,184,4,0,0.013514,0.5,0.026316
1,test,Liszt/Transcendental_Etudes/5/xml_score.musicxml,Liszt/Transcendental_Etudes/5/Sun09.mid,1.0,370,10,360,0,0,185,5,5,180,0,0,185,5,5,180,0,0,0.027027,1.0,0.052632
1,test,Liszt/Transcendental_Etudes/5/xml_score.musicxml,Liszt/Transcendental_Etudes/5/Sun09.mid,2.0,370,10,360,0,0,185,5,5,180,0,0,185,5,5,180,0,0,0.027027,1.0,0.052632
1,test,Liszt/Transcendental_Etudes/5/xml_score.musicxml,Liszt/Transcendental_Etudes/5/Wang06M.mid,0.0,314,5,309,5,0,157,5,4,153,1,0,157,5,1,156,4,1,0.015924,0.5,0.030864
1,test,Liszt/Transcendental_Etudes/5/xml_score.musicxml,Liszt/Transcendental_Etudes/5/Wang06M.mid,1.0,314,9,305,1,0,157,5,5,152,0,0,157,5,4,153,1,0,0.028662,0.9,0.055556
1,test,Liszt/Transcendental_Etudes/5/xml_score.musicxml,Liszt/Transcendental_Etudes/5/Wang06M.mid,2.0,314,10,304,0,0,157,5,5,152,0,0,157,5,5,152,0,0,0.031847,1.0,0.061728
1,test,Liszt/Transcendental_Etudes/5/xml_score.musicxml,Liszt/Transcendental_Etudes/5/WangY02M.mid,0.0,438,4,434,6,0,219,5,4,215,1,0,219,5,0,219,5,0,0.009132,0.4,0.017857
1,test,Liszt/Transcendental_Etudes/5/xml_score.musicxml,Liszt/Transcendental_Etudes/5/WangY02M.mid,1.0,438,8,430,2,0,219,5,5,214,0,0,219,5,3,216,2,0,0.018265,0.8,0.035714
1,test,Liszt/Transcendental_Etudes/5/xml_score.musicxml,Liszt/Transcendental_Etudes/5/WangY02M.mid,2.0,438,10,428,0,0,219,5,5,214,0,0,219,5,5,214,0,0,0.022831,1.0,0.044643
1,train,Ravel/Pavane/xml_score.musicxml,Ravel/Pavane/ChenS03.mid,0.0,292,2,290,2,0,146,2,2,144,0,0,146,2,0,146,2,0,0.006849,0.5,0.013514
1,train,Ravel/Pavane/xml_score.musicxml,Ravel/Pavane/ChenS03.mid,1.0,292,3,289,1,0,146,2,2,144,0,0,146,2,1,145,1,0,0.010274,0.75,0.02027
1,train,Ravel/Pavane/xml_score.musicxml,Ravel/Pavane/ChenS03.mid,2.0,292,4,288,0,0,146,2,2,144,0,0,146,2,2,144,0,0,0.013699,1.0,0.027027
1,train,Ravel/Pavane/xml_score.musicxml,Ravel/Pavane/Zhdanov08.mid,0.0,242,2,240,2,0,121,2,1,120,1,0,121,2,1,120,1,0,0.008264,0.5,0.01626
1,train,Ravel/Pavane/xml_score.musicxml,Ravel/Pavane/Zhdanov08.mid,1.0,242,4,238,0,0,121,2,2,119,0,0,121,2,2,119,0,0,0.016529,1.0,0.03252
1,train,Ravel/Pavane/xml_score.musicxml,Ravel/Pavane/Zhdanov08.mid,2.0,242,4,238,0,0,121,2,2,119,0,0,121,2,2,119,0,0,0.016529,1.0,0.03252
1,train,Schumann/Kreisleriana/4/xml_score.musicxml,Schumann/Kreisleriana/4/ParkJH07.mid,0.0,194,4,190,2,0,97,4,3,94,1,0,97,2,1,96,1,0,0.020619,0.666667,0.04
1,train,Schumann/Kreisleriana/4/xml_score.musicxml,Schumann/Kreisleriana/4/ParkJH07.mid,1.0,194,6,188,0,0,97,4,4,93,0,0,97,2,2,95,0,0,0.030928,1.0,0.06
1,train,Schumann/Kreisleriana/4/xml_score.musicxml,Schumann/Kreisleriana/4/ParkJH07.mid,2.0,194,6,188,0,0,97,4,4,93,0,0,97,2,2,95,0,0,0.030928,1.0,0.06
1,train,Schumann/Kreisleriana/4/xml_score.musicxml,Schumann/Kreisleriana/4/Yarden09.mid,0.0,180,2,178,4,0,90,4,2,88,2,0,90,2,0,90,2,0,0.011111,0.333333,0.021505
1,train,Schumann/Kreisleriana/4/xml_score.musicxml,Schumann/Kreisleriana/4/Yarden09.mid,1.0,180,5,175,1,0,90,4,4,86,0,0,90,2,1,89,1,0,0.027778,0.833333,0.053763
1,train,Schumann/Kreisleriana/4/xml_score.musicxml,Schumann/Kreisleriana/4/Yarden09.mid,2.0,180,6,174,0,0,90,4,4,86,0,0,90,2,2,88,0,0,0.033333,1.0,0.064516
1,train,Schumann/Kreisleriana/6/xml_score.musicxml,Schumann/Kreisleriana/6/JohannsonP07.mid,0.0,246,11,235,1,0,123,11,11,112,0,0,123,1,0,123,1,0,0.044715,0.916667,0.085271
1,train,Schumann/Kreisleriana/6/xml_score.musicxml,Schumann/Kreisleriana/6/JohannsonP07.mid,1.0,246,11,235,1,0,123,11,11,112,0,0,123,1,0,123,1,0,0.044715,0.916667,0.085271
1,train,Schumann/Kreisleriana/6/xml_score.musicxml,Schumann/Kreisleriana/6/JohannsonP07.mid,2.0,246,11,235,1,0,123,11,11,112,0,0,123,1,0,123,1,0,0.044715,0.916667,0.085271
1,train,Schumann/Kreisleriana/6/xml_score.musicxml,Schumann/Kreisleriana/6/ParkJH09.mid,0.0,252,10,242,2,0,126,11,10,116,1,0,126,1,0,126,1,1,0.039683,0.833333,0.075758
1,train,Schumann/Kreisleriana/6/xml_score.musicxml,Schumann/Kreisleriana/6/ParkJH09.mid,1.0,252,11,241,1,0,126,11,11,115,0,0,126,1,0,126,1,0,0.043651,0.916667,0.083333
1,train,Schumann/Kreisleriana/6/xml_score.musicxml,Schumann/Kreisleriana/6/ParkJH09.mid,2.0,252,11,241,1,0,126,11,11,115,0,0,126,1,0,126,1,0,0.043651,0.916667,0.083333
1,train,Schumann/Kreisleriana/6/xml_score.musicxml,Schumann/Kreisleriana/6/Yarden09.mid,0.0,252,11,241,1,0,126,11,11,115,0,0,126,1,0,126,1,0,0.043651,0.916667,0.083333
1,train,Schumann/Kreisleriana/6/xml_score.musicxml,Schumann/Kreisleriana/6/Yarden09.mid,1.0,252,11,241,1,0,126,11,11,115,0,0,126,1,0,126,1,0,0.043651,0.916667,0.083333
1,train,Schumann/Kreisleriana/6/xml_score.musicxml,Schumann/Kreisleriana/6/Yarden09.mid,2.0,252,11,241,1,0,126,11,11,115,0,0,126,1,0,126,1,0,0.043651,0.916667,0.083333
1,train,Scriabin/Etudes_op_8/11/xml_score.musicxml,Scriabin/Etudes_op_8/11/Shi03.mid,0.0,86,1,85,1,0,43,1,1,42,0,0,43,1,0,43,1,0,0.011628,0.5,0.022727
1,train,Scriabin/Etudes_op_8/11/xml_score.musicxml,Scriabin/Etudes_op_8/11/Shi03.mid,1.0,86,2,84,0,0,43,1,1,42,0,0,43,1,1,42,0,0,0.023256,1.0,0.045455
1,train,Scriabin/Etudes_op_8/11/xml_score.musicxml,Scriabin/Etudes_op_8/11/Shi03.mid,2.0,86,2,84,0,0,43,1,1,42,0,0,43,1,1,42,0,0,0.023256,1.0,0.045455
1,train,Scriabin/Etudes_op_8/11/xml_score.musicxml,Scriabin/Etudes_op_8/11/Shi08M.mid,0.0,82,0,82,2,0,41,1,0,41,1,0,41,1,0,41,1,1,0.0,0.0,0.0
1,train,Scriabin/Etudes_op_8/11/xml_score.musicxml,Scriabin/Etudes_op_8/11/Shi08M.mid,1.0,82,1,81,1,0,41,1,1,40,0,0,41,1,0,41,1,0,0.012195,0.5,0.02381
1,train,Scriabin/Etudes_op_8/11/xml_score.musicxml,Scriabin/Etudes_op_8/11/Shi08M.mid,2.0,82,2,80,0,0,41,1,1,40,0,0,41,1,1,40,0,0,0.02439,1.0,0.047619
1,train,Scriabin/Etudes_op_8/11/xml_score.musicxml,Scriabin/Etudes_op_8/11/YeF09.mid,0.0,124,1,123,1,0,62,1,1,61,0,0,62,1,0,62,1,0,0.008065,0.5,0.015873
1,train,Scriabin/Etudes_op_8/11/xml_score.musicxml,Scriabin/Etudes_op_8/11/YeF09.mid,1.0,124,2,122,0,0,62,1,1,61,0,0,62,1,1,61,0,0,0.016129,1.0,0.031746
1,train,Scriabin/Etudes_op_8/11/xml_score.musicxml,Scriabin/Etudes_op_8/11/YeF09.mid,2.0,124,2,122,0,0,62,1,1,61,0,0,62,1,1,61,0,0,0.016129,1.0,0.031746
1,train,Scriabin/Sonatas/5/xml_score.musicxml,Scriabin/Sonatas/5/ChernovA06M.mid,0.0,658,1,657,16,0,329,10,1,328,9,0,329,7,0,329,7,0,0.00152,0.058824,0.002963
1,train,Scriabin/Sonatas/5/xml_score.musicxml,Scriabin/Sonatas/5/ChernovA06M.mid,1.0,658,5,653,12,1,329,10,1,328,9,0,329,7,4,325,3,1,0.007599,0.294118,0.014815
1,train,Scriabin/Sonatas/5/xml_score.musicxml,Scriabin/Sonatas/5/ChernovA06M.mid,2.0,658,7,651,10,1,329,10,3,326,7,1,329,7,4,325,3,0,0.010638,0.411765,0.020741
1,train,Scriabin/Sonatas/5/xml_score.musicxml,Scriabin/Sonatas/5/FALIKS06.mid,0.0,620,2,618,15,0,310,10,2,308,8,0,310,7,0,310,7,1,0.003226,0.117647,0.006279
1,train,Scriabin/Sonatas/5/xml_score.musicxml,Scriabin/Sonatas/5/FALIKS06.mid,1.0,620,11,609,6,1,310,10,5,305,5,0,310,7,6,304,1,1,0.017742,0.647059,0.034537
1,train,Scriabin/Sonatas/5/xml_score.musicxml,Scriabin/Sonatas/5/FALIKS06.mid,2.0,620,13,607,4,0,310,10,7,303,3,0,310,7,6,304,1,0,0.020968,0.764706,0.040816
1,train,Scriabin/Sonatas/5/xml_score.musicxml,Scriabin/Sonatas/5/FaB05M.mid,0.0,510,5,505,12,0,255,10,5,250,5,1,255,7,0,255,7,0,0.009804,0.294118,0.018975
1,train,Scriabin/Sonatas/5/xml_score.musicxml,Scriabin/Sonatas/5/FaB05M.mid,1.0,510,9,501,8,1,255,10,7,248,3,1,255,7,2,253,5,0,0.017647,0.529412,0.034156
1,train,Scriabin/Sonatas/5/xml_score.musicxml,Scriabin/Sonatas/5/FaB05M.mid,2.0,510,14,496,3,0,255,10,9,246,1,0,255,7,5,250,2,0,0.027451,0.823529,0.053131
1,train,Scriabin/Sonatas/5/xml_score.musicxml,Scriabin/Sonatas/5/GarritsonL06M.mid,0.0,788,5,783,12,0,394,10,5,389,5,0,394,7,0,394,7,0,0.006345,0.294118,0.012422
1,train,Scriabin/Sonatas/5/xml_score.musicxml,Scriabin/Sonatas/5/GarritsonL06M.mid,1.0,788,13,775,4,0,394,10,9,385,1,0,394,7,4,390,3,0,0.016497,0.764706,0.032298
1,train,Scriabin/Sonatas/5/xml_score.musicxml,Scriabin/Sonatas/5/GarritsonL06M.mid,2.0,788,15,773,2,0,394,10,10,384,0,0,394,7,5,389,2,0,0.019036,0.882353,0.037267
1,train,Scriabin/Sonatas/5/xml_score.musicxml,Scriabin/Sonatas/5/Ko07M.mid,0.0,822,2,820,15,0,411,10,1,410,9,1,411,7,1,410,6,1,0.002433,0.117647,0.004768
1,train,Scriabin/Sonatas/5/xml_score.musicxml,Scriabin/Sonatas/5/Ko07M.mid,1.0,822,10,812,7,1,411,10,6,405,4,0,411,7,4,407,3,1,0.012165,0.588235,0.023838
1,train,Scriabin/Sonatas/5/xml_score.musicxml,Scriabin/Sonatas/5/Ko07M.mid,2.0,822,14,808,3,0,411,10,8,403,2,0,411,7,6,405,1,0,0.017032,0.823529,0.033373
1,train,Scriabin/Sonatas/5/xml_score.musicxml,Scriabin/Sonatas/5/Na03.mid,0.0,760,4,756,13,0,380,10,4,376,6,0,380,7,0,380,7,1,0.005263,0.235294,0.010296
1,train,Scriabin/Sonatas/5/xml_score.musicxml,Scriabin/Sonatas/5/Na03.mid,1.0,760,9,751,8,2,380,10,7,373,3,1,380,7,2,378,5,1,0.011842,0.529412,0.023166
1,train,Scriabin/Sonatas/5/xml_score.musicxml,Scriabin/Sonatas/5/Na03.mid,2.0,760,12,748,5,1,380,10,8,372,2,1,380,7,4,376,3,0,0.015789,0.705882,0.030888
1,train,Scriabin/Sonatas/5/xml_score.musicxml,Scriabin/Sonatas/5/Na07M.mid,0.0,768,4,764,13,0,384,10,4,380,6,0,384,7,0,384,7,0,0.005208,0.235294,0.010191
1,train,Scriabin/Sonatas/5/xml_score.musicxml,Scriabin/Sonatas/5/Na07M.mid,1.0,768,10,758,7,1,384,10,8,376,2,1,384,7,2,382,5,0,0.013021,0.588235,0.025478
1,train,Scriabin/Sonatas/5/xml_score.musicxml,Scriabin/Sonatas/5/Na07M.mid,2.0,768,12,756,5,0,384,10,8,376,2,0,384,7,4,380,3,0,0.015625,0.705882,0.030573
1,train,Scriabin/Sonatas/5/xml_score.musicxml,Scriabin/Sonatas/5/TET02.mid,0.0,792,7,785,10,0,396,10,6,390,4,0,396,7,1,395,6,0,0.008838,0.411765,0.017305
1,train,Scriabin/Sonatas/5/xml_score.musicxml,Scriabin/Sonatas/5/TET02.mid,1.0,792,11,781,6,1,396,10,8,388,2,1,396,7,3,393,4,0,0.013889,0.647059,0.027194
1,train,Scriabin/Sonatas/5/xml_score.musicxml,Scriabin/Sonatas/5/TET02.mid,2.0,792,12,780,5,2,396,10,8,388,2,1,396,7,4,392,3,1,0.015152,0.705882,0.029666
1,train,Scriabin/Sonatas/5/xml_score.musicxml,Scriabin/Sonatas/5/Yeletskiy02.mid,0.0,580,4,576,13,0,290,10,4,286,6,0,290,7,0,290,7,0,0.006897,0.235294,0.0134
1,train,Scriabin/Sonatas/5/xml_score.musicxml,Scriabin/Sonatas/5/Yeletskiy02.mid,1.0,580,14,566,3,1,290,10,10,280,0,1,290,7,4,286,3,0,0.024138,0.823529,0.046901
1,train,Scriabin/Sonatas/5/xml_score.musicxml,Scriabin/Sonatas/5/Yeletskiy02.mid,2.0,580,15,565,2,0,290,10,10,280,0,0,290,7,5,285,2,0,0.025862,0.882353,0.050251
1,train,Scriabin/Sonatas/5/xml_score.musicxml,Scriabin/Sonatas/5/Yeletskiy07M.mid,0.0,494,3,491,14,0,247,10,3,244,7,0,247,7,0,247,7,0,0.006073,0.176471,0.011742
1,train,Scriabin/Sonatas/5/xml_score.musicxml,Scriabin/Sonatas/5/Yeletskiy07M.mid,1.0,494,12,482,5,1,247,10,8,239,2,0,247,7,4,243,3,1,0.024291,0.705882,0.046967
1,train,Scriabin/Sonatas/5/xml_score.musicxml,Scriabin/Sonatas/5/Yeletskiy07M.mid,2.0,494,14,480,3,2,247,10,9,238,1,1,247,7,5,242,2,1,0.02834,0.823529,0.054795
2,train,Beethoven/Piano_Sonatas/11-2/xml_score.musicxml,Beethoven/Piano_Sonatas/11-2/MaximovI04.mid,0.0,524,42,482,124,0,262,83,18,244,65,1,262,83,24,238,59,4,0.080153,0.253012,0.121739
2,train,Beethoven/Piano_Sonatas/11-2/xml_score.musicxml,Beethoven/Piano_Sonatas/11-2/MaximovI04.mid,1.0,524,79,445,87,0,262,83,40,222,43,0,262,83,39,223,44,0,0.150763,0.475904,0.228986
2,train,Beethoven/Piano_Sonatas/11-2/xml_score.musicxml,Beethoven/Piano_Sonatas/11-2/MaximovI04.mid,2.0,524,84,440,82,0,262,83,42,220,41,0,262,83,42,220,41,0,0.160305,0.506024,0.243478
2,val,Beethoven/Piano_Sonatas/21-3/xml_score.musicxml,Beethoven/Piano_Sonatas/21-3/KimSY04M.mid,0.0,526,0,526,7,0,263,0,0,263,0,0,263,7,0,263,7,0,0.0,0.0,0.0
2,val,Beethoven/Piano_Sonatas/21-3/xml_score.musicxml,Beethoven/Piano_Sonatas/21-3/KimSY04M.mid,1.0,526,2,524,5,3,263,0,0,263,0,3,263,7,2,261,5,0,0.003802,0.285714,0.007505
2,val,Beethoven/Piano_Sonatas/21-3/xml_score.musicxml,Beethoven/Piano_Sonatas/21-3/KimSY04M.mid,2.0,526,6,520,1,1,263,0,0,263,0,1,263,7,6,257,1,0,0.011407,0.857143,0.022514
2,val,Beethoven/Piano_Sonatas/21-3/xml_score.musicxml,Beethoven/Piano_Sonatas/21-3/Sekino05M.mid,0.0,480,0,480,7,0,240,0,0,240,0,0,240,7,0,240,7,0,0.0,0.0,0.0
2,val,Beethoven/Piano_Sonatas/21-3/xml_score.musicxml,Beethoven/Piano_Sonatas/21-3/Sekino05M.mid,1.0,480,0,480,7,6,240,0,0,240,0,6,240,7,0,240,7,0,0.0,0.0,0.0
2,val,Beethoven/Piano_Sonatas/21-3/xml_score.musicxml,Beethoven/Piano_Sonatas/21-3/Sekino05M.mid,2.0,480,6,474,1,0,240,0,0,240,0,0,240,7,6,234,1,0,0.0125,0.857143,0.024641
2,val,Beethoven/Piano_Sonatas/21-3/xml_score.musicxml,Beethoven/Piano_Sonatas/21-3/YOO05M.mid,0.0,452,0,452,7,0,226,0,0,226,0,0,226,7,0,226,7,0,0.0,0.0,0.0
2,val,Beethoven/Piano_Sonatas/21-3/xml_score.musicxml,Beethoven/Piano_Sonatas/21-3/YOO05M.mid,1.0,452,1,451,6,5,226,0,0,226,0,5,226,7,1,225,6,0,0.002212,0.142857,0.004357
2,val,Beethoven/Piano_Sonatas/21-3/xml_score.musicxml,Beethoven/Piano_Sonatas/21-3/YOO05M.mid,2.0,452,6,446,1,0,226,0,0,226,0,0,226,7,6,220,1,0,0.013274,0.857143,0.026144
2,train,Beethoven/Piano_Sonatas/26-2/xml_score.musicxml,Beethoven/Piano_Sonatas/26-2/HONG05M.mid,0.0,216,1,215,2,0,108,1,1,107,0,0,108,2,0,108,2,0,0.00463,0.333333,0.009132
2,train,Beethoven/Piano_Sonatas/26-2/xml_score.musicxml,Beethoven/Piano_Sonatas/26-2/HONG05M.mid,1.0,216,3,213,0,0,108,1,1,107,0,0,108,2,2,106,0,0,0.013889,1.0,0.027397
2,train,Beethoven/Piano_Sonatas/26-2/xml_score.musicxml,Beethoven/Piano_Sonatas/26-2/HONG05M.mid,2.0,216,3,213,0,0,108,1,1,107,0,0,108,2,2,106,0,0,0.013889,1.0,0.027397
2,train,Beethoven/Piano_Sonatas/26-2/xml_score.musicxml,Beethoven/Piano_Sonatas/26-2/Huang02.mid,0.0,274,1,273,2,0,137,1,0,137,1,0,137,2,1,136,1,1,0.00365,0.333333,0.00722
2,train,Beethoven/Piano_Sonatas/26-2/xml_score.musicxml,Beethoven/Piano_Sonatas/26-2/Huang02.mid,1.0,274,3,271,0,0,137,1,1,136,0,0,137,2,2,135,0,0,0.010949,1.0,0.021661
2,train,Beethoven/Piano_Sonatas/26-2/xml_score.musicxml,Beethoven/Piano_Sonatas/26-2/Huang02.mid,2.0,274,3,271,0,0,137,1,1,136,0,0,137,2,2,135,0,0,0.010949,1.0,0.021661
2,train,Beethoven/Piano_Sonatas/26-2/xml_score.musicxml,Beethoven/Piano_Sonatas/26-2/LEE_K05M.mid,0.0,248,1,247,2,0,124,1,0,124,1,0,124,2,1,123,1,1,0.004032,0.333333,0.007968
2,train,Beethoven/Piano_Sonatas/26-2/xml_score.musicxml,Beethoven/Piano_Sonatas/26-2/LEE_K05M.mid,1.0,248,2,246,1,0,124,1,1,123,0,0,124,2,1,123,1,0,0.008065,0.666667,0.015936
2,train,Beethoven/Piano_Sonatas/26-2/xml_score.musicxml,Beethoven/Piano_Sonatas/26-2/LEE_K05M.mid,2.0,248,3,245,0,0,124,1,1,123,0,0,124,2,2,122,0,0,0.012097,1.0,0.023904
2,train,Beethoven/Piano_Sonatas/26-2/xml_score.musicxml,Beethoven/Piano_Sonatas/26-2/Tysman01.mid,0.0,276,2,274,1,0,138,1,0,138,1,0,138,2,2,136,0,1,0.007246,0.666667,0.014337
2,train,Beethoven/Piano_Sonatas/26-2/xml_score.musicxml,Beethoven/Piano_Sonatas/26-2/Tysman01.mid,1.0,276,3,273,0,0,138,1,1,137,0,0,138,2,2,136,0,0,0.01087,1.0,0.021505
2,train,Beethoven/Piano_Sonatas/26-2/xml_score.musicxml,Beethoven/Piano_Sonatas/26-2/Tysman01.mid,2.0,276,3,273,0,0,138,1,1,137,0,0,138,2,2,136,0,0,0.01087,1.0,0.021505
2,train,Beethoven/Piano_Sonatas/26-2/xml_score.musicxml,Beethoven/Piano_Sonatas/26-2/Zhdanov05.mid,0.0,170,0,170,3,0,85,1,0,85,1,0,85,2,0,85,2,0,0.0,0.0,0.0
2,train,Beethoven/Piano_Sonatas/26-2/xml_score.musicxml,Beethoven/Piano_Sonatas/26-2/Zhdanov05.mid,1.0,170,1,169,2,1,85,1,0,85,1,0,85,2,1,84,1,1,0.005882,0.333333,0.011561
2,train,Beethoven/Piano_Sonatas/26-2/xml_score.musicxml,Beethoven/Piano_Sonatas/26-2/Zhdanov05.mid,2.0,170,2,168,1,0,85,1,1,84,0,0,85,2,1,84,1,0,0.011765,0.666667,0.023121
2,test,Beethoven/Piano_Sonatas/28-1/xml_score.musicxml,Beethoven/Piano_Sonatas/28-1/Atzinger01.mid,0.0,366,1,365,1,0,183,0,0,183,0,0,183,2,1,182,1,0,0.002732,0.5,0.005435
2,test,Beethoven/Piano_Sonatas/28-1/xml_score.musicxml,Beethoven/Piano_Sonatas/28-1/Atzinger01.mid,1.0,366,1,365,1,0,183,0,0,183,0,0,183,2,1,182,1,0,0.002732,0.5,0.005435
2,test,Beethoven/Piano_Sonatas/28-1/xml_score.musicxml,Beethoven/Piano_Sonatas/28-1/Atzinger01.mid,2.0,366,2,364,0,0,183,0,0,183,0,0,183,2,2,181,0,0,0.005464,1.0,0.01087
2,test,Beethoven/Piano_Sonatas/28-1/xml_score.musicxml,Beethoven/Piano_Sonatas/28-1/KimHJ02M.mid,0.0,370,1,369,1,0,185,0,0,185,0,0,185,2,1,184,1,0,0.002703,0.5,0.005376
2,test,Beethoven/Piano_Sonatas/28-1/xml_score.musicxml,Beethoven/Piano_Sonatas/28-1/KimHJ02M.mid,1.0,370,1,369,1,0,185,0,0,185,0,0,185,2,1,184,1,0,0.002703,0.5,0.005376
2,test,Beethoven/Piano_Sonatas/28-1/xml_score.musicxml,Beethoven/Piano_Sonatas/28-1/KimHJ02M.mid,2.0,370,2,368,0,0,185,0,0,185,0,0,185,2,2,183,0,0,0.005405,1.0,0.010753
2,test,Beethoven/Piano_Sonatas/28-1/xml_score.musicxml,Beethoven/Piano_Sonatas/28-1/KyykhynenT06M.mid,0.0,390,2,388,0,0,195,0,0,195,0,0,195,2,2,193,0,0,0.005128,1.0,0.010204
2,test,Beethoven/Piano_Sonatas/28-1/xml_score.musicxml,Beethoven/Piano_Sonatas/28-1/KyykhynenT06M.mid,1.0,390,2,388,0,0,195,0,0,195,0,0,195,2,2,193,0,0,0.005128,1.0,0.010204
2,test,Beethoven/Piano_Sonatas/28-1/xml_score.musicxml,Beethoven/Piano_Sonatas/28-1/KyykhynenT06M.mid,2.0,390,2,388,0,0,195,0,0,195,0,0,195,2,2,193,0,0,0.005128,1.0,0.010204
2,test,Beethoven/Piano_Sonatas/28-1/xml_score.musicxml,Beethoven/Piano_Sonatas/28-1/WangY04M.mid,0.0,370,0,370,2,0,185,0,0,185,0,1,185,2,0,185,2,0,0.0,0.0,0.0
2,test,Beethoven/Piano_Sonatas/28-1/xml_score.musicxml,Beethoven/Piano_Sonatas/28-1/WangY04M.mid,1.0,370,1,369,1,0,185,0,0,185,0,0,185,2,1,184,1,0,0.002703,0.5,0.005376
2,test,Beethoven/Piano_Sonatas/28-1/xml_score.musicxml,Beethoven/Piano_Sonatas/28-1/WangY04M.mid,2.0,370,2,368,0,0,185,0,0,185,0,0,185,2,2,183,0,0,0.005405,1.0,0.010753
2,test,Beethoven/Piano_Sonatas/28-1/xml_score.musicxml,Beethoven/Piano_Sonatas/28-1/Zhdanov01.mid,0.0,350,0,350,2,0,175,0,0,175,0,1,175,2,0,175,2,0,0.0,0.0,0.0
2,test,Beethoven/Piano_Sonatas/28-1/xml_score.musicxml,Beethoven/Piano_Sonatas/28-1/Zhdanov01.mid,1.0,350,1,349,1,0,175,0,0,175,0,0,175,2,1,174,1,0,0.002857,0.5,0.005682
2,test,Beethoven/Piano_Sonatas/28-1/xml_score.musicxml,Beethoven/Piano_Sonatas/28-1/Zhdanov01.mid,2.0,350,2,348,0,0,175,0,0,175,0,0,175,2,2,173,0,0,0.005714,1.0,0.011364
2,train,Beethoven/Piano_Sonatas/29-2/xml_score.musicxml,Beethoven/Piano_Sonatas/29-2/ChowK03.mid,0.0,180,0,180,4,0,90,2,0,90,2,0,90,2,0,90,2,0,0.0,0.0,0.0
2,train,Beethoven/Piano_Sonatas/29-2/xml_score.musicxml,Beethoven/Piano_Sonatas/29-2/ChowK03.mid,1.0,180,3,177,1,0,90,2,2,88,0,0,90,2,1,89,1,0,0.016667,0.75,0.032609
2,train,Beethoven/Piano_Sonatas/29-2/xml_score.musicxml,Beethoven/Piano_Sonatas/29-2/ChowK03.mid,2.0,180,3,177,1,0,90,2,2,88,0,0,90,2,1,89,1,0,0.016667,0.75,0.032609
2,train,Beethoven/Piano_Sonatas/29-3/xml_score.musicxml,Beethoven/Piano_Sonatas/29-3/ChowK04.mid,0.0,1244,1,1243,5,0,622,1,0,622,1,0,622,5,1,621,4,0,0.000804,0.166667,0.0016
2,train,Beethoven/Piano_Sonatas/29-3/xml_score.musicxml,Beethoven/Piano_Sonatas/29-3/ChowK04.mid,1.0,1244,5,1239,1,0,622,1,1,621,0,0,622,5,4,618,1,0,0.004019,0.833333,0.008
2,train,Beethoven/Piano_Sonatas/29-3/xml_score.musicxml,Beethoven/Piano_Sonatas/29-3/ChowK04.mid,2.0,1244,5,1239,1,0,622,1,1,621,0,0,622,5,4,618,1,0,0.004019,0.833333,0.008
2,test,Beethoven/Piano_Sonatas/29-4/xml_score.musicxml,Beethoven/Piano_Sonatas/29-4/ChowK05M.mid,0.0,1394,3,1391,19,0,697,10,2,695,8,1,697,12,1,696,11,1,0.002152,0.136364,0.004237
2,test,Beethoven/Piano_Sonatas/29-4/xml_score.musicxml,Beethoven/Piano_Sonatas/29-4/ChowK05M.mid,1.0,1394,19,1375,3,0,697,10,8,689,2,0,697,12,11,686,1,0,0.01363,0.863636,0.026836
2,test,Beethoven/Piano_Sonatas/29-4/xml_score.musicxml,Beethoven/Piano_Sonatas/29-4/ChowK05M.mid,2.0,1394,20,1374,2,0,697,10,8,689,2,0,697,12,12,685,0,0,0.014347,0.909091,0.028249
2,test,Chopin/Ballades/1/xml_score.musicxml,Chopin/Ballades/1/Ali01.mid,0.0,652,144,508,321,0,326,242,132,194,110,11,326,223,12,314,211,14,0.220859,0.309677,0.257833
2,test,Chopin/Ballades/1/xml_score.musicxml,Chopin/Ballades/1/Ali01.mid,1.0,652,302,350,163,4,326,242,198,128,44,4,326,223,104,222,119,0,0.46319,0.649462,0.540734
2,test,Chopin/Ballades/1/xml_score.musicxml,Chopin/Ballades/1/Ali01.mid,2.0,652,386,266,79,2,326,242,208,118,34,0,326,223,178,148,45,2,0.592025,0.830108,0.691137
2,test,Chopin/Ballades/1/xml_score.musicxml,Chopin/Ballades/1/BuiJL04M.mid,0.0,824,168,656,297,0,412,242,153,259,89,12,412,223,15,397,208,10,0.203883,0.36129,0.260667
2,test,Chopin/Ballades/1/xml_score.musicxml,Chopin/Ballades/1/BuiJL04M.mid,1.0,824,341,483,124,7,412,242,220,192,22,6,412,223,121,291,102,1,0.413835,0.733333,0.529092
2,test,Chopin/Ballades/1/xml_score.musicxml,Chopin/Ballades/1/BuiJL04M.mid,2.0,824,424,400,41,1,412,242,228,184,14,1,412,223,196,216,27,0,0.514563,0.911828,0.657874
2,test,Chopin/Ballades/1/xml_score.musicxml,Chopin/Ballades/1/Day04.mid,0.0,850,160,690,305,0,425,242,143,282,99,15,425,223,17,408,206,7,0.188235,0.344086,0.243346
2,test,Chopin/Ballades/1/xml_score.musicxml,Chopin/Ballades/1/Day04.mid,1.0,850,328,522,137,4,425,242,216,209,26,4,425,223,112,313,111,0,0.385882,0.705376,0.498859
2,test,Chopin/Ballades/1/xml_score.musicxml,Chopin/Ballades/1/Day04.mid,2.0,850,427,423,38,2,425,242,229,196,13,1,425,223,198,227,25,1,0.502353,0.91828,0.64943
2,test,Chopin/Ballades/1/xml_score.musicxml,Chopin/Ballades/1/Dossin05.mid,0.0,656,124,532,341,0,328,242,113,215,129,9,328,223,11,317,212,11,0.189024,0.266667,0.221231
2,test,Chopin/Ballades/1/xml_score.musicxml,Chopin/Ballades/1/Dossin05.mid,1.0,656,259,397,206,9,328,242,173,155,69,9,328,223,86,242,137,0,0.394817,0.556989,0.462087
2,test,Chopin/Ballades/1/xml_score.musicxml,Chopin/Ballades/1/Dossin05.mid,2.0,656,339,317,126,0,328,242,182,146,60,0,328,223,157,171,66,0,0.516768,0.729032,0.604817
2,test,Chopin/Ballades/1/xml_score.musicxml,Chopin/Ballades/1/JIA06M.mid,0.0,750,143,607,322,0,375,242,122,253,120,13,375,223,21,354,202,16,0.190667,0.307527,0.235391
2,test,Chopin/Ballades/1/xml_score.musicxml,Chopin/Ballades/1/JIA06M.mid,1.0,750,324,426,141,9,375,242,208,167,34,5,375,223,116,259,107,4,0.432,0.696774,0.533333
2,test,Chopin/Ballades/1/xml_score.musicxml,Chopin/Ballades/1/JIA06M.mid,2.0,750,401,349,64,4,375,242,218,157,24,4,375,223,183,192,40,0,0.534667,0.862366,0.660082
2,test,Chopin/Ballades/1/xml_score.musicxml,Chopin/Ballades/1/KimSuyeon04M.mid,0.0,830,124,706,341,0,415,242,100,315,142,15,415,223,24,391,199,23,0.149398,0.266667,0.191506
2,test,Chopin/Ballades/1/xml_score.musicxml,Chopin/Ballades/1/KimSuyeon04M.mid,1.0,830,348,482,117,4,415,242,221,194,21,3,415,223,127,288,96,1,0.419277,0.748387,0.537452
2,test,Chopin/Ballades/1/xml_score.musicxml,Chopin/Ballades/1/KimSuyeon04M.mid,2.0,830,430,400,35,4,415,242,232,183,10,2,415,223,198,217,25,2,0.518072,0.924731,0.664093
2,test,Chopin/Ballades/1/xml_score.musicxml,Chopin/Ballades/1/LeeKoeun03.mid,0.0,766,127,639,338,0,383,242,101,282,141,13,383,223,26,357,197,8,0.165796,0.273118,0.206336
2,test,Chopin/Ballades/1/xml_score.musicxml,Chopin/Ballades/1/LeeKoeun03.mid,1.0,766,324,442,141,2,383,242,209,174,33,2,383,223,115,268,108,0,0.422977,0.696774,0.526401
2,test,Chopin/Ballades/1/xml_score.musicxml,Chopin/Ballades/1/LeeKoeun03.mid,2.0,766,412,354,53,2,383,242,221,162,21,1,383,223,191,192,32,1,0.537859,0.886022,0.669374
2,test,Chopin/Ballades/1/xml_score.musicxml,Chopin/Ballades/1/LeeKoeun06.mid,0.0,742,108,634,357,0,371,242,85,286,157,19,371,223,23,348,200,13,0.145553,0.232258,0.178956
2,test,Chopin/Ballades/1/xml_score.musicxml,Chopin/Ballades/1/LeeKoeun06.mid,1.0,742,321,421,144,5,371,242,203,168,39,3,371,223,118,253,105,2,0.432615,0.690323,0.531897
2,test,Chopin/Ballades/1/xml_score.musicxml,Chopin/Ballades/1/LeeKoeun06.mid,2.0,742,404,338,61,2,371,242,217,154,25,1,371,223,187,184,36,1,0.544474,0.868817,0.669428
2,test,Chopin/Ballades/1/xml_score.musicxml,Chopin/Ballades/1/LinTao04.mid,0.0,790,156,634,309,0,395,242,141,254,101,10,395,223,15,380,208,12,0.197468,0.335484,0.248606
2,test,Chopin/Ballades/1/xml_score.musicxml,Chopin/Ballades/1/LinTao04.mid,1.0,790,353,437,112,4,395,242,230,165,12,3,395,223,123,272,100,1,0.446835,0.75914,0.56255
2,test,Chopin/Ballades/1/xml_score.musicxml,Chopin/Ballades/1/LinTao04.mid,2.0,790,428,362,37,1,395,242,232,163,10,1,395,223,196,199,27,0,0.541772,0.92043,0.682072
2,test,Chopin/Ballades/1/xml_score.musicxml,Chopin/Ballades/1/McNamara02.mid,0.0,768,134,634,331,0,384,242,112,272,130,19,384,223,22,362,201,16,0.174479,0.288172,0.217356
2,test,Chopin/Ballades/1/xml_score.musicxml,Chopin/Ballades/1/McNamara02.mid,1.0,768,333,435,132,5,384,242,219,165,23,4,384,223,114,270,109,1,0.433594,0.716129,0.540146
2,test,Chopin/Ballades/1/xml_score.musicxml,Chopin/Ballades/1/McNamara02.mid,2.0,768,417,351,48,1,384,242,225,159,17,1,384,223,192,192,31,0,0.542969,0.896774,0.676399
2,test,Chopin/Ballades/1/xml_score.musicxml,Chopin/Ballades/1/Mo07M.mid,0.0,798,160,638,305,0,399,242,145,254,97,11,399,223,15,384,208,18,0.200501,0.344086,0.253365
2,test,Chopin/Ballades/1/xml_score.musicxml,Chopin/Ballades/1/Mo07M.mid,1.0,798,350,448,115,6,399,242,225,174,17,4,399,223,125,274,98,2,0.438596,0.752688,0.554236
2,test,Chopin/Ballades/1/xml_score.musicxml,Chopin/Ballades/1/Mo07M.mid,2.0,798,441,357,24,0,399,242,235,164,7,0,399,223,206,193,17,0,0.552632,0.948387,0.698337
2,test,Chopin/Ballades/1/xml_score.musicxml,Chopin/Ballades/1/MunA19M.mid,0.0,714,80,634,385,0,357,242,53,304,189,32,357,223,27,330,196,37,0.112045,0.172043,0.135708
2,test,Chopin/Ballades/1/xml_score.musicxml,Chopin/Ballades/1/MunA19M.mid,1.0,714,275,439,190,7,357,242,141,216,101,5,357,223,134,223,89,2,0.385154,0.591398,0.466497
2,test,Chopin/Ballades/1/xml_score.musicxml,Chopin/Ballades/1/MunA19M.mid,2.0,714,348,366,117,4,357,242,177,180,65,1,357,223,171,186,52,3,0.487395,0.748387,0.590331
2,test,Chopin/Ballades/1/xml_score.musicxml,Chopin/Ballades/1/Richardson13M.mid,0.0,750,139,611,326,0,375,242,107,268,135,11,375,223,32,343,191,14,0.185333,0.298925,0.228807
2,test,Chopin/Ballades/1/xml_score.musicxml,Chopin/Ballades/1/Richardson13M.mid,1.0,750,341,409,124,5,375,242,206,169,36,3,375,223,135,240,88,2,0.454667,0.733333,0.561317
2,test,Chopin/Ballades/1/xml_score.musicxml,Chopin/Ballades/1/Richardson13M.mid,2.0,750,418,332,47,2,375,242,226,149,16,1,375,223,192,183,31,1,0.557333,0.898925,0.688066
2,test,Chopin/Ballades/1/xml_score.musicxml,Chopin/Ballades/1/SINKEV05.mid,0.0,932,153,779,312,0,466,242,131,335,111,21,466,223,22,444,201,17,0.164163,0.329032,0.219041
2,test,Chopin/Ballades/1/xml_score.musicxml,Chopin/Ballades/1/SINKEV05.mid,1.0,932,363,569,102,6,466,242,229,237,13,5,466,223,134,332,89,1,0.389485,0.780645,0.519685
2,test,Chopin/Ballades/1/xml_score.musicxml,Chopin/Ballades/1/SINKEV05.mid,2.0,932,433,499,32,1,466,242,231,235,11,1,466,223,202,264,21,0,0.464592,0.931183,0.6199
2,test,Chopin/Ballades/1/xml_score.musicxml,Chopin/Ballades/1/SINKEV11.mid,0.0,890,155,735,310,0,445,242,143,302,99,25,445,223,12,433,211,14,0.174157,0.333333,0.228782
2,test,Chopin/Ballades/1/xml_score.musicxml,Chopin/Ballades/1/SINKEV11.mid,1.0,890,352,538,113,8,445,242,228,217,14,7,445,223,124,321,99,1,0.395506,0.756989,0.519557
2,test,Chopin/Ballades/1/xml_score.musicxml,Chopin/Ballades/1/SINKEV11.mid,2.0,890,432,458,33,1,445,242,231,214,11,1,445,223,201,244,22,0,0.485393,0.929032,0.637638
2,test,Chopin/Ballades/1/xml_score.musicxml,Chopin/Ballades/1/Sladek04M.mid,0.0,728,120,608,345,0,364,242,98,266,144,18,364,223,22,342,201,14,0.164835,0.258065,0.201174
2,test,Chopin/Ballades/1/xml_score.musicxml,Chopin/Ballades/1/Sladek04M.mid,1.0,728,344,384,121,3,364,242,220,144,22,3,364,223,124,240,99,0,0.472527,0.739785,0.576697
2,test,Chopin/Ballades/1/xml_score.musicxml,Chopin/Ballades/1/Sladek04M.mid,2.0,728,415,313,50,4,364,242,225,139,17,2,364,223,190,174,33,2,0.570055,0.892473,0.695725
2,test,Chopin/Ballades/1/xml_score.musicxml,Chopin/Ballades/1/YeSijing01.mid,0.0,802,163,639,302,0,401,242,146,255,96,11,401,223,17,384,206,9,0.203242,0.350538,0.257301
2,test,Chopin/Ballades/1/xml_score.musicxml,Chopin/Ballades/1/YeSijing01.mid,1.0,802,351,451,114,7,401,242,229,172,13,5,401,223,122,279,101,2,0.437656,0.754839,0.554065
2,test,Chopin/Ballades/1/xml_score.musicxml,Chopin/Ballades/1/YeSijing01.mid,2.0,802,442,360,23,0,401,242,238,163,4,0,401,223,204,197,19,0,0.551122,0.950538,0.697711
2,test,Chopin/Ballades/1/xml_score.musicxml,Chopin/Ballades/1/Zhou06M.mid,0.0,804,168,636,297,0,402,242,150,252,92,8,402,223,18,384,205,11,0.208955,0.36129,0.264775
2,test,Chopin/Ballades/1/xml_score.musicxml,Chopin/Ballades/1/Zhou06M.mid,1.0,804,345,459,120,6,402,242,228,174,14,5,402,223,117,285,106,1,0.429104,0.741935,0.543735
2,test,Chopin/Ballades/1/xml_score.musicxml,Chopin/Ballades/1/Zhou06M.mid,2.0,804,439,365,26,3,402,242,234,168,8,2,402,223,205,197,18,1,0.54602,0.944086,0.691883
2,train,Chopin/Ballades/3/xml_score.musicxml,Chopin/Ballades/3/Ko11M.mid,0.0,822,165,657,313,0,411,239,126,285,113,18,411,239,39,372,200,15,0.20073,0.345188,0.253846
2,train,Chopin/Ballades/3/xml_score.musicxml,Chopin/Ballades/3/Ko11M.mid,1.0,822,433,389,45,0,411,239,222,189,17,0,411,239,211,200,28,0,0.526764,0.905858,0.666154
2,train,Chopin/Ballades/3/xml_score.musicxml,Chopin/Ballades/3/Ko11M.mid,2.0,822,465,357,13,1,411,239,234,177,5,1,411,239,231,180,8,0,0.565693,0.972803,0.715385
2,train,Chopin/Ballades/3/xml_score.musicxml,Chopin/Ballades/3/LinPeng06M.mid,0.0,700,140,560,338,0,350,239,108,242,131,18,350,239,32,318,207,11,0.2,0.292887,0.237691
2,train,Chopin/Ballades/3/xml_score.musicxml,Chopin/Ballades/3/LinPeng06M.mid,1.0,700,414,286,64,3,350,239,213,137,26,2,350,239,201,149,38,1,0.591429,0.866109,0.702886
2,train,Chopin/Ballades/3/xml_score.musicxml,Chopin/Ballades/3/LinPeng06M.mid,2.0,700,449,251,29,0,350,239,227,123,12,0,350,239,222,128,17,0,0.641429,0.939331,0.762309
2,train,Chopin/Ballades/3/xml_score.musicxml,Chopin/Ballades/3/Tan02.mid,0.0,814,171,643,307,0,407,239,134,273,105,16,407,239,37,370,202,14,0.210074,0.357741,0.264706
2,train,Chopin/Ballades/3/xml_score.musicxml,Chopin/Ballades/3/Tan02.mid,1.0,814,445,369,33,0,407,239,229,178,10,0,407,239,216,191,23,0,0.546683,0.930962,0.688854
2,train,Chopin/Ballades/3/xml_score.musicxml,Chopin/Ballades/3/Tan02.mid,2.0,814,471,343,7,0,407,239,237,170,2,0,407,239,234,173,5,0,0.578624,0.985356,0.729102
2,train,Chopin/Barcarolle/xml_score.musicxml,Chopin/Barcarolle/Kociuban13.mid,0.0,646,102,544,353,0,323,246,70,253,176,5,323,209,32,291,177,9,0.157895,0.224176,0.185286
2,train,Chopin/Barcarolle/xml_score.musicxml,Chopin/Barcarolle/Kociuban13.mid,1.0,646,387,259,68,4,323,246,225,98,21,1,323,209,162,161,47,3,0.599071,0.850549,0.702997
2,train,Chopin/Barcarolle/xml_score.musicxml,Chopin/Barcarolle/Kociuban13.mid,2.0,646,433,213,22,0,323,246,234,89,12,0,323,209,199,124,10,0,0.670279,0.951648,0.786558
2,train,Chopin/Barcarolle/xml_score.musicxml,Chopin/Barcarolle/LeeSH05M.mid,0.0,738,116,622,339,0,369,246,86,283,160,10,369,209,30,339,179,26,0.157182,0.254945,0.194468
2,train,Chopin/Barcarolle/xml_score.musicxml,Chopin/Barcarolle/LeeSH05M.mid,1.0,738,396,342,59,5,369,246,225,144,21,1,369,209,171,198,38,4,0.536585,0.87033,0.663873
2,train,Chopin/Barcarolle/xml_score.musicxml,Chopin/Barcarolle/LeeSH05M.mid,2.0,738,433,305,22,0,369,246,233,136,13,0,369,209,200,169,9,0,0.586721,0.951648,0.725901
2,train,Chopin/Barcarolle/xml_score.musicxml,Chopin/Barcarolle/Na03.mid,0.0,628,121,507,334,0,314,246,92,222,154,3,314,209,29,285,180,15,0.192675,0.265934,0.223453
2,train,Chopin/Barcarolle/xml_score.musicxml,Chopin/Barcarolle/Na03.mid,1.0,628,376,252,79,4,314,246,218,96,28,2,314,209,158,156,51,2,0.598726,0.826374,0.694367
2,train,Chopin/Barcarolle/xml_score.musicxml,Chopin/Barcarolle/Na03.mid,2.0,628,424,204,31,0,314,246,229,85,17,0,314,209,195,119,14,0,0.675159,0.931868,0.78301
2,train,Chopin/Barcarolle/xml_score.musicxml,Chopin/Barcarolle/Na09M.mid,0.0,700,117,583,338,0,350,246,85,265,161,7,350,209,32,318,177,14,0.167143,0.257143,0.202597
2,train,Chopin/Barcarolle/xml_score.musicxml,Chopin/Barcarolle/Na09M.mid,1.0,700,400,300,55,7,350,246,231,119,15,3,350,209,169,181,40,4,0.571429,0.879121,0.692641
2,train,Chopin/Barcarolle/xml_score.musicxml,Chopin/Barcarolle/Na09M.mid,2.0,700,440,260,15,0,350,246,239,111,7,0,350,209,201,149,8,0,0.628571,0.967033,0.761905
2,train,Chopin/Barcarolle/xml_score.musicxml,Chopin/Barcarolle/Ozel10M.mid,0.0,738,129,609,326,0,369,246,93,276,153,9,369,209,36,333,173,23,0.174797,0.283516,0.216262
2,train,Chopin/Barcarolle/xml_score.musicxml,Chopin/Barcarolle/Ozel10M.mid,1.0,738,404,334,51,6,369,246,233,136,13,3,369,209,171,198,38,3,0.547425,0.887912,0.677284
2,train,Chopin/Barcarolle/xml_score.musicxml,Chopin/Barcarolle/Ozel10M.mid,2.0,738,443,295,12,2,369,246,240,129,6,0,369,209,203,166,6,2,0.600271,0.973626,0.742666
2,train,Chopin/Barcarolle/xml_score.musicxml,Chopin/Barcarolle/Park10M.mid,0.0,578,106,472,349,0,289,246,87,202,159,9,289,209,19,270,190,15,0.183391,0.232967,0.205227
2,train,Chopin/Barcarolle/xml_score.musicxml,Chopin/Barcarolle/Park10M.mid,1.0,578,324,254,131,6,289,246,181,108,65,1,289,209,143,146,66,5,0.560554,0.712088,0.627299
2,train,Chopin/Barcarolle/xml_score.musicxml,Chopin/Barcarolle/Park10M.mid,2.0,578,359,219,96,6,289,246,191,98,55,0,289,209,168,121,41,6,0.621107,0.789011,0.695063
2,train,Chopin/Barcarolle/xml_score.musicxml,Chopin/Barcarolle/Rozanski07M.mid,0.0,354,71,283,384,0,177,246,59,118,187,5,177,209,12,165,197,10,0.200565,0.156044,0.175525
2,train,Chopin/Barcarolle/xml_score.musicxml,Chopin/Barcarolle/Rozanski07M.mid,1.0,354,241,113,214,8,177,246,141,36,105,0,177,209,100,77,109,8,0.680791,0.52967,0.595797
2,train,Chopin/Barcarolle/xml_score.musicxml,Chopin/Barcarolle/Rozanski07M.mid,2.0,354,272,82,183,3,177,246,149,28,97,0,177,209,123,54,86,3,0.768362,0.597802,0.672435
2,train,Chopin/Barcarolle/xml_score.musicxml,Chopin/Barcarolle/Verbaite03.mid,0.0,776,139,637,316,0,388,246,113,275,133,6,388,209,26,362,183,9,0.179124,0.305495,0.225833
2,train,Chopin/Barcarolle/xml_score.musicxml,Chopin/Barcarolle/Verbaite03.mid,1.0,776,420,356,35,4,388,246,231,157,15,0,388,209,189,199,20,4,0.541237,0.923077,0.682372
2,train,Chopin/Barcarolle/xml_score.musicxml,Chopin/Barcarolle/Verbaite03.mid,2.0,776,446,330,9,1,388,246,240,148,6,0,388,209,206,182,3,1,0.574742,0.98022,0.724614
2,train,Chopin/Barcarolle/xml_score.musicxml,Chopin/Barcarolle/Wilshire04.mid,0.0,824,142,682,313,0,412,246,107,305,139,4,412,209,35,377,174,15,0.17233,0.312088,0.222048
2,train,Chopin/Barcarolle/xml_score.musicxml,Chopin/Barcarolle/Wilshire04.mid,1.0,824,407,417,48,1,412,246,232,180,14,0,412,209,175,237,34,1,0.493932,0.894505,0.636435
2,train,Chopin/Barcarolle/xml_score.musicxml,Chopin/Barcarolle/Wilshire04.mid,2.0,824,438,386,17,1,412,246,238,174,8,0,412,209,200,212,9,1,0.531553,0.962637,0.68491
2,train,Chopin/Etudes_op_10/1/xml_score.musicxml,Chopin/Etudes_op_10/1/Avdeeva02.mid,0.0,76,0,76,5,0,38,1,0,38,1,0,38,4,0,38,4,0,0.0,0.0,0.0
2,train,Chopin/Etudes_op_10/1/xml_score.musicxml,Chopin/Etudes_op_10/1/Avdeeva02.mid,1.0,76,2,74,3,0,38,1,1,37,0,0,38,4,1,37,3,0,0.026316,0.4,0.049383
2,train,Chopin/Etudes_op_10/1/xml_score.musicxml,Chopin/Etudes_op_10/1/Avdeeva02.mid,2.0,76,2,74,3,0,38,1,1,37,0,0,38,4,1,37,3,0,0.026316,0.4,0.049383
2,train,Chopin/Etudes_op_10/1/xml_score.musicxml,Chopin/Etudes_op_10/1/ChenW03M.mid,0.0,66,0,66,5,0,33,1,0,33,1,0,33,4,0,33,4,0,0.0,0.0,0.0
2,train,Chopin/Etudes_op_10/1/xml_score.musicxml,Chopin/Etudes_op_10/1/ChenW03M.mid,1.0,66,1,65,4,0,33,1,1,32,0,0,33,4,0,33,4,0,0.015152,0.2,0.028169
2,train,Chopin/Etudes_op_10/1/xml_score.musicxml,Chopin/Etudes_op_10/1/ChenW03M.mid,2.0,66,1,65,4,0,33,1,1,32,0,0,33,4,0,33,4,0,0.015152,0.2,0.028169
2,train,Chopin/Etudes_op_10/1/xml_score.musicxml,Chopin/Etudes_op_10/1/HSU02.mid,0.0,82,0,82,5,0,41,1,0,41,1,0,41,4,0,41,4,0,0.0,0.0,0.0
2,train,Chopin/Etudes_op_10/1/xml_score.musicxml,Chopin/Etudes_op_10/1/HSU02.mid,1.0,82,3,79,2,0,41,1,1,40,0,0,41,4,2,39,2,0,0.036585,0.6,0.068966
2,train,Chopin/Etudes_op_10/1/xml_score.musicxml,Chopin/Etudes_op_10/1/HSU02.mid,2.0,82,3,79,2,0,41,1,1,40,0,0,41,4,2,39,2,0,0.036585,0.6,0.068966
2,train,Chopin/Etudes_op_10/1/xml_score.musicxml,Chopin/Etudes_op_10/1/ISHIDA04.mid,0.0,86,0,86,5,0,43,1,0,43,1,0,43,4,0,43,4,0,0.0,0.0,0.0
2,train,Chopin/Etudes_op_10/1/xml_score.musicxml,Chopin/Etudes_op_10/1/ISHIDA04.mid,1.0,86,3,83,2,0,43,1,1,42,0,0,43,4,2,41,2,0,0.034884,0.6,0.065934
2,train,Chopin/Etudes_op_10/1/xml_score.musicxml,Chopin/Etudes_op_10/1/ISHIDA04.mid,2.0,86,3,83,2,0,43,1,1,42,0,0,43,4,2,41,2,0,0.034884,0.6,0.065934
2,train,Chopin/Etudes_op_10/1/xml_score.musicxml,Chopin/Etudes_op_10/1/Jussow03.mid,0.0,68,0,68,5,0,34,1,0,34,1,1,34,4,0,34,4,0,0.0,0.0,0.0
2,train,Chopin/Etudes_op_10/1/xml_score.musicxml,Chopin/Etudes_op_10/1/Jussow03.mid,1.0,68,2,66,3,0,34,1,1,33,0,0,34,4,1,33,3,0,0.029412,0.4,0.054795
2,train,Chopin/Etudes_op_10/1/xml_score.musicxml,Chopin/Etudes_op_10/1/Jussow03.mid,2.0,68,2,66,3,0,34,1,1,33,0,0,34,4,1,33,3,0,0.029412,0.4,0.054795
2,train,Chopin/Etudes_op_10/1/xml_score.musicxml,Chopin/Etudes_op_10/1/KaiRuiR03M.mid,0.0,70,1,69,4,0,35,1,1,34,0,1,35,4,0,35,4,0,0.014286,0.2,0.026667
2,train,Chopin/Etudes_op_10/1/xml_score.musicxml,Chopin/Etudes_op_10/1/KaiRuiR03M.mid,1.0,70,2,68,3,0,35,1,1,34,0,0,35,4,1,34,3,0,0.028571,0.4,0.053333
2,train,Chopin/Etudes_op_10/1/xml_score.musicxml,Chopin/Etudes_op_10/1/KaiRuiR03M.mid,2.0,70,2,68,3,0,35,1,1,34,0,0,35,4,1,34,3,0,0.028571,0.4,0.053333
2,train,Chopin/Etudes_op_10/1/xml_score.musicxml,Chopin/Etudes_op_10/1/LeeHanchien02.mid,0.0,78,1,77,4,0,39,1,1,38,0,2,39,4,0,39,4,0,0.012821,0.2,0.024096
2,train,Chopin/Etudes_op_10/1/xml_score.musicxml,Chopin/Etudes_op_10/1/LeeHanchien02.mid,1.0,78,3,75,2,0,39,1,1,38,0,0,39,4,2,37,2,0,0.038462,0.6,0.072289
2,train,Chopin/Etudes_op_10/1/xml_score.musicxml,Chopin/Etudes_op_10/1/LeeHanchien02.mid,2.0,78,3,75,2,0,39,1,1,38,0,0,39,4,2,37,2,0,0.038462,0.6,0.072289
2,train,Chopin/Etudes_op_10/1/xml_score.musicxml,Chopin/Etudes_op_10/1/LiYZ02M.mid,0.0,78,0,78,5,0,39,1,0,39,1,0,39,4,0,39,4,0,0.0,0.0,0.0
2,train,Chopin/Etudes_op_10/1/xml_score.musicxml,Chopin/Etudes_op_10/1/LiYZ02M.mid,1.0,78,3,75,2,0,39,1,1,38,0,0,39,4,2,37,2,0,0.038462,0.6,0.072289
2,train,Chopin/Etudes_op_10/1/xml_score.musicxml,Chopin/Etudes_op_10/1/LiYZ02M.mid,2.0,78,3,75,2,0,39,1,1,38,0,0,39,4,2,37,2,0,0.038462,0.6,0.072289
2,train,Chopin/Etudes_op_10/1/xml_score.musicxml,Chopin/Etudes_op_10/1/LuM02M.mid,0.0,120,0,120,5,0,60,1,0,60,1,3,60,4,0,60,4,0,0.0,0.0,0.0
2,train,Chopin/Etudes_op_10/1/xml_score.musicxml,Chopin/Etudes_op_10/1/LuM02M.mid,1.0,120,5,115,0,0,60,1,1,59,0,0,60,4,4,56,0,0,0.041667,1.0,0.08
2,train,Chopin/Etudes_op_10/1/xml_score.musicxml,Chopin/Etudes_op_10/1/LuM02M.mid,2.0,120,5,115,0,0,60,1,1,59,0,0,60,4,4,56,0,0,0.041667,1.0,0.08
2,train,Chopin/Etudes_op_10/1/xml_score.musicxml,Chopin/Etudes_op_10/1/Mikhailoff05.mid,0.0,72,0,72,5,0,36,1,0,36,1,0,36,4,0,36,4,0,0.0,0.0,0.0
2,train,Chopin/Etudes_op_10/1/xml_score.musicxml,Chopin/Etudes_op_10/1/Mikhailoff05.mid,1.0,72,1,71,4,0,36,1,1,35,0,0,36,4,0,36,4,0,0.013889,0.2,0.025974
2,train,Chopin/Etudes_op_10/1/xml_score.musicxml,Chopin/Etudes_op_10/1/Mikhailoff05.mid,2.0,72,1,71,4,0,36,1,1,35,0,0,36,4,0,36,4,0,0.013889,0.2,0.025974
2,train,Chopin/Etudes_op_10/1/xml_score.musicxml,Chopin/Etudes_op_10/1/MorozovS02.mid,0.0,74,0,74,5,0,37,1,0,37,1,1,37,4,0,37,4,0,0.0,0.0,0.0
2,train,Chopin/Etudes_op_10/1/xml_score.musicxml,Chopin/Etudes_op_10/1/MorozovS02.mid,1.0,74,2,72,3,0,37,1,1,36,0,0,37,4,1,36,3,0,0.027027,0.4,0.050633
2,train,Chopin/Etudes_op_10/1/xml_score.musicxml,Chopin/Etudes_op_10/1/MorozovS02.mid,2.0,74,2,72,3,0,37,1,1,36,0,0,37,4,1,36,3,0,0.027027,0.4,0.050633
2,train,Chopin/Etudes_op_10/1/xml_score.musicxml,Chopin/Etudes_op_10/1/MunA07M.mid,0.0,72,0,72,5,0,36,1,0,36,1,0,36,4,0,36,4,0,0.0,0.0,0.0
2,train,Chopin/Etudes_op_10/1/xml_score.musicxml,Chopin/Etudes_op_10/1/MunA07M.mid,1.0,72,1,71,4,0,36,1,1,35,0,0,36,4,0,36,4,0,0.013889,0.2,0.025974
2,train,Chopin/Etudes_op_10/1/xml_score.musicxml,Chopin/Etudes_op_10/1/MunA07M.mid,2.0,72,1,71,4,0,36,1,1,35,0,0,36,4,0,36,4,0,0.013889,0.2,0.025974
2,train,Chopin/Etudes_op_10/1/xml_score.musicxml,Chopin/Etudes_op_10/1/NAKAJI02.mid,0.0,84,0,84,5,0,42,1,0,42,1,2,42,4,0,42,4,0,0.0,0.0,0.0
2,train,Chopin/Etudes_op_10/1/xml_score.musicxml,Chopin/Etudes_op_10/1/NAKAJI02.mid,1.0,84,3,81,2,0,42,1,1,41,0,0,42,4,2,40,2,0,0.035714,0.6,0.067416
2,train,Chopin/Etudes_op_10/1/xml_score.musicxml,Chopin/Etudes_op_10/1/NAKAJI02.mid,2.0,84,3,81,2,0,42,1,1,41,0,0,42,4,2,40,2,0,0.035714,0.6,0.067416
2,train,Chopin/Etudes_op_10/1/xml_score.musicxml,Chopin/Etudes_op_10/1/Park02.mid,0.0,76,1,75,4,0,38,1,1,37,0,1,38,4,0,38,4,0,0.013158,0.2,0.024691
2,train,Chopin/Etudes_op_10/1/xml_score.musicxml,Chopin/Etudes_op_10/1/Park02.mid,1.0,76,3,73,2,0,38,1,1,37,0,0,38,4,2,36,2,0,0.039474,0.6,0.074074
2,train,Chopin/Etudes_op_10/1/xml_score.musicxml,Chopin/Etudes_op_10/1/Park02.mid,2.0,76,3,73,2,0,38,1,1,37,0,0,38,4,2,36,2,0,0.039474,0.6,0.074074
2,train,Chopin/Etudes_op_10/1/xml_score.musicxml,Chopin/Etudes_op_10/1/Savitski03.mid,0.0,62,0,62,5,0,31,1,0,31,1,1,31,4,0,31,4,0,0.0,0.0,0.0
2,train,Chopin/Etudes_op_10/1/xml_score.musicxml,Chopin/Etudes_op_10/1/Savitski03.mid,1.0,62,2,60,3,0,31,1,1,30,0,0,31,4,1,30,3,0,0.032258,0.4,0.059701
2,train,Chopin/Etudes_op_10/1/xml_score.musicxml,Chopin/Etudes_op_10/1/Savitski03.mid,2.0,62,2,60,3,0,31,1,1,30,0,0,31,4,1,30,3,0,0.032258,0.4,0.059701
2,train,Chopin/Etudes_op_10/1/xml_score.musicxml,Chopin/Etudes_op_10/1/Shelest02.mid,0.0,74,1,73,4,0,37,1,1,36,0,1,37,4,0,37,4,0,0.013514,0.2,0.025316
2,train,Chopin/Etudes_op_10/1/xml_score.musicxml,Chopin/Etudes_op_10/1/Shelest02.mid,1.0,74,2,72,3,0,37,1,1,36,0,0,37,4,1,36,3,0,0.027027,0.4,0.050633
2,train,Chopin/Etudes_op_10/1/xml_score.musicxml,Chopin/Etudes_op_10/1/Shelest02.mid,2.0,74,2,72,3,0,37,1,1,36,0,0,37,4,1,36,3,0,0.027027,0.4,0.050633
2,train,Chopin/Etudes_op_10/1/xml_score.musicxml,Chopin/Etudes_op_10/1/Stahievitch03.mid,0.0,76,0,76,5,0,38,1,0,38,1,0,38,4,0,38,4,0,0.0,0.0,0.0
2,train,Chopin/Etudes_op_10/1/xml_score.musicxml,Chopin/Etudes_op_10/1/Stahievitch03.mid,1.0,76,3,73,2,0,38,1,1,37,0,0,38,4,2,36,2,0,0.039474,0.6,0.074074
2,train,Chopin/Etudes_op_10/1/xml_score.musicxml,Chopin/Etudes_op_10/1/Stahievitch03.mid,2.0,76,3,73,2,0,38,1,1,37,0,0,38,4,2,36,2,0,0.039474,0.6,0.074074
2,train,Chopin/Etudes_op_10/1/xml_score.musicxml,Chopin/Etudes_op_10/1/SunY03M.mid,0.0,76,0,76,5,0,38,1,0,38,1,1,38,4,0,38,4,0,0.0,0.0,0.0
2,train,Chopin/Etudes_op_10/1/xml_score.musicxml,Chopin/Etudes_op_10/1/SunY03M.mid,1.0,76,3,73,2,0,38,1,1,37,0,0,38,4,2,36,2,0,0.039474,0.6,0.074074
2,train,Chopin/Etudes_op_10/1/xml_score.musicxml,Chopin/Etudes_op_10/1/SunY03M.mid,2.0,76,3,73,2,0,38,1,1,37,0,0,38,4,2,36,2,0,0.039474,0.6,0.074074
2,train,Chopin/Etudes_op_10/1/xml_score.musicxml,Chopin/Etudes_op_10/1/Terenkova02.mid,0.0,82,0,82,5,0,41,1,0,41,1,1,41,4,0,41,4,0,0.0,0.0,0.0
2,train,Chopin/Etudes_op_10/1/xml_score.musicxml,Chopin/Etudes_op_10/1/Terenkova02.mid,1.0,82,2,80,3,0,41,1,1,40,0,0,41,4,1,40,3,0,0.02439,0.4,0.045977
2,train,Chopin/Etudes_op_10/1/xml_score.musicxml,Chopin/Etudes_op_10/1/Terenkova02.mid,2.0,82,2,80,3,0,41,1,1,40,0,0,41,4,1,40,3,0,0.02439,0.4,0.045977
2,train,Chopin/Etudes_op_10/1/xml_score.musicxml,Chopin/Etudes_op_10/1/Tysman02.mid,0.0,80,0,80,5,0,40,1,0,40,1,1,40,4,0,40,4,0,0.0,0.0,0.0
2,train,Chopin/Etudes_op_10/1/xml_score.musicxml,Chopin/Etudes_op_10/1/Tysman02.mid,1.0,80,3,77,2,0,40,1,1,39,0,0,40,4,2,38,2,0,0.0375,0.6,0.070588
2,train,Chopin/Etudes_op_10/1/xml_score.musicxml,Chopin/Etudes_op_10/1/Tysman02.mid,2.0,80,3,77,2,0,40,1,1,39,0,0,40,4,2,38,2,0,0.0375,0.6,0.070588
2,train,Chopin/Etudes_op_10/1/xml_score.musicxml,Chopin/Etudes_op_10/1/Verbaite02.mid,0.0,80,1,79,4,0,40,1,1,39,0,2,40,4,0,40,4,0,0.0125,0.2,0.023529
2,train,Chopin/Etudes_op_10/1/xml_score.musicxml,Chopin/Etudes_op_10/1/Verbaite02.mid,1.0,80,3,77,2,0,40,1,1,39,0,0,40,4,2,38,2,0,0.0375,0.6,0.070588
2,train,Chopin/Etudes_op_10/1/xml_score.musicxml,Chopin/Etudes_op_10/1/Verbaite02.mid,2.0,80,4,76,1,0,40,1,1,39,0,0,40,4,3,37,1,0,0.05,0.8,0.094118
2,train,Chopin/Etudes_op_10/1/xml_score.musicxml,Chopin/Etudes_op_10/1/YeF03M.mid,0.0,80,0,80,5,0,40,1,0,40,1,0,40,4,0,40,4,0,0.0,0.0,0.0
2,train,Chopin/Etudes_op_10/1/xml_score.musicxml,Chopin/Etudes_op_10/1/YeF03M.mid,1.0,80,2,78,3,0,40,1,1,39,0,0,40,4,1,39,3,0,0.025,0.4,0.047059
2,train,Chopin/Etudes_op_10/1/xml_score.musicxml,Chopin/Etudes_op_10/1/YeF03M.mid,2.0,80,2,78,3,0,40,1,1,39,0,0,40,4,1,39,3,0,0.025,0.4,0.047059
2,train,Chopin/Etudes_op_10/1/xml_score.musicxml,Chopin/Etudes_op_10/1/YuP02M.mid,0.0,72,1,71,4,0,36,1,1,35,0,1,36,4,0,36,4,0,0.013889,0.2,0.025974
2,train,Chopin/Etudes_op_10/1/xml_score.musicxml,Chopin/Etudes_op_10/1/YuP02M.mid,1.0,72,2,70,3,0,36,1,1,35,0,0,36,4,1,35,3,0,0.027778,0.4,0.051948
2,train,Chopin/Etudes_op_10/1/xml_score.musicxml,Chopin/Etudes_op_10/1/YuP02M.mid,2.0,72,2,70,3,0,36,1,1,35,0,0,36,4,1,35,3,0,0.027778,0.4,0.051948
2,train,Chopin/Etudes_op_10/1/xml_score.musicxml,Chopin/Etudes_op_10/1/Zhdanov02.mid,0.0,78,1,77,4,0,39,1,0,39,1,0,39,4,1,38,3,0,0.012821,0.2,0.024096
2,train,Chopin/Etudes_op_10/1/xml_score.musicxml,Chopin/Etudes_op_10/1/Zhdanov02.mid,1.0,78,2,76,3,0,39,1,1,38,0,0,39,4,1,38,3,0,0.025641,0.4,0.048193
2,train,Chopin/Etudes_op_10/1/xml_score.musicxml,Chopin/Etudes_op_10/1/Zhdanov02.mid,2.0,78,2,76,3,0,39,1,1,38,0,0,39,4,1,38,3,0,0.025641,0.4,0.048193
2,train,Chopin/Etudes_op_10/1/xml_score.musicxml,Chopin/Etudes_op_10/1/Zukiewicz02.mid,0.0,78,1,77,4,0,39,1,1,38,0,0,39,4,0,39,4,0,0.012821,0.2,0.024096
2,train,Chopin/Etudes_op_10/1/xml_score.musicxml,Chopin/Etudes_op_10/1/Zukiewicz02.mid,1.0,78,1,77,4,0,39,1,1,38,0,0,39,4,0,39,4,0,0.012821,0.2,0.024096
2,train,Chopin/Etudes_op_10/1/xml_score.musicxml,Chopin/Etudes_op_10/1/Zukiewicz02.mid,2.0,78,1,77,4,0,39,1,1,38,0,0,39,4,0,39,4,0,0.012821,0.2,0.024096
2,train,Chopin/Etudes_op_10/10/xml_score.musicxml,Chopin/Etudes_op_10/10/Na_2009_02.mid,0.0,328,46,282,240,0,164,143,37,127,106,2,164,143,9,155,134,2,0.140244,0.160839,0.149837
2,train,Chopin/Etudes_op_10/10/xml_score.musicxml,Chopin/Etudes_op_10/10/Na_2009_02.mid,1.0,328,261,67,25,0,164,143,134,30,9,0,164,143,127,37,16,0,0.795732,0.912587,0.850163
2,train,Chopin/Etudes_op_10/10/xml_score.musicxml,Chopin/Etudes_op_10/10/Na_2009_02.mid,2.0,328,275,53,11,0,164,143,137,27,6,0,164,143,138,26,5,0,0.838415,0.961538,0.895765
2,train,Chopin/Etudes_op_10/10/xml_score.musicxml,Chopin/Etudes_op_10/10/WangH02M.mid,0.0,276,102,174,184,0,138,143,100,38,43,2,138,143,2,136,141,0,0.369565,0.356643,0.362989
2,train,Chopin/Etudes_op_10/10/xml_score.musicxml,Chopin/Etudes_op_10/10/WangH02M.mid,1.0,276,256,20,30,0,138,143,131,7,12,0,138,143,125,13,18,0,0.927536,0.895105,0.911032
2,train,Chopin/Etudes_op_10/10/xml_score.musicxml,Chopin/Etudes_op_10/10/WangH02M.mid,2.0,276,267,9,19,0,138,143,134,4,9,0,138,143,133,5,10,0,0.967391,0.933566,0.950178
2,train,Chopin/Etudes_op_10/10/xml_score.musicxml,Chopin/Etudes_op_10/10/Wilshire02.mid,0.0,436,100,336,186,0,218,143,90,128,53,0,218,143,10,208,133,1,0.229358,0.34965,0.277008
2,train,Chopin/Etudes_op_10/10/xml_score.musicxml,Chopin/Etudes_op_10/10/Wilshire02.mid,1.0,436,265,171,21,0,218,143,132,86,11,0,218,143,133,85,10,0,0.607798,0.926573,0.734072
2,train,Chopin/Etudes_op_10/10/xml_score.musicxml,Chopin/Etudes_op_10/10/Wilshire02.mid,2.0,436,273,163,13,0,218,143,136,82,7,0,218,143,137,81,6,0,0.626147,0.954545,0.756233
2,train,Chopin/Etudes_op_10/10/xml_score.musicxml,Chopin/Etudes_op_10/10/Yanagitani02.mid,0.0,312,100,212,186,0,156,143,97,59,46,1,156,143,3,153,140,0,0.320513,0.34965,0.334448
2,train,Chopin/Etudes_op_10/10/xml_score.musicxml,Chopin/Etudes_op_10/10/Yanagitani02.mid,1.0,312,270,42,16,0,156,143,136,20,7,0,156,143,134,22,9,0,0.865385,0.944056,0.90301
2,train,Chopin/Etudes_op_10/10/xml_score.musicxml,Chopin/Etudes_op_10/10/Yanagitani02.mid,2.0,312,273,39,13,0,156,143,137,19,6,0,156,143,136,20,7,0,0.875,0.954545,0.913043
2,train,Chopin/Etudes_op_10/5/xml_score.musicxml,Chopin/Etudes_op_10/5/Bach02.mid,0.0,152,0,152,12,0,76,2,0,76,2,0,76,10,0,76,10,0,0.0,0.0,0.0
2,train,Chopin/Etudes_op_10/5/xml_score.musicxml,Chopin/Etudes_op_10/5/Bach02.mid,1.0,152,4,148,8,0,76,2,0,76,2,0,76,10,4,72,6,0,0.026316,0.333333,0.04878
2,train,Chopin/Etudes_op_10/5/xml_score.musicxml,Chopin/Etudes_op_10/5/Bach02.mid,2.0,152,5,147,7,1,76,2,0,76,2,1,76,10,5,71,5,0,0.032895,0.416667,0.060976
2,train,Chopin/Etudes_op_10/5/xml_score.musicxml,Chopin/Etudes_op_10/5/Feiner_2006_02.mid,0.0,236,3,233,9,0,118,2,1,117,1,1,118,10,2,116,8,1,0.012712,0.25,0.024194
2,train,Chopin/Etudes_op_10/5/xml_score.musicxml,Chopin/Etudes_op_10/5/Feiner_2006_02.mid,1.0,236,8,228,4,0,118,2,1,117,1,0,118,10,7,111,3,0,0.033898,0.666667,0.064516
2,train,Chopin/Etudes_op_10/5/xml_score.musicxml,Chopin/Etudes_op_10/5/Feiner_2006_02.mid,2.0,236,9,227,3,0,118,2,1,117,1,0,118,10,8,110,2,0,0.038136,0.75,0.072581
2,train,Chopin/Etudes_op_10/5/xml_score.musicxml,Chopin/Etudes_op_10/5/KimEunhae04.mid,0.0,116,1,115,11,0,58,2,1,57,1,0,58,10,0,58,10,1,0.008621,0.083333,0.015625
2,train,Chopin/Etudes_op_10/5/xml_score.musicxml,Chopin/Etudes_op_10/5/KimEunhae04.mid,1.0,116,5,111,7,0,58,2,1,57,1,0,58,10,4,54,6,0,0.043103,0.416667,0.078125
2,train,Chopin/Etudes_op_10/5/xml_score.musicxml,Chopin/Etudes_op_10/5/KimEunhae04.mid,2.0,116,7,109,5,0,58,2,1,57,1,0,58,10,6,52,4,0,0.060345,0.583333,0.109375
2,train,Chopin/Etudes_op_10/5/xml_score.musicxml,Chopin/Etudes_op_10/5/Koshoeva02.mid,0.0,172,0,172,12,0,86,2,0,86,2,1,86,10,0,86,10,0,0.0,0.0,0.0
2,train,Chopin/Etudes_op_10/5/xml_score.musicxml,Chopin/Etudes_op_10/5/Koshoeva02.mid,1.0,172,6,166,6,1,86,2,0,86,2,1,86,10,6,80,4,0,0.034884,0.5,0.065217
2,train,Chopin/Etudes_op_10/5/xml_score.musicxml,Chopin/Etudes_op_10/5/Koshoeva02.mid,2.0,172,9,163,3,0,86,2,1,85,1,0,86,10,8,78,2,0,0.052326,0.75,0.097826
2,train,Chopin/Etudes_op_10/5/xml_score.musicxml,Chopin/Etudes_op_10/5/LIAO03.mid,0.0,164,1,163,11,0,82,2,0,82,2,0,82,10,1,81,9,0,0.006098,0.083333,0.011364
2,train,Chopin/Etudes_op_10/5/xml_score.musicxml,Chopin/Etudes_op_10/5/LIAO03.mid,1.0,164,5,159,7,2,82,2,0,82,2,2,82,10,5,77,5,0,0.030488,0.416667,0.056818
2,train,Chopin/Etudes_op_10/5/xml_score.musicxml,Chopin/Etudes_op_10/5/LIAO03.mid,2.0,164,7,157,5,1,82,2,0,82,2,1,82,10,7,75,3,0,0.042683,0.583333,0.079545
2,train,Chopin/Etudes_op_10/5/xml_score.musicxml,Chopin/Etudes_op_10/5/LiA03M.mid,0.0,172,2,170,10,0,86,2,0,86,2,0,86,10,2,84,8,0,0.011628,0.166667,0.021739
2,train,Chopin/Etudes_op_10/5/xml_score.musicxml,Chopin/Etudes_op_10/5/LiA03M.mid,1.0,172,5,167,7,0,86,2,0,86,2,0,86,10,5,81,5,0,0.02907,0.416667,0.054348
2,train,Chopin/Etudes_op_10/5/xml_score.musicxml,Chopin/Etudes_op_10/5/LiA03M.mid,2.0,172,7,165,5,0,86,2,0,86,2,0,86,10,7,79,3,0,0.040698,0.583333,0.076087
2,train,Chopin/Etudes_op_10/5/xml_score.musicxml,Chopin/Etudes_op_10/5/LiC02M.mid,0.0,168,4,164,8,0,84,2,1,83,1,0,84,10,3,81,7,1,0.02381,0.333333,0.044444
2,train,Chopin/Etudes_op_10/5/xml_score.musicxml,Chopin/Etudes_op_10/5/LiC02M.mid,1.0,168,8,160,4,1,84,2,1,83,1,1,84,10,7,77,3,0,0.047619,0.666667,0.088889
2,train,Chopin/Etudes_op_10/5/xml_score.musicxml,Chopin/Etudes_op_10/5/LiC02M.mid,2.0,168,8,160,4,3,84,2,1,83,1,3,84,10,7,77,3,0,0.047619,0.666667,0.088889
2,train,Chopin/Etudes_op_10/5/xml_score.musicxml,Chopin/Etudes_op_10/5/Rozanski03.mid,0.0,164,2,162,10,0,82,2,0,82,2,0,82,10,2,80,8,0,0.012195,0.166667,0.022727
2,train,Chopin/Etudes_op_10/5/xml_score.musicxml,Chopin/Etudes_op_10/5/Rozanski03.mid,1.0,164,5,159,7,0,82,2,0,82,2,0,82,10,5,77,5,0,0.030488,0.416667,0.056818
2,train,Chopin/Etudes_op_10/5/xml_score.musicxml,Chopin/Etudes_op_10/5/Rozanski03.mid,2.0,164,5,159,7,1,82,2,0,82,2,1,82,10,5,77,5,0,0.030488,0.416667,0.056818
2,train,Chopin/Etudes_op_10/5/xml_score.musicxml,Chopin/Etudes_op_10/5/Tario02.mid,0.0,176,1,175,11,0,88,2,1,87,1,0,88,10,0,88,10,1,0.005682,0.083333,0.010638
2,train,Chopin/Etudes_op_10/5/xml_score.musicxml,Chopin/Etudes_op_10/5/Tario02.mid,1.0,176,7,169,5,0,88,2,1,87,1,0,88,10,6,82,4,0,0.039773,0.583333,0.074468
2,train,Chopin/Etudes_op_10/5/xml_score.musicxml,Chopin/Etudes_op_10/5/Tario02.mid,2.0,176,8,168,4,1,88,2,1,87,1,1,88,10,7,81,3,0,0.045455,0.666667,0.085106
2,train,Chopin/Etudes_op_10/5/xml_score.musicxml,Chopin/Etudes_op_10/5/USHIKI03.mid,0.0,128,0,128,12,0,64,2,0,64,2,0,64,10,0,64,10,0,0.0,0.0,0.0
2,train,Chopin/Etudes_op_10/5/xml_score.musicxml,Chopin/Etudes_op_10/5/USHIKI03.mid,1.0,128,3,125,9,0,64,2,0,64,2,0,64,10,3,61,7,0,0.023438,0.25,0.042857
2,train,Chopin/Etudes_op_10/5/xml_score.musicxml,Chopin/Etudes_op_10/5/USHIKI03.mid,2.0,128,5,123,7,1,64,2,0,64,2,1,64,10,5,59,5,0,0.039062,0.416667,0.071429
2,train,Chopin/Etudes_op_10/5/xml_score.musicxml,Chopin/Etudes_op_10/5/ZhangW03M.mid,0.0,180,1,179,11,0,90,2,0,90,2,0,90,10,1,89,9,0,0.005556,0.083333,0.010417
2,train,Chopin/Etudes_op_10/5/xml_score.musicxml,Chopin/Etudes_op_10/5/ZhangW03M.mid,1.0,180,6,174,6,1,90,2,0,90,2,1,90,10,6,84,4,0,0.033333,0.5,0.0625
2,train,Chopin/Etudes_op_10/5/xml_score.musicxml,Chopin/Etudes_op_10/5/ZhangW03M.mid,2.0,180,6,174,6,2,90,2,0,90,2,2,90,10,6,84,4,0,0.033333,0.5,0.0625
2,val,Chopin/Etudes_op_10/7/xml_score.musicxml,Chopin/Etudes_op_10/7/ChenL02.mid,0.0,194,3,191,15,0,97,9,2,95,7,1,97,9,1,96,8,0,0.015464,0.166667,0.028302
2,val,Chopin/Etudes_op_10/7/xml_score.musicxml,Chopin/Etudes_op_10/7/ChenL02.mid,1.0,194,16,178,2,0,97,9,9,88,0,0,97,9,7,90,2,0,0.082474,0.888889,0.150943
2,val,Chopin/Etudes_op_10/7/xml_score.musicxml,Chopin/Etudes_op_10/7/ChenL02.mid,2.0,194,17,177,1,0,97,9,9,88,0,0,97,9,8,89,1,0,0.087629,0.944444,0.160377
2,val,Chopin/Etudes_op_10/7/xml_score.musicxml,Chopin/Etudes_op_10/7/Namirovsky02.mid,0.0,338,6,332,12,0,169,9,6,163,3,1,169,9,0,169,9,0,0.017751,0.333333,0.033708
2,val,Chopin/Etudes_op_10/7/xml_score.musicxml,Chopin/Etudes_op_10/7/Namirovsky02.mid,1.0,338,17,321,1,0,169,9,9,160,0,0,169,9,8,161,1,0,0.050296,0.944444,0.095506
2,val,Chopin/Etudes_op_10/7/xml_score.musicxml,Chopin/Etudes_op_10/7/Namirovsky02.mid,2.0,338,18,320,0,0,169,9,9,160,0,0,169,9,9,160,0,0,0.053254,1.0,0.101124
2,val,Chopin/Etudes_op_10/7/xml_score.musicxml,Chopin/Etudes_op_10/7/SINKEV03.mid,0.0,146,5,141,13,0,73,9,5,68,4,0,73,9,0,73,9,1,0.034247,0.277778,0.060976
2,val,Chopin/Etudes_op_10/7/xml_score.musicxml,Chopin/Etudes_op_10/7/SINKEV03.mid,1.0,146,16,130,2,0,73,9,9,64,0,0,73,9,7,66,2,0,0.109589,0.888889,0.195122
2,val,Chopin/Etudes_op_10/7/xml_score.musicxml,Chopin/Etudes_op_10/7/SINKEV03.mid,2.0,146,17,129,1,1,73,9,9,64,0,1,73,9,8,65,1,0,0.116438,0.944444,0.207317
2,test,Chopin/Etudes_op_10/8/xml_score.musicxml,Chopin/Etudes_op_10/8/BENABD02.mid,0.0,366,17,349,55,0,183,37,13,170,24,1,183,35,4,179,31,0,0.046448,0.236111,0.077626
2,test,Chopin/Etudes_op_10/8/xml_score.musicxml,Chopin/Etudes_op_10/8/BENABD02.mid,1.0,366,48,318,24,3,183,37,29,154,8,1,183,35,19,164,16,2,0.131148,0.666667,0.219178
2,test,Chopin/Etudes_op_10/8/xml_score.musicxml,Chopin/Etudes_op_10/8/BENABD02.mid,2.0,366,65,301,7,0,183,37,35,148,2,0,183,35,30,153,5,0,0.177596,0.902778,0.296804
2,test,Chopin/Etudes_op_10/8/xml_score.musicxml,Chopin/Etudes_op_10/8/Benabdallah02.mid,0.0,378,9,369,63,0,189,37,7,182,30,3,189,35,2,187,33,0,0.02381,0.125,0.04
2,test,Chopin/Etudes_op_10/8/xml_score.musicxml,Chopin/Etudes_op_10/8/Benabdallah02.mid,1.0,378,46,332,26,4,189,37,29,160,8,2,189,35,17,172,18,2,0.121693,0.638889,0.204444
2,test,Chopin/Etudes_op_10/8/xml_score.musicxml,Chopin/Etudes_op_10/8/Benabdallah02.mid,2.0,378,64,314,8,0,189,37,35,154,2,0,189,35,29,160,6,0,0.169312,0.888889,0.284444
2,test,Chopin/Etudes_op_10/8/xml_score.musicxml,Chopin/Etudes_op_10/8/CHOE01.mid,0.0,340,13,327,59,0,170,37,9,161,28,0,170,35,4,166,31,1,0.038235,0.180556,0.063107
2,test,Chopin/Etudes_op_10/8/xml_score.musicxml,Chopin/Etudes_op_10/8/CHOE01.mid,1.0,340,51,289,21,3,170,37,30,140,7,2,170,35,21,149,14,1,0.15,0.708333,0.247573
2,test,Chopin/Etudes_op_10/8/xml_score.musicxml,Chopin/Etudes_op_10/8/CHOE01.mid,2.0,340,65,275,7,0,170,37,35,135,2,0,170,35,30,140,5,0,0.191176,0.902778,0.315534
2,test,Chopin/Etudes_op_10/8/xml_score.musicxml,Chopin/Etudes_op_10/8/ChenJie03.mid,0.0,334,9,325,63,0,167,37,5,162,32,0,167,35,4,163,31,2,0.026946,0.125,0.044335
2,test,Chopin/Etudes_op_10/8/xml_score.musicxml,Chopin/Etudes_op_10/8/ChenJie03.mid,1.0,334,63,271,9,0,167,37,35,132,2,0,167,35,28,139,7,0,0.188623,0.875,0.310345
2,test,Chopin/Etudes_op_10/8/xml_score.musicxml,Chopin/Etudes_op_10/8/ChenJie03.mid,2.0,334,71,263,1,0,167,37,37,130,0,0,167,35,34,133,1,0,0.212575,0.986111,0.349754
2,test,Chopin/Etudes_op_10/8/xml_score.musicxml,Chopin/Etudes_op_10/8/FONG02.mid,0.0,232,10,222,62,0,116,37,9,107,28,1,116,35,1,115,34,0,0.043103,0.138889,0.065789
2,test,Chopin/Etudes_op_10/8/xml_score.musicxml,Chopin/Etudes_op_10/8/FONG02.mid,1.0,232,42,190,30,2,116,37,28,88,9,1,116,35,14,102,21,1,0.181034,0.583333,0.276316
2,test,Chopin/Etudes_op_10/8/xml_score.musicxml,Chopin/Etudes_op_10/8/FONG02.mid,2.0,232,57,175,15,0,116,37,31,85,6,0,116,35,26,90,9,0,0.24569,0.791667,0.375
2,test,Chopin/Etudes_op_10/8/xml_score.musicxml,Chopin/Etudes_op_10/8/Georgieva03.mid,0.0,332,5,327,67,0,166,37,2,164,35,2,166,35,3,163,32,1,0.01506,0.069444,0.024752
2,test,Chopin/Etudes_op_10/8/xml_score.musicxml,Chopin/Etudes_op_10/8/Georgieva03.mid,1.0,332,58,274,14,1,166,37,32,134,5,1,166,35,26,140,9,0,0.174699,0.805556,0.287129
2,test,Chopin/Etudes_op_10/8/xml_score.musicxml,Chopin/Etudes_op_10/8/Georgieva03.mid,2.0,332,67,265,5,0,166,37,35,131,2,0,166,35,32,134,3,0,0.201807,0.930556,0.331683
2,test,Chopin/Etudes_op_10/8/xml_score.musicxml,Chopin/Etudes_op_10/8/IVLEVA02.mid,0.0,288,6,282,66,0,144,37,4,140,33,4,144,35,2,142,33,1,0.020833,0.083333,0.033333
2,test,Chopin/Etudes_op_10/8/xml_score.musicxml,Chopin/Etudes_op_10/8/IVLEVA02.mid,1.0,288,56,232,16,1,144,37,32,112,5,0,144,35,24,120,11,1,0.194444,0.777778,0.311111
2,test,Chopin/Etudes_op_10/8/xml_score.musicxml,Chopin/Etudes_op_10/8/IVLEVA02.mid,2.0,288,70,218,2,0,144,37,37,107,0,0,144,35,33,111,2,0,0.243056,0.972222,0.388889
2,test,Chopin/Etudes_op_10/8/xml_score.musicxml,Chopin/Etudes_op_10/8/Kwok02.mid,0.0,308,9,299,63,0,154,37,5,149,32,0,154,35,4,150,31,1,0.029221,0.125,0.047368
2,test,Chopin/Etudes_op_10/8/xml_score.musicxml,Chopin/Etudes_op_10/8/Kwok02.mid,1.0,308,50,258,22,2,154,37,31,123,6,2,154,35,19,135,16,0,0.162338,0.694444,0.263158
2,test,Chopin/Etudes_op_10/8/xml_score.musicxml,Chopin/Etudes_op_10/8/Kwok02.mid,2.0,308,64,244,8,0,154,37,34,120,3,0,154,35,30,124,5,0,0.207792,0.888889,0.336842
2,test,Chopin/Etudes_op_10/8/xml_score.musicxml,Chopin/Etudes_op_10/8/KyykhynenT09M.mid,0.0,214,6,208,66,0,107,37,5,102,32,2,107,35,1,106,34,3,0.028037,0.083333,0.041958
2,test,Chopin/Etudes_op_10/8/xml_score.musicxml,Chopin/Etudes_op_10/8/KyykhynenT09M.mid,1.0,214,44,170,28,1,107,37,26,81,11,0,107,35,18,89,17,1,0.205607,0.611111,0.307692
2,test,Chopin/Etudes_op_10/8/xml_score.musicxml,Chopin/Etudes_op_10/8/KyykhynenT09M.mid,2.0,214,60,154,12,0,107,37,32,75,5,0,107,35,28,79,7,0,0.280374,0.833333,0.41958
2,test,Chopin/Etudes_op_10/8/xml_score.musicxml,Chopin/Etudes_op_10/8/LeeEunjin02.mid,0.0,390,13,377,59,0,195,37,11,184,26,1,195,35,2,193,33,0,0.033333,0.180556,0.056277
2,test,Chopin/Etudes_op_10/8/xml_score.musicxml,Chopin/Etudes_op_10/8/LeeEunjin02.mid,1.0,390,56,334,16,0,195,37,30,165,7,0,195,35,26,169,9,0,0.14359,0.777778,0.242424
2,test,Chopin/Etudes_op_10/8/xml_score.musicxml,Chopin/Etudes_op_10/8/LeeEunjin02.mid,2.0,390,64,326,8,0,195,37,34,161,3,0,195,35,30,165,5,0,0.164103,0.888889,0.277056
2,test,Chopin/Etudes_op_10/8/xml_score.musicxml,Chopin/Etudes_op_10/8/LeeHwakyu02.mid,0.0,282,8,274,64,0,141,37,4,137,33,1,141,35,4,137,31,1,0.028369,0.111111,0.045198
2,test,Chopin/Etudes_op_10/8/xml_score.musicxml,Chopin/Etudes_op_10/8/LeeHwakyu02.mid,1.0,282,57,225,15,1,141,37,32,109,5,0,141,35,25,116,10,1,0.202128,0.791667,0.322034
2,test,Chopin/Etudes_op_10/8/xml_score.musicxml,Chopin/Etudes_op_10/8/LeeHwakyu02.mid,2.0,282,70,212,2,0,141,37,37,104,0,0,141,35,33,108,2,0,0.248227,0.972222,0.39548
2,test,Chopin/Etudes_op_10/8/xml_score.musicxml,Chopin/Etudes_op_10/8/LeeJisun02.mid,0.0,450,23,427,49,0,225,37,17,208,20,6,225,35,6,219,29,0,0.051111,0.319444,0.088123
2,test,Chopin/Etudes_op_10/8/xml_score.musicxml,Chopin/Etudes_op_10/8/LeeJisun02.mid,1.0,450,67,383,5,2,225,37,36,189,1,2,225,35,31,194,4,0,0.148889,0.930556,0.256705
2,test,Chopin/Etudes_op_10/8/xml_score.musicxml,Chopin/Etudes_op_10/8/LeeJisun02.mid,2.0,450,70,380,2,0,225,37,36,189,1,0,225,35,34,191,1,0,0.155556,0.972222,0.268199
2,test,Chopin/Etudes_op_10/8/xml_score.musicxml,Chopin/Etudes_op_10/8/LiuLangning02.mid,0.0,296,17,279,55,0,148,37,14,134,23,2,148,35,3,145,32,0,0.057432,0.236111,0.092391
2,test,Chopin/Etudes_op_10/8/xml_score.musicxml,Chopin/Etudes_op_10/8/LiuLangning02.mid,1.0,296,49,247,23,1,148,37,28,120,9,0,148,35,21,127,14,1,0.165541,0.680556,0.266304
2,test,Chopin/Etudes_op_10/8/xml_score.musicxml,Chopin/Etudes_op_10/8/LiuLangning02.mid,2.0,296,61,235,11,0,148,37,33,115,4,0,148,35,28,120,7,0,0.206081,0.847222,0.331522
2,test,Chopin/Etudes_op_10/8/xml_score.musicxml,Chopin/Etudes_op_10/8/Lou03M.mid,0.0,358,10,348,62,0,179,37,7,172,30,2,179,35,3,176,32,1,0.027933,0.138889,0.046512
2,test,Chopin/Etudes_op_10/8/xml_score.musicxml,Chopin/Etudes_op_10/8/Lou03M.mid,1.0,358,58,300,14,1,179,37,32,147,5,1,179,35,26,153,9,0,0.162011,0.805556,0.269767
2,test,Chopin/Etudes_op_10/8/xml_score.musicxml,Chopin/Etudes_op_10/8/Lou03M.mid,2.0,358,65,293,7,0,179,37,34,145,3,0,179,35,31,148,4,0,0.181564,0.902778,0.302326
2,test,Chopin/Etudes_op_10/8/xml_score.musicxml,Chopin/Etudes_op_10/8/LuEric03M.mid,0.0,268,14,254,58,0,134,37,11,123,26,1,134,35,3,131,32,0,0.052239,0.194444,0.082353
2,test,Chopin/Etudes_op_10/8/xml_score.musicxml,Chopin/Etudes_op_10/8/LuEric03M.mid,1.0,268,49,219,23,1,134,37,26,108,11,1,134,35,23,111,12,0,0.182836,0.680556,0.288235
2,test,Chopin/Etudes_op_10/8/xml_score.musicxml,Chopin/Etudes_op_10/8/LuEric03M.mid,2.0,268,65,203,7,0,134,37,36,98,1,0,134,35,29,105,6,0,0.242537,0.902778,0.382353
2,test,Chopin/Etudes_op_10/8/xml_score.musicxml,Chopin/Etudes_op_10/8/Masycheva02.mid,0.0,320,16,304,56,0,160,37,12,148,25,3,160,35,4,156,31,1,0.05,0.222222,0.081633
2,test,Chopin/Etudes_op_10/8/xml_score.musicxml,Chopin/Etudes_op_10/8/Masycheva02.mid,1.0,320,47,273,25,4,160,37,28,132,9,3,160,35,19,141,16,1,0.146875,0.652778,0.239796
2,test,Chopin/Etudes_op_10/8/xml_score.musicxml,Chopin/Etudes_op_10/8/Masycheva02.mid,2.0,320,65,255,7,0,160,37,35,125,2,0,160,35,30,130,5,0,0.203125,0.902778,0.331633
2,test,Chopin/Etudes_op_10/8/xml_score.musicxml,Chopin/Etudes_op_10/8/MiyashitaM05M.mid,0.0,464,12,452,60,0,232,37,10,222,27,4,232,35,2,230,33,2,0.025862,0.166667,0.044776
2,test,Chopin/Etudes_op_10/8/xml_score.musicxml,Chopin/Etudes_op_10/8/MiyashitaM05M.mid,1.0,464,62,402,10,1,232,37,33,199,4,1,232,35,29,203,6,0,0.133621,0.861111,0.231343
2,test,Chopin/Etudes_op_10/8/xml_score.musicxml,Chopin/Etudes_op_10/8/MiyashitaM05M.mid,2.0,464,68,396,4,0,232,37,35,197,2,0,232,35,33,199,2,0,0.146552,0.944444,0.253731
2,test,Chopin/Etudes_op_10/8/xml_score.musicxml,Chopin/Etudes_op_10/8/ParkH02.mid,0.0,426,7,419,65,0,213,37,2,211,35,1,213,35,5,208,30,3,0.016432,0.097222,0.028112
2,test,Chopin/Etudes_op_10/8/xml_score.musicxml,Chopin/Etudes_op_10/8/ParkH02.mid,1.0,426,56,370,16,2,213,37,31,182,6,2,213,35,25,188,10,0,0.131455,0.777778,0.2249
2,test,Chopin/Etudes_op_10/8/xml_score.musicxml,Chopin/Etudes_op_10/8/ParkH02.mid,2.0,426,66,360,6,2,213,37,36,177,1,2,213,35,30,183,5,0,0.15493,0.916667,0.26506
2,test,Chopin/Etudes_op_10/8/xml_score.musicxml,Chopin/Etudes_op_10/8/Rizikov03M.mid,0.0,364,4,360,68,0,182,37,2,180,35,1,182,35,2,180,33,1,0.010989,0.055556,0.018349
2,test,Chopin/Etudes_op_10/8/xml_score.musicxml,Chopin/Etudes_op_10/8/Rizikov03M.mid,1.0,364,53,311,19,2,182,37,31,151,6,2,182,35,22,160,13,0,0.145604,0.736111,0.243119
2,test,Chopin/Etudes_op_10/8/xml_score.musicxml,Chopin/Etudes_op_10/8/Rizikov03M.mid,2.0,364,61,303,11,0,182,37,31,151,6,0,182,35,30,152,5,0,0.167582,0.847222,0.279817
2,test,Chopin/Etudes_op_10/8/xml_score.musicxml,Chopin/Etudes_op_10/8/SCHU03.mid,0.0,288,7,281,65,0,144,37,5,139,32,0,144,35,2,142,33,0,0.024306,0.097222,0.038889
2,test,Chopin/Etudes_op_10/8/xml_score.musicxml,Chopin/Etudes_op_10/8/SCHU03.mid,1.0,288,48,240,24,3,144,37,28,116,9,2,144,35,20,124,15,1,0.166667,0.666667,0.266667
2,test,Chopin/Etudes_op_10/8/xml_score.musicxml,Chopin/Etudes_op_10/8/SCHU03.mid,2.0,288,65,223,7,0,144,37,35,109,2,0,144,35,30,114,5,0,0.225694,0.902778,0.361111
2,test,Chopin/Etudes_op_10/8/xml_score.musicxml,Chopin/Etudes_op_10/8/Sekino03.mid,0.0,418,12,406,60,0,209,37,10,199,27,2,209,35,2,207,33,2,0.028708,0.166667,0.04898
2,test,Chopin/Etudes_op_10/8/xml_score.musicxml,Chopin/Etudes_op_10/8/Sekino03.mid,1.0,418,49,369,23,1,209,37,28,181,9,1,209,35,21,188,14,0,0.117225,0.680556,0.2
2,test,Chopin/Etudes_op_10/8/xml_score.musicxml,Chopin/Etudes_op_10/8/Sekino03.mid,2.0,418,62,356,10,1,209,37,34,175,3,1,209,35,28,181,7,0,0.148325,0.861111,0.253061
2,test,Chopin/Etudes_op_10/8/xml_score.musicxml,Chopin/Etudes_op_10/8/Shilyaev02.mid,0.0,400,12,388,60,0,200,37,8,192,29,3,200,35,4,196,31,0,0.03,0.166667,0.050847
2,test,Chopin/Etudes_op_10/8/xml_score.musicxml,Chopin/Etudes_op_10/8/Shilyaev02.mid,1.0,400,56,344,16,1,200,37,30,170,7,1,200,35,26,174,9,0,0.14,0.777778,0.237288
2,test,Chopin/Etudes_op_10/8/xml_score.musicxml,Chopin/Etudes_op_10/8/Shilyaev02.mid,2.0,400,65,335,7,0,200,37,34,166,3,0,200,35,31,169,4,0,0.1625,0.902778,0.275424
2,test,Chopin/Etudes_op_10/8/xml_score.musicxml,Chopin/Etudes_op_10/8/Soukhovetski02.mid,0.0,288,5,283,67,0,144,37,3,141,34,2,144,35,2,142,33,2,0.017361,0.069444,0.027778
2,test,Chopin/Etudes_op_10/8/xml_score.musicxml,Chopin/Etudes_op_10/8/Soukhovetski02.mid,1.0,288,50,238,22,2,144,37,30,114,7,1,144,35,20,124,15,1,0.173611,0.694444,0.277778
2,test,Chopin/Etudes_op_10/8/xml_score.musicxml,Chopin/Etudes_op_10/8/Soukhovetski02.mid,2.0,288,63,225,9,1,144,37,34,110,3,1,144,35,29,115,6,0,0.21875,0.875,0.35
2,test,Chopin/Etudes_op_10/8/xml_score.musicxml,Chopin/Etudes_op_10/8/Tak02.mid,0.0,214,7,207,65,0,107,37,3,104,34,2,107,35,4,103,31,2,0.03271,0.097222,0.048951
2,test,Chopin/Etudes_op_10/8/xml_score.musicxml,Chopin/Etudes_op_10/8/Tak02.mid,1.0,214,48,166,24,0,107,37,27,80,10,0,107,35,21,86,14,0,0.224299,0.666667,0.335664
2,test,Chopin/Etudes_op_10/8/xml_score.musicxml,Chopin/Etudes_op_10/8/Tak02.mid,2.0,214,55,159,17,0,107,37,30,77,7,0,107,35,25,82,10,0,0.257009,0.763889,0.384615
2,test,Chopin/Etudes_op_10/8/xml_score.musicxml,Chopin/Etudes_op_10/8/Tetzloff02.mid,0.0,324,13,311,59,0,162,37,6,156,31,0,162,35,7,155,28,0,0.040123,0.180556,0.065657
2,test,Chopin/Etudes_op_10/8/xml_score.musicxml,Chopin/Etudes_op_10/8/Tetzloff02.mid,1.0,324,55,269,17,0,162,37,30,132,7,0,162,35,25,137,10,0,0.169753,0.763889,0.277778
2,test,Chopin/Etudes_op_10/8/xml_score.musicxml,Chopin/Etudes_op_10/8/Tetzloff02.mid,2.0,324,67,257,5,0,162,37,36,126,1,0,162,35,31,131,4,0,0.20679,0.930556,0.338384
2,test,Chopin/Etudes_op_10/8/xml_score.musicxml,Chopin/Etudes_op_10/8/Tetzloff07M.mid,0.0,304,10,294,62,0,152,37,8,144,29,3,152,35,2,150,33,1,0.032895,0.138889,0.053191
2,test,Chopin/Etudes_op_10/8/xml_score.musicxml,Chopin/Etudes_op_10/8/Tetzloff07M.mid,1.0,304,51,253,21,1,152,37,27,125,10,1,152,35,24,128,11,0,0.167763,0.708333,0.271277
2,test,Chopin/Etudes_op_10/8/xml_score.musicxml,Chopin/Etudes_op_10/8/Tetzloff07M.mid,2.0,304,66,238,6,0,152,37,36,116,1,0,152,35,30,122,5,0,0.217105,0.916667,0.351064
2,test,Chopin/Etudes_op_10/8/xml_score.musicxml,Chopin/Etudes_op_10/8/YOU02.mid,0.0,332,9,323,63,0,166,37,7,159,30,2,166,35,2,164,33,2,0.027108,0.125,0.044554
2,test,Chopin/Etudes_op_10/8/xml_score.musicxml,Chopin/Etudes_op_10/8/YOU02.mid,1.0,332,50,282,22,1,166,37,28,138,9,1,166,35,22,144,13,0,0.150602,0.694444,0.247525
2,test,Chopin/Etudes_op_10/8/xml_score.musicxml,Chopin/Etudes_op_10/8/YOU02.mid,2.0,332,64,268,8,0,166,37,36,130,1,0,166,35,28,138,7,0,0.192771,0.888889,0.316832
2,test,Chopin/Etudes_op_10/8/xml_score.musicxml,Chopin/Etudes_op_10/8/Zhou03M.mid,0.0,244,11,233,61,0,122,37,10,112,27,2,122,35,1,121,34,0,0.045082,0.152778,0.06962
2,test,Chopin/Etudes_op_10/8/xml_score.musicxml,Chopin/Etudes_op_10/8/Zhou03M.mid,1.0,244,47,197,25,3,122,37,28,94,9,2,122,35,19,103,16,1,0.192623,0.652778,0.297468
2,test,Chopin/Etudes_op_10/8/xml_score.musicxml,Chopin/Etudes_op_10/8/Zhou03M.mid,2.0,244,61,183,11,0,122,37,32,90,5,0,122,35,29,93,6,0,0.25,0.847222,0.386076
2,train,Chopin/Etudes_op_25/1/xml_score.musicxml,Chopin/Etudes_op_25/1/Erice03.mid,0.0,204,42,162,140,0,102,96,42,60,54,0,102,86,0,102,86,1,0.205882,0.230769,0.217617
2,train,Chopin/Etudes_op_25/1/xml_score.musicxml,Chopin/Etudes_op_25/1/Erice03.mid,1.0,204,144,60,38,2,102,96,76,26,20,1,102,86,68,34,18,1,0.705882,0.791209,0.746114
2,train,Chopin/Etudes_op_25/1/xml_score.musicxml,Chopin/Etudes_op_25/1/Erice03.mid,2.0,204,152,52,30,2,102,96,81,21,15,0,102,86,71,31,15,2,0.745098,0.835165,0.787565
2,train,Chopin/Etudes_op_25/1/xml_score.musicxml,Chopin/Etudes_op_25/1/LeeN03M.mid,0.0,220,50,170,132,0,110,96,50,60,46,0,110,86,0,110,86,0,0.227273,0.274725,0.248756
2,train,Chopin/Etudes_op_25/1/xml_score.musicxml,Chopin/Etudes_op_25/1/LeeN03M.mid,1.0,220,161,59,21,2,110,96,85,25,11,1,110,86,76,34,10,1,0.731818,0.884615,0.800995
2,train,Chopin/Etudes_op_25/1/xml_score.musicxml,Chopin/Etudes_op_25/1/LeeN03M.mid,2.0,220,171,49,11,0,110,96,91,19,5,0,110,86,80,30,6,0,0.777273,0.93956,0.850746
2,train,Chopin/Etudes_op_25/1/xml_score.musicxml,Chopin/Etudes_op_25/1/TongB02M.mid,0.0,146,38,108,144,0,73,96,38,35,58,0,73,86,0,73,86,1,0.260274,0.208791,0.231707
2,train,Chopin/Etudes_op_25/1/xml_score.musicxml,Chopin/Etudes_op_25/1/TongB02M.mid,1.0,146,119,27,63,2,73,96,62,11,34,0,73,86,57,16,29,2,0.815068,0.653846,0.72561
2,train,Chopin/Etudes_op_25/1/xml_score.musicxml,Chopin/Etudes_op_25/1/TongB02M.mid,2.0,146,126,20,56,4,73,96,67,6,29,0,73,86,59,14,27,4,0.863014,0.692308,0.768293
2,train,Chopin/Etudes_op_25/1/xml_score.musicxml,Chopin/Etudes_op_25/1/TuanS04M.mid,0.0,154,25,129,157,0,77,96,25,52,71,0,77,86,0,77,86,0,0.162338,0.137363,0.14881
2,train,Chopin/Etudes_op_25/1/xml_score.musicxml,Chopin/Etudes_op_25/1/TuanS04M.mid,1.0,154,123,31,59,4,77,96,63,14,33,1,77,86,60,17,26,3,0.798701,0.675824,0.732143
2,train,Chopin/Etudes_op_25/1/xml_score.musicxml,Chopin/Etudes_op_25/1/TuanS04M.mid,2.0,154,132,22,50,4,77,96,68,9,28,0,77,86,64,13,22,4,0.857143,0.725275,0.785714
2,train,Chopin/Etudes_op_25/1/xml_score.musicxml,Chopin/Etudes_op_25/1/Wong03M.mid,0.0,212,59,153,123,0,106,96,59,47,37,0,106,86,0,106,86,1,0.278302,0.324176,0.299492
2,train,Chopin/Etudes_op_25/1/xml_score.musicxml,Chopin/Etudes_op_25/1/Wong03M.mid,1.0,212,156,56,26,5,106,96,83,23,13,1,106,86,73,33,13,4,0.735849,0.857143,0.791878
2,train,Chopin/Etudes_op_25/1/xml_score.musicxml,Chopin/Etudes_op_25/1/Wong03M.mid,2.0,212,171,41,11,4,106,96,90,16,6,0,106,86,81,25,5,4,0.806604,0.93956,0.86802
2,train,Chopin/Etudes_op_25/12/xml_score.musicxml,Chopin/Etudes_op_25/12/Atzinger03.mid,0.0,220,1,219,0,0,110,0,0,110,0,0,110,1,1,109,0,0,0.004545,1.0,0.00905
2,train,Chopin/Etudes_op_25/12/xml_score.musicxml,Chopin/Etudes_op_25/12/Atzinger03.mid,1.0,220,1,219,0,0,110,0,0,110,0,0,110,1,1,109,0,0,0.004545,1.0,0.00905
2,train,Chopin/Etudes_op_25/12/xml_score.musicxml,Chopin/Etudes_op_25/12/Atzinger03.mid,2.0,220,1,219,0,0,110,0,0,110,0,0,110,1,1,109,0,0,0.004545,1.0,0.00905
2,train,Chopin/Etudes_op_25/12/xml_score.musicxml,Chopin/Etudes_op_25/12/BorickC04M.mid,0.0,186,1,185,0,0,93,0,0,93,0,0,93,1,1,92,0,0,0.005376,1.0,0.010695
2,train,Chopin/Etudes_op_25/12/xml_score.musicxml,Chopin/Etudes_op_25/12/BorickC04M.mid,1.0,186,1,185,0,0,93,0,0,93,0,0,93,1,1,92,0,0,0.005376,1.0,0.010695
2,train,Chopin/Etudes_op_25/12/xml_score.musicxml,Chopin/Etudes_op_25/12/BorickC04M.mid,2.0,186,1,185,0,0,93,0,0,93,0,0,93,1,1,92,0,0,0.005376,1.0,0.010695
2,train,Chopin/Etudes_op_25/12/xml_score.musicxml,Chopin/Etudes_op_25/12/Golubeva02.mid,0.0,234,0,234,1,0,117,0,0,117,0,0,117,1,0,117,1,0,0.0,0.0,0.0
2,train,Chopin/Etudes_op_25/12/xml_score.musicxml,Chopin/Etudes_op_25/12/Golubeva02.mid,1.0,234,0,234,1,0,117,0,0,117,0,0,117,1,0,117,1,0,0.0,0.0,0.0
2,train,Chopin/Etudes_op_25/12/xml_score.musicxml,Chopin/Etudes_op_25/12/Golubeva02.mid,2.0,234,0,234,1,0,117,0,0,117,0,0,117,1,0,117,1,0,0.0,0.0,0.0
2,train,Chopin/Etudes_op_25/12/xml_score.musicxml,Chopin/Etudes_op_25/12/HouKimberly03M.mid,0.0,188,1,187,0,0,94,0,0,94,0,0,94,1,1,93,0,0,0.005319,1.0,0.010582
2,train,Chopin/Etudes_op_25/12/xml_score.musicxml,Chopin/Etudes_op_25/12/HouKimberly03M.mid,1.0,188,1,187,0,0,94,0,0,94,0,0,94,1,1,93,0,0,0.005319,1.0,0.010582
2,train,Chopin/Etudes_op_25/12/xml_score.musicxml,Chopin/Etudes_op_25/12/HouKimberly03M.mid,2.0,188,1,187,0,0,94,0,0,94,0,0,94,1,1,93,0,0,0.005319,1.0,0.010582
2,train,Chopin/Etudes_op_25/12/xml_score.musicxml,Chopin/Etudes_op_25/12/KWON03.mid,0.0,206,1,205,0,0,103,0,0,103,0,0,103,1,1,102,0,0,0.004854,1.0,0.009662
2,train,Chopin/Etudes_op_25/12/xml_score.musicxml,Chopin/Etudes_op_25/12/KWON03.mid,1.0,206,1,205,0,0,103,0,0,103,0,0,103,1,1,102,0,0,0.004854,1.0,0.009662
2,train,Chopin/Etudes_op_25/12/xml_score.musicxml,Chopin/Etudes_op_25/12/KWON03.mid,2.0,206,1,205,0,0,103,0,0,103,0,0,103,1,1,102,0,0,0.004854,1.0,0.009662
2,train,Chopin/Etudes_op_25/12/xml_score.musicxml,Chopin/Etudes_op_25/12/Kunz03.mid,0.0,186,1,185,0,0,93,0,0,93,0,0,93,1,1,92,0,0,0.005376,1.0,0.010695
2,train,Chopin/Etudes_op_25/12/xml_score.musicxml,Chopin/Etudes_op_25/12/Kunz03.mid,1.0,186,1,185,0,0,93,0,0,93,0,0,93,1,1,92,0,0,0.005376,1.0,0.010695
2,train,Chopin/Etudes_op_25/12/xml_score.musicxml,Chopin/Etudes_op_25/12/Kunz03.mid,2.0,186,1,185,0,0,93,0,0,93,0,0,93,1,1,92,0,0,0.005376,1.0,0.010695
2,train,Chopin/Etudes_op_25/12/xml_score.musicxml,Chopin/Etudes_op_25/12/LuA04M.mid,0.0,202,1,201,0,0,101,0,0,101,0,0,101,1,1,100,0,0,0.00495,1.0,0.009852
2,train,Chopin/Etudes_op_25/12/xml_score.musicxml,Chopin/Etudes_op_25/12/LuA04M.mid,1.0,202,1,201,0,0,101,0,0,101,0,0,101,1,1,100,0,0,0.00495,1.0,0.009852
2,train,Chopin/Etudes_op_25/12/xml_score.musicxml,Chopin/Etudes_op_25/12/LuA04M.mid,2.0,202,1,201,0,0,101,0,0,101,0,0,101,1,1,100,0,0,0.00495,1.0,0.009852
2,train,Chopin/Etudes_op_25/12/xml_score.musicxml,Chopin/Etudes_op_25/12/Meek01.mid,0.0,226,0,226,1,0,113,0,0,113,0,0,113,1,0,113,1,0,0.0,0.0,0.0
2,train,Chopin/Etudes_op_25/12/xml_score.musicxml,Chopin/Etudes_op_25/12/Meek01.mid,1.0,226,0,226,1,0,113,0,0,113,0,0,113,1,0,113,1,0,0.0,0.0,0.0
2,train,Chopin/Etudes_op_25/12/xml_score.musicxml,Chopin/Etudes_op_25/12/Meek01.mid,2.0,226,0,226,1,0,113,0,0,113,0,0,113,1,0,113,1,0,0.0,0.0,0.0
2,train,Chopin/Etudes_op_25/12/xml_score.musicxml,Chopin/Etudes_op_25/12/Yang03.mid,0.0,194,1,193,0,0,97,0,0,97,0,0,97,1,1,96,0,0,0.005155,1.0,0.010256
2,train,Chopin/Etudes_op_25/12/xml_score.musicxml,Chopin/Etudes_op_25/12/Yang03.mid,1.0,194,1,193,0,0,97,0,0,97,0,0,97,1,1,96,0,0,0.005155,1.0,0.010256
2,train,Chopin/Etudes_op_25/12/xml_score.musicxml,Chopin/Etudes_op_25/12/Yang03.mid,2.0,194,1,193,0,0,97,0,0,97,0,0,97,1,1,96,0,0,0.005155,1.0,0.010256
2,val,Chopin/Etudes_op_25/8/xml_score.musicxml,Chopin/Etudes_op_25/8/DeTurck02.mid,0.0,158,21,137,75,0,79,48,17,62,31,0,79,48,4,75,44,2,0.132911,0.21875,0.165354
2,val,Chopin/Etudes_op_25/8/xml_score.musicxml,Chopin/Etudes_op_25/8/DeTurck02.mid,1.0,158,92,66,4,0,79,48,47,32,1,0,79,48,45,34,3,0,0.582278,0.958333,0.724409
2,val,Chopin/Etudes_op_25/8/xml_score.musicxml,Chopin/Etudes_op_25/8/DeTurck02.mid,2.0,158,96,62,0,0,79,48,48,31,0,0,79,48,48,31,0,0,0.607595,1.0,0.755906
2,val,Chopin/Etudes_op_25/8/xml_score.musicxml,Chopin/Etudes_op_25/8/MORET03.mid,0.0,166,26,140,70,0,83,48,17,66,31,0,83,48,9,74,39,3,0.156627,0.270833,0.198473
2,val,Chopin/Etudes_op_25/8/xml_score.musicxml,Chopin/Etudes_op_25/8/MORET03.mid,1.0,166,89,77,7,0,83,48,44,39,4,0,83,48,45,38,3,0,0.536145,0.927083,0.679389
2,val,Chopin/Etudes_op_25/8/xml_score.musicxml,Chopin/Etudes_op_25/8/MORET03.mid,2.0,166,96,70,0,0,83,48,48,35,0,0,83,48,48,35,0,0,0.578313,1.0,0.732824
2,val,Chopin/Etudes_op_25/8/xml_score.musicxml,Chopin/Etudes_op_25/8/SOLOM03.mid,0.0,140,26,114,70,0,70,48,25,45,23,0,70,48,1,69,47,1,0.185714,0.270833,0.220339
2,val,Chopin/Etudes_op_25/8/xml_score.musicxml,Chopin/Etudes_op_25/8/SOLOM03.mid,1.0,140,87,53,9,0,70,48,44,26,4,0,70,48,43,27,5,0,0.621429,0.90625,0.737288
2,val,Chopin/Etudes_op_25/8/xml_score.musicxml,Chopin/Etudes_op_25/8/SOLOM03.mid,2.0,140,95,45,1,0,70,48,47,23,1,0,70,48,48,22,0,0,0.678571,0.989583,0.805085
2,val,Chopin/Etudes_op_25/8/xml_score.musicxml,Chopin/Etudes_op_25/8/Toscano02.mid,0.0,134,20,114,76,0,67,48,18,49,30,1,67,48,2,65,46,2,0.149254,0.208333,0.173913
2,val,Chopin/Etudes_op_25/8/xml_score.musicxml,Chopin/Etudes_op_25/8/Toscano02.mid,1.0,134,93,41,3,0,67,48,47,20,1,0,67,48,46,21,2,0,0.69403,0.96875,0.808696
2,val,Chopin/Etudes_op_25/8/xml_score.musicxml,Chopin/Etudes_op_25/8/Toscano02.mid,2.0,134,96,38,0,0,67,48,48,19,0,0,67,48,48,19,0,0,0.716418,1.0,0.834783
2,train,Chopin/Scherzos/20/xml_score.musicxml,Chopin/Scherzos/20/Kurz04M.mid,0.0,650,118,532,302,0,325,210,107,218,103,2,325,210,11,314,199,1,0.181538,0.280952,0.220561
2,train,Chopin/Scherzos/20/xml_score.musicxml,Chopin/Scherzos/20/Kurz04M.mid,1.0,650,328,322,92,0,325,210,178,147,32,0,325,210,150,175,60,0,0.504615,0.780952,0.613084
2,train,Chopin/Scherzos/20/xml_score.musicxml,Chopin/Scherzos/20/Kurz04M.mid,2.0,650,343,307,77,0,325,210,179,146,31,0,325,210,164,161,46,0,0.527692,0.816667,0.641121
2,train,Chopin/Scherzos/20/xml_score.musicxml,Chopin/Scherzos/20/Wong03.mid,0.0,966,188,778,232,0,483,210,141,342,69,8,483,210,47,436,163,2,0.194617,0.447619,0.271284
2,train,Chopin/Scherzos/20/xml_score.musicxml,Chopin/Scherzos/20/Wong03.mid,1.0,966,381,585,39,1,483,210,202,281,8,1,483,210,179,304,31,0,0.39441,0.907143,0.549784
2,train,Chopin/Scherzos/20/xml_score.musicxml,Chopin/Scherzos/20/Wong03.mid,2.0,966,393,573,27,2,483,210,203,280,7,2,483,210,190,293,20,0,0.406832,0.935714,0.5671
2,train,Chopin/Scherzos/20/xml_score.musicxml,Chopin/Scherzos/20/Wong04M.mid,0.0,852,126,726,294,0,426,210,79,347,131,5,426,210,47,379,163,5,0.147887,0.3,0.198113
2,train,Chopin/Scherzos/20/xml_score.musicxml,Chopin/Scherzos/20/Wong04M.mid,1.0,852,318,534,102,4,426,210,165,261,45,2,426,210,153,273,57,2,0.373239,0.757143,0.5
2,train,Chopin/Scherzos/20/xml_score.musicxml,Chopin/Scherzos/20/Wong04M.mid,2.0,852,353,499,67,2,426,210,178,248,32,1,426,210,175,251,35,1,0.414319,0.840476,0.555031
2,train,Chopin/Scherzos/20/xml_score.musicxml,Chopin/Scherzos/20/ZhangYunling04M.mid,0.0,994,161,833,259,0,497,210,135,362,75,8,497,210,26,471,184,2,0.161972,0.383333,0.227723
2,train,Chopin/Scherzos/20/xml_score.musicxml,Chopin/Scherzos/20/ZhangYunling04M.mid,1.0,994,385,609,35,2,497,210,204,293,6,1,497,210,181,316,29,1,0.387324,0.916667,0.544554
2,train,Chopin/Scherzos/20/xml_score.musicxml,Chopin/Scherzos/20/ZhangYunling04M.mid,2.0,994,400,594,20,0,497,210,206,291,4,0,497,210,194,303,16,0,0.402414,0.952381,0.565771
2,test,Chopin/Scherzos/31/xml_score.musicxml,Chopin/Scherzos/31/ChenW04M.mid,0.0,978,86,892,393,0,489,250,84,405,166,12,489,229,2,487,227,15,0.087935,0.179541,0.118051
2,test,Chopin/Scherzos/31/xml_score.musicxml,Chopin/Scherzos/31/ChenW04M.mid,1.0,978,289,689,190,16,489,250,226,263,24,10,489,229,63,426,166,6,0.295501,0.60334,0.396706
2,test,Chopin/Scherzos/31/xml_score.musicxml,Chopin/Scherzos/31/ChenW04M.mid,2.0,978,421,557,58,6,489,250,239,250,11,3,489,229,182,307,47,3,0.43047,0.878914,0.5779
2,test,Chopin/Scherzos/31/xml_score.musicxml,Chopin/Scherzos/31/Dossin06.mid,0.0,884,130,754,349,0,442,250,122,320,128,10,442,229,8,434,221,9,0.147059,0.271399,0.190756
2,test,Chopin/Scherzos/31/xml_score.musicxml,Chopin/Scherzos/31/Dossin06.mid,1.0,884,272,612,207,13,442,250,191,251,59,10,442,229,81,361,148,3,0.307692,0.56785,0.39912
2,test,Chopin/Scherzos/31/xml_score.musicxml,Chopin/Scherzos/31/Dossin06.mid,2.0,884,354,530,125,14,442,250,204,238,46,13,442,229,150,292,79,1,0.400452,0.73904,0.519442
2,test,Chopin/Scherzos/31/xml_score.musicxml,Chopin/Scherzos/31/HuNY08M.mid,0.0,1000,100,900,379,0,500,250,88,412,162,7,500,229,12,488,217,21,0.1,0.208768,0.135227
2,test,Chopin/Scherzos/31/xml_score.musicxml,Chopin/Scherzos/31/HuNY08M.mid,1.0,1000,278,722,201,29,500,250,197,303,53,14,500,229,81,419,148,15,0.278,0.580376,0.37593
2,test,Chopin/Scherzos/31/xml_score.musicxml,Chopin/Scherzos/31/HuNY08M.mid,2.0,1000,399,601,80,9,500,250,214,286,36,3,500,229,185,315,44,6,0.399,0.832985,0.539554
2,test,Chopin/Scherzos/31/xml_score.musicxml,Chopin/Scherzos/31/Jussow04.mid,0.0,832,98,734,381,0,416,250,94,322,156,9,416,229,4,412,225,19,0.117788,0.204593,0.149504
2,test,Chopin/Scherzos/31/xml_score.musicxml,Chopin/Scherzos/31/Jussow04.mid,1.0,832,268,564,211,15,416,250,211,205,39,5,416,229,57,359,172,10,0.322115,0.559499,0.408848
2,test,Chopin/Scherzos/31/xml_score.musicxml,Chopin/Scherzos/31/Jussow04.mid,2.0,832,384,448,95,14,416,250,219,197,31,8,416,229,165,251,64,6,0.461538,0.80167,0.585812
2,test,Chopin/Scherzos/31/xml_score.musicxml,Chopin/Scherzos/31/Jussow11M.mid,0.0,790,104,686,375,0,395,250,98,297,152,2,395,229,6,389,223,14,0.131646,0.217119,0.163909
2,test,Chopin/Scherzos/31/xml_score.musicxml,Chopin/Scherzos/31/Jussow11M.mid,1.0,790,261,529,218,15,395,250,212,183,38,6,395,229,49,346,180,9,0.33038,0.544885,0.411348
2,test,Chopin/Scherzos/31/xml_score.musicxml,Chopin/Scherzos/31/Jussow11M.mid,2.0,790,379,411,100,15,395,250,218,177,32,8,395,229,161,234,68,7,0.479747,0.791232,0.597321
2,test,Chopin/Scherzos/31/xml_score.musicxml,Chopin/Scherzos/31/LeeN04M.mid,0.0,1048,114,934,365,0,524,250,108,416,142,4,524,229,6,518,223,17,0.108779,0.237996,0.149312
2,test,Chopin/Scherzos/31/xml_score.musicxml,Chopin/Scherzos/31/LeeN04M.mid,1.0,1048,299,749,180,26,524,250,203,321,47,14,524,229,96,428,133,12,0.285305,0.624217,0.391618
2,test,Chopin/Scherzos/31/xml_score.musicxml,Chopin/Scherzos/31/LeeN04M.mid,2.0,1048,402,646,77,17,524,250,227,297,23,11,524,229,175,349,54,6,0.383588,0.839248,0.526523
2,test,Chopin/Scherzos/31/xml_score.musicxml,Chopin/Scherzos/31/LinTami06M.mid,0.0,938,97,841,382,0,469,250,88,381,162,1,469,229,9,460,220,7,0.103412,0.202505,0.136909
2,test,Chopin/Scherzos/31/xml_score.musicxml,Chopin/Scherzos/31/LinTami06M.mid,1.0,938,275,663,204,8,469,250,212,257,38,4,469,229,63,406,166,4,0.293177,0.574113,0.388144
2,test,Chopin/Scherzos/31/xml_score.musicxml,Chopin/Scherzos/31/LinTami06M.mid,2.0,938,401,537,78,10,469,250,228,241,22,8,469,229,173,296,56,2,0.427505,0.837161,0.565984
2,test,Chopin/Scherzos/31/xml_score.musicxml,Chopin/Scherzos/31/LuoJ12M.mid,0.0,1188,132,1056,347,0,594,250,120,474,130,9,594,229,12,582,217,11,0.111111,0.275574,0.158368
2,test,Chopin/Scherzos/31/xml_score.musicxml,Chopin/Scherzos/31/LuoJ12M.mid,1.0,1188,312,876,167,19,594,250,231,363,19,15,594,229,81,513,148,4,0.262626,0.651357,0.374325
2,test,Chopin/Scherzos/31/xml_score.musicxml,Chopin/Scherzos/31/LuoJ12M.mid,2.0,1188,424,764,55,8,594,250,239,355,11,6,594,229,185,409,44,2,0.356902,0.885177,0.508698
2,test,Chopin/Scherzos/31/xml_score.musicxml,Chopin/Scherzos/31/SunD04M.mid,0.0,1078,158,920,321,0,539,250,149,390,101,7,539,229,9,530,220,18,0.146568,0.329854,0.202954
2,test,Chopin/Scherzos/31/xml_score.musicxml,Chopin/Scherzos/31/SunD04M.mid,1.0,1078,337,741,142,24,539,250,209,330,41,13,539,229,128,411,101,11,0.312616,0.703549,0.432884
2,test,Chopin/Scherzos/31/xml_score.musicxml,Chopin/Scherzos/31/SunD04M.mid,2.0,1078,431,647,48,9,539,250,243,296,7,7,539,229,188,351,41,2,0.399814,0.899791,0.553629
2,test,Chopin/Scherzos/31/xml_score.musicxml,Chopin/Scherzos/31/TongB04M.mid,0.0,954,119,835,360,0,477,250,117,360,133,4,477,229,2,475,227,10,0.124738,0.248434,0.166085
2,test,Chopin/Scherzos/31/xml_score.musicxml,Chopin/Scherzos/31/TongB04M.mid,1.0,954,287,667,192,17,477,250,225,252,25,14,477,229,62,415,167,3,0.300839,0.599165,0.400558
2,test,Chopin/Scherzos/31/xml_score.musicxml,Chopin/Scherzos/31/TongB04M.mid,2.0,954,410,544,69,9,477,250,233,244,17,8,477,229,177,300,52,1,0.429769,0.85595,0.572226
2,test,Chopin/Scherzos/31/xml_score.musicxml,Chopin/Scherzos/31/TuanS05M.mid,0.0,974,81,893,398,0,487,250,74,413,176,9,487,229,7,480,222,12,0.083162,0.169102,0.111493
2,test,Chopin/Scherzos/31/xml_score.musicxml,Chopin/Scherzos/31/TuanS05M.mid,1.0,974,298,676,181,9,487,250,231,256,19,5,487,229,67,420,162,4,0.305955,0.622129,0.410186
2,test,Chopin/Scherzos/31/xml_score.musicxml,Chopin/Scherzos/31/TuanS05M.mid,2.0,974,422,552,57,6,487,250,240,247,10,5,487,229,182,305,47,1,0.433265,0.881002,0.580867
2,test,Chopin/Scherzos/31/xml_score.musicxml,Chopin/Scherzos/31/ZhangW04M.mid,0.0,1164,104,1060,375,0,582,250,91,491,159,10,582,229,13,569,216,24,0.089347,0.217119,0.126598
2,test,Chopin/Scherzos/31/xml_score.musicxml,Chopin/Scherzos/31/ZhangW04M.mid,1.0,1164,318,846,161,11,582,250,233,349,17,6,582,229,85,497,144,5,0.273196,0.663883,0.387097
2,test,Chopin/Scherzos/31/xml_score.musicxml,Chopin/Scherzos/31/ZhangW04M.mid,2.0,1164,441,723,38,10,582,250,245,337,5,8,582,229,196,386,33,2,0.378866,0.920668,0.536823
2,train,Chopin/Scherzos/39/xml_score.musicxml,Chopin/Scherzos/39/Arciglione13M.mid,0.0,676,43,633,175,0,338,109,35,303,74,6,338,109,8,330,101,12,0.063609,0.197248,0.096197
2,train,Chopin/Scherzos/39/xml_score.musicxml,Chopin/Scherzos/39/Arciglione13M.mid,1.0,676,83,593,135,11,338,109,60,278,49,7,338,109,23,315,86,4,0.122781,0.380734,0.185682
2,train,Chopin/Scherzos/39/xml_score.musicxml,Chopin/Scherzos/39/Arciglione13M.mid,2.0,676,107,569,111,12,338,109,65,273,44,12,338,109,42,296,67,0,0.158284,0.490826,0.239374
2,train,Chopin/Scherzos/39/xml_score.musicxml,Chopin/Scherzos/39/Bult-ItoS05M.mid,0.0,706,52,654,166,0,353,109,38,315,71,4,353,109,14,339,95,13,0.073654,0.238532,0.112554
2,train,Chopin/Scherzos/39/xml_score.musicxml,Chopin/Scherzos/39/Bult-ItoS05M.mid,1.0,706,125,581,93,19,353,109,82,271,27,19,353,109,43,310,66,0,0.177054,0.573394,0.270563
2,train,Chopin/Scherzos/39/xml_score.musicxml,Chopin/Scherzos/39/Bult-ItoS05M.mid,2.0,706,165,541,53,2,353,109,86,267,23,2,353,109,79,274,30,0,0.233711,0.756881,0.357143
2,train,Chopin/Sonata_2/1st_no_repeat/xml_score.musicxml,Chopin/Sonata_2/1st_no_repeat/Giltburg02.mid,0.0,538,0,538,1,0,269,0,0,269,0,0,269,1,0,269,1,0,0.0,0.0,0.0
2,train,Chopin/Sonata_2/1st_no_repeat/xml_score.musicxml,Chopin/Sonata_2/1st_no_repeat/Giltburg02.mid,1.0,538,0,538,1,0,269,0,0,269,0,0,269,1,0,269,1,0,0.0,0.0,0.0
2,train,Chopin/Sonata_2/1st_no_repeat/xml_score.musicxml,Chopin/Sonata_2/1st_no_repeat/Giltburg02.mid,2.0,538,1,537,0,0,269,0,0,269,0,0,269,1,1,268,0,0,0.001859,1.0,0.003711
2,train,Chopin/Sonata_2/1st_no_repeat/xml_score.musicxml,Chopin/Sonata_2/1st_no_repeat/Jia03.mid,0.0,722,0,722,1,0,361,0,0,361,0,0,361,1,0,361,1,0,0.0,0.0,0.0
2,train,Chopin/Sonata_2/1st_no_repeat/xml_score.musicxml,Chopin/Sonata_2/1st_no_repeat/Jia03.mid,1.0,722,0,722,1,0,361,0,0,361,0,0,361,1,0,361,1,0,0.0,0.0,0.0
2,train,Chopin/Sonata_2/1st_no_repeat/xml_score.musicxml,Chopin/Sonata_2/1st_no_repeat/Jia03.mid,2.0,722,1,721,0,0,361,0,0,361,0,0,361,1,1,360,0,0,0.001385,1.0,0.002766
2,train,Chopin/Sonata_2/1st_no_repeat/xml_score.musicxml,Chopin/Sonata_2/1st_no_repeat/Knoll10.mid,0.0,654,0,654,1,0,327,0,0,327,0,0,327,1,0,327,1,0,0.0,0.0,0.0
2,train,Chopin/Sonata_2/1st_no_repeat/xml_score.musicxml,Chopin/Sonata_2/1st_no_repeat/Knoll10.mid,1.0,654,0,654,1,0,327,0,0,327,0,0,327,1,0,327,1,0,0.0,0.0,0.0
2,train,Chopin/Sonata_2/1st_no_repeat/xml_score.musicxml,Chopin/Sonata_2/1st_no_repeat/Knoll10.mid,2.0,654,1,653,0,0,327,0,0,327,0,0,327,1,1,326,0,0,0.001529,1.0,0.003053
2,train,Chopin/Sonata_2/1st_no_repeat/xml_score.musicxml,Chopin/Sonata_2/1st_no_repeat/MATSUM03.mid,0.0,384,0,384,1,0,192,0,0,192,0,0,192,1,0,192,1,0,0.0,0.0,0.0
2,train,Chopin/Sonata_2/1st_no_repeat/xml_score.musicxml,Chopin/Sonata_2/1st_no_repeat/MATSUM03.mid,1.0,384,0,384,1,0,192,0,0,192,0,0,192,1,0,192,1,0,0.0,0.0,0.0
2,train,Chopin/Sonata_2/1st_no_repeat/xml_score.musicxml,Chopin/Sonata_2/1st_no_repeat/MATSUM03.mid,2.0,384,1,383,0,0,192,0,0,192,0,0,192,1,1,191,0,0,0.002604,1.0,0.005195
2,test,Chopin/Sonata_2/2nd_no_repeat/xml_score.musicxml,Chopin/Sonata_2/2nd_no_repeat/Giltburg02.mid,0.0,614,0,614,1,0,307,0,0,307,0,0,307,1,0,307,1,0,0.0,0.0,0.0
2,test,Chopin/Sonata_2/2nd_no_repeat/xml_score.musicxml,Chopin/Sonata_2/2nd_no_repeat/Giltburg02.mid,1.0,614,0,614,1,0,307,0,0,307,0,0,307,1,0,307,1,0,0.0,0.0,0.0
2,test,Chopin/Sonata_2/2nd_no_repeat/xml_score.musicxml,Chopin/Sonata_2/2nd_no_repeat/Giltburg02.mid,2.0,614,0,614,1,0,307,0,0,307,0,0,307,1,0,307,1,0,0.0,0.0,0.0
2,test,Chopin/Sonata_2/2nd_no_repeat/xml_score.musicxml,Chopin/Sonata_2/2nd_no_repeat/Knoll10.mid,0.0,664,0,664,1,0,332,0,0,332,0,0,332,1,0,332,1,0,0.0,0.0,0.0
2,test,Chopin/Sonata_2/2nd_no_repeat/xml_score.musicxml,Chopin/Sonata_2/2nd_no_repeat/Knoll10.mid,1.0,664,0,664,1,0,332,0,0,332,0,0,332,1,0,332,1,0,0.0,0.0,0.0
2,test,Chopin/Sonata_2/2nd_no_repeat/xml_score.musicxml,Chopin/Sonata_2/2nd_no_repeat/Knoll10.mid,2.0,664,0,664,1,0,332,0,0,332,0,0,332,1,0,332,1,0,0.0,0.0,0.0
2,train,Chopin/Sonata_3/2nd/xml_score.musicxml,Chopin/Sonata_3/2nd/GarritsonL09.mid,0.0,282,1,281,41,0,141,0,0,141,0,0,141,42,1,140,41,0,0.003546,0.02381,0.006173
2,train,Chopin/Sonata_3/2nd/xml_score.musicxml,Chopin/Sonata_3/2nd/GarritsonL09.mid,1.0,282,9,273,33,0,141,0,0,141,0,0,141,42,9,132,33,0,0.031915,0.214286,0.055556
2,train,Chopin/Sonata_3/2nd/xml_score.musicxml,Chopin/Sonata_3/2nd/GarritsonL09.mid,2.0,282,39,243,3,0,141,0,0,141,0,0,141,42,39,102,3,0,0.138298,0.928571,0.240741
2,train,Chopin/Sonata_3/2nd/xml_score.musicxml,Chopin/Sonata_3/2nd/HONG08.mid,0.0,270,0,270,42,0,135,0,0,135,0,0,135,42,0,135,42,0,0.0,0.0,0.0
2,train,Chopin/Sonata_3/2nd/xml_score.musicxml,Chopin/Sonata_3/2nd/HONG08.mid,1.0,270,0,270,42,0,135,0,0,135,0,0,135,42,0,135,42,0,0.0,0.0,0.0
2,train,Chopin/Sonata_3/2nd/xml_score.musicxml,Chopin/Sonata_3/2nd/HONG08.mid,2.0,270,19,251,23,4,135,0,0,135,0,4,135,42,19,116,23,0,0.07037,0.452381,0.121795
2,train,Chopin/Sonata_3/2nd/xml_score.musicxml,Chopin/Sonata_3/2nd/HuangSW04.mid,0.0,316,5,311,37,0,158,0,0,158,0,0,158,42,5,153,37,0,0.015823,0.119048,0.027933
2,train,Chopin/Sonata_3/2nd/xml_score.musicxml,Chopin/Sonata_3/2nd/HuangSW04.mid,1.0,316,15,301,27,5,158,0,0,158,0,5,158,42,15,143,27,0,0.047468,0.357143,0.083799
2,train,Chopin/Sonata_3/2nd/xml_score.musicxml,Chopin/Sonata_3/2nd/HuangSW04.mid,2.0,316,36,280,6,0,158,0,0,158,0,0,158,42,36,122,6,0,0.113924,0.857143,0.201117
2,train,Chopin/Sonata_3/2nd/xml_score.musicxml,Chopin/Sonata_3/2nd/Huangci06.mid,0.0,286,7,279,35,0,143,0,0,143,0,0,143,42,7,136,35,0,0.024476,0.166667,0.042683
2,train,Chopin/Sonata_3/2nd/xml_score.musicxml,Chopin/Sonata_3/2nd/Huangci06.mid,1.0,286,20,266,22,2,143,0,0,143,0,2,143,42,20,123,22,0,0.06993,0.47619,0.121951
2,train,Chopin/Sonata_3/2nd/xml_score.musicxml,Chopin/Sonata_3/2nd/Huangci06.mid,2.0,286,27,259,15,1,143,0,0,143,0,1,143,42,27,116,15,0,0.094406,0.642857,0.164634
2,train,Chopin/Sonata_3/2nd/xml_score.musicxml,Chopin/Sonata_3/2nd/KimSJ08.mid,0.0,308,3,305,39,0,154,0,0,154,0,0,154,42,3,151,39,0,0.00974,0.071429,0.017143
2,train,Chopin/Sonata_3/2nd/xml_score.musicxml,Chopin/Sonata_3/2nd/KimSJ08.mid,1.0,308,7,301,35,1,154,0,0,154,0,1,154,42,7,147,35,0,0.022727,0.166667,0.04
2,train,Chopin/Sonata_3/2nd/xml_score.musicxml,Chopin/Sonata_3/2nd/KimSJ08.mid,2.0,308,17,291,25,3,154,0,0,154,0,3,154,42,17,137,25,0,0.055195,0.404762,0.097143
2,train,Chopin/Sonata_3/2nd/xml_score.musicxml,Chopin/Sonata_3/2nd/KimSY21.mid,0.0,256,0,256,42,0,128,0,0,128,0,0,128,42,0,128,42,0,0.0,0.0,0.0
2,train,Chopin/Sonata_3/2nd/xml_score.musicxml,Chopin/Sonata_3/2nd/KimSY21.mid,1.0,256,8,248,34,1,128,0,0,128,0,1,128,42,8,120,34,0,0.03125,0.190476,0.053691
2,train,Chopin/Sonata_3/2nd/xml_score.musicxml,Chopin/Sonata_3/2nd/KimSY21.mid,2.0,256,41,215,1,0,128,0,0,128,0,0,128,42,41,87,1,0,0.160156,0.97619,0.275168
2,train,Chopin/Sonata_3/2nd/xml_score.musicxml,Chopin/Sonata_3/2nd/SCHU09.mid,0.0,234,0,234,42,0,117,0,0,117,0,0,117,42,0,117,42,0,0.0,0.0,0.0
2,train,Chopin/Sonata_3/2nd/xml_score.musicxml,Chopin/Sonata_3/2nd/SCHU09.mid,1.0,234,1,233,41,0,117,0,0,117,0,0,117,42,1,116,41,0,0.004274,0.02381,0.007246
2,train,Chopin/Sonata_3/2nd/xml_score.musicxml,Chopin/Sonata_3/2nd/SCHU09.mid,2.0,234,8,226,34,7,117,0,0,117,0,7,117,42,8,109,34,0,0.034188,0.190476,0.057971
2,train,Chopin/Sonata_3/2nd/xml_score.musicxml,Chopin/Sonata_3/2nd/Shybayeva07.mid,0.0,360,0,360,42,0,180,0,0,180,0,0,180,42,0,180,42,0,0.0,0.0,0.0
2,train,Chopin/Sonata_3/2nd/xml_score.musicxml,Chopin/Sonata_3/2nd/Shybayeva07.mid,1.0,360,2,358,40,9,180,0,0,180,0,9,180,42,2,178,40,0,0.005556,0.047619,0.00995
2,train,Chopin/Sonata_3/2nd/xml_score.musicxml,Chopin/Sonata_3/2nd/Shybayeva07.mid,2.0,360,30,330,12,0,180,0,0,180,0,0,180,42,30,150,12,0,0.083333,0.714286,0.149254
2,train,Chopin/Sonata_3/2nd/xml_score.musicxml,Chopin/Sonata_3/2nd/mikahailoff01.mid,0.0,262,8,254,34,0,131,0,0,131,0,0,131,42,8,123,34,0,0.030534,0.190476,0.052632
2,train,Chopin/Sonata_3/2nd/xml_score.musicxml,Chopin/Sonata_3/2nd/mikahailoff01.mid,1.0,262,27,235,15,0,131,0,0,131,0,0,131,42,27,104,15,0,0.103053,0.642857,0.177632
2,train,Chopin/Sonata_3/2nd/xml_score.musicxml,Chopin/Sonata_3/2nd/mikahailoff01.mid,2.0,262,36,226,6,1,131,0,0,131,0,1,131,42,36,95,6,0,0.137405,0.857143,0.236842
2,train,Chopin/Sonata_3/3rd/xml_score.musicxml,Chopin/Sonata_3/3rd/GarritsonL10.mid,0.0,544,10,534,10,0,272,8,6,266,2,3,272,12,4,268,8,0,0.018382,0.5,0.035461
2,train,Chopin/Sonata_3/3rd/xml_score.musicxml,Chopin/Sonata_3/3rd/GarritsonL10.mid,1.0,544,17,527,3,0,272,8,8,264,0,0,272,12,9,263,3,0,0.03125,0.85,0.060284
2,train,Chopin/Sonata_3/3rd/xml_score.musicxml,Chopin/Sonata_3/3rd/GarritsonL10.mid,2.0,544,20,524,0,0,272,8,8,264,0,0,272,12,12,260,0,0,0.036765,1.0,0.070922
2,train,Chopin/Sonata_3/3rd/xml_score.musicxml,Chopin/Sonata_3/3rd/HONG08.mid,0.0,476,5,471,15,0,238,8,2,236,6,3,238,12,3,235,9,2,0.010504,0.25,0.020161
2,train,Chopin/Sonata_3/3rd/xml_score.musicxml,Chopin/Sonata_3/3rd/HONG08.mid,1.0,476,19,457,1,1,238,8,8,230,0,1,238,12,11,227,1,0,0.039916,0.95,0.076613
2,train,Chopin/Sonata_3/3rd/xml_score.musicxml,Chopin/Sonata_3/3rd/HONG08.mid,2.0,476,20,456,0,0,238,8,8,230,0,0,238,12,12,226,0,0,0.042017,1.0,0.080645
2,train,Chopin/Sonata_3/3rd/xml_score.musicxml,Chopin/Sonata_3/3rd/HuangSW05.mid,0.0,480,5,475,15,0,240,8,3,237,5,4,240,12,2,238,10,2,0.010417,0.25,0.02
2,train,Chopin/Sonata_3/3rd/xml_score.musicxml,Chopin/Sonata_3/3rd/HuangSW05.mid,1.0,480,17,463,3,2,240,8,8,232,0,2,240,12,9,231,3,0,0.035417,0.85,0.068
2,train,Chopin/Sonata_3/3rd/xml_score.musicxml,Chopin/Sonata_3/3rd/HuangSW05.mid,2.0,480,20,460,0,0,240,8,8,232,0,0,240,12,12,228,0,0,0.041667,1.0,0.08
2,train,Chopin/Sonata_3/3rd/xml_score.musicxml,Chopin/Sonata_3/3rd/Huangci06.mid,0.0,538,7,531,13,0,269,8,5,264,3,2,269,12,2,267,10,0,0.013011,0.35,0.02509
2,train,Chopin/Sonata_3/3rd/xml_score.musicxml,Chopin/Sonata_3/3rd/Huangci06.mid,1.0,538,19,519,1,1,269,8,8,261,0,1,269,12,11,258,1,0,0.035316,0.95,0.0681
2,train,Chopin/Sonata_3/3rd/xml_score.musicxml,Chopin/Sonata_3/3rd/Huangci06.mid,2.0,538,20,518,0,0,269,8,8,261,0,0,269,12,12,257,0,0,0.037175,1.0,0.071685
2,train,Chopin/Sonata_3/3rd/xml_score.musicxml,Chopin/Sonata_3/3rd/KimSJ09.mid,0.0,468,5,463,15,0,234,8,3,231,5,3,234,12,2,232,10,1,0.010684,0.25,0.020492
2,train,Chopin/Sonata_3/3rd/xml_score.musicxml,Chopin/Sonata_3/3rd/KimSJ09.mid,1.0,468,16,452,4,0,234,8,8,226,0,0,234,12,8,226,4,0,0.034188,0.8,0.065574
2,train,Chopin/Sonata_3/3rd/xml_score.musicxml,Chopin/Sonata_3/3rd/KimSJ09.mid,2.0,468,19,449,1,1,234,8,8,226,0,1,234,12,11,223,1,0,0.040598,0.95,0.077869
2,train,Chopin/Sonata_3/3rd/xml_score.musicxml,Chopin/Sonata_3/3rd/KimSY22.mid,0.0,446,6,440,14,0,223,8,3,220,5,1,223,12,3,220,9,1,0.013453,0.3,0.025751
2,train,Chopin/Sonata_3/3rd/xml_score.musicxml,Chopin/Sonata_3/3rd/KimSY22.mid,1.0,446,19,427,1,0,223,8,8,215,0,0,223,12,11,212,1,0,0.042601,0.95,0.081545
2,train,Chopin/Sonata_3/3rd/xml_score.musicxml,Chopin/Sonata_3/3rd/KimSY22.mid,2.0,446,20,426,0,0,223,8,8,215,0,0,223,12,12,211,0,0,0.044843,1.0,0.085837
2,train,Chopin/Sonata_3/3rd/xml_score.musicxml,Chopin/Sonata_3/3rd/SCHU09.mid,0.0,446,5,441,15,0,223,8,2,221,6,2,223,12,3,220,9,1,0.011211,0.25,0.021459
2,train,Chopin/Sonata_3/3rd/xml_score.musicxml,Chopin/Sonata_3/3rd/SCHU09.mid,1.0,446,19,427,1,0,223,8,8,215,0,0,223,12,11,212,1,0,0.042601,0.95,0.081545
2,train,Chopin/Sonata_3/3rd/xml_score.musicxml,Chopin/Sonata_3/3rd/SCHU09.mid,2.0,446,20,426,0,0,223,8,8,215,0,0,223,12,12,211,0,0,0.044843,1.0,0.085837
2,train,Chopin/Sonata_3/3rd/xml_score.musicxml,Chopin/Sonata_3/3rd/Shybayeva07.mid,0.0,478,4,474,16,0,239,8,2,237,6,3,239,12,2,237,10,3,0.008368,0.2,0.016064
2,train,Chopin/Sonata_3/3rd/xml_score.musicxml,Chopin/Sonata_3/3rd/Shybayeva07.mid,1.0,478,18,460,2,0,239,8,7,232,1,0,239,12,11,228,1,0,0.037657,0.9,0.072289
2,train,Chopin/Sonata_3/3rd/xml_score.musicxml,Chopin/Sonata_3/3rd/Shybayeva07.mid,2.0,478,20,458,0,0,239,8,8,231,0,0,239,12,12,227,0,0,0.041841,1.0,0.080321
2,train,Chopin/Sonata_3/3rd/xml_score.musicxml,Chopin/Sonata_3/3rd/mikahailoff01.mid,0.0,466,4,462,16,0,233,8,3,230,5,4,233,12,1,232,11,1,0.008584,0.2,0.016461
2,train,Chopin/Sonata_3/3rd/xml_score.musicxml,Chopin/Sonata_3/3rd/mikahailoff01.mid,1.0,466,17,449,3,1,233,8,8,225,0,1,233,12,9,224,3,0,0.036481,0.85,0.069959
2,train,Chopin/Sonata_3/3rd/xml_score.musicxml,Chopin/Sonata_3/3rd/mikahailoff01.mid,2.0,466,20,446,0,0,233,8,8,225,0,0,233,12,12,221,0,0,0.042918,1.0,0.082305
2,train,Chopin/Sonata_3/4th/xml_score.musicxml,Chopin/Sonata_3/4th/GarritsonL11M.mid,0.0,944,3,941,11,0,472,0,0,472,0,0,472,14,3,469,11,0,0.003178,0.214286,0.006263
2,train,Chopin/Sonata_3/4th/xml_score.musicxml,Chopin/Sonata_3/4th/GarritsonL11M.mid,1.0,944,7,937,7,5,472,0,0,472,0,5,472,14,7,465,7,0,0.007415,0.5,0.014614
2,train,Chopin/Sonata_3/4th/xml_score.musicxml,Chopin/Sonata_3/4th/GarritsonL11M.mid,2.0,944,11,933,3,2,472,0,0,472,0,2,472,14,11,461,3,0,0.011653,0.785714,0.022965
2,train,Chopin/Sonata_3/4th/xml_score.musicxml,Chopin/Sonata_3/4th/HONG08.mid,0.0,816,4,812,10,0,408,0,0,408,0,0,408,14,4,404,10,0,0.004902,0.285714,0.009639
2,train,Chopin/Sonata_3/4th/xml_score.musicxml,Chopin/Sonata_3/4th/HONG08.mid,1.0,816,7,809,7,3,408,0,0,408,0,3,408,14,7,401,7,0,0.008578,0.5,0.016867
2,train,Chopin/Sonata_3/4th/xml_score.musicxml,Chopin/Sonata_3/4th/HONG08.mid,2.0,816,11,805,3,0,408,0,0,408,0,0,408,14,11,397,3,0,0.01348,0.785714,0.026506
2,train,Chopin/Sonata_3/4th/xml_score.musicxml,Chopin/Sonata_3/4th/HuangSW06M.mid,0.0,882,2,880,12,0,441,0,0,441,0,1,441,14,2,439,12,0,0.002268,0.142857,0.004464
2,train,Chopin/Sonata_3/4th/xml_score.musicxml,Chopin/Sonata_3/4th/HuangSW06M.mid,1.0,882,9,873,5,2,441,0,0,441,0,2,441,14,9,432,5,0,0.010204,0.642857,0.020089
2,train,Chopin/Sonata_3/4th/xml_score.musicxml,Chopin/Sonata_3/4th/HuangSW06M.mid,2.0,882,12,870,2,1,441,0,0,441,0,1,441,14,12,429,2,0,0.013605,0.857143,0.026786
2,train,Chopin/Sonata_3/4th/xml_score.musicxml,Chopin/Sonata_3/4th/Huangci06.mid,0.0,834,2,832,12,0,417,0,0,417,0,0,417,14,2,415,12,0,0.002398,0.142857,0.004717
2,train,Chopin/Sonata_3/4th/xml_score.musicxml,Chopin/Sonata_3/4th/Huangci06.mid,1.0,834,7,827,7,2,417,0,0,417,0,2,417,14,7,410,7,0,0.008393,0.5,0.016509
2,train,Chopin/Sonata_3/4th/xml_score.musicxml,Chopin/Sonata_3/4th/Huangci06.mid,2.0,834,11,823,3,2,417,0,0,417,0,2,417,14,11,406,3,0,0.013189,0.785714,0.025943
2,train,Chopin/Sonata_3/4th/xml_score.musicxml,Chopin/Sonata_3/4th/KimSJ10M.mid,0.0,820,0,820,14,0,410,0,0,410,0,1,410,14,0,410,14,0,0.0,0.0,0.0
2,train,Chopin/Sonata_3/4th/xml_score.musicxml,Chopin/Sonata_3/4th/KimSJ10M.mid,1.0,820,6,814,8,4,410,0,0,410,0,4,410,14,6,404,8,0,0.007317,0.428571,0.014388
2,train,Chopin/Sonata_3/4th/xml_score.musicxml,Chopin/Sonata_3/4th/KimSJ10M.mid,2.0,820,11,809,3,0,410,0,0,410,0,0,410,14,11,399,3,0,0.013415,0.785714,0.026379
2,train,Chopin/Sonata_3/4th/xml_score.musicxml,Chopin/Sonata_3/4th/KimSY23M.mid,0.0,906,1,905,13,0,453,0,0,453,0,2,453,14,1,452,13,0,0.001104,0.071429,0.002174
2,train,Chopin/Sonata_3/4th/xml_score.musicxml,Chopin/Sonata_3/4th/KimSY23M.mid,1.0,906,7,899,7,2,453,0,0,453,0,2,453,14,7,446,7,0,0.007726,0.5,0.015217
2,train,Chopin/Sonata_3/4th/xml_score.musicxml,Chopin/Sonata_3/4th/KimSY23M.mid,2.0,906,10,896,4,1,453,0,0,453,0,1,453,14,10,443,4,0,0.011038,0.714286,0.021739
2,train,Chopin/Sonata_3/4th/xml_score.musicxml,Chopin/Sonata_3/4th/SCHU09.mid,0.0,858,2,856,12,0,429,0,0,429,0,2,429,14,2,427,12,0,0.002331,0.142857,0.004587
2,train,Chopin/Sonata_3/4th/xml_score.musicxml,Chopin/Sonata_3/4th/SCHU09.mid,1.0,858,6,852,8,4,429,0,0,429,0,4,429,14,6,423,8,0,0.006993,0.428571,0.013761
2,train,Chopin/Sonata_3/4th/xml_score.musicxml,Chopin/Sonata_3/4th/SCHU09.mid,2.0,858,10,848,4,1,429,0,0,429,0,1,429,14,10,419,4,0,0.011655,0.714286,0.022936
2,train,Chopin/Sonata_3/4th/xml_score.musicxml,Chopin/Sonata_3/4th/Shybayeva07.mid,0.0,1030,1,1029,13,0,515,0,0,515,0,0,515,14,1,514,13,0,0.000971,0.071429,0.001916
2,train,Chopin/Sonata_3/4th/xml_score.musicxml,Chopin/Sonata_3/4th/Shybayeva07.mid,1.0,1030,7,1023,7,3,515,0,0,515,0,3,515,14,7,508,7,0,0.006796,0.5,0.01341
2,train,Chopin/Sonata_3/4th/xml_score.musicxml,Chopin/Sonata_3/4th/Shybayeva07.mid,2.0,1030,12,1018,2,1,515,0,0,515,0,1,515,14,12,503,2,0,0.01165,0.857143,0.022989
2,train,Chopin/Sonata_3/4th/xml_score.musicxml,Chopin/Sonata_3/4th/mikahailoff01.mid,0.0,920,3,917,11,0,460,0,0,460,0,2,460,14,3,457,11,0,0.003261,0.214286,0.006424
2,train,Chopin/Sonata_3/4th/xml_score.musicxml,Chopin/Sonata_3/4th/mikahailoff01.mid,1.0,920,8,912,6,3,460,0,0,460,0,3,460,14,8,452,6,0,0.008696,0.571429,0.017131
2,train,Chopin/Sonata_3/4th/xml_score.musicxml,Chopin/Sonata_3/4th/mikahailoff01.mid,2.0,920,12,908,2,0,460,0,0,460,0,0,460,14,12,448,2,0,0.013043,0.857143,0.025696
2,val,Debussy/Images_Book_1/1_Reflets_dans_lEau/xml_score.musicxml,Debussy/Images_Book_1/1_Reflets_dans_lEau/Kleisen11M.mid,0.0,162,1,161,9,0,81,5,0,81,5,0,81,5,1,80,4,0,0.006173,0.1,0.011628
2,val,Debussy/Images_Book_1/1_Reflets_dans_lEau/xml_score.musicxml,Debussy/Images_Book_1/1_Reflets_dans_lEau/Kleisen11M.mid,1.0,162,10,152,0,0,81,5,5,76,0,0,81,5,5,76,0,0,0.061728,1.0,0.116279
2,val,Debussy/Images_Book_1/1_Reflets_dans_lEau/xml_score.musicxml,Debussy/Images_Book_1/1_Reflets_dans_lEau/Kleisen11M.mid,2.0,162,10,152,0,0,81,5,5,76,0,0,81,5,5,76,0,0,0.061728,1.0,0.116279
2,val,Debussy/Images_Book_1/1_Reflets_dans_lEau/xml_score.musicxml,Debussy/Images_Book_1/1_Reflets_dans_lEau/ParkJH13M.mid,0.0,156,0,156,10,0,78,5,0,78,5,1,78,5,0,78,5,1,0.0,0.0,0.0
2,val,Debussy/Images_Book_1/1_Reflets_dans_lEau/xml_score.musicxml,Debussy/Images_Book_1/1_Reflets_dans_lEau/ParkJH13M.mid,1.0,156,5,151,5,1,78,5,2,76,3,0,78,5,3,75,2,1,0.032051,0.5,0.060241
2,val,Debussy/Images_Book_1/1_Reflets_dans_lEau/xml_score.musicxml,Debussy/Images_Book_1/1_Reflets_dans_lEau/ParkJH13M.mid,2.0,156,9,147,1,0,78,5,5,73,0,0,78,5,4,74,1,0,0.057692,0.9,0.108434
2,train,Liszt/Ballade_2/xml_score.musicxml,Liszt/Ballade_2/Broberg03.mid,0.0,216,0,216,34,0,108,17,0,108,17,1,108,17,0,108,17,1,0.0,0.0,0.0
2,train,Liszt/Ballade_2/xml_score.musicxml,Liszt/Ballade_2/Broberg03.mid,1.0,216,30,186,4,1,108,17,16,92,1,0,108,17,14,94,3,1,0.138889,0.882353,0.24
2,train,Liszt/Ballade_2/xml_score.musicxml,Liszt/Ballade_2/Broberg03.mid,2.0,216,31,185,3,2,108,17,16,92,1,1,108,17,15,93,2,1,0.143519,0.911765,0.248
2,train,Liszt/Ballade_2/xml_score.musicxml,Liszt/Ballade_2/GarritsonL04M.mid,0.0,284,2,282,32,0,142,17,1,141,16,0,142,17,1,141,16,0,0.007042,0.058824,0.012579
2,train,Liszt/Ballade_2/xml_score.musicxml,Liszt/Ballade_2/GarritsonL04M.mid,1.0,284,28,256,6,1,142,17,16,126,1,1,142,17,12,130,5,0,0.098592,0.823529,0.176101
2,train,Liszt/Ballade_2/xml_score.musicxml,Liszt/Ballade_2/GarritsonL04M.mid,2.0,284,33,251,1,0,142,17,17,125,0,0,142,17,16,126,1,0,0.116197,0.970588,0.207547
2,train,Liszt/Ballade_2/xml_score.musicxml,Liszt/Ballade_2/Jin07M.mid,0.0,212,6,206,28,0,106,17,5,101,12,0,106,17,1,105,16,0,0.028302,0.176471,0.04878
2,train,Liszt/Ballade_2/xml_score.musicxml,Liszt/Ballade_2/Jin07M.mid,1.0,212,31,181,3,0,106,17,17,89,0,0,106,17,14,92,3,0,0.146226,0.911765,0.252033
2,train,Liszt/Ballade_2/xml_score.musicxml,Liszt/Ballade_2/Jin07M.mid,2.0,212,31,181,3,0,106,17,17,89,0,0,106,17,14,92,3,0,0.146226,0.911765,0.252033
2,train,Liszt/Ballade_2/xml_score.musicxml,Liszt/Ballade_2/KIM_J04.mid,0.0,250,4,246,30,0,125,17,3,122,14,2,125,17,1,124,16,1,0.016,0.117647,0.028169
2,train,Liszt/Ballade_2/xml_score.musicxml,Liszt/Ballade_2/KIM_J04.mid,1.0,250,32,218,2,0,125,17,17,108,0,0,125,17,15,110,2,0,0.128,0.941176,0.225352
2,train,Liszt/Ballade_2/xml_score.musicxml,Liszt/Ballade_2/KIM_J04.mid,2.0,250,33,217,1,0,125,17,17,108,0,0,125,17,16,109,1,0,0.132,0.970588,0.232394
2,train,Liszt/Ballade_2/xml_score.musicxml,Liszt/Ballade_2/Min06M.mid,0.0,230,5,225,29,0,115,17,3,112,14,0,115,17,2,113,15,1,0.021739,0.147059,0.037879
2,train,Liszt/Ballade_2/xml_score.musicxml,Liszt/Ballade_2/Min06M.mid,1.0,230,32,198,2,0,115,17,17,98,0,0,115,17,15,100,2,0,0.13913,0.941176,0.242424
2,train,Liszt/Ballade_2/xml_score.musicxml,Liszt/Ballade_2/Min06M.mid,2.0,230,32,198,2,0,115,17,17,98,0,0,115,17,15,100,2,0,0.13913,0.941176,0.242424
2,train,Liszt/Ballade_2/xml_score.musicxml,Liszt/Ballade_2/Sham05.mid,0.0,258,5,253,29,0,129,17,1,128,16,0,129,17,4,125,13,0,0.01938,0.147059,0.034247
2,train,Liszt/Ballade_2/xml_score.musicxml,Liszt/Ballade_2/Sham05.mid,1.0,258,27,231,7,1,129,17,15,114,2,0,129,17,12,117,5,1,0.104651,0.794118,0.184932
2,train,Liszt/Ballade_2/xml_score.musicxml,Liszt/Ballade_2/Sham05.mid,2.0,258,27,231,7,2,129,17,15,114,2,1,129,17,12,117,5,1,0.104651,0.794118,0.184932
2,train,Liszt/Gran_Etudes_de_Paganini/2_La_campanella/xml_score.musicxml,Liszt/Gran_Etudes_de_Paganini/2_La_campanella/Albright04.mid,0.0,470,4,466,10,0,235,7,4,231,3,1,235,7,0,235,7,1,0.008511,0.285714,0.016529
2,train,Liszt/Gran_Etudes_de_Paganini/2_La_campanella/xml_score.musicxml,Liszt/Gran_Etudes_de_Paganini/2_La_campanella/Albright04.mid,1.0,470,11,459,3,0,235,7,6,229,1,0,235,7,5,230,2,0,0.023404,0.785714,0.045455
2,train,Liszt/Gran_Etudes_de_Paganini/2_La_campanella/xml_score.musicxml,Liszt/Gran_Etudes_de_Paganini/2_La_campanella/Albright04.mid,2.0,470,12,458,2,0,235,7,6,229,1,0,235,7,6,229,1,0,0.025532,0.857143,0.049587
2,train,Liszt/Gran_Etudes_de_Paganini/2_La_campanella/xml_score.musicxml,Liszt/Gran_Etudes_de_Paganini/2_La_campanella/Ali03.mid,0.0,338,4,334,10,0,169,7,4,165,3,0,169,7,0,169,7,1,0.011834,0.285714,0.022727
2,train,Liszt/Gran_Etudes_de_Paganini/2_La_campanella/xml_score.musicxml,Liszt/Gran_Etudes_de_Paganini/2_La_campanella/Ali03.mid,1.0,338,11,327,3,0,169,7,6,163,1,0,169,7,5,164,2,0,0.032544,0.785714,0.0625
2,train,Liszt/Gran_Etudes_de_Paganini/2_La_campanella/xml_score.musicxml,Liszt/Gran_Etudes_de_Paganini/2_La_campanella/Ali03.mid,2.0,338,11,327,3,0,169,7,6,163,1,0,169,7,5,164,2,0,0.032544,0.785714,0.0625
2,train,Liszt/Gran_Etudes_de_Paganini/2_La_campanella/xml_score.musicxml,Liszt/Gran_Etudes_de_Paganini/2_La_campanella/Bogdanovitch02.mid,0.0,396,6,390,8,0,198,7,5,193,2,0,198,7,1,197,6,0,0.015152,0.428571,0.029268
2,train,Liszt/Gran_Etudes_de_Paganini/2_La_campanella/xml_score.musicxml,Liszt/Gran_Etudes_de_Paganini/2_La_campanella/Bogdanovitch02.mid,1.0,396,13,383,1,0,198,7,7,191,0,0,198,7,6,192,1,0,0.032828,0.928571,0.063415
2,train,Liszt/Gran_Etudes_de_Paganini/2_La_campanella/xml_score.musicxml,Liszt/Gran_Etudes_de_Paganini/2_La_campanella/Bogdanovitch02.mid,2.0,396,13,383,1,0,198,7,7,191,0,0,198,7,6,192,1,0,0.032828,0.928571,0.063415
2,train,Liszt/Gran_Etudes_de_Paganini/2_La_campanella/xml_score.musicxml,Liszt/Gran_Etudes_de_Paganini/2_La_campanella/BuiJL03M.mid,0.0,434,4,430,10,0,217,7,4,213,3,0,217,7,0,217,7,1,0.009217,0.285714,0.017857
2,train,Liszt/Gran_Etudes_de_Paganini/2_La_campanella/xml_score.musicxml,Liszt/Gran_Etudes_de_Paganini/2_La_campanella/BuiJL03M.mid,1.0,434,12,422,2,0,217,7,6,211,1,0,217,7,6,211,1,0,0.02765,0.857143,0.053571
2,train,Liszt/Gran_Etudes_de_Paganini/2_La_campanella/xml_score.musicxml,Liszt/Gran_Etudes_de_Paganini/2_La_campanella/BuiJL03M.mid,2.0,434,13,421,1,0,217,7,7,210,0,0,217,7,6,211,1,0,0.029954,0.928571,0.058036
2,train,Liszt/Gran_Etudes_de_Paganini/2_La_campanella/xml_score.musicxml,Liszt/Gran_Etudes_de_Paganini/2_La_campanella/FALIKS02_2004.mid,0.0,404,5,399,9,0,202,7,5,197,2,1,202,7,0,202,7,0,0.012376,0.357143,0.023923
2,train,Liszt/Gran_Etudes_de_Paganini/2_La_campanella/xml_score.musicxml,Liszt/Gran_Etudes_de_Paganini/2_La_campanella/FALIKS02_2004.mid,1.0,404,10,394,4,0,202,7,5,197,2,0,202,7,5,197,2,0,0.024752,0.714286,0.047847
2,train,Liszt/Gran_Etudes_de_Paganini/2_La_campanella/xml_score.musicxml,Liszt/Gran_Etudes_de_Paganini/2_La_campanella/FALIKS02_2004.mid,2.0,404,10,394,4,0,202,7,5,197,2,0,202,7,5,197,2,0,0.024752,0.714286,0.047847
2,train,Liszt/Gran_Etudes_de_Paganini/2_La_campanella/xml_score.musicxml,Liszt/Gran_Etudes_de_Paganini/2_La_campanella/Faliks02.mid,0.0,424,4,420,10,0,212,7,4,208,3,1,212,7,0,212,7,0,0.009434,0.285714,0.018265
2,train,Liszt/Gran_Etudes_de_Paganini/2_La_campanella/xml_score.musicxml,Liszt/Gran_Etudes_de_Paganini/2_La_campanella/Faliks02.mid,1.0,424,11,413,3,0,212,7,6,206,1,0,212,7,5,207,2,0,0.025943,0.785714,0.050228
2,train,Liszt/Gran_Etudes_de_Paganini/2_La_campanella/xml_score.musicxml,Liszt/Gran_Etudes_de_Paganini/2_La_campanella/Faliks02.mid,2.0,424,11,413,3,0,212,7,6,206,1,0,212,7,5,207,2,0,0.025943,0.785714,0.050228
2,train,Liszt/Gran_Etudes_de_Paganini/2_La_campanella/xml_score.musicxml,Liszt/Gran_Etudes_de_Paganini/2_La_campanella/Faliks03.mid,0.0,444,4,440,10,0,222,7,4,218,3,1,222,7,0,222,7,0,0.009009,0.285714,0.017467
2,train,Liszt/Gran_Etudes_de_Paganini/2_La_campanella/xml_score.musicxml,Liszt/Gran_Etudes_de_Paganini/2_La_campanella/Faliks03.mid,1.0,444,11,433,3,0,222,7,6,216,1,0,222,7,5,217,2,0,0.024775,0.785714,0.048035
2,train,Liszt/Gran_Etudes_de_Paganini/2_La_campanella/xml_score.musicxml,Liszt/Gran_Etudes_de_Paganini/2_La_campanella/Faliks03.mid,2.0,444,11,433,3,0,222,7,6,216,1,0,222,7,5,217,2,0,0.024775,0.785714,0.048035
2,train,Liszt/Gran_Etudes_de_Paganini/2_La_campanella/xml_score.musicxml,Liszt/Gran_Etudes_de_Paganini/2_La_campanella/Gasanov02.mid,0.0,430,5,425,9,0,215,7,5,210,2,0,215,7,0,215,7,0,0.011628,0.357143,0.022523
2,train,Liszt/Gran_Etudes_de_Paganini/2_La_campanella/xml_score.musicxml,Liszt/Gran_Etudes_de_Paganini/2_La_campanella/Gasanov02.mid,1.0,430,11,419,3,0,215,7,6,209,1,0,215,7,5,210,2,0,0.025581,0.785714,0.04955
2,train,Liszt/Gran_Etudes_de_Paganini/2_La_campanella/xml_score.musicxml,Liszt/Gran_Etudes_de_Paganini/2_La_campanella/Gasanov02.mid,2.0,430,11,419,3,0,215,7,6,209,1,0,215,7,5,210,2,0,0.025581,0.785714,0.04955
2,train,Liszt/Gran_Etudes_de_Paganini/2_La_campanella/xml_score.musicxml,Liszt/Gran_Etudes_de_Paganini/2_La_campanella/HUAN_J03.mid,0.0,456,4,452,10,0,228,7,4,224,3,2,228,7,0,228,7,0,0.008772,0.285714,0.017021
2,train,Liszt/Gran_Etudes_de_Paganini/2_La_campanella/xml_score.musicxml,Liszt/Gran_Etudes_de_Paganini/2_La_campanella/HUAN_J03.mid,1.0,456,12,444,2,0,228,7,6,222,1,0,228,7,6,222,1,0,0.026316,0.857143,0.051064
2,train,Liszt/Gran_Etudes_de_Paganini/2_La_campanella/xml_score.musicxml,Liszt/Gran_Etudes_de_Paganini/2_La_campanella/HUAN_J03.mid,2.0,456,13,443,1,0,228,7,7,221,0,0,228,7,6,222,1,0,0.028509,0.928571,0.055319
2,train,Liszt/Gran_Etudes_de_Paganini/2_La_campanella/xml_score.musicxml,Liszt/Gran_Etudes_de_Paganini/2_La_campanella/Hao03.mid,0.0,434,4,430,10,0,217,7,4,213,3,0,217,7,0,217,7,1,0.009217,0.285714,0.017857
2,train,Liszt/Gran_Etudes_de_Paganini/2_La_campanella/xml_score.musicxml,Liszt/Gran_Etudes_de_Paganini/2_La_campanella/Hao03.mid,1.0,434,11,423,3,0,217,7,6,211,1,0,217,7,5,212,2,0,0.025346,0.785714,0.049107
2,train,Liszt/Gran_Etudes_de_Paganini/2_La_campanella/xml_score.musicxml,Liszt/Gran_Etudes_de_Paganini/2_La_campanella/Hao03.mid,2.0,434,11,423,3,0,217,7,6,211,1,0,217,7,5,212,2,0,0.025346,0.785714,0.049107
2,train,Liszt/Gran_Etudes_de_Paganini/2_La_campanella/xml_score.musicxml,Liszt/Gran_Etudes_de_Paganini/2_La_campanella/KanM06.mid,0.0,448,4,444,10,0,224,7,4,220,3,1,224,7,0,224,7,0,0.008929,0.285714,0.017316
2,train,Liszt/Gran_Etudes_de_Paganini/2_La_campanella/xml_score.musicxml,Liszt/Gran_Etudes_de_Paganini/2_La_campanella/KanM06.mid,1.0,448,11,437,3,0,224,7,6,218,1,0,224,7,5,219,2,0,0.024554,0.785714,0.047619
2,train,Liszt/Gran_Etudes_de_Paganini/2_La_campanella/xml_score.musicxml,Liszt/Gran_Etudes_de_Paganini/2_La_campanella/KanM06.mid,2.0,448,12,436,2,0,224,7,6,218,1,0,224,7,6,218,1,0,0.026786,0.857143,0.051948
2,train,Liszt/Gran_Etudes_de_Paganini/2_La_campanella/xml_score.musicxml,Liszt/Gran_Etudes_de_Paganini/2_La_campanella/Kolessova07.mid,0.0,322,5,317,9,0,161,7,5,156,2,0,161,7,0,161,7,0,0.015528,0.357143,0.029762
2,train,Liszt/Gran_Etudes_de_Paganini/2_La_campanella/xml_score.musicxml,Liszt/Gran_Etudes_de_Paganini/2_La_campanella/Kolessova07.mid,1.0,322,11,311,3,0,161,7,6,155,1,0,161,7,5,156,2,0,0.034161,0.785714,0.065476
2,train,Liszt/Gran_Etudes_de_Paganini/2_La_campanella/xml_score.musicxml,Liszt/Gran_Etudes_de_Paganini/2_La_campanella/Kolessova07.mid,2.0,322,11,311,3,0,161,7,6,155,1,0,161,7,5,156,2,0,0.034161,0.785714,0.065476
2,train,Liszt/Gran_Etudes_de_Paganini/2_La_campanella/xml_score.musicxml,Liszt/Gran_Etudes_de_Paganini/2_La_campanella/LeungR04M.mid,0.0,460,5,455,9,0,230,7,5,225,2,0,230,7,0,230,7,0,0.01087,0.357143,0.021097
2,train,Liszt/Gran_Etudes_de_Paganini/2_La_campanella/xml_score.musicxml,Liszt/Gran_Etudes_de_Paganini/2_La_campanella/LeungR04M.mid,1.0,460,11,449,3,0,230,7,6,224,1,0,230,7,5,225,2,0,0.023913,0.785714,0.046414
2,train,Liszt/Gran_Etudes_de_Paganini/2_La_campanella/xml_score.musicxml,Liszt/Gran_Etudes_de_Paganini/2_La_campanella/LeungR04M.mid,2.0,460,11,449,3,0,230,7,6,224,1,0,230,7,5,225,2,0,0.023913,0.785714,0.046414
2,train,Liszt/Gran_Etudes_de_Paganini/2_La_campanella/xml_score.musicxml,Liszt/Gran_Etudes_de_Paganini/2_La_campanella/Levitsky02.mid,0.0,310,2,308,12,0,155,7,2,153,5,1,155,7,0,155,7,0,0.006452,0.142857,0.012346
2,train,Liszt/Gran_Etudes_de_Paganini/2_La_campanella/xml_score.musicxml,Liszt/Gran_Etudes_de_Paganini/2_La_campanella/Levitsky02.mid,1.0,310,5,305,9,1,155,7,3,152,4,0,155,7,2,153,5,1,0.016129,0.357143,0.030864
2,train,Liszt/Gran_Etudes_de_Paganini/2_La_campanella/xml_score.musicxml,Liszt/Gran_Etudes_de_Paganini/2_La_campanella/Levitsky02.mid,2.0,310,6,304,8,0,155,7,4,151,3,0,155,7,2,153,5,0,0.019355,0.428571,0.037037
2,train,Liszt/Gran_Etudes_de_Paganini/2_La_campanella/xml_score.musicxml,Liszt/Gran_Etudes_de_Paganini/2_La_campanella/Levitsky06M.mid,0.0,294,2,292,12,0,147,7,2,145,5,0,147,7,0,147,7,0,0.006803,0.142857,0.012987
2,train,Liszt/Gran_Etudes_de_Paganini/2_La_campanella/xml_score.musicxml,Liszt/Gran_Etudes_de_Paganini/2_La_campanella/Levitsky06M.mid,1.0,294,8,286,6,0,147,7,5,142,2,0,147,7,3,144,4,0,0.027211,0.571429,0.051948
2,train,Liszt/Gran_Etudes_de_Paganini/2_La_campanella/xml_score.musicxml,Liszt/Gran_Etudes_de_Paganini/2_La_campanella/Levitsky06M.mid,2.0,294,9,285,5,0,147,7,6,141,1,0,147,7,3,144,4,0,0.030612,0.642857,0.058442
2,train,Liszt/Gran_Etudes_de_Paganini/2_La_campanella/xml_score.musicxml,Liszt/Gran_Etudes_de_Paganini/2_La_campanella/Lin02.mid,0.0,482,5,477,9,0,241,7,5,236,2,0,241,7,0,241,7,0,0.010373,0.357143,0.020161
2,train,Liszt/Gran_Etudes_de_Paganini/2_La_campanella/xml_score.musicxml,Liszt/Gran_Etudes_de_Paganini/2_La_campanella/Lin02.mid,1.0,482,11,471,3,0,241,7,6,235,1,0,241,7,5,236,2,0,0.022822,0.785714,0.044355
2,train,Liszt/Gran_Etudes_de_Paganini/2_La_campanella/xml_score.musicxml,Liszt/Gran_Etudes_de_Paganini/2_La_campanella/Lin02.mid,2.0,482,11,471,3,0,241,7,6,235,1,0,241,7,5,236,2,0,0.022822,0.785714,0.044355
2,train,Liszt/Gran_Etudes_de_Paganini/2_La_campanella/xml_score.musicxml,Liszt/Gran_Etudes_de_Paganini/2_La_campanella/Lin07M.mid,0.0,502,5,497,9,0,251,7,5,246,2,0,251,7,0,251,7,0,0.00996,0.357143,0.01938
2,train,Liszt/Gran_Etudes_de_Paganini/2_La_campanella/xml_score.musicxml,Liszt/Gran_Etudes_de_Paganini/2_La_campanella/Lin07M.mid,1.0,502,11,491,3,0,251,7,6,245,1,0,251,7,5,246,2,0,0.021912,0.785714,0.042636
2,train,Liszt/Gran_Etudes_de_Paganini/2_La_campanella/xml_score.musicxml,Liszt/Gran_Etudes_de_Paganini/2_La_campanella/Lin07M.mid,2.0,502,11,491,3,0,251,7,6,245,1,0,251,7,5,246,2,0,0.021912,0.785714,0.042636
2,train,Liszt/Gran_Etudes_de_Paganini/2_La_campanella/xml_score.musicxml,Liszt/Gran_Etudes_de_Paganini/2_La_campanella/LiuC05M.mid,0.0,464,5,459,9,0,232,7,5,227,2,0,232,7,0,232,7,0,0.010776,0.357143,0.020921
2,train,Liszt/Gran_Etudes_de_Paganini/2_La_campanella/xml_score.musicxml,Liszt/Gran_Etudes_de_Paganini/2_La_campanella/LiuC05M.mid,1.0,464,11,453,3,0,232,7,6,226,1,0,232,7,5,227,2,0,0.023707,0.785714,0.046025
2,train,Liszt/Gran_Etudes_de_Paganini/2_La_campanella/xml_score.musicxml,Liszt/Gran_Etudes_de_Paganini/2_La_campanella/LiuC05M.mid,2.0,464,11,453,3,0,232,7,6,226,1,0,232,7,5,227,2,0,0.023707,0.785714,0.046025
2,train,Liszt/Gran_Etudes_de_Paganini/2_La_campanella/xml_score.musicxml,Liszt/Gran_Etudes_de_Paganini/2_La_campanella/LiuY03M.mid,0.0,414,4,410,10,0,207,7,4,203,3,1,207,7,0,207,7,1,0.009662,0.285714,0.018692
2,train,Liszt/Gran_Etudes_de_Paganini/2_La_campanella/xml_score.musicxml,Liszt/Gran_Etudes_de_Paganini/2_La_campanella/LiuY03M.mid,1.0,414,11,403,3,0,207,7,6,201,1,0,207,7,5,202,2,0,0.02657,0.785714,0.051402
2,train,Liszt/Gran_Etudes_de_Paganini/2_La_campanella/xml_score.musicxml,Liszt/Gran_Etudes_de_Paganini/2_La_campanella/LiuY03M.mid,2.0,414,12,402,2,0,207,7,6,201,1,0,207,7,6,201,1,0,0.028986,0.857143,0.056075
2,train,Liszt/Gran_Etudes_de_Paganini/2_La_campanella/xml_score.musicxml,Liszt/Gran_Etudes_de_Paganini/2_La_campanella/MunA08M.mid,0.0,414,4,410,10,0,207,7,4,203,3,0,207,7,0,207,7,0,0.009662,0.285714,0.018692
2,train,Liszt/Gran_Etudes_de_Paganini/2_La_campanella/xml_score.musicxml,Liszt/Gran_Etudes_de_Paganini/2_La_campanella/MunA08M.mid,1.0,414,11,403,3,0,207,7,6,201,1,0,207,7,5,202,2,0,0.02657,0.785714,0.051402
2,train,Liszt/Gran_Etudes_de_Paganini/2_La_campanella/xml_score.musicxml,Liszt/Gran_Etudes_de_Paganini/2_La_campanella/MunA08M.mid,2.0,414,11,403,3,0,207,7,6,201,1,0,207,7,5,202,2,0,0.02657,0.785714,0.051402
2,train,Liszt/Gran_Etudes_de_Paganini/2_La_campanella/xml_score.musicxml,Liszt/Gran_Etudes_de_Paganini/2_La_campanella/SEBAST02.mid,0.0,354,5,349,9,0,177,7,5,172,2,0,177,7,0,177,7,0,0.014124,0.357143,0.027174
2,train,Liszt/Gran_Etudes_de_Paganini/2_La_campanella/xml_score.musicxml,Liszt/Gran_Etudes_de_Paganini/2_La_campanella/SEBAST02.mid,1.0,354,11,343,3,0,177,7,6,171,1,0,177,7,5,172,2,0,0.031073,0.785714,0.059783
2,train,Liszt/Gran_Etudes_de_Paganini/2_La_campanella/xml_score.musicxml,Liszt/Gran_Etudes_de_Paganini/2_La_campanella/SEBAST02.mid,2.0,354,12,342,2,0,177,7,6,171,1,0,177,7,6,171,1,0,0.033898,0.857143,0.065217
2,train,Liszt/Gran_Etudes_de_Paganini/2_La_campanella/xml_score.musicxml,Liszt/Gran_Etudes_de_Paganini/2_La_campanella/Seredenko02.mid,0.0,570,6,564,8,0,285,7,5,280,2,2,285,7,1,284,6,0,0.010526,0.428571,0.020548
2,train,Liszt/Gran_Etudes_de_Paganini/2_La_campanella/xml_score.musicxml,Liszt/Gran_Etudes_de_Paganini/2_La_campanella/Seredenko02.mid,1.0,570,11,559,3,0,285,7,6,279,1,0,285,7,5,280,2,0,0.019298,0.785714,0.037671
2,train,Liszt/Gran_Etudes_de_Paganini/2_La_campanella/xml_score.musicxml,Liszt/Gran_Etudes_de_Paganini/2_La_campanella/Seredenko02.mid,2.0,570,12,558,2,0,285,7,6,279,1,0,285,7,6,279,1,0,0.021053,0.857143,0.041096
2,train,Liszt/Gran_Etudes_de_Paganini/2_La_campanella/xml_score.musicxml,Liszt/Gran_Etudes_de_Paganini/2_La_campanella/Sychev03.mid,0.0,374,5,369,9,0,187,7,5,182,2,0,187,7,0,187,7,0,0.013369,0.357143,0.025773
2,train,Liszt/Gran_Etudes_de_Paganini/2_La_campanella/xml_score.musicxml,Liszt/Gran_Etudes_de_Paganini/2_La_campanella/Sychev03.mid,1.0,374,11,363,3,0,187,7,6,181,1,0,187,7,5,182,2,0,0.029412,0.785714,0.056701
2,train,Liszt/Gran_Etudes_de_Paganini/2_La_campanella/xml_score.musicxml,Liszt/Gran_Etudes_de_Paganini/2_La_campanella/Sychev03.mid,2.0,374,12,362,2,0,187,7,6,181,1,0,187,7,6,181,1,0,0.032086,0.857143,0.061856
2,train,Liszt/Gran_Etudes_de_Paganini/2_La_campanella/xml_score.musicxml,Liszt/Gran_Etudes_de_Paganini/2_La_campanella/TET03.mid,0.0,494,5,489,9,0,247,7,5,242,2,0,247,7,0,247,7,0,0.010121,0.357143,0.019685
2,train,Liszt/Gran_Etudes_de_Paganini/2_La_campanella/xml_score.musicxml,Liszt/Gran_Etudes_de_Paganini/2_La_campanella/TET03.mid,1.0,494,11,483,3,0,247,7,6,241,1,0,247,7,5,242,2,0,0.022267,0.785714,0.043307
2,train,Liszt/Gran_Etudes_de_Paganini/2_La_campanella/xml_score.musicxml,Liszt/Gran_Etudes_de_Paganini/2_La_campanella/TET03.mid,2.0,494,12,482,2,0,247,7,6,241,1,0,247,7,6,241,1,0,0.024291,0.857143,0.047244
2,train,Liszt/Gran_Etudes_de_Paganini/2_La_campanella/xml_score.musicxml,Liszt/Gran_Etudes_de_Paganini/2_La_campanella/VuV06M.mid,0.0,448,5,443,9,0,224,7,5,219,2,1,224,7,0,224,7,0,0.011161,0.357143,0.021645
2,train,Liszt/Gran_Etudes_de_Paganini/2_La_campanella/xml_score.musicxml,Liszt/Gran_Etudes_de_Paganini/2_La_campanella/VuV06M.mid,1.0,448,11,437,3,0,224,7,6,218,1,0,224,7,5,219,2,0,0.024554,0.785714,0.047619
2,train,Liszt/Gran_Etudes_de_Paganini/2_La_campanella/xml_score.musicxml,Liszt/Gran_Etudes_de_Paganini/2_La_campanella/VuV06M.mid,2.0,448,12,436,2,0,224,7,6,218,1,0,224,7,6,218,1,0,0.026786,0.857143,0.051948
2,train,Liszt/Gran_Etudes_de_Paganini/2_La_campanella/xml_score.musicxml,Liszt/Gran_Etudes_de_Paganini/2_La_campanella/Yang05M.mid,0.0,364,4,360,10,0,182,7,4,178,3,0,182,7,0,182,7,0,0.010989,0.285714,0.021164
2,train,Liszt/Gran_Etudes_de_Paganini/2_La_campanella/xml_score.musicxml,Liszt/Gran_Etudes_de_Paganini/2_La_campanella/Yang05M.mid,1.0,364,11,353,3,0,182,7,6,176,1,0,182,7,5,177,2,0,0.03022,0.785714,0.058201
2,train,Liszt/Gran_Etudes_de_Paganini/2_La_campanella/xml_score.musicxml,Liszt/Gran_Etudes_de_Paganini/2_La_campanella/Yang05M.mid,2.0,364,11,353,3,0,182,7,6,176,1,0,182,7,5,177,2,0,0.03022,0.785714,0.058201
2,train,Liszt/Gran_Etudes_de_Paganini/2_La_campanella/xml_score.musicxml,Liszt/Gran_Etudes_de_Paganini/2_La_campanella/Yoon02.mid,0.0,438,5,433,9,0,219,7,5,214,2,1,219,7,0,219,7,0,0.011416,0.357143,0.022124
2,train,Liszt/Gran_Etudes_de_Paganini/2_La_campanella/xml_score.musicxml,Liszt/Gran_Etudes_de_Paganini/2_La_campanella/Yoon02.mid,1.0,438,11,427,3,0,219,7,6,213,1,0,219,7,5,214,2,0,0.025114,0.785714,0.048673
2,train,Liszt/Gran_Etudes_de_Paganini/2_La_campanella/xml_score.musicxml,Liszt/Gran_Etudes_de_Paganini/2_La_campanella/Yoon02.mid,2.0,438,11,427,3,0,219,7,6,213,1,0,219,7,5,214,2,0,0.025114,0.785714,0.048673
2,train,Liszt/Gran_Etudes_de_Paganini/2_La_campanella/xml_score.musicxml,Liszt/Gran_Etudes_de_Paganini/2_La_campanella/ZhangH02.mid,0.0,336,4,332,10,0,168,7,4,164,3,1,168,7,0,168,7,1,0.011905,0.285714,0.022857
2,train,Liszt/Gran_Etudes_de_Paganini/2_La_campanella/xml_score.musicxml,Liszt/Gran_Etudes_de_Paganini/2_La_campanella/ZhangH02.mid,1.0,336,11,325,3,0,168,7,6,162,1,0,168,7,5,163,2,0,0.032738,0.785714,0.062857
2,train,Liszt/Gran_Etudes_de_Paganini/2_La_campanella/xml_score.musicxml,Liszt/Gran_Etudes_de_Paganini/2_La_campanella/ZhangH02.mid,2.0,336,11,325,3,0,168,7,6,162,1,0,168,7,5,163,2,0,0.032738,0.785714,0.062857
2,train,Liszt/Gran_Etudes_de_Paganini/2_La_campanella/xml_score.musicxml,Liszt/Gran_Etudes_de_Paganini/2_La_campanella/ZhangH07M.mid,0.0,308,5,303,9,0,154,7,4,150,3,1,154,7,1,153,6,1,0.016234,0.357143,0.031056
2,train,Liszt/Gran_Etudes_de_Paganini/2_La_campanella/xml_score.musicxml,Liszt/Gran_Etudes_de_Paganini/2_La_campanella/ZhangH07M.mid,1.0,308,13,295,1,0,154,7,7,147,0,0,154,7,6,148,1,0,0.042208,0.928571,0.080745
2,train,Liszt/Gran_Etudes_de_Paganini/2_La_campanella/xml_score.musicxml,Liszt/Gran_Etudes_de_Paganini/2_La_campanella/ZhangH07M.mid,2.0,308,13,295,1,0,154,7,7,147,0,0,154,7,6,148,1,0,0.042208,0.928571,0.080745
2,val,Liszt/Transcendental_Etudes/10/xml_score.musicxml,Liszt/Transcendental_Etudes/10/CaoJ03M.mid,0.0,142,2,140,8,0,71,5,2,69,3,0,71,5,0,71,5,0,0.014085,0.2,0.026316
2,val,Liszt/Transcendental_Etudes/10/xml_score.musicxml,Liszt/Transcendental_Etudes/10/CaoJ03M.mid,1.0,142,9,133,1,0,71,5,5,66,0,0,71,5,4,67,1,0,0.06338,0.9,0.118421
2,val,Liszt/Transcendental_Etudes/10/xml_score.musicxml,Liszt/Transcendental_Etudes/10/CaoJ03M.mid,2.0,142,10,132,0,0,71,5,5,66,0,0,71,5,5,66,0,0,0.070423,1.0,0.131579
2,val,Liszt/Transcendental_Etudes/10/xml_score.musicxml,Liszt/Transcendental_Etudes/10/Goldberg02.mid,0.0,146,3,143,7,0,73,5,3,70,2,0,73,5,0,73,5,0,0.020548,0.3,0.038462
2,val,Liszt/Transcendental_Etudes/10/xml_score.musicxml,Liszt/Transcendental_Etudes/10/Goldberg02.mid,1.0,146,9,137,1,0,73,5,5,68,0,0,73,5,4,69,1,0,0.061644,0.9,0.115385
2,val,Liszt/Transcendental_Etudes/10/xml_score.musicxml,Liszt/Transcendental_Etudes/10/Goldberg02.mid,2.0,146,10,136,0,0,73,5,5,68,0,0,73,5,5,68,0,0,0.068493,1.0,0.128205
2,val,Liszt/Transcendental_Etudes/10/xml_score.musicxml,Liszt/Transcendental_Etudes/10/HAGINO03.mid,0.0,144,1,143,9,0,72,5,1,71,4,0,72,5,0,72,5,0,0.006944,0.1,0.012987
2,val,Liszt/Transcendental_Etudes/10/xml_score.musicxml,Liszt/Transcendental_Etudes/10/HAGINO03.mid,1.0,144,9,135,1,0,72,5,5,67,0,0,72,5,4,68,1,0,0.0625,0.9,0.116883
2,val,Liszt/Transcendental_Etudes/10/xml_score.musicxml,Liszt/Transcendental_Etudes/10/HAGINO03.mid,2.0,144,10,134,0,0,72,5,5,67,0,0,72,5,5,67,0,0,0.069444,1.0,0.12987
2,val,Liszt/Transcendental_Etudes/10/xml_score.musicxml,Liszt/Transcendental_Etudes/10/Huang17M.mid,0.0,120,4,116,6,0,60,5,4,56,1,0,60,5,0,60,5,0,0.033333,0.4,0.061538
2,val,Liszt/Transcendental_Etudes/10/xml_score.musicxml,Liszt/Transcendental_Etudes/10/Huang17M.mid,1.0,120,9,111,1,0,60,5,5,55,0,0,60,5,4,56,1,0,0.075,0.9,0.138462
2,val,Liszt/Transcendental_Etudes/10/xml_score.musicxml,Liszt/Transcendental_Etudes/10/Huang17M.mid,2.0,120,10,110,0,0,60,5,5,55,0,0,60,5,5,55,0,0,0.083333,1.0,0.153846
2,val,Liszt/Transcendental_Etudes/10/xml_score.musicxml,Liszt/Transcendental_Etudes/10/Hwang03.mid,0.0,136,4,132,6,0,68,5,4,64,1,0,68,5,0,68,5,0,0.029412,0.4,0.054795
2,val,Liszt/Transcendental_Etudes/10/xml_score.musicxml,Liszt/Transcendental_Etudes/10/Hwang03.mid,1.0,136,9,127,1,0,68,5,5,63,0,0,68,5,4,64,1,0,0.066176,0.9,0.123288
2,val,Liszt/Transcendental_Etudes/10/xml_score.musicxml,Liszt/Transcendental_Etudes/10/Hwang03.mid,2.0,136,10,126,0,0,68,5,5,63,0,0,68,5,5,63,0,0,0.073529,1.0,0.136986
2,val,Liszt/Transcendental_Etudes/10/xml_score.musicxml,Liszt/Transcendental_Etudes/10/Kim02.mid,0.0,126,2,124,8,0,63,5,2,61,3,0,63,5,0,63,5,0,0.015873,0.2,0.029412
2,val,Liszt/Transcendental_Etudes/10/xml_score.musicxml,Liszt/Transcendental_Etudes/10/Kim02.mid,1.0,126,7,119,3,0,63,5,4,59,1,0,63,5,3,60,2,0,0.055556,0.7,0.102941
2,val,Liszt/Transcendental_Etudes/10/xml_score.musicxml,Liszt/Transcendental_Etudes/10/Kim02.mid,2.0,126,9,117,1,0,63,5,5,58,0,0,63,5,4,59,1,0,0.071429,0.9,0.132353
2,val,Liszt/Transcendental_Etudes/10/xml_score.musicxml,Liszt/Transcendental_Etudes/10/Ladid02.mid,0.0,120,4,116,6,0,60,5,4,56,1,0,60,5,0,60,5,0,0.033333,0.4,0.061538
2,val,Liszt/Transcendental_Etudes/10/xml_score.musicxml,Liszt/Transcendental_Etudes/10/Ladid02.mid,1.0,120,9,111,1,0,60,5,5,55,0,0,60,5,4,56,1,0,0.075,0.9,0.138462
2,val,Liszt/Transcendental_Etudes/10/xml_score.musicxml,Liszt/Transcendental_Etudes/10/Ladid02.mid,2.0,120,10,110,0,0,60,5,5,55,0,0,60,5,5,55,0,0,0.083333,1.0,0.153846
2,val,Liszt/Transcendental_Etudes/10/xml_score.musicxml,Liszt/Transcendental_Etudes/10/LeungM06M.mid,0.0,140,1,139,9,0,70,5,1,69,4,0,70,5,0,70,5,0,0.007143,0.1,0.013333
2,val,Liszt/Transcendental_Etudes/10/xml_score.musicxml,Liszt/Transcendental_Etudes/10/LeungM06M.mid,1.0,140,9,131,1,0,70,5,5,65,0,0,70,5,4,66,1,0,0.064286,0.9,0.12
2,val,Liszt/Transcendental_Etudes/10/xml_score.musicxml,Liszt/Transcendental_Etudes/10/LeungM06M.mid,2.0,140,10,130,0,0,70,5,5,65,0,0,70,5,5,65,0,0,0.071429,1.0,0.133333
2,val,Liszt/Transcendental_Etudes/10/xml_score.musicxml,Liszt/Transcendental_Etudes/10/MCVEY02.mid,0.0,132,2,130,8,0,66,5,2,64,3,0,66,5,0,66,5,0,0.015152,0.2,0.028169
2,val,Liszt/Transcendental_Etudes/10/xml_score.musicxml,Liszt/Transcendental_Etudes/10/MCVEY02.mid,1.0,132,9,123,1,0,66,5,5,61,0,0,66,5,4,62,1,0,0.068182,0.9,0.126761
2,val,Liszt/Transcendental_Etudes/10/xml_score.musicxml,Liszt/Transcendental_Etudes/10/MCVEY02.mid,2.0,132,10,122,0,0,66,5,5,61,0,0,66,5,5,61,0,0,0.075758,1.0,0.140845
2,val,Liszt/Transcendental_Etudes/10/xml_score.musicxml,Liszt/Transcendental_Etudes/10/MorozovY03.mid,0.0,140,1,139,9,0,70,5,1,69,4,0,70,5,0,70,5,0,0.007143,0.1,0.013333
2,val,Liszt/Transcendental_Etudes/10/xml_score.musicxml,Liszt/Transcendental_Etudes/10/MorozovY03.mid,1.0,140,9,131,1,0,70,5,5,65,0,0,70,5,4,66,1,0,0.064286,0.9,0.12
2,val,Liszt/Transcendental_Etudes/10/xml_score.musicxml,Liszt/Transcendental_Etudes/10/MorozovY03.mid,2.0,140,10,130,0,0,70,5,5,65,0,0,70,5,5,65,0,0,0.071429,1.0,0.133333
2,val,Liszt/Transcendental_Etudes/10/xml_score.musicxml,Liszt/Transcendental_Etudes/10/Qin03.mid,0.0,106,2,104,8,0,53,5,2,51,3,0,53,5,0,53,5,0,0.018868,0.2,0.034483
2,val,Liszt/Transcendental_Etudes/10/xml_score.musicxml,Liszt/Transcendental_Etudes/10/Qin03.mid,1.0,106,9,97,1,0,53,5,5,48,0,0,53,5,4,49,1,0,0.084906,0.9,0.155172
2,val,Liszt/Transcendental_Etudes/10/xml_score.musicxml,Liszt/Transcendental_Etudes/10/Qin03.mid,2.0,106,10,96,0,0,53,5,5,48,0,0,53,5,5,48,0,0,0.09434,1.0,0.172414
2,val,Liszt/Transcendental_Etudes/10/xml_score.musicxml,Liszt/Transcendental_Etudes/10/SUDBIN02.mid,0.0,114,0,114,10,0,57,5,0,57,5,0,57,5,0,57,5,0,0.0,0.0,0.0
2,val,Liszt/Transcendental_Etudes/10/xml_score.musicxml,Liszt/Transcendental_Etudes/10/SUDBIN02.mid,1.0,114,9,105,1,0,57,5,5,52,0,0,57,5,4,53,1,0,0.078947,0.9,0.145161
2,val,Liszt/Transcendental_Etudes/10/xml_score.musicxml,Liszt/Transcendental_Etudes/10/SUDBIN02.mid,2.0,114,10,104,0,0,57,5,5,52,0,0,57,5,5,52,0,0,0.087719,1.0,0.16129
2,val,Liszt/Transcendental_Etudes/10/xml_score.musicxml,Liszt/Transcendental_Etudes/10/Shamray02.mid,0.0,118,1,117,9,0,59,5,1,58,4,0,59,5,0,59,5,0,0.008475,0.1,0.015625
2,val,Liszt/Transcendental_Etudes/10/xml_score.musicxml,Liszt/Transcendental_Etudes/10/Shamray02.mid,1.0,118,9,109,1,0,59,5,5,54,0,0,59,5,4,55,1,0,0.076271,0.9,0.140625
2,val,Liszt/Transcendental_Etudes/10/xml_score.musicxml,Liszt/Transcendental_Etudes/10/Shamray02.mid,2.0,118,10,108,0,0,59,5,5,54,0,0,59,5,5,54,0,0,0.084746,1.0,0.15625
2,val,Liszt/Transcendental_Etudes/10/xml_score.musicxml,Liszt/Transcendental_Etudes/10/Tran02.mid,0.0,144,0,144,10,0,72,5,0,72,5,0,72,5,0,72,5,0,0.0,0.0,0.0
2,val,Liszt/Transcendental_Etudes/10/xml_score.musicxml,Liszt/Transcendental_Etudes/10/Tran02.mid,1.0,144,9,135,1,0,72,5,5,67,0,0,72,5,4,68,1,0,0.0625,0.9,0.116883
2,val,Liszt/Transcendental_Etudes/10/xml_score.musicxml,Liszt/Transcendental_Etudes/10/Tran02.mid,2.0,144,10,134,0,0,72,5,5,67,0,0,72,5,5,67,0,0,0.069444,1.0,0.12987
2,val,Liszt/Transcendental_Etudes/10/xml_score.musicxml,Liszt/Transcendental_Etudes/10/Uiasiuk03.mid,0.0,124,2,122,8,0,62,5,2,60,3,0,62,5,0,62,5,0,0.016129,0.2,0.029851
2,val,Liszt/Transcendental_Etudes/10/xml_score.musicxml,Liszt/Transcendental_Etudes/10/Uiasiuk03.mid,1.0,124,9,115,1,0,62,5,5,57,0,0,62,5,4,58,1,0,0.072581,0.9,0.134328
2,val,Liszt/Transcendental_Etudes/10/xml_score.musicxml,Liszt/Transcendental_Etudes/10/Uiasiuk03.mid,2.0,124,10,114,0,0,62,5,5,57,0,0,62,5,5,57,0,0,0.080645,1.0,0.149254
2,val,Liszt/Transcendental_Etudes/10/xml_score.musicxml,Liszt/Transcendental_Etudes/10/Yeletskiy03.mid,0.0,106,2,104,8,0,53,5,2,51,3,0,53,5,0,53,5,0,0.018868,0.2,0.034483
2,val,Liszt/Transcendental_Etudes/10/xml_score.musicxml,Liszt/Transcendental_Etudes/10/Yeletskiy03.mid,1.0,106,9,97,1,0,53,5,5,48,0,0,53,5,4,49,1,0,0.084906,0.9,0.155172
2,val,Liszt/Transcendental_Etudes/10/xml_score.musicxml,Liszt/Transcendental_Etudes/10/Yeletskiy03.mid,2.0,106,10,96,0,0,53,5,5,48,0,0,53,5,5,48,0,0,0.09434,1.0,0.172414
2,test,Liszt/Transcendental_Etudes/5/xml_score.musicxml,Liszt/Transcendental_Etudes/5/Gryaznov02.mid,0.0,194,5,189,5,0,97,5,4,93,1,1,97,5,1,96,4,1,0.025773,0.5,0.04902
2,test,Liszt/Transcendental_Etudes/5/xml_score.musicxml,Liszt/Transcendental_Etudes/5/Gryaznov02.mid,1.0,194,10,184,0,0,97,5,5,92,0,0,97,5,5,92,0,0,0.051546,1.0,0.098039
2,test,Liszt/Transcendental_Etudes/5/xml_score.musicxml,Liszt/Transcendental_Etudes/5/Gryaznov02.mid,2.0,194,10,184,0,0,97,5,5,92,0,0,97,5,5,92,0,0,0.051546,1.0,0.098039
2,test,Liszt/Transcendental_Etudes/5/xml_score.musicxml,Liszt/Transcendental_Etudes/5/HUAN_B03.mid,0.0,290,4,286,6,0,145,5,4,141,1,0,145,5,0,145,5,1,0.013793,0.4,0.026667
2,test,Liszt/Transcendental_Etudes/5/xml_score.musicxml,Liszt/Transcendental_Etudes/5/HUAN_B03.mid,1.0,290,8,282,2,0,145,5,5,140,0,0,145,5,3,142,2,0,0.027586,0.8,0.053333
2,test,Liszt/Transcendental_Etudes/5/xml_score.musicxml,Liszt/Transcendental_Etudes/5/HUAN_B03.mid,2.0,290,10,280,0,0,145,5,5,140,0,0,145,5,5,140,0,0,0.034483,1.0,0.066667
2,test,Liszt/Transcendental_Etudes/5/xml_score.musicxml,Liszt/Transcendental_Etudes/5/Huang16M.mid,0.0,240,3,237,7,0,120,5,3,117,2,0,120,5,0,120,5,2,0.0125,0.3,0.024
2,test,Liszt/Transcendental_Etudes/5/xml_score.musicxml,Liszt/Transcendental_Etudes/5/Huang16M.mid,1.0,240,8,232,2,0,120,5,5,115,0,0,120,5,3,117,2,0,0.033333,0.8,0.064
2,test,Liszt/Transcendental_Etudes/5/xml_score.musicxml,Liszt/Transcendental_Etudes/5/Huang16M.mid,2.0,240,10,230,0,0,120,5,5,115,0,0,120,5,5,115,0,0,0.041667,1.0,0.08
2,test,Liszt/Transcendental_Etudes/5/xml_score.musicxml,Liszt/Transcendental_Etudes/5/Huangci01.mid,0.0,328,5,323,5,0,164,5,4,160,1,2,164,5,1,163,4,1,0.015244,0.5,0.029586
2,test,Liszt/Transcendental_Etudes/5/xml_score.musicxml,Liszt/Transcendental_Etudes/5/Huangci01.mid,1.0,328,10,318,0,0,164,5,5,159,0,0,164,5,5,159,0,0,0.030488,1.0,0.059172
2,test,Liszt/Transcendental_Etudes/5/xml_score.musicxml,Liszt/Transcendental_Etudes/5/Huangci01.mid,2.0,328,10,318,0,0,164,5,5,159,0,0,164,5,5,159,0,0,0.030488,1.0,0.059172
2,test,Liszt/Transcendental_Etudes/5/xml_score.musicxml,Liszt/Transcendental_Etudes/5/KIM_W02.mid,0.0,354,8,346,2,0,177,5,5,172,0,1,177,5,3,174,2,0,0.022599,0.8,0.043956
2,test,Liszt/Transcendental_Etudes/5/xml_score.musicxml,Liszt/Transcendental_Etudes/5/KIM_W02.mid,1.0,354,10,344,0,0,177,5,5,172,0,0,177,5,5,172,0,0,0.028249,1.0,0.054945
2,test,Liszt/Transcendental_Etudes/5/xml_score.musicxml,Liszt/Transcendental_Etudes/5/KIM_W02.mid,2.0,354,10,344,0,0,177,5,5,172,0,0,177,5,5,172,0,0,0.028249,1.0,0.054945
2,test,Liszt/Transcendental_Etudes/5/xml_score.musicxml,Liszt/Transcendental_Etudes/5/LiuY06M.mid,0.0,500,8,492,2,0,250,5,5,245,0,2,250,5,3,247,2,0,0.016,0.8,0.031373
2,test,Liszt/Transcendental_Etudes/5/xml_score.musicxml,Liszt/Transcendental_Etudes/5/LiuY06M.mid,1.0,500,10,490,0,0,250,5,5,245,0,0,250,5,5,245,0,0,0.02,1.0,0.039216
2,test,Liszt/Transcendental_Etudes/5/xml_score.musicxml,Liszt/Transcendental_Etudes/5/LiuY06M.mid,2.0,500,10,490,0,0,250,5,5,245,0,0,250,5,5,245,0,0,0.02,1.0,0.039216
2,test,Liszt/Transcendental_Etudes/5/xml_score.musicxml,Liszt/Transcendental_Etudes/5/Min03M.mid,0.0,284,5,279,5,0,142,5,4,138,1,0,142,5,1,141,4,0,0.017606,0.5,0.034014
2,test,Liszt/Transcendental_Etudes/5/xml_score.musicxml,Liszt/Transcendental_Etudes/5/Min03M.mid,1.0,284,9,275,1,0,142,5,5,137,0,0,142,5,4,138,1,0,0.03169,0.9,0.061224
2,test,Liszt/Transcendental_Etudes/5/xml_score.musicxml,Liszt/Transcendental_Etudes/5/Min03M.mid,2.0,284,10,274,0,0,142,5,5,137,0,0,142,5,5,137,0,0,0.035211,1.0,0.068027
2,test,Liszt/Transcendental_Etudes/5/xml_score.musicxml,Liszt/Transcendental_Etudes/5/Park03M.mid,0.0,292,5,287,5,0,146,5,5,141,0,0,146,5,0,146,5,0,0.017123,0.5,0.033113
2,test,Liszt/Transcendental_Etudes/5/xml_score.musicxml,Liszt/Transcendental_Etudes/5/Park03M.mid,1.0,292,8,284,2,0,146,5,5,141,0,0,146,5,3,143,2,0,0.027397,0.8,0.05298
2,test,Liszt/Transcendental_Etudes/5/xml_score.musicxml,Liszt/Transcendental_Etudes/5/Park03M.mid,2.0,292,10,282,0,0,146,5,5,141,0,0,146,5,5,141,0,0,0.034247,1.0,0.066225
2,test,Liszt/Transcendental_Etudes/5/xml_score.musicxml,Liszt/Transcendental_Etudes/5/Sun09.mid,0.0,370,5,365,5,0,185,5,4,181,1,1,185,5,1,184,4,0,0.013514,0.5,0.026316
2,test,Liszt/Transcendental_Etudes/5/xml_score.musicxml,Liszt/Transcendental_Etudes/5/Sun09.mid,1.0,370,10,360,0,0,185,5,5,180,0,0,185,5,5,180,0,0,0.027027,1.0,0.052632
2,test,Liszt/Transcendental_Etudes/5/xml_score.musicxml,Liszt/Transcendental_Etudes/5/Sun09.mid,2.0,370,10,360,0,0,185,5,5,180,0,0,185,5,5,180,0,0,0.027027,1.0,0.052632
2,test,Liszt/Transcendental_Etudes/5/xml_score.musicxml,Liszt/Transcendental_Etudes/5/Wang06M.mid,0.0,312,5,307,5,0,156,5,4,152,1,0,156,5,1,155,4,1,0.016026,0.5,0.031056
2,test,Liszt/Transcendental_Etudes/5/xml_score.musicxml,Liszt/Transcendental_Etudes/5/Wang06M.mid,1.0,312,9,303,1,0,156,5,5,151,0,0,156,5,4,152,1,0,0.028846,0.9,0.055901
2,test,Liszt/Transcendental_Etudes/5/xml_score.musicxml,Liszt/Transcendental_Etudes/5/Wang06M.mid,2.0,312,10,302,0,0,156,5,5,151,0,0,156,5,5,151,0,0,0.032051,1.0,0.062112
2,test,Liszt/Transcendental_Etudes/5/xml_score.musicxml,Liszt/Transcendental_Etudes/5/WangY02M.mid,0.0,438,4,434,6,0,219,5,4,215,1,0,219,5,0,219,5,0,0.009132,0.4,0.017857
2,test,Liszt/Transcendental_Etudes/5/xml_score.musicxml,Liszt/Transcendental_Etudes/5/WangY02M.mid,1.0,438,8,430,2,0,219,5,5,214,0,0,219,5,3,216,2,0,0.018265,0.8,0.035714
2,test,Liszt/Transcendental_Etudes/5/xml_score.musicxml,Liszt/Transcendental_Etudes/5/WangY02M.mid,2.0,438,10,428,0,0,219,5,5,214,0,0,219,5,5,214,0,0,0.022831,1.0,0.044643
2,train,Ravel/Pavane/xml_score.musicxml,Ravel/Pavane/ChenS03.mid,0.0,292,2,290,2,0,146,2,2,144,0,0,146,2,0,146,2,0,0.006849,0.5,0.013514
2,train,Ravel/Pavane/xml_score.musicxml,Ravel/Pavane/ChenS03.mid,1.0,292,3,289,1,0,146,2,2,144,0,0,146,2,1,145,1,0,0.010274,0.75,0.02027
2,train,Ravel/Pavane/xml_score.musicxml,Ravel/Pavane/ChenS03.mid,2.0,292,4,288,0,0,146,2,2,144,0,0,146,2,2,144,0,0,0.013699,1.0,0.027027
2,train,Ravel/Pavane/xml_score.musicxml,Ravel/Pavane/Zhdanov08.mid,0.0,242,2,240,2,0,121,2,1,120,1,0,121,2,1,120,1,0,0.008264,0.5,0.01626
2,train,Ravel/Pavane/xml_score.musicxml,Ravel/Pavane/Zhdanov08.mid,1.0,242,4,238,0,0,121,2,2,119,0,0,121,2,2,119,0,0,0.016529,1.0,0.03252
2,train,Ravel/Pavane/xml_score.musicxml,Ravel/Pavane/Zhdanov08.mid,2.0,242,4,238,0,0,121,2,2,119,0,0,121,2,2,119,0,0,0.016529,1.0,0.03252
2,train,Schumann/Kreisleriana/4/xml_score.musicxml,Schumann/Kreisleriana/4/ParkJH07.mid,0.0,194,4,190,2,0,97,4,3,94,1,0,97,2,1,96,1,0,0.020619,0.666667,0.04
2,train,Schumann/Kreisleriana/4/xml_score.musicxml,Schumann/Kreisleriana/4/ParkJH07.mid,1.0,194,6,188,0,0,97,4,4,93,0,0,97,2,2,95,0,0,0.030928,1.0,0.06
2,train,Schumann/Kreisleriana/4/xml_score.musicxml,Schumann/Kreisleriana/4/ParkJH07.mid,2.0,194,6,188,0,0,97,4,4,93,0,0,97,2,2,95,0,0,0.030928,1.0,0.06
2,train,Schumann/Kreisleriana/4/xml_score.musicxml,Schumann/Kreisleriana/4/Yarden09.mid,0.0,180,2,178,4,0,90,4,2,88,2,0,90,2,0,90,2,0,0.011111,0.333333,0.021505
2,train,Schumann/Kreisleriana/4/xml_score.musicxml,Schumann/Kreisleriana/4/Yarden09.mid,1.0,180,5,175,1,0,90,4,4,86,0,0,90,2,1,89,1,0,0.027778,0.833333,0.053763
2,train,Schumann/Kreisleriana/4/xml_score.musicxml,Schumann/Kreisleriana/4/Yarden09.mid,2.0,180,6,174,0,0,90,4,4,86,0,0,90,2,2,88,0,0,0.033333,1.0,0.064516
2,train,Schumann/Kreisleriana/6/xml_score.musicxml,Schumann/Kreisleriana/6/JohannsonP07.mid,0.0,238,11,227,1,0,119,11,11,108,0,0,119,1,0,119,1,0,0.046218,0.916667,0.088
2,train,Schumann/Kreisleriana/6/xml_score.musicxml,Schumann/Kreisleriana/6/JohannsonP07.mid,1.0,238,11,227,1,0,119,11,11,108,0,0,119,1,0,119,1,0,0.046218,0.916667,0.088
2,train,Schumann/Kreisleriana/6/xml_score.musicxml,Schumann/Kreisleriana/6/JohannsonP07.mid,2.0,238,11,227,1,0,119,11,11,108,0,0,119,1,0,119,1,0,0.046218,0.916667,0.088
2,train,Schumann/Kreisleriana/6/xml_score.musicxml,Schumann/Kreisleriana/6/ParkJH09.mid,0.0,248,10,238,2,0,124,11,10,114,1,0,124,1,0,124,1,1,0.040323,0.833333,0.076923
2,train,Schumann/Kreisleriana/6/xml_score.musicxml,Schumann/Kreisleriana/6/ParkJH09.mid,1.0,248,11,237,1,0,124,11,11,113,0,0,124,1,0,124,1,0,0.044355,0.916667,0.084615
2,train,Schumann/Kreisleriana/6/xml_score.musicxml,Schumann/Kreisleriana/6/ParkJH09.mid,2.0,248,11,237,1,0,124,11,11,113,0,0,124,1,0,124,1,0,0.044355,0.916667,0.084615
2,train,Schumann/Kreisleriana/6/xml_score.musicxml,Schumann/Kreisleriana/6/Yarden09.mid,0.0,248,11,237,1,0,124,11,11,113,0,0,124,1,0,124,1,0,0.044355,0.916667,0.084615
2,train,Schumann/Kreisleriana/6/xml_score.musicxml,Schumann/Kreisleriana/6/Yarden09.mid,1.0,248,11,237,1,0,124,11,11,113,0,0,124,1,0,124,1,0,0.044355,0.916667,0.084615
2,train,Schumann/Kreisleriana/6/xml_score.musicxml,Schumann/Kreisleriana/6/Yarden09.mid,2.0,248,11,237,1,0,124,11,11,113,0,0,124,1,0,124,1,0,0.044355,0.916667,0.084615
2,train,Scriabin/Etudes_op_8/11/xml_score.musicxml,Scriabin/Etudes_op_8/11/Shi03.mid,0.0,84,1,83,1,0,42,1,1,41,0,0,42,1,0,42,1,0,0.011905,0.5,0.023256
2,train,Scriabin/Etudes_op_8/11/xml_score.musicxml,Scriabin/Etudes_op_8/11/Shi03.mid,1.0,84,2,82,0,0,42,1,1,41,0,0,42,1,1,41,0,0,0.02381,1.0,0.046512
2,train,Scriabin/Etudes_op_8/11/xml_score.musicxml,Scriabin/Etudes_op_8/11/Shi03.mid,2.0,84,2,82,0,0,42,1,1,41,0,0,42,1,1,41,0,0,0.02381,1.0,0.046512
2,train,Scriabin/Etudes_op_8/11/xml_score.musicxml,Scriabin/Etudes_op_8/11/Shi08M.mid,0.0,80,0,80,2,0,40,1,0,40,1,0,40,1,0,40,1,1,0.0,0.0,0.0
2,train,Scriabin/Etudes_op_8/11/xml_score.musicxml,Scriabin/Etudes_op_8/11/Shi08M.mid,1.0,80,1,79,1,0,40,1,1,39,0,0,40,1,0,40,1,0,0.0125,0.5,0.02439
2,train,Scriabin/Etudes_op_8/11/xml_score.musicxml,Scriabin/Etudes_op_8/11/Shi08M.mid,2.0,80,2,78,0,0,40,1,1,39,0,0,40,1,1,39,0,0,0.025,1.0,0.04878
2,train,Scriabin/Etudes_op_8/11/xml_score.musicxml,Scriabin/Etudes_op_8/11/YeF09.mid,0.0,120,1,119,1,0,60,1,1,59,0,0,60,1,0,60,1,0,0.008333,0.5,0.016393
2,train,Scriabin/Etudes_op_8/11/xml_score.musicxml,Scriabin/Etudes_op_8/11/YeF09.mid,1.0,120,2,118,0,0,60,1,1,59,0,0,60,1,1,59,0,0,0.016667,1.0,0.032787
2,train,Scriabin/Etudes_op_8/11/xml_score.musicxml,Scriabin/Etudes_op_8/11/YeF09.mid,2.0,120,2,118,0,0,60,1,1,59,0,0,60,1,1,59,0,0,0.016667,1.0,0.032787
2,train,Scriabin/Sonatas/5/xml_score.musicxml,Scriabin/Sonatas/5/ChernovA06M.mid,0.0,656,1,655,16,0,328,10,1,327,9,0,328,7,0,328,7,0,0.001524,0.058824,0.002972
2,train,Scriabin/Sonatas/5/xml_score.musicxml,Scriabin/Sonatas/5/ChernovA06M.mid,1.0,656,5,651,12,1,328,10,1,327,9,0,328,7,4,324,3,1,0.007622,0.294118,0.014859
2,train,Scriabin/Sonatas/5/xml_score.musicxml,Scriabin/Sonatas/5/ChernovA06M.mid,2.0,656,7,649,10,1,328,10,3,325,7,1,328,7,4,324,3,0,0.010671,0.411765,0.020802
2,train,Scriabin/Sonatas/5/xml_score.musicxml,Scriabin/Sonatas/5/FALIKS06.mid,0.0,618,2,616,15,0,309,10,2,307,8,0,309,7,0,309,7,1,0.003236,0.117647,0.006299
2,train,Scriabin/Sonatas/5/xml_score.musicxml,Scriabin/Sonatas/5/FALIKS06.mid,1.0,618,11,607,6,1,309,10,5,304,5,0,309,7,6,303,1,1,0.017799,0.647059,0.034646
2,train,Scriabin/Sonatas/5/xml_score.musicxml,Scriabin/Sonatas/5/FALIKS06.mid,2.0,618,13,605,4,0,309,10,7,302,3,0,309,7,6,303,1,0,0.021036,0.764706,0.040945
2,train,Scriabin/Sonatas/5/xml_score.musicxml,Scriabin/Sonatas/5/FaB05M.mid,0.0,510,5,505,12,0,255,10,5,250,5,1,255,7,0,255,7,0,0.009804,0.294118,0.018975
2,train,Scriabin/Sonatas/5/xml_score.musicxml,Scriabin/Sonatas/5/FaB05M.mid,1.0,510,9,501,8,1,255,10,7,248,3,1,255,7,2,253,5,0,0.017647,0.529412,0.034156
2,train,Scriabin/Sonatas/5/xml_score.musicxml,Scriabin/Sonatas/5/FaB05M.mid,2.0,510,14,496,3,0,255,10,9,246,1,0,255,7,5,250,2,0,0.027451,0.823529,0.053131
2,train,Scriabin/Sonatas/5/xml_score.musicxml,Scriabin/Sonatas/5/GarritsonL06M.mid,0.0,784,5,779,12,0,392,10,5,387,5,0,392,7,0,392,7,0,0.006378,0.294118,0.012484
2,train,Scriabin/Sonatas/5/xml_score.musicxml,Scriabin/Sonatas/5/GarritsonL06M.mid,1.0,784,13,771,4,0,392,10,9,383,1,0,392,7,4,388,3,0,0.016582,0.764706,0.032459
2,train,Scriabin/Sonatas/5/xml_score.musicxml,Scriabin/Sonatas/5/GarritsonL06M.mid,2.0,784,15,769,2,0,392,10,10,382,0,0,392,7,5,387,2,0,0.019133,0.882353,0.037453
2,train,Scriabin/Sonatas/5/xml_score.musicxml,Scriabin/Sonatas/5/Ko07M.mid,0.0,822,2,820,15,0,411,10,1,410,9,1,411,7,1,410,6,1,0.002433,0.117647,0.004768
2,train,Scriabin/Sonatas/5/xml_score.musicxml,Scriabin/Sonatas/5/Ko07M.mid,1.0,822,10,812,7,1,411,10,6,405,4,0,411,7,4,407,3,1,0.012165,0.588235,0.023838
2,train,Scriabin/Sonatas/5/xml_score.musicxml,Scriabin/Sonatas/5/Ko07M.mid,2.0,822,14,808,3,0,411,10,8,403,2,0,411,7,6,405,1,0,0.017032,0.823529,0.033373
2,train,Scriabin/Sonatas/5/xml_score.musicxml,Scriabin/Sonatas/5/Na03.mid,0.0,758,4,754,13,0,379,10,4,375,6,0,379,7,0,379,7,1,0.005277,0.235294,0.010323
2,train,Scriabin/Sonatas/5/xml_score.musicxml,Scriabin/Sonatas/5/Na03.mid,1.0,758,9,749,8,2,379,10,7,372,3,1,379,7,2,377,5,1,0.011873,0.529412,0.023226
2,train,Scriabin/Sonatas/5/xml_score.musicxml,Scriabin/Sonatas/5/Na03.mid,2.0,758,12,746,5,1,379,10,8,371,2,1,379,7,4,375,3,0,0.015831,0.705882,0.030968
2,train,Scriabin/Sonatas/5/xml_score.musicxml,Scriabin/Sonatas/5/Na07M.mid,0.0,764,4,760,13,0,382,10,4,378,6,0,382,7,0,382,7,0,0.005236,0.235294,0.010243
2,train,Scriabin/Sonatas/5/xml_score.musicxml,Scriabin/Sonatas/5/Na07M.mid,1.0,764,10,754,7,1,382,10,8,374,2,1,382,7,2,380,5,0,0.013089,0.588235,0.025608
2,train,Scriabin/Sonatas/5/xml_score.musicxml,Scriabin/Sonatas/5/Na07M.mid,2.0,764,12,752,5,0,382,10,8,374,2,0,382,7,4,378,3,0,0.015707,0.705882,0.03073
2,train,Scriabin/Sonatas/5/xml_score.musicxml,Scriabin/Sonatas/5/TET02.mid,0.0,790,7,783,10,0,395,10,6,389,4,0,395,7,1,394,6,0,0.008861,0.411765,0.017348
2,train,Scriabin/Sonatas/5/xml_score.musicxml,Scriabin/Sonatas/5/TET02.mid,1.0,790,11,779,6,1,395,10,8,387,2,1,395,7,3,392,4,0,0.013924,0.647059,0.027261
2,train,Scriabin/Sonatas/5/xml_score.musicxml,Scriabin/Sonatas/5/TET02.mid,2.0,790,12,778,5,2,395,10,8,387,2,1,395,7,4,391,3,1,0.01519,0.705882,0.02974
2,train,Scriabin/Sonatas/5/xml_score.musicxml,Scriabin/Sonatas/5/Yeletskiy02.mid,0.0,580,4,576,13,0,290,10,4,286,6,0,290,7,0,290,7,0,0.006897,0.235294,0.0134
2,train,Scriabin/Sonatas/5/xml_score.musicxml,Scriabin/Sonatas/5/Yeletskiy02.mid,1.0,580,14,566,3,1,290,10,10,280,0,1,290,7,4,286,3,0,0.024138,0.823529,0.046901
2,train,Scriabin/Sonatas/5/xml_score.musicxml,Scriabin/Sonatas/5/Yeletskiy02.mid,2.0,580,15,565,2,0,290,10,10,280,0,0,290,7,5,285,2,0,0.025862,0.882353,0.050251
2,train,Scriabin/Sonatas/5/xml_score.musicxml,Scriabin/Sonatas/5/Yeletskiy07M.mid,0.0,494,3,491,14,0,247,10,3,244,7,0,247,7,0,247,7,0,0.006073,0.176471,0.011742
2,train,Scriabin/Sonatas/5/xml_score.musicxml,Scriabin/Sonatas/5/Yeletskiy07M.mid,1.0,494,12,482,5,1,247,10,8,239,2,0,247,7,4,243,3,1,0.024291,0.705882,0.046967
2,train,Scriabin/Sonatas/5/xml_score.musicxml,Scriabin/Sonatas/5/Yeletskiy07M.mid,2.0,494,14,480,3,2,247,10,9,238,1,1,247,7,5,242,2,1,0.02834,0.823529,0.054795
3,train,Beethoven/Piano_Sonatas/11-2/xml_score.musicxml,Beethoven/Piano_Sonatas/11-2/MaximovI04.mid,0.0,498,37,461,129,0,249,83,15,234,68,1,249,83,22,227,61,3,0.074297,0.222892,0.111446
3,train,Beethoven/Piano_Sonatas/11-2/xml_score.musicxml,Beethoven/Piano_Sonatas/11-2/MaximovI04.mid,1.0,498,73,425,93,0,249,83,37,212,46,0,249,83,36,213,47,0,0.146586,0.439759,0.21988
3,train,Beethoven/Piano_Sonatas/11-2/xml_score.musicxml,Beethoven/Piano_Sonatas/11-2/MaximovI04.mid,2.0,498,79,419,87,0,249,83,40,209,43,0,249,83,39,210,44,0,0.158635,0.475904,0.237952
3,val,Beethoven/Piano_Sonatas/21-3/xml_score.musicxml,Beethoven/Piano_Sonatas/21-3/KimSY04M.mid,0.0,524,0,524,7,0,262,0,0,262,0,0,262,7,0,262,7,0,0.0,0.0,0.0
3,val,Beethoven/Piano_Sonatas/21-3/xml_score.musicxml,Beethoven/Piano_Sonatas/21-3/KimSY04M.mid,1.0,524,2,522,5,3,262,0,0,262,0,3,262,7,2,260,5,0,0.003817,0.285714,0.007533
3,val,Beethoven/Piano_Sonatas/21-3/xml_score.musicxml,Beethoven/Piano_Sonatas/21-3/KimSY04M.mid,2.0,524,6,518,1,1,262,0,0,262,0,1,262,7,6,256,1,0,0.01145,0.857143,0.022599
3,val,Beethoven/Piano_Sonatas/21-3/xml_score.musicxml,Beethoven/Piano_Sonatas/21-3/Sekino05M.mid,0.0,476,0,476,7,0,238,0,0,238,0,0,238,7,0,238,7,0,0.0,0.0,0.0
3,val,Beethoven/Piano_Sonatas/21-3/xml_score.musicxml,Beethoven/Piano_Sonatas/21-3/Sekino05M.mid,1.0,476,0,476,7,6,238,0,0,238,0,6,238,7,0,238,7,0,0.0,0.0,0.0
3,val,Beethoven/Piano_Sonatas/21-3/xml_score.musicxml,Beethoven/Piano_Sonatas/21-3/Sekino05M.mid,2.0,476,6,470,1,0,238,0,0,238,0,0,238,7,6,232,1,0,0.012605,0.857143,0.024845
3,val,Beethoven/Piano_Sonatas/21-3/xml_score.musicxml,Beethoven/Piano_Sonatas/21-3/YOO05M.mid,0.0,448,0,448,7,0,224,0,0,224,0,0,224,7,0,224,7,0,0.0,0.0,0.0
3,val,Beethoven/Piano_Sonatas/21-3/xml_score.musicxml,Beethoven/Piano_Sonatas/21-3/YOO05M.mid,1.0,448,1,447,6,5,224,0,0,224,0,5,224,7,1,223,6,0,0.002232,0.142857,0.004396
3,val,Beethoven/Piano_Sonatas/21-3/xml_score.musicxml,Beethoven/Piano_Sonatas/21-3/YOO05M.mid,2.0,448,6,442,1,0,224,0,0,224,0,0,224,7,6,218,1,0,0.013393,0.857143,0.026374
3,train,Beethoven/Piano_Sonatas/26-2/xml_score.musicxml,Beethoven/Piano_Sonatas/26-2/HONG05M.mid,0.0,196,1,195,2,0,98,1,1,97,0,0,98,2,0,98,2,0,0.005102,0.333333,0.01005
3,train,Beethoven/Piano_Sonatas/26-2/xml_score.musicxml,Beethoven/Piano_Sonatas/26-2/HONG05M.mid,1.0,196,3,193,0,0,98,1,1,97,0,0,98,2,2,96,0,0,0.015306,1.0,0.030151
3,train,Beethoven/Piano_Sonatas/26-2/xml_score.musicxml,Beethoven/Piano_Sonatas/26-2/HONG05M.mid,2.0,196,3,193,0,0,98,1,1,97,0,0,98,2,2,96,0,0,0.015306,1.0,0.030151
3,train,Beethoven/Piano_Sonatas/26-2/xml_score.musicxml,Beethoven/Piano_Sonatas/26-2/Huang02.mid,0.0,260,1,259,2,0,130,1,0,130,1,0,130,2,1,129,1,1,0.003846,0.333333,0.007605
3,train,Beethoven/Piano_Sonatas/26-2/xml_score.musicxml,Beethoven/Piano_Sonatas/26-2/Huang02.mid,1.0,260,3,257,0,0,130,1,1,129,0,0,130,2,2,128,0,0,0.011538,1.0,0.022814
3,train,Beethoven/Piano_Sonatas/26-2/xml_score.musicxml,Beethoven/Piano_Sonatas/26-2/Huang02.mid,2.0,260,3,257,0,0,130,1,1,129,0,0,130,2,2,128,0,0,0.011538,1.0,0.022814
3,train,Beethoven/Piano_Sonatas/26-2/xml_score.musicxml,Beethoven/Piano_Sonatas/26-2/LEE_K05M.mid,0.0,228,1,227,2,0,114,1,0,114,1,0,114,2,1,113,1,1,0.004386,0.333333,0.008658
3,train,Beethoven/Piano_Sonatas/26-2/xml_score.musicxml,Beethoven/Piano_Sonatas/26-2/LEE_K05M.mid,1.0,228,2,226,1,0,114,1,1,113,0,0,114,2,1,113,1,0,0.008772,0.666667,0.017316
3,train,Beethoven/Piano_Sonatas/26-2/xml_score.musicxml,Beethoven/Piano_Sonatas/26-2/LEE_K05M.mid,2.0,228,3,225,0,0,114,1,1,113,0,0,114,2,2,112,0,0,0.013158,1.0,0.025974
3,train,Beethoven/Piano_Sonatas/26-2/xml_score.musicxml,Beethoven/Piano_Sonatas/26-2/Tysman01.mid,0.0,248,2,246,1,0,124,1,0,124,1,0,124,2,2,122,0,1,0.008065,0.666667,0.015936
3,train,Beethoven/Piano_Sonatas/26-2/xml_score.musicxml,Beethoven/Piano_Sonatas/26-2/Tysman01.mid,1.0,248,3,245,0,0,124,1,1,123,0,0,124,2,2,122,0,0,0.012097,1.0,0.023904
3,train,Beethoven/Piano_Sonatas/26-2/xml_score.musicxml,Beethoven/Piano_Sonatas/26-2/Tysman01.mid,2.0,248,3,245,0,0,124,1,1,123,0,0,124,2,2,122,0,0,0.012097,1.0,0.023904
3,train,Beethoven/Piano_Sonatas/26-2/xml_score.musicxml,Beethoven/Piano_Sonatas/26-2/Zhdanov05.mid,0.0,158,0,158,3,0,79,1,0,79,1,0,79,2,0,79,2,0,0.0,0.0,0.0
3,train,Beethoven/Piano_Sonatas/26-2/xml_score.musicxml,Beethoven/Piano_Sonatas/26-2/Zhdanov05.mid,1.0,158,1,157,2,1,79,1,0,79,1,0,79,2,1,78,1,1,0.006329,0.333333,0.012422
3,train,Beethoven/Piano_Sonatas/26-2/xml_score.musicxml,Beethoven/Piano_Sonatas/26-2/Zhdanov05.mid,2.0,158,2,156,1,0,79,1,1,78,0,0,79,2,1,78,1,0,0.012658,0.666667,0.024845
3,test,Beethoven/Piano_Sonatas/28-1/xml_score.musicxml,Beethoven/Piano_Sonatas/28-1/Atzinger01.mid,0.0,358,1,357,1,0,179,0,0,179,0,0,179,2,1,178,1,0,0.002793,0.5,0.005556
3,test,Beethoven/Piano_Sonatas/28-1/xml_score.musicxml,Beethoven/Piano_Sonatas/28-1/Atzinger01.mid,1.0,358,1,357,1,0,179,0,0,179,0,0,179,2,1,178,1,0,0.002793,0.5,0.005556
3,test,Beethoven/Piano_Sonatas/28-1/xml_score.musicxml,Beethoven/Piano_Sonatas/28-1/Atzinger01.mid,2.0,358,2,356,0,0,179,0,0,179,0,0,179,2,2,177,0,0,0.005587,1.0,0.011111
3,test,Beethoven/Piano_Sonatas/28-1/xml_score.musicxml,Beethoven/Piano_Sonatas/28-1/KimHJ02M.mid,0.0,360,1,359,1,0,180,0,0,180,0,0,180,2,1,179,1,0,0.002778,0.5,0.005525
3,test,Beethoven/Piano_Sonatas/28-1/xml_score.musicxml,Beethoven/Piano_Sonatas/28-1/KimHJ02M.mid,1.0,360,1,359,1,0,180,0,0,180,0,0,180,2,1,179,1,0,0.002778,0.5,0.005525
3,test,Beethoven/Piano_Sonatas/28-1/xml_score.musicxml,Beethoven/Piano_Sonatas/28-1/KimHJ02M.mid,2.0,360,2,358,0,0,180,0,0,180,0,0,180,2,2,178,0,0,0.005556,1.0,0.01105
3,test,Beethoven/Piano_Sonatas/28-1/xml_score.musicxml,Beethoven/Piano_Sonatas/28-1/KyykhynenT06M.mid,0.0,376,2,374,0,0,188,0,0,188,0,0,188,2,2,186,0,0,0.005319,1.0,0.010582
3,test,Beethoven/Piano_Sonatas/28-1/xml_score.musicxml,Beethoven/Piano_Sonatas/28-1/KyykhynenT06M.mid,1.0,376,2,374,0,0,188,0,0,188,0,0,188,2,2,186,0,0,0.005319,1.0,0.010582
3,test,Beethoven/Piano_Sonatas/28-1/xml_score.musicxml,Beethoven/Piano_Sonatas/28-1/KyykhynenT06M.mid,2.0,376,2,374,0,0,188,0,0,188,0,0,188,2,2,186,0,0,0.005319,1.0,0.010582
3,test,Beethoven/Piano_Sonatas/28-1/xml_score.musicxml,Beethoven/Piano_Sonatas/28-1/WangY04M.mid,0.0,360,0,360,2,0,180,0,0,180,0,1,180,2,0,180,2,0,0.0,0.0,0.0
3,test,Beethoven/Piano_Sonatas/28-1/xml_score.musicxml,Beethoven/Piano_Sonatas/28-1/WangY04M.mid,1.0,360,1,359,1,0,180,0,0,180,0,0,180,2,1,179,1,0,0.002778,0.5,0.005525
3,test,Beethoven/Piano_Sonatas/28-1/xml_score.musicxml,Beethoven/Piano_Sonatas/28-1/WangY04M.mid,2.0,360,2,358,0,0,180,0,0,180,0,0,180,2,2,178,0,0,0.005556,1.0,0.01105
3,test,Beethoven/Piano_Sonatas/28-1/xml_score.musicxml,Beethoven/Piano_Sonatas/28-1/Zhdanov01.mid,0.0,344,0,344,2,0,172,0,0,172,0,1,172,2,0,172,2,0,0.0,0.0,0.0
3,test,Beethoven/Piano_Sonatas/28-1/xml_score.musicxml,Beethoven/Piano_Sonatas/28-1/Zhdanov01.mid,1.0,344,1,343,1,0,172,0,0,172,0,0,172,2,1,171,1,0,0.002907,0.5,0.00578
3,test,Beethoven/Piano_Sonatas/28-1/xml_score.musicxml,Beethoven/Piano_Sonatas/28-1/Zhdanov01.mid,2.0,344,2,342,0,0,172,0,0,172,0,0,172,2,2,170,0,0,0.005814,1.0,0.011561
3,train,Beethoven/Piano_Sonatas/29-2/xml_score.musicxml,Beethoven/Piano_Sonatas/29-2/ChowK03.mid,0.0,180,0,180,4,0,90,2,0,90,2,0,90,2,0,90,2,0,0.0,0.0,0.0
3,train,Beethoven/Piano_Sonatas/29-2/xml_score.musicxml,Beethoven/Piano_Sonatas/29-2/ChowK03.mid,1.0,180,3,177,1,0,90,2,2,88,0,0,90,2,1,89,1,0,0.016667,0.75,0.032609
3,train,Beethoven/Piano_Sonatas/29-2/xml_score.musicxml,Beethoven/Piano_Sonatas/29-2/ChowK03.mid,2.0,180,3,177,1,0,90,2,2,88,0,0,90,2,1,89,1,0,0.016667,0.75,0.032609
3,train,Beethoven/Piano_Sonatas/29-3/xml_score.musicxml,Beethoven/Piano_Sonatas/29-3/ChowK04.mid,0.0,1222,1,1221,5,0,611,1,0,611,1,0,611,5,1,610,4,0,0.000818,0.166667,0.001629
3,train,Beethoven/Piano_Sonatas/29-3/xml_score.musicxml,Beethoven/Piano_Sonatas/29-3/ChowK04.mid,1.0,1222,5,1217,1,0,611,1,1,610,0,0,611,5,4,607,1,0,0.004092,0.833333,0.008143
3,train,Beethoven/Piano_Sonatas/29-3/xml_score.musicxml,Beethoven/Piano_Sonatas/29-3/ChowK04.mid,2.0,1222,5,1217,1,0,611,1,1,610,0,0,611,5,4,607,1,0,0.004092,0.833333,0.008143
3,test,Beethoven/Piano_Sonatas/29-4/xml_score.musicxml,Beethoven/Piano_Sonatas/29-4/ChowK05M.mid,0.0,1372,1,1371,21,0,686,10,1,685,9,0,686,12,0,686,12,1,0.000729,0.045455,0.001435
3,test,Beethoven/Piano_Sonatas/29-4/xml_score.musicxml,Beethoven/Piano_Sonatas/29-4/ChowK05M.mid,1.0,1372,19,1353,3,0,686,10,8,678,2,0,686,12,11,675,1,0,0.013848,0.863636,0.02726
3,test,Beethoven/Piano_Sonatas/29-4/xml_score.musicxml,Beethoven/Piano_Sonatas/29-4/ChowK05M.mid,2.0,1372,20,1352,2,0,686,10,8,678,2,0,686,12,12,674,0,0,0.014577,0.909091,0.028694
3,test,Chopin/Ballades/1/xml_score.musicxml,Chopin/Ballades/1/Ali01.mid,0.0,648,147,501,318,0,324,242,135,189,107,11,324,223,12,312,211,15,0.226852,0.316129,0.264151
3,test,Chopin/Ballades/1/xml_score.musicxml,Chopin/Ballades/1/Ali01.mid,1.0,648,298,350,167,7,324,242,194,130,48,4,324,223,104,220,119,3,0.459877,0.64086,0.53549
3,test,Chopin/Ballades/1/xml_score.musicxml,Chopin/Ballades/1/Ali01.mid,2.0,648,385,263,80,3,324,242,208,116,34,0,324,223,177,147,46,3,0.594136,0.827957,0.691824
3,test,Chopin/Ballades/1/xml_score.musicxml,Chopin/Ballades/1/BuiJL04M.mid,0.0,818,171,647,294,0,409,242,155,254,87,12,409,223,16,393,207,10,0.209046,0.367742,0.266563
3,test,Chopin/Ballades/1/xml_score.musicxml,Chopin/Ballades/1/BuiJL04M.mid,1.0,818,341,477,124,7,409,242,220,189,22,6,409,223,121,288,102,1,0.41687,0.733333,0.531567
3,test,Chopin/Ballades/1/xml_score.musicxml,Chopin/Ballades/1/BuiJL04M.mid,2.0,818,422,396,43,1,409,242,228,181,14,1,409,223,194,215,29,0,0.515892,0.907527,0.657833
3,test,Chopin/Ballades/1/xml_score.musicxml,Chopin/Ballades/1/Day04.mid,0.0,844,161,683,304,0,422,242,144,278,98,15,422,223,17,405,206,10,0.190758,0.346237,0.245989
3,test,Chopin/Ballades/1/xml_score.musicxml,Chopin/Ballades/1/Day04.mid,1.0,844,327,517,138,4,422,242,216,206,26,4,422,223,111,311,112,0,0.387441,0.703226,0.499618
3,test,Chopin/Ballades/1/xml_score.musicxml,Chopin/Ballades/1/Day04.mid,2.0,844,425,419,40,2,422,242,228,194,14,1,422,223,197,225,26,1,0.503555,0.913978,0.649351
3,test,Chopin/Ballades/1/xml_score.musicxml,Chopin/Ballades/1/Dossin05.mid,0.0,656,129,527,336,0,328,242,117,211,125,9,328,223,12,316,211,14,0.196646,0.277419,0.230152
3,test,Chopin/Ballades/1/xml_score.musicxml,Chopin/Ballades/1/Dossin05.mid,1.0,656,258,398,207,10,328,242,170,158,72,9,328,223,88,240,135,1,0.393293,0.554839,0.460303
3,test,Chopin/Ballades/1/xml_score.musicxml,Chopin/Ballades/1/Dossin05.mid,2.0,656,337,319,128,0,328,242,182,146,60,0,328,223,155,173,68,0,0.51372,0.724731,0.601249
3,test,Chopin/Ballades/1/xml_score.musicxml,Chopin/Ballades/1/JIA06M.mid,0.0,744,144,600,321,0,372,242,122,250,120,14,372,223,22,350,201,16,0.193548,0.309677,0.238213
3,test,Chopin/Ballades/1/xml_score.musicxml,Chopin/Ballades/1/JIA06M.mid,1.0,744,321,423,144,10,372,242,206,166,36,5,372,223,115,257,108,5,0.431452,0.690323,0.531017
3,test,Chopin/Ballades/1/xml_score.musicxml,Chopin/Ballades/1/JIA06M.mid,2.0,744,399,345,66,4,372,242,217,155,25,4,372,223,182,190,41,0,0.53629,0.858065,0.66005
3,test,Chopin/Ballades/1/xml_score.musicxml,Chopin/Ballades/1/KimSuyeon04M.mid,0.0,826,130,696,335,0,413,242,104,309,138,13,413,223,26,387,197,25,0.157385,0.27957,0.201394
3,test,Chopin/Ballades/1/xml_score.musicxml,Chopin/Ballades/1/KimSuyeon04M.mid,1.0,826,349,477,116,3,413,242,222,191,20,3,413,223,127,286,96,0,0.422518,0.750538,0.540666
3,test,Chopin/Ballades/1/xml_score.musicxml,Chopin/Ballades/1/KimSuyeon04M.mid,2.0,826,429,397,36,4,413,242,231,182,11,2,413,223,198,215,25,2,0.51937,0.922581,0.664601
3,test,Chopin/Ballades/1/xml_score.musicxml,Chopin/Ballades/1/LeeKoeun03.mid,0.0,758,126,632,339,0,379,242,102,277,140,14,379,223,24,355,199,9,0.166227,0.270968,0.206051
3,test,Chopin/Ballades/1/xml_score.musicxml,Chopin/Ballades/1/LeeKoeun03.mid,1.0,758,322,436,143,2,379,242,208,171,34,2,379,223,114,265,109,0,0.424802,0.692473,0.526574
3,test,Chopin/Ballades/1/xml_score.musicxml,Chopin/Ballades/1/LeeKoeun03.mid,2.0,758,412,346,53,2,379,242,221,158,21,1,379,223,191,188,32,1,0.543536,0.886022,0.673753
3,test,Chopin/Ballades/1/xml_score.musicxml,Chopin/Ballades/1/LeeKoeun06.mid,0.0,742,111,631,354,0,371,242,87,284,155,15,371,223,24,347,199,13,0.149596,0.23871,0.183927
3,test,Chopin/Ballades/1/xml_score.musicxml,Chopin/Ballades/1/LeeKoeun06.mid,1.0,742,321,421,144,5,371,242,203,168,39,3,371,223,118,253,105,2,0.432615,0.690323,0.531897
3,test,Chopin/Ballades/1/xml_score.musicxml,Chopin/Ballades/1/LeeKoeun06.mid,2.0,742,404,338,61,2,371,242,217,154,25,1,371,223,187,184,36,1,0.544474,0.868817,0.669428
3,test,Chopin/Ballades/1/xml_score.musicxml,Chopin/Ballades/1/LinTao04.mid,0.0,788,160,628,305,0,394,242,144,250,98,9,394,223,16,378,207,14,0.203046,0.344086,0.255387
3,test,Chopin/Ballades/1/xml_score.musicxml,Chopin/Ballades/1/LinTao04.mid,1.0,788,351,437,114,4,394,242,229,165,13,3,394,223,122,272,101,1,0.445431,0.754839,0.560255
3,test,Chopin/Ballades/1/xml_score.musicxml,Chopin/Ballades/1/LinTao04.mid,2.0,788,427,361,38,1,394,242,231,163,11,1,394,223,196,198,27,0,0.541878,0.91828,0.681564
3,test,Chopin/Ballades/1/xml_score.musicxml,Chopin/Ballades/1/McNamara02.mid,0.0,764,134,630,331,0,382,242,115,267,127,19,382,223,19,363,204,17,0.175393,0.288172,0.218063
3,test,Chopin/Ballades/1/xml_score.musicxml,Chopin/Ballades/1/McNamara02.mid,1.0,764,330,434,135,5,382,242,217,165,25,4,382,223,113,269,110,1,0.431937,0.709677,0.537022
3,test,Chopin/Ballades/1/xml_score.musicxml,Chopin/Ballades/1/McNamara02.mid,2.0,764,415,349,50,1,382,242,224,158,18,1,382,223,191,191,32,0,0.543194,0.892473,0.675346
3,test,Chopin/Ballades/1/xml_score.musicxml,Chopin/Ballades/1/Mo07M.mid,0.0,796,164,632,301,0,398,242,149,249,93,8,398,223,15,383,208,17,0.20603,0.352688,0.260111
3,test,Chopin/Ballades/1/xml_score.musicxml,Chopin/Ballades/1/Mo07M.mid,1.0,796,352,444,113,5,398,242,227,171,15,4,398,223,125,273,98,1,0.442211,0.756989,0.558287
3,test,Chopin/Ballades/1/xml_score.musicxml,Chopin/Ballades/1/Mo07M.mid,2.0,796,438,358,27,1,398,242,234,164,8,1,398,223,204,194,19,0,0.550251,0.941935,0.694687
3,test,Chopin/Ballades/1/xml_score.musicxml,Chopin/Ballades/1/MunA19M.mid,0.0,712,81,631,384,0,356,242,54,302,188,29,356,223,27,329,196,39,0.113764,0.174194,0.137638
3,test,Chopin/Ballades/1/xml_score.musicxml,Chopin/Ballades/1/MunA19M.mid,1.0,712,274,438,191,7,356,242,140,216,102,5,356,223,134,222,89,2,0.384831,0.589247,0.46559
3,test,Chopin/Ballades/1/xml_score.musicxml,Chopin/Ballades/1/MunA19M.mid,2.0,712,347,365,118,4,356,242,177,179,65,1,356,223,170,186,53,3,0.48736,0.746237,0.589635
3,test,Chopin/Ballades/1/xml_score.musicxml,Chopin/Ballades/1/Richardson13M.mid,0.0,746,145,601,320,0,373,242,111,262,131,10,373,223,34,339,189,17,0.19437,0.311828,0.239472
3,test,Chopin/Ballades/1/xml_score.musicxml,Chopin/Ballades/1/Richardson13M.mid,1.0,746,342,404,123,5,373,242,207,166,35,3,373,223,135,238,88,2,0.458445,0.735484,0.564822
3,test,Chopin/Ballades/1/xml_score.musicxml,Chopin/Ballades/1/Richardson13M.mid,2.0,746,416,330,49,2,373,242,225,148,17,1,373,223,191,182,32,1,0.557641,0.894624,0.687036
3,test,Chopin/Ballades/1/xml_score.musicxml,Chopin/Ballades/1/SINKEV05.mid,0.0,924,152,772,313,0,462,242,130,332,112,21,462,223,22,440,201,18,0.164502,0.326882,0.218862
3,test,Chopin/Ballades/1/xml_score.musicxml,Chopin/Ballades/1/SINKEV05.mid,1.0,924,362,562,103,6,462,242,228,234,14,5,462,223,134,328,89,1,0.391775,0.778495,0.521238
3,test,Chopin/Ballades/1/xml_score.musicxml,Chopin/Ballades/1/SINKEV05.mid,2.0,924,430,494,35,1,462,242,231,231,11,1,462,223,199,263,24,0,0.465368,0.924731,0.61915
3,test,Chopin/Ballades/1/xml_score.musicxml,Chopin/Ballades/1/SINKEV11.mid,0.0,884,156,728,309,0,442,242,143,299,99,24,442,223,13,429,210,16,0.176471,0.335484,0.231282
3,test,Chopin/Ballades/1/xml_score.musicxml,Chopin/Ballades/1/SINKEV11.mid,1.0,884,349,535,116,8,442,242,226,216,16,7,442,223,123,319,100,1,0.394796,0.750538,0.51742
3,test,Chopin/Ballades/1/xml_score.musicxml,Chopin/Ballades/1/SINKEV11.mid,2.0,884,428,456,37,1,442,242,230,212,12,1,442,223,198,244,25,0,0.484163,0.92043,0.634544
3,test,Chopin/Ballades/1/xml_score.musicxml,Chopin/Ballades/1/Sladek04M.mid,0.0,724,122,602,343,0,362,242,102,260,140,18,362,223,20,342,203,16,0.168508,0.262366,0.205214
3,test,Chopin/Ballades/1/xml_score.musicxml,Chopin/Ballades/1/Sladek04M.mid,1.0,724,341,383,124,3,362,242,218,144,24,3,362,223,123,239,100,0,0.470994,0.733333,0.573591
3,test,Chopin/Ballades/1/xml_score.musicxml,Chopin/Ballades/1/Sladek04M.mid,2.0,724,413,311,52,4,362,242,224,138,18,2,362,223,189,173,34,2,0.570442,0.888172,0.694701
3,test,Chopin/Ballades/1/xml_score.musicxml,Chopin/Ballades/1/YeSijing01.mid,0.0,798,161,637,304,0,399,242,146,253,96,10,399,223,15,384,208,10,0.201754,0.346237,0.254949
3,test,Chopin/Ballades/1/xml_score.musicxml,Chopin/Ballades/1/YeSijing01.mid,1.0,798,348,450,117,7,399,242,227,172,15,5,399,223,121,278,102,2,0.43609,0.748387,0.551069
3,test,Chopin/Ballades/1/xml_score.musicxml,Chopin/Ballades/1/YeSijing01.mid,2.0,798,439,359,26,0,399,242,237,162,5,0,399,223,202,197,21,0,0.550125,0.944086,0.69517
3,test,Chopin/Ballades/1/xml_score.musicxml,Chopin/Ballades/1/Zhou06M.mid,0.0,800,169,631,296,0,400,242,152,248,90,7,400,223,17,383,206,14,0.21125,0.363441,0.267194
3,test,Chopin/Ballades/1/xml_score.musicxml,Chopin/Ballades/1/Zhou06M.mid,1.0,800,343,457,122,6,400,242,227,173,15,5,400,223,116,284,107,1,0.42875,0.737634,0.542292
3,test,Chopin/Ballades/1/xml_score.musicxml,Chopin/Ballades/1/Zhou06M.mid,2.0,800,436,364,29,3,400,242,233,167,9,2,400,223,203,197,20,1,0.545,0.937634,0.689328
3,train,Chopin/Ballades/3/xml_score.musicxml,Chopin/Ballades/3/Ko11M.mid,0.0,818,173,645,305,0,409,239,131,278,108,18,409,239,42,367,197,17,0.211491,0.361925,0.266975
3,train,Chopin/Ballades/3/xml_score.musicxml,Chopin/Ballades/3/Ko11M.mid,1.0,818,429,389,49,0,409,239,222,187,17,0,409,239,207,202,32,0,0.52445,0.89749,0.662037
3,train,Chopin/Ballades/3/xml_score.musicxml,Chopin/Ballades/3/Ko11M.mid,2.0,818,465,353,13,1,409,239,234,175,5,1,409,239,231,178,8,0,0.56846,0.972803,0.717593
3,train,Chopin/Ballades/3/xml_score.musicxml,Chopin/Ballades/3/LinPeng06M.mid,0.0,700,154,546,324,0,350,239,118,232,121,18,350,239,36,314,203,16,0.22,0.322176,0.26146
3,train,Chopin/Ballades/3/xml_score.musicxml,Chopin/Ballades/3/LinPeng06M.mid,1.0,700,410,290,68,3,350,239,213,137,26,2,350,239,197,153,42,1,0.585714,0.857741,0.696095
3,train,Chopin/Ballades/3/xml_score.musicxml,Chopin/Ballades/3/LinPeng06M.mid,2.0,700,449,251,29,0,350,239,227,123,12,0,350,239,222,128,17,0,0.641429,0.939331,0.762309
3,train,Chopin/Ballades/3/xml_score.musicxml,Chopin/Ballades/3/Tan02.mid,0.0,808,180,628,298,0,404,239,138,266,101,16,404,239,42,362,197,17,0.222772,0.376569,0.279938
3,train,Chopin/Ballades/3/xml_score.musicxml,Chopin/Ballades/3/Tan02.mid,1.0,808,440,368,38,0,404,239,229,175,10,0,404,239,211,193,28,0,0.544554,0.920502,0.684292
3,train,Chopin/Ballades/3/xml_score.musicxml,Chopin/Ballades/3/Tan02.mid,2.0,808,471,337,7,0,404,239,237,167,2,0,404,239,234,170,5,0,0.582921,0.985356,0.732504
3,train,Chopin/Barcarolle/xml_score.musicxml,Chopin/Barcarolle/Kociuban13.mid,0.0,638,115,523,340,0,319,246,80,239,166,5,319,209,35,284,174,9,0.180251,0.252747,0.21043
3,train,Chopin/Barcarolle/xml_score.musicxml,Chopin/Barcarolle/Kociuban13.mid,1.0,638,388,250,67,3,319,246,224,95,22,1,319,209,164,155,45,2,0.60815,0.852747,0.709973
3,train,Chopin/Barcarolle/xml_score.musicxml,Chopin/Barcarolle/Kociuban13.mid,2.0,638,433,205,22,0,319,246,234,85,12,0,319,209,199,120,10,0,0.678683,0.951648,0.792315
3,train,Chopin/Barcarolle/xml_score.musicxml,Chopin/Barcarolle/LeeSH05M.mid,0.0,724,125,599,330,0,362,246,92,270,154,11,362,209,33,329,176,25,0.172652,0.274725,0.212044
3,train,Chopin/Barcarolle/xml_score.musicxml,Chopin/Barcarolle/LeeSH05M.mid,1.0,724,397,327,58,3,362,246,224,138,22,0,362,209,173,189,36,3,0.548343,0.872527,0.673452
3,train,Chopin/Barcarolle/xml_score.musicxml,Chopin/Barcarolle/LeeSH05M.mid,2.0,724,433,291,22,0,362,246,233,129,13,0,362,209,200,162,9,0,0.598066,0.951648,0.734521
3,train,Chopin/Barcarolle/xml_score.musicxml,Chopin/Barcarolle/Na03.mid,0.0,618,134,484,321,0,309,246,101,208,145,3,309,209,33,276,176,13,0.216828,0.294505,0.249767
3,train,Chopin/Barcarolle/xml_score.musicxml,Chopin/Barcarolle/Na03.mid,1.0,618,376,242,79,2,309,246,217,92,29,1,309,209,159,150,50,1,0.608414,0.826374,0.700839
3,train,Chopin/Barcarolle/xml_score.musicxml,Chopin/Barcarolle/Na03.mid,2.0,618,424,194,31,0,309,246,229,80,17,0,309,209,195,114,14,0,0.686084,0.931868,0.790308
3,train,Chopin/Barcarolle/xml_score.musicxml,Chopin/Barcarolle/Na09M.mid,0.0,690,130,560,325,0,345,246,95,250,151,6,345,209,35,310,174,12,0.188406,0.285714,0.227074
3,train,Chopin/Barcarolle/xml_score.musicxml,Chopin/Barcarolle/Na09M.mid,1.0,690,401,289,54,5,345,246,230,115,16,2,345,209,171,174,38,3,0.581159,0.881319,0.700437
3,train,Chopin/Barcarolle/xml_score.musicxml,Chopin/Barcarolle/Na09M.mid,2.0,690,440,250,15,0,345,246,239,106,7,0,345,209,201,144,8,0,0.637681,0.967033,0.768559
3,train,Chopin/Barcarolle/xml_score.musicxml,Chopin/Barcarolle/Ozel10M.mid,0.0,730,135,595,320,0,365,246,98,267,148,8,365,209,37,328,172,22,0.184932,0.296703,0.227848
3,train,Chopin/Barcarolle/xml_score.musicxml,Chopin/Barcarolle/Ozel10M.mid,1.0,730,404,326,51,5,365,246,232,133,14,2,365,209,172,193,37,3,0.553425,0.887912,0.681857
3,train,Chopin/Barcarolle/xml_score.musicxml,Chopin/Barcarolle/Ozel10M.mid,2.0,730,443,287,12,2,365,246,240,125,6,0,365,209,203,162,6,2,0.606849,0.973626,0.747679
3,train,Chopin/Barcarolle/xml_score.musicxml,Chopin/Barcarolle/Park10M.mid,0.0,572,112,460,343,0,286,246,91,195,155,8,286,209,21,265,188,13,0.195804,0.246154,0.218111
3,train,Chopin/Barcarolle/xml_score.musicxml,Chopin/Barcarolle/Park10M.mid,1.0,572,319,253,136,7,286,246,180,106,66,1,286,209,139,147,70,6,0.557692,0.701099,0.621227
3,train,Chopin/Barcarolle/xml_score.musicxml,Chopin/Barcarolle/Park10M.mid,2.0,572,358,214,97,7,286,246,190,96,56,0,286,209,168,118,41,7,0.625874,0.786813,0.697176
3,train,Chopin/Barcarolle/xml_score.musicxml,Chopin/Barcarolle/Rozanski07M.mid,0.0,352,77,275,378,0,176,246,62,114,184,5,176,209,15,161,194,10,0.21875,0.169231,0.19083
3,train,Chopin/Barcarolle/xml_score.musicxml,Chopin/Barcarolle/Rozanski07M.mid,1.0,352,238,114,217,7,176,246,140,36,106,0,176,209,98,78,111,7,0.676136,0.523077,0.589839
3,train,Chopin/Barcarolle/xml_score.musicxml,Chopin/Barcarolle/Rozanski07M.mid,2.0,352,272,80,183,3,176,246,149,27,97,0,176,209,123,53,86,3,0.772727,0.597802,0.674102
3,train,Chopin/Barcarolle/xml_score.musicxml,Chopin/Barcarolle/Verbaite03.mid,0.0,768,148,620,307,0,384,246,115,269,131,6,384,209,33,351,176,10,0.192708,0.325275,0.242028
3,train,Chopin/Barcarolle/xml_score.musicxml,Chopin/Barcarolle/Verbaite03.mid,1.0,768,415,353,40,4,384,246,230,154,16,0,384,209,185,199,24,4,0.540365,0.912088,0.678659
3,train,Chopin/Barcarolle/xml_score.musicxml,Chopin/Barcarolle/Verbaite03.mid,2.0,768,445,323,10,1,384,246,239,145,7,0,384,209,206,178,3,1,0.579427,0.978022,0.727719
3,train,Chopin/Barcarolle/xml_score.musicxml,Chopin/Barcarolle/Wilshire04.mid,0.0,814,148,666,307,0,407,246,109,298,137,3,407,209,39,368,170,17,0.181818,0.325275,0.233255
3,train,Chopin/Barcarolle/xml_score.musicxml,Chopin/Barcarolle/Wilshire04.mid,1.0,814,408,406,47,0,407,246,231,176,15,0,407,209,177,230,32,0,0.501229,0.896703,0.643026
3,train,Chopin/Barcarolle/xml_score.musicxml,Chopin/Barcarolle/Wilshire04.mid,2.0,814,437,377,18,1,407,246,237,170,9,0,407,209,200,207,9,1,0.536855,0.96044,0.688731
3,train,Chopin/Etudes_op_10/1/xml_score.musicxml,Chopin/Etudes_op_10/1/Avdeeva02.mid,0.0,76,0,76,5,0,38,1,0,38,1,0,38,4,0,38,4,0,0.0,0.0,0.0
3,train,Chopin/Etudes_op_10/1/xml_score.musicxml,Chopin/Etudes_op_10/1/Avdeeva02.mid,1.0,76,2,74,3,0,38,1,1,37,0,0,38,4,1,37,3,0,0.026316,0.4,0.049383
3,train,Chopin/Etudes_op_10/1/xml_score.musicxml,Chopin/Etudes_op_10/1/Avdeeva02.mid,2.0,76,2,74,3,0,38,1,1,37,0,0,38,4,1,37,3,0,0.026316,0.4,0.049383
3,train,Chopin/Etudes_op_10/1/xml_score.musicxml,Chopin/Etudes_op_10/1/ChenW03M.mid,0.0,66,0,66,5,0,33,1,0,33,1,0,33,4,0,33,4,0,0.0,0.0,0.0
3,train,Chopin/Etudes_op_10/1/xml_score.musicxml,Chopin/Etudes_op_10/1/ChenW03M.mid,1.0,66,1,65,4,0,33,1,1,32,0,0,33,4,0,33,4,0,0.015152,0.2,0.028169
3,train,Chopin/Etudes_op_10/1/xml_score.musicxml,Chopin/Etudes_op_10/1/ChenW03M.mid,2.0,66,1,65,4,0,33,1,1,32,0,0,33,4,0,33,4,0,0.015152,0.2,0.028169
3,train,Chopin/Etudes_op_10/1/xml_score.musicxml,Chopin/Etudes_op_10/1/HSU02.mid,0.0,82,0,82,5,0,41,1,0,41,1,0,41,4,0,41,4,0,0.0,0.0,0.0
3,train,Chopin/Etudes_op_10/1/xml_score.musicxml,Chopin/Etudes_op_10/1/HSU02.mid,1.0,82,3,79,2,0,41,1,1,40,0,0,41,4,2,39,2,0,0.036585,0.6,0.068966
3,train,Chopin/Etudes_op_10/1/xml_score.musicxml,Chopin/Etudes_op_10/1/HSU02.mid,2.0,82,3,79,2,0,41,1,1,40,0,0,41,4,2,39,2,0,0.036585,0.6,0.068966
3,train,Chopin/Etudes_op_10/1/xml_score.musicxml,Chopin/Etudes_op_10/1/ISHIDA04.mid,0.0,86,0,86,5,0,43,1,0,43,1,0,43,4,0,43,4,0,0.0,0.0,0.0
3,train,Chopin/Etudes_op_10/1/xml_score.musicxml,Chopin/Etudes_op_10/1/ISHIDA04.mid,1.0,86,3,83,2,0,43,1,1,42,0,0,43,4,2,41,2,0,0.034884,0.6,0.065934
3,train,Chopin/Etudes_op_10/1/xml_score.musicxml,Chopin/Etudes_op_10/1/ISHIDA04.mid,2.0,86,3,83,2,0,43,1,1,42,0,0,43,4,2,41,2,0,0.034884,0.6,0.065934
3,train,Chopin/Etudes_op_10/1/xml_score.musicxml,Chopin/Etudes_op_10/1/Jussow03.mid,0.0,68,0,68,5,0,34,1,0,34,1,1,34,4,0,34,4,0,0.0,0.0,0.0
3,train,Chopin/Etudes_op_10/1/xml_score.musicxml,Chopin/Etudes_op_10/1/Jussow03.mid,1.0,68,2,66,3,0,34,1,1,33,0,0,34,4,1,33,3,0,0.029412,0.4,0.054795
3,train,Chopin/Etudes_op_10/1/xml_score.musicxml,Chopin/Etudes_op_10/1/Jussow03.mid,2.0,68,2,66,3,0,34,1,1,33,0,0,34,4,1,33,3,0,0.029412,0.4,0.054795
3,train,Chopin/Etudes_op_10/1/xml_score.musicxml,Chopin/Etudes_op_10/1/KaiRuiR03M.mid,0.0,70,1,69,4,0,35,1,1,34,0,1,35,4,0,35,4,0,0.014286,0.2,0.026667
3,train,Chopin/Etudes_op_10/1/xml_score.musicxml,Chopin/Etudes_op_10/1/KaiRuiR03M.mid,1.0,70,2,68,3,0,35,1,1,34,0,0,35,4,1,34,3,0,0.028571,0.4,0.053333
3,train,Chopin/Etudes_op_10/1/xml_score.musicxml,Chopin/Etudes_op_10/1/KaiRuiR03M.mid,2.0,70,2,68,3,0,35,1,1,34,0,0,35,4,1,34,3,0,0.028571,0.4,0.053333
3,train,Chopin/Etudes_op_10/1/xml_score.musicxml,Chopin/Etudes_op_10/1/LeeHanchien02.mid,0.0,78,1,77,4,0,39,1,1,38,0,2,39,4,0,39,4,0,0.012821,0.2,0.024096
3,train,Chopin/Etudes_op_10/1/xml_score.musicxml,Chopin/Etudes_op_10/1/LeeHanchien02.mid,1.0,78,3,75,2,0,39,1,1,38,0,0,39,4,2,37,2,0,0.038462,0.6,0.072289
3,train,Chopin/Etudes_op_10/1/xml_score.musicxml,Chopin/Etudes_op_10/1/LeeHanchien02.mid,2.0,78,3,75,2,0,39,1,1,38,0,0,39,4,2,37,2,0,0.038462,0.6,0.072289
3,train,Chopin/Etudes_op_10/1/xml_score.musicxml,Chopin/Etudes_op_10/1/LiYZ02M.mid,0.0,78,0,78,5,0,39,1,0,39,1,0,39,4,0,39,4,0,0.0,0.0,0.0
3,train,Chopin/Etudes_op_10/1/xml_score.musicxml,Chopin/Etudes_op_10/1/LiYZ02M.mid,1.0,78,3,75,2,0,39,1,1,38,0,0,39,4,2,37,2,0,0.038462,0.6,0.072289
3,train,Chopin/Etudes_op_10/1/xml_score.musicxml,Chopin/Etudes_op_10/1/LiYZ02M.mid,2.0,78,3,75,2,0,39,1,1,38,0,0,39,4,2,37,2,0,0.038462,0.6,0.072289
3,train,Chopin/Etudes_op_10/1/xml_score.musicxml,Chopin/Etudes_op_10/1/LuM02M.mid,0.0,120,0,120,5,0,60,1,0,60,1,3,60,4,0,60,4,0,0.0,0.0,0.0
3,train,Chopin/Etudes_op_10/1/xml_score.musicxml,Chopin/Etudes_op_10/1/LuM02M.mid,1.0,120,5,115,0,0,60,1,1,59,0,0,60,4,4,56,0,0,0.041667,1.0,0.08
3,train,Chopin/Etudes_op_10/1/xml_score.musicxml,Chopin/Etudes_op_10/1/LuM02M.mid,2.0,120,5,115,0,0,60,1,1,59,0,0,60,4,4,56,0,0,0.041667,1.0,0.08
3,train,Chopin/Etudes_op_10/1/xml_score.musicxml,Chopin/Etudes_op_10/1/Mikhailoff05.mid,0.0,72,0,72,5,0,36,1,0,36,1,0,36,4,0,36,4,0,0.0,0.0,0.0
3,train,Chopin/Etudes_op_10/1/xml_score.musicxml,Chopin/Etudes_op_10/1/Mikhailoff05.mid,1.0,72,1,71,4,0,36,1,1,35,0,0,36,4,0,36,4,0,0.013889,0.2,0.025974
3,train,Chopin/Etudes_op_10/1/xml_score.musicxml,Chopin/Etudes_op_10/1/Mikhailoff05.mid,2.0,72,1,71,4,0,36,1,1,35,0,0,36,4,0,36,4,0,0.013889,0.2,0.025974
3,train,Chopin/Etudes_op_10/1/xml_score.musicxml,Chopin/Etudes_op_10/1/MorozovS02.mid,0.0,74,0,74,5,0,37,1,0,37,1,1,37,4,0,37,4,0,0.0,0.0,0.0
3,train,Chopin/Etudes_op_10/1/xml_score.musicxml,Chopin/Etudes_op_10/1/MorozovS02.mid,1.0,74,2,72,3,0,37,1,1,36,0,0,37,4,1,36,3,0,0.027027,0.4,0.050633
3,train,Chopin/Etudes_op_10/1/xml_score.musicxml,Chopin/Etudes_op_10/1/MorozovS02.mid,2.0,74,2,72,3,0,37,1,1,36,0,0,37,4,1,36,3,0,0.027027,0.4,0.050633
3,train,Chopin/Etudes_op_10/1/xml_score.musicxml,Chopin/Etudes_op_10/1/MunA07M.mid,0.0,72,0,72,5,0,36,1,0,36,1,0,36,4,0,36,4,0,0.0,0.0,0.0
3,train,Chopin/Etudes_op_10/1/xml_score.musicxml,Chopin/Etudes_op_10/1/MunA07M.mid,1.0,72,1,71,4,0,36,1,1,35,0,0,36,4,0,36,4,0,0.013889,0.2,0.025974
3,train,Chopin/Etudes_op_10/1/xml_score.musicxml,Chopin/Etudes_op_10/1/MunA07M.mid,2.0,72,1,71,4,0,36,1,1,35,0,0,36,4,0,36,4,0,0.013889,0.2,0.025974
3,train,Chopin/Etudes_op_10/1/xml_score.musicxml,Chopin/Etudes_op_10/1/NAKAJI02.mid,0.0,84,0,84,5,0,42,1,0,42,1,2,42,4,0,42,4,0,0.0,0.0,0.0
3,train,Chopin/Etudes_op_10/1/xml_score.musicxml,Chopin/Etudes_op_10/1/NAKAJI02.mid,1.0,84,3,81,2,0,42,1,1,41,0,0,42,4,2,40,2,0,0.035714,0.6,0.067416
3,train,Chopin/Etudes_op_10/1/xml_score.musicxml,Chopin/Etudes_op_10/1/NAKAJI02.mid,2.0,84,3,81,2,0,42,1,1,41,0,0,42,4,2,40,2,0,0.035714,0.6,0.067416
3,train,Chopin/Etudes_op_10/1/xml_score.musicxml,Chopin/Etudes_op_10/1/Park02.mid,0.0,76,1,75,4,0,38,1,1,37,0,1,38,4,0,38,4,0,0.013158,0.2,0.024691
3,train,Chopin/Etudes_op_10/1/xml_score.musicxml,Chopin/Etudes_op_10/1/Park02.mid,1.0,76,3,73,2,0,38,1,1,37,0,0,38,4,2,36,2,0,0.039474,0.6,0.074074
3,train,Chopin/Etudes_op_10/1/xml_score.musicxml,Chopin/Etudes_op_10/1/Park02.mid,2.0,76,3,73,2,0,38,1,1,37,0,0,38,4,2,36,2,0,0.039474,0.6,0.074074
3,train,Chopin/Etudes_op_10/1/xml_score.musicxml,Chopin/Etudes_op_10/1/Savitski03.mid,0.0,62,0,62,5,0,31,1,0,31,1,1,31,4,0,31,4,0,0.0,0.0,0.0
3,train,Chopin/Etudes_op_10/1/xml_score.musicxml,Chopin/Etudes_op_10/1/Savitski03.mid,1.0,62,2,60,3,0,31,1,1,30,0,0,31,4,1,30,3,0,0.032258,0.4,0.059701
3,train,Chopin/Etudes_op_10/1/xml_score.musicxml,Chopin/Etudes_op_10/1/Savitski03.mid,2.0,62,2,60,3,0,31,1,1,30,0,0,31,4,1,30,3,0,0.032258,0.4,0.059701
3,train,Chopin/Etudes_op_10/1/xml_score.musicxml,Chopin/Etudes_op_10/1/Shelest02.mid,0.0,74,1,73,4,0,37,1,1,36,0,1,37,4,0,37,4,0,0.013514,0.2,0.025316
3,train,Chopin/Etudes_op_10/1/xml_score.musicxml,Chopin/Etudes_op_10/1/Shelest02.mid,1.0,74,2,72,3,0,37,1,1,36,0,0,37,4,1,36,3,0,0.027027,0.4,0.050633
3,train,Chopin/Etudes_op_10/1/xml_score.musicxml,Chopin/Etudes_op_10/1/Shelest02.mid,2.0,74,2,72,3,0,37,1,1,36,0,0,37,4,1,36,3,0,0.027027,0.4,0.050633
3,train,Chopin/Etudes_op_10/1/xml_score.musicxml,Chopin/Etudes_op_10/1/Stahievitch03.mid,0.0,76,0,76,5,0,38,1,0,38,1,0,38,4,0,38,4,0,0.0,0.0,0.0
3,train,Chopin/Etudes_op_10/1/xml_score.musicxml,Chopin/Etudes_op_10/1/Stahievitch03.mid,1.0,76,3,73,2,0,38,1,1,37,0,0,38,4,2,36,2,0,0.039474,0.6,0.074074
3,train,Chopin/Etudes_op_10/1/xml_score.musicxml,Chopin/Etudes_op_10/1/Stahievitch03.mid,2.0,76,3,73,2,0,38,1,1,37,0,0,38,4,2,36,2,0,0.039474,0.6,0.074074
3,train,Chopin/Etudes_op_10/1/xml_score.musicxml,Chopin/Etudes_op_10/1/SunY03M.mid,0.0,76,0,76,5,0,38,1,0,38,1,1,38,4,0,38,4,0,0.0,0.0,0.0
3,train,Chopin/Etudes_op_10/1/xml_score.musicxml,Chopin/Etudes_op_10/1/SunY03M.mid,1.0,76,3,73,2,0,38,1,1,37,0,0,38,4,2,36,2,0,0.039474,0.6,0.074074
3,train,Chopin/Etudes_op_10/1/xml_score.musicxml,Chopin/Etudes_op_10/1/SunY03M.mid,2.0,76,3,73,2,0,38,1,1,37,0,0,38,4,2,36,2,0,0.039474,0.6,0.074074
3,train,Chopin/Etudes_op_10/1/xml_score.musicxml,Chopin/Etudes_op_10/1/Terenkova02.mid,0.0,82,0,82,5,0,41,1,0,41,1,1,41,4,0,41,4,0,0.0,0.0,0.0
3,train,Chopin/Etudes_op_10/1/xml_score.musicxml,Chopin/Etudes_op_10/1/Terenkova02.mid,1.0,82,2,80,3,0,41,1,1,40,0,0,41,4,1,40,3,0,0.02439,0.4,0.045977
3,train,Chopin/Etudes_op_10/1/xml_score.musicxml,Chopin/Etudes_op_10/1/Terenkova02.mid,2.0,82,2,80,3,0,41,1,1,40,0,0,41,4,1,40,3,0,0.02439,0.4,0.045977
3,train,Chopin/Etudes_op_10/1/xml_score.musicxml,Chopin/Etudes_op_10/1/Tysman02.mid,0.0,80,0,80,5,0,40,1,0,40,1,1,40,4,0,40,4,0,0.0,0.0,0.0
3,train,Chopin/Etudes_op_10/1/xml_score.musicxml,Chopin/Etudes_op_10/1/Tysman02.mid,1.0,80,3,77,2,0,40,1,1,39,0,0,40,4,2,38,2,0,0.0375,0.6,0.070588
3,train,Chopin/Etudes_op_10/1/xml_score.musicxml,Chopin/Etudes_op_10/1/Tysman02.mid,2.0,80,3,77,2,0,40,1,1,39,0,0,40,4,2,38,2,0,0.0375,0.6,0.070588
3,train,Chopin/Etudes_op_10/1/xml_score.musicxml,Chopin/Etudes_op_10/1/Verbaite02.mid,0.0,80,1,79,4,0,40,1,1,39,0,2,40,4,0,40,4,0,0.0125,0.2,0.023529
3,train,Chopin/Etudes_op_10/1/xml_score.musicxml,Chopin/Etudes_op_10/1/Verbaite02.mid,1.0,80,3,77,2,0,40,1,1,39,0,0,40,4,2,38,2,0,0.0375,0.6,0.070588
3,train,Chopin/Etudes_op_10/1/xml_score.musicxml,Chopin/Etudes_op_10/1/Verbaite02.mid,2.0,80,4,76,1,0,40,1,1,39,0,0,40,4,3,37,1,0,0.05,0.8,0.094118
3,train,Chopin/Etudes_op_10/1/xml_score.musicxml,Chopin/Etudes_op_10/1/YeF03M.mid,0.0,80,0,80,5,0,40,1,0,40,1,0,40,4,0,40,4,0,0.0,0.0,0.0
3,train,Chopin/Etudes_op_10/1/xml_score.musicxml,Chopin/Etudes_op_10/1/YeF03M.mid,1.0,80,2,78,3,0,40,1,1,39,0,0,40,4,1,39,3,0,0.025,0.4,0.047059
3,train,Chopin/Etudes_op_10/1/xml_score.musicxml,Chopin/Etudes_op_10/1/YeF03M.mid,2.0,80,2,78,3,0,40,1,1,39,0,0,40,4,1,39,3,0,0.025,0.4,0.047059
3,train,Chopin/Etudes_op_10/1/xml_score.musicxml,Chopin/Etudes_op_10/1/YuP02M.mid,0.0,72,1,71,4,0,36,1,1,35,0,1,36,4,0,36,4,0,0.013889,0.2,0.025974
3,train,Chopin/Etudes_op_10/1/xml_score.musicxml,Chopin/Etudes_op_10/1/YuP02M.mid,1.0,72,2,70,3,0,36,1,1,35,0,0,36,4,1,35,3,0,0.027778,0.4,0.051948
3,train,Chopin/Etudes_op_10/1/xml_score.musicxml,Chopin/Etudes_op_10/1/YuP02M.mid,2.0,72,2,70,3,0,36,1,1,35,0,0,36,4,1,35,3,0,0.027778,0.4,0.051948
3,train,Chopin/Etudes_op_10/1/xml_score.musicxml,Chopin/Etudes_op_10/1/Zhdanov02.mid,0.0,78,1,77,4,0,39,1,0,39,1,0,39,4,1,38,3,0,0.012821,0.2,0.024096
3,train,Chopin/Etudes_op_10/1/xml_score.musicxml,Chopin/Etudes_op_10/1/Zhdanov02.mid,1.0,78,2,76,3,0,39,1,1,38,0,0,39,4,1,38,3,0,0.025641,0.4,0.048193
3,train,Chopin/Etudes_op_10/1/xml_score.musicxml,Chopin/Etudes_op_10/1/Zhdanov02.mid,2.0,78,2,76,3,0,39,1,1,38,0,0,39,4,1,38,3,0,0.025641,0.4,0.048193
3,train,Chopin/Etudes_op_10/1/xml_score.musicxml,Chopin/Etudes_op_10/1/Zukiewicz02.mid,0.0,78,1,77,4,0,39,1,1,38,0,0,39,4,0,39,4,0,0.012821,0.2,0.024096
3,train,Chopin/Etudes_op_10/1/xml_score.musicxml,Chopin/Etudes_op_10/1/Zukiewicz02.mid,1.0,78,1,77,4,0,39,1,1,38,0,0,39,4,0,39,4,0,0.012821,0.2,0.024096
3,train,Chopin/Etudes_op_10/1/xml_score.musicxml,Chopin/Etudes_op_10/1/Zukiewicz02.mid,2.0,78,1,77,4,0,39,1,1,38,0,0,39,4,0,39,4,0,0.012821,0.2,0.024096
3,train,Chopin/Etudes_op_10/10/xml_score.musicxml,Chopin/Etudes_op_10/10/Na_2009_02.mid,0.0,328,44,284,242,0,164,143,35,129,108,2,164,143,9,155,134,2,0.134146,0.153846,0.143322
3,train,Chopin/Etudes_op_10/10/xml_score.musicxml,Chopin/Etudes_op_10/10/Na_2009_02.mid,1.0,328,259,69,27,0,164,143,132,32,11,0,164,143,127,37,16,0,0.789634,0.905594,0.843648
3,train,Chopin/Etudes_op_10/10/xml_score.musicxml,Chopin/Etudes_op_10/10/Na_2009_02.mid,2.0,328,275,53,11,0,164,143,137,27,6,0,164,143,138,26,5,0,0.838415,0.961538,0.895765
3,train,Chopin/Etudes_op_10/10/xml_score.musicxml,Chopin/Etudes_op_10/10/WangH02M.mid,0.0,276,98,178,188,0,138,143,96,42,47,2,138,143,2,136,141,0,0.355072,0.342657,0.348754
3,train,Chopin/Etudes_op_10/10/xml_score.musicxml,Chopin/Etudes_op_10/10/WangH02M.mid,1.0,276,254,22,32,0,138,143,130,8,13,0,138,143,124,14,19,0,0.92029,0.888112,0.903915
3,train,Chopin/Etudes_op_10/10/xml_score.musicxml,Chopin/Etudes_op_10/10/WangH02M.mid,2.0,276,266,10,20,0,138,143,134,4,9,0,138,143,132,6,11,0,0.963768,0.93007,0.946619
3,train,Chopin/Etudes_op_10/10/xml_score.musicxml,Chopin/Etudes_op_10/10/Wilshire02.mid,0.0,436,96,340,190,0,218,143,87,131,56,0,218,143,9,209,134,1,0.220183,0.335664,0.265928
3,train,Chopin/Etudes_op_10/10/xml_score.musicxml,Chopin/Etudes_op_10/10/Wilshire02.mid,1.0,436,262,174,24,1,218,143,132,86,11,1,218,143,130,88,13,0,0.600917,0.916084,0.725762
3,train,Chopin/Etudes_op_10/10/xml_score.musicxml,Chopin/Etudes_op_10/10/Wilshire02.mid,2.0,436,273,163,13,0,218,143,136,82,7,0,218,143,137,81,6,0,0.626147,0.954545,0.756233
3,train,Chopin/Etudes_op_10/10/xml_score.musicxml,Chopin/Etudes_op_10/10/Yanagitani02.mid,0.0,312,96,216,190,0,156,143,93,63,50,1,156,143,3,153,140,1,0.307692,0.335664,0.32107
3,train,Chopin/Etudes_op_10/10/xml_score.musicxml,Chopin/Etudes_op_10/10/Yanagitani02.mid,1.0,312,269,43,17,1,156,143,136,20,7,1,156,143,133,23,10,0,0.862179,0.940559,0.899666
3,train,Chopin/Etudes_op_10/10/xml_score.musicxml,Chopin/Etudes_op_10/10/Yanagitani02.mid,2.0,312,273,39,13,0,156,143,137,19,6,0,156,143,136,20,7,0,0.875,0.954545,0.913043
3,train,Chopin/Etudes_op_10/5/xml_score.musicxml,Chopin/Etudes_op_10/5/Bach02.mid,0.0,152,0,152,12,0,76,2,0,76,2,0,76,10,0,76,10,0,0.0,0.0,0.0
3,train,Chopin/Etudes_op_10/5/xml_score.musicxml,Chopin/Etudes_op_10/5/Bach02.mid,1.0,152,4,148,8,0,76,2,0,76,2,0,76,10,4,72,6,0,0.026316,0.333333,0.04878
3,train,Chopin/Etudes_op_10/5/xml_score.musicxml,Chopin/Etudes_op_10/5/Bach02.mid,2.0,152,5,147,7,1,76,2,0,76,2,1,76,10,5,71,5,0,0.032895,0.416667,0.060976
3,train,Chopin/Etudes_op_10/5/xml_score.musicxml,Chopin/Etudes_op_10/5/Feiner_2006_02.mid,0.0,236,3,233,9,0,118,2,1,117,1,1,118,10,2,116,8,1,0.012712,0.25,0.024194
3,train,Chopin/Etudes_op_10/5/xml_score.musicxml,Chopin/Etudes_op_10/5/Feiner_2006_02.mid,1.0,236,8,228,4,0,118,2,1,117,1,0,118,10,7,111,3,0,0.033898,0.666667,0.064516
3,train,Chopin/Etudes_op_10/5/xml_score.musicxml,Chopin/Etudes_op_10/5/Feiner_2006_02.mid,2.0,236,9,227,3,0,118,2,1,117,1,0,118,10,8,110,2,0,0.038136,0.75,0.072581
3,train,Chopin/Etudes_op_10/5/xml_score.musicxml,Chopin/Etudes_op_10/5/KimEunhae04.mid,0.0,116,1,115,11,0,58,2,1,57,1,0,58,10,0,58,10,1,0.008621,0.083333,0.015625
3,train,Chopin/Etudes_op_10/5/xml_score.musicxml,Chopin/Etudes_op_10/5/KimEunhae04.mid,1.0,116,5,111,7,0,58,2,1,57,1,0,58,10,4,54,6,0,0.043103,0.416667,0.078125
3,train,Chopin/Etudes_op_10/5/xml_score.musicxml,Chopin/Etudes_op_10/5/KimEunhae04.mid,2.0,116,7,109,5,0,58,2,1,57,1,0,58,10,6,52,4,0,0.060345,0.583333,0.109375
3,train,Chopin/Etudes_op_10/5/xml_score.musicxml,Chopin/Etudes_op_10/5/Koshoeva02.mid,0.0,172,0,172,12,0,86,2,0,86,2,1,86,10,0,86,10,0,0.0,0.0,0.0
3,train,Chopin/Etudes_op_10/5/xml_score.musicxml,Chopin/Etudes_op_10/5/Koshoeva02.mid,1.0,172,6,166,6,1,86,2,0,86,2,1,86,10,6,80,4,0,0.034884,0.5,0.065217
3,train,Chopin/Etudes_op_10/5/xml_score.musicxml,Chopin/Etudes_op_10/5/Koshoeva02.mid,2.0,172,9,163,3,0,86,2,1,85,1,0,86,10,8,78,2,0,0.052326,0.75,0.097826
3,train,Chopin/Etudes_op_10/5/xml_score.musicxml,Chopin/Etudes_op_10/5/LIAO03.mid,0.0,164,1,163,11,0,82,2,0,82,2,0,82,10,1,81,9,0,0.006098,0.083333,0.011364
3,train,Chopin/Etudes_op_10/5/xml_score.musicxml,Chopin/Etudes_op_10/5/LIAO03.mid,1.0,164,5,159,7,2,82,2,0,82,2,2,82,10,5,77,5,0,0.030488,0.416667,0.056818
3,train,Chopin/Etudes_op_10/5/xml_score.musicxml,Chopin/Etudes_op_10/5/LIAO03.mid,2.0,164,7,157,5,1,82,2,0,82,2,1,82,10,7,75,3,0,0.042683,0.583333,0.079545
3,train,Chopin/Etudes_op_10/5/xml_score.musicxml,Chopin/Etudes_op_10/5/LiA03M.mid,0.0,170,2,168,10,0,85,2,0,85,2,0,85,10,2,83,8,0,0.011765,0.166667,0.021978
3,train,Chopin/Etudes_op_10/5/xml_score.musicxml,Chopin/Etudes_op_10/5/LiA03M.mid,1.0,170,5,165,7,0,85,2,0,85,2,0,85,10,5,80,5,0,0.029412,0.416667,0.054945
3,train,Chopin/Etudes_op_10/5/xml_score.musicxml,Chopin/Etudes_op_10/5/LiA03M.mid,2.0,170,7,163,5,0,85,2,0,85,2,0,85,10,7,78,3,0,0.041176,0.583333,0.076923
3,train,Chopin/Etudes_op_10/5/xml_score.musicxml,Chopin/Etudes_op_10/5/LiC02M.mid,0.0,168,4,164,8,0,84,2,1,83,1,0,84,10,3,81,7,1,0.02381,0.333333,0.044444
3,train,Chopin/Etudes_op_10/5/xml_score.musicxml,Chopin/Etudes_op_10/5/LiC02M.mid,1.0,168,8,160,4,1,84,2,1,83,1,1,84,10,7,77,3,0,0.047619,0.666667,0.088889
3,train,Chopin/Etudes_op_10/5/xml_score.musicxml,Chopin/Etudes_op_10/5/LiC02M.mid,2.0,168,8,160,4,3,84,2,1,83,1,3,84,10,7,77,3,0,0.047619,0.666667,0.088889
3,train,Chopin/Etudes_op_10/5/xml_score.musicxml,Chopin/Etudes_op_10/5/Rozanski03.mid,0.0,164,2,162,10,0,82,2,0,82,2,0,82,10,2,80,8,0,0.012195,0.166667,0.022727
3,train,Chopin/Etudes_op_10/5/xml_score.musicxml,Chopin/Etudes_op_10/5/Rozanski03.mid,1.0,164,5,159,7,0,82,2,0,82,2,0,82,10,5,77,5,0,0.030488,0.416667,0.056818
3,train,Chopin/Etudes_op_10/5/xml_score.musicxml,Chopin/Etudes_op_10/5/Rozanski03.mid,2.0,164,5,159,7,1,82,2,0,82,2,1,82,10,5,77,5,0,0.030488,0.416667,0.056818
3,train,Chopin/Etudes_op_10/5/xml_score.musicxml,Chopin/Etudes_op_10/5/Tario02.mid,0.0,176,1,175,11,0,88,2,1,87,1,0,88,10,0,88,10,1,0.005682,0.083333,0.010638
3,train,Chopin/Etudes_op_10/5/xml_score.musicxml,Chopin/Etudes_op_10/5/Tario02.mid,1.0,176,7,169,5,0,88,2,1,87,1,0,88,10,6,82,4,0,0.039773,0.583333,0.074468
3,train,Chopin/Etudes_op_10/5/xml_score.musicxml,Chopin/Etudes_op_10/5/Tario02.mid,2.0,176,8,168,4,1,88,2,1,87,1,1,88,10,7,81,3,0,0.045455,0.666667,0.085106
3,train,Chopin/Etudes_op_10/5/xml_score.musicxml,Chopin/Etudes_op_10/5/USHIKI03.mid,0.0,128,0,128,12,0,64,2,0,64,2,0,64,10,0,64,10,0,0.0,0.0,0.0
3,train,Chopin/Etudes_op_10/5/xml_score.musicxml,Chopin/Etudes_op_10/5/USHIKI03.mid,1.0,128,3,125,9,0,64,2,0,64,2,0,64,10,3,61,7,0,0.023438,0.25,0.042857
3,train,Chopin/Etudes_op_10/5/xml_score.musicxml,Chopin/Etudes_op_10/5/USHIKI03.mid,2.0,128,5,123,7,1,64,2,0,64,2,1,64,10,5,59,5,0,0.039062,0.416667,0.071429
3,train,Chopin/Etudes_op_10/5/xml_score.musicxml,Chopin/Etudes_op_10/5/ZhangW03M.mid,0.0,180,1,179,11,0,90,2,0,90,2,0,90,10,1,89,9,0,0.005556,0.083333,0.010417
3,train,Chopin/Etudes_op_10/5/xml_score.musicxml,Chopin/Etudes_op_10/5/ZhangW03M.mid,1.0,180,6,174,6,1,90,2,0,90,2,1,90,10,6,84,4,0,0.033333,0.5,0.0625
3,train,Chopin/Etudes_op_10/5/xml_score.musicxml,Chopin/Etudes_op_10/5/ZhangW03M.mid,2.0,180,6,174,6,2,90,2,0,90,2,2,90,10,6,84,4,0,0.033333,0.5,0.0625
3,val,Chopin/Etudes_op_10/7/xml_score.musicxml,Chopin/Etudes_op_10/7/ChenL02.mid,0.0,194,3,191,15,0,97,9,2,95,7,1,97,9,1,96,8,0,0.015464,0.166667,0.028302
3,val,Chopin/Etudes_op_10/7/xml_score.musicxml,Chopin/Etudes_op_10/7/ChenL02.mid,1.0,194,16,178,2,0,97,9,9,88,0,0,97,9,7,90,2,0,0.082474,0.888889,0.150943
3,val,Chopin/Etudes_op_10/7/xml_score.musicxml,Chopin/Etudes_op_10/7/ChenL02.mid,2.0,194,17,177,1,0,97,9,9,88,0,0,97,9,8,89,1,0,0.087629,0.944444,0.160377
3,val,Chopin/Etudes_op_10/7/xml_score.musicxml,Chopin/Etudes_op_10/7/Namirovsky02.mid,0.0,328,6,322,12,0,164,9,6,158,3,1,164,9,0,164,9,0,0.018293,0.333333,0.034682
3,val,Chopin/Etudes_op_10/7/xml_score.musicxml,Chopin/Etudes_op_10/7/Namirovsky02.mid,1.0,328,17,311,1,0,164,9,9,155,0,0,164,9,8,156,1,0,0.051829,0.944444,0.098266
3,val,Chopin/Etudes_op_10/7/xml_score.musicxml,Chopin/Etudes_op_10/7/Namirovsky02.mid,2.0,328,18,310,0,0,164,9,9,155,0,0,164,9,9,155,0,0,0.054878,1.0,0.104046
3,val,Chopin/Etudes_op_10/7/xml_score.musicxml,Chopin/Etudes_op_10/7/SINKEV03.mid,0.0,146,5,141,13,0,73,9,5,68,4,0,73,9,0,73,9,2,0.034247,0.277778,0.060976
3,val,Chopin/Etudes_op_10/7/xml_score.musicxml,Chopin/Etudes_op_10/7/SINKEV03.mid,1.0,146,16,130,2,0,73,9,9,64,0,0,73,9,7,66,2,0,0.109589,0.888889,0.195122
3,val,Chopin/Etudes_op_10/7/xml_score.musicxml,Chopin/Etudes_op_10/7/SINKEV03.mid,2.0,146,17,129,1,1,73,9,9,64,0,1,73,9,8,65,1,0,0.116438,0.944444,0.207317
3,test,Chopin/Etudes_op_10/8/xml_score.musicxml,Chopin/Etudes_op_10/8/BENABD02.mid,0.0,366,17,349,55,0,183,37,13,170,24,1,183,35,4,179,31,0,0.046448,0.236111,0.077626
3,test,Chopin/Etudes_op_10/8/xml_score.musicxml,Chopin/Etudes_op_10/8/BENABD02.mid,1.0,366,48,318,24,3,183,37,29,154,8,1,183,35,19,164,16,2,0.131148,0.666667,0.219178
3,test,Chopin/Etudes_op_10/8/xml_score.musicxml,Chopin/Etudes_op_10/8/BENABD02.mid,2.0,366,65,301,7,0,183,37,35,148,2,0,183,35,30,153,5,0,0.177596,0.902778,0.296804
3,test,Chopin/Etudes_op_10/8/xml_score.musicxml,Chopin/Etudes_op_10/8/Benabdallah02.mid,0.0,378,9,369,63,0,189,37,7,182,30,3,189,35,2,187,33,0,0.02381,0.125,0.04
3,test,Chopin/Etudes_op_10/8/xml_score.musicxml,Chopin/Etudes_op_10/8/Benabdallah02.mid,1.0,378,46,332,26,4,189,37,29,160,8,2,189,35,17,172,18,2,0.121693,0.638889,0.204444
3,test,Chopin/Etudes_op_10/8/xml_score.musicxml,Chopin/Etudes_op_10/8/Benabdallah02.mid,2.0,378,64,314,8,0,189,37,35,154,2,0,189,35,29,160,6,0,0.169312,0.888889,0.284444
3,test,Chopin/Etudes_op_10/8/xml_score.musicxml,Chopin/Etudes_op_10/8/CHOE01.mid,0.0,340,13,327,59,0,170,37,9,161,28,1,170,35,4,166,31,1,0.038235,0.180556,0.063107
3,test,Chopin/Etudes_op_10/8/xml_score.musicxml,Chopin/Etudes_op_10/8/CHOE01.mid,1.0,340,51,289,21,3,170,37,30,140,7,2,170,35,21,149,14,1,0.15,0.708333,0.247573
3,test,Chopin/Etudes_op_10/8/xml_score.musicxml,Chopin/Etudes_op_10/8/CHOE01.mid,2.0,340,65,275,7,0,170,37,35,135,2,0,170,35,30,140,5,0,0.191176,0.902778,0.315534
3,test,Chopin/Etudes_op_10/8/xml_score.musicxml,Chopin/Etudes_op_10/8/ChenJie03.mid,0.0,334,9,325,63,0,167,37,5,162,32,0,167,35,4,163,31,2,0.026946,0.125,0.044335
3,test,Chopin/Etudes_op_10/8/xml_score.musicxml,Chopin/Etudes_op_10/8/ChenJie03.mid,1.0,334,63,271,9,0,167,37,35,132,2,0,167,35,28,139,7,0,0.188623,0.875,0.310345
3,test,Chopin/Etudes_op_10/8/xml_score.musicxml,Chopin/Etudes_op_10/8/ChenJie03.mid,2.0,334,71,263,1,0,167,37,37,130,0,0,167,35,34,133,1,0,0.212575,0.986111,0.349754
3,test,Chopin/Etudes_op_10/8/xml_score.musicxml,Chopin/Etudes_op_10/8/FONG02.mid,0.0,232,10,222,62,0,116,37,9,107,28,2,116,35,1,115,34,0,0.043103,0.138889,0.065789
3,test,Chopin/Etudes_op_10/8/xml_score.musicxml,Chopin/Etudes_op_10/8/FONG02.mid,1.0,232,42,190,30,2,116,37,28,88,9,1,116,35,14,102,21,1,0.181034,0.583333,0.276316
3,test,Chopin/Etudes_op_10/8/xml_score.musicxml,Chopin/Etudes_op_10/8/FONG02.mid,2.0,232,57,175,15,0,116,37,31,85,6,0,116,35,26,90,9,0,0.24569,0.791667,0.375
3,test,Chopin/Etudes_op_10/8/xml_score.musicxml,Chopin/Etudes_op_10/8/Georgieva03.mid,0.0,332,5,327,67,0,166,37,2,164,35,2,166,35,3,163,32,1,0.01506,0.069444,0.024752
3,test,Chopin/Etudes_op_10/8/xml_score.musicxml,Chopin/Etudes_op_10/8/Georgieva03.mid,1.0,332,58,274,14,1,166,37,32,134,5,1,166,35,26,140,9,0,0.174699,0.805556,0.287129
3,test,Chopin/Etudes_op_10/8/xml_score.musicxml,Chopin/Etudes_op_10/8/Georgieva03.mid,2.0,332,67,265,5,0,166,37,35,131,2,0,166,35,32,134,3,0,0.201807,0.930556,0.331683
3,test,Chopin/Etudes_op_10/8/xml_score.musicxml,Chopin/Etudes_op_10/8/IVLEVA02.mid,0.0,288,6,282,66,0,144,37,4,140,33,4,144,35,2,142,33,1,0.020833,0.083333,0.033333
3,test,Chopin/Etudes_op_10/8/xml_score.musicxml,Chopin/Etudes_op_10/8/IVLEVA02.mid,1.0,288,56,232,16,1,144,37,32,112,5,0,144,35,24,120,11,1,0.194444,0.777778,0.311111
3,test,Chopin/Etudes_op_10/8/xml_score.musicxml,Chopin/Etudes_op_10/8/IVLEVA02.mid,2.0,288,70,218,2,0,144,37,37,107,0,0,144,35,33,111,2,0,0.243056,0.972222,0.388889
3,test,Chopin/Etudes_op_10/8/xml_score.musicxml,Chopin/Etudes_op_10/8/Kwok02.mid,0.0,308,9,299,63,0,154,37,5,149,32,0,154,35,4,150,31,1,0.029221,0.125,0.047368
3,test,Chopin/Etudes_op_10/8/xml_score.musicxml,Chopin/Etudes_op_10/8/Kwok02.mid,1.0,308,50,258,22,2,154,37,31,123,6,2,154,35,19,135,16,0,0.162338,0.694444,0.263158
3,test,Chopin/Etudes_op_10/8/xml_score.musicxml,Chopin/Etudes_op_10/8/Kwok02.mid,2.0,308,64,244,8,0,154,37,34,120,3,0,154,35,30,124,5,0,0.207792,0.888889,0.336842
3,test,Chopin/Etudes_op_10/8/xml_score.musicxml,Chopin/Etudes_op_10/8/KyykhynenT09M.mid,0.0,214,6,208,66,0,107,37,5,102,32,2,107,35,1,106,34,3,0.028037,0.083333,0.041958
3,test,Chopin/Etudes_op_10/8/xml_score.musicxml,Chopin/Etudes_op_10/8/KyykhynenT09M.mid,1.0,214,44,170,28,1,107,37,26,81,11,0,107,35,18,89,17,1,0.205607,0.611111,0.307692
3,test,Chopin/Etudes_op_10/8/xml_score.musicxml,Chopin/Etudes_op_10/8/KyykhynenT09M.mid,2.0,214,60,154,12,0,107,37,32,75,5,0,107,35,28,79,7,0,0.280374,0.833333,0.41958
3,test,Chopin/Etudes_op_10/8/xml_score.musicxml,Chopin/Etudes_op_10/8/LeeEunjin02.mid,0.0,390,13,377,59,0,195,37,11,184,26,1,195,35,2,193,33,0,0.033333,0.180556,0.056277
3,test,Chopin/Etudes_op_10/8/xml_score.musicxml,Chopin/Etudes_op_10/8/LeeEunjin02.mid,1.0,390,56,334,16,0,195,37,30,165,7,0,195,35,26,169,9,0,0.14359,0.777778,0.242424
3,test,Chopin/Etudes_op_10/8/xml_score.musicxml,Chopin/Etudes_op_10/8/LeeEunjin02.mid,2.0,390,64,326,8,0,195,37,34,161,3,0,195,35,30,165,5,0,0.164103,0.888889,0.277056
3,test,Chopin/Etudes_op_10/8/xml_score.musicxml,Chopin/Etudes_op_10/8/LeeHwakyu02.mid,0.0,282,8,274,64,0,141,37,4,137,33,1,141,35,4,137,31,1,0.028369,0.111111,0.045198
3,test,Chopin/Etudes_op_10/8/xml_score.musicxml,Chopin/Etudes_op_10/8/LeeHwakyu02.mid,1.0,282,57,225,15,1,141,37,32,109,5,0,141,35,25,116,10,1,0.202128,0.791667,0.322034
3,test,Chopin/Etudes_op_10/8/xml_score.musicxml,Chopin/Etudes_op_10/8/LeeHwakyu02.mid,2.0,282,70,212,2,0,141,37,37,104,0,0,141,35,33,108,2,0,0.248227,0.972222,0.39548
3,test,Chopin/Etudes_op_10/8/xml_score.musicxml,Chopin/Etudes_op_10/8/LeeJisun02.mid,0.0,450,23,427,49,0,225,37,17,208,20,6,225,35,6,219,29,0,0.051111,0.319444,0.088123
3,test,Chopin/Etudes_op_10/8/xml_score.musicxml,Chopin/Etudes_op_10/8/LeeJisun02.mid,1.0,450,67,383,5,2,225,37,36,189,1,2,225,35,31,194,4,0,0.148889,0.930556,0.256705
3,test,Chopin/Etudes_op_10/8/xml_score.musicxml,Chopin/Etudes_op_10/8/LeeJisun02.mid,2.0,450,70,380,2,0,225,37,36,189,1,0,225,35,34,191,1,0,0.155556,0.972222,0.268199
3,test,Chopin/Etudes_op_10/8/xml_score.musicxml,Chopin/Etudes_op_10/8/LiuLangning02.mid,0.0,296,17,279,55,0,148,37,14,134,23,2,148,35,3,145,32,0,0.057432,0.236111,0.092391
3,test,Chopin/Etudes_op_10/8/xml_score.musicxml,Chopin/Etudes_op_10/8/LiuLangning02.mid,1.0,296,49,247,23,1,148,37,28,120,9,0,148,35,21,127,14,1,0.165541,0.680556,0.266304
3,test,Chopin/Etudes_op_10/8/xml_score.musicxml,Chopin/Etudes_op_10/8/LiuLangning02.mid,2.0,296,61,235,11,0,148,37,33,115,4,0,148,35,28,120,7,0,0.206081,0.847222,0.331522
3,test,Chopin/Etudes_op_10/8/xml_score.musicxml,Chopin/Etudes_op_10/8/Lou03M.mid,0.0,358,10,348,62,0,179,37,7,172,30,2,179,35,3,176,32,1,0.027933,0.138889,0.046512
3,test,Chopin/Etudes_op_10/8/xml_score.musicxml,Chopin/Etudes_op_10/8/Lou03M.mid,1.0,358,58,300,14,1,179,37,32,147,5,1,179,35,26,153,9,0,0.162011,0.805556,0.269767
3,test,Chopin/Etudes_op_10/8/xml_score.musicxml,Chopin/Etudes_op_10/8/Lou03M.mid,2.0,358,65,293,7,0,179,37,34,145,3,0,179,35,31,148,4,0,0.181564,0.902778,0.302326
3,test,Chopin/Etudes_op_10/8/xml_score.musicxml,Chopin/Etudes_op_10/8/LuEric03M.mid,0.0,268,14,254,58,0,134,37,11,123,26,1,134,35,3,131,32,0,0.052239,0.194444,0.082353
3,test,Chopin/Etudes_op_10/8/xml_score.musicxml,Chopin/Etudes_op_10/8/LuEric03M.mid,1.0,268,49,219,23,1,134,37,26,108,11,1,134,35,23,111,12,0,0.182836,0.680556,0.288235
3,test,Chopin/Etudes_op_10/8/xml_score.musicxml,Chopin/Etudes_op_10/8/LuEric03M.mid,2.0,268,65,203,7,0,134,37,36,98,1,0,134,35,29,105,6,0,0.242537,0.902778,0.382353
3,test,Chopin/Etudes_op_10/8/xml_score.musicxml,Chopin/Etudes_op_10/8/Masycheva02.mid,0.0,320,16,304,56,0,160,37,12,148,25,3,160,35,4,156,31,1,0.05,0.222222,0.081633
3,test,Chopin/Etudes_op_10/8/xml_score.musicxml,Chopin/Etudes_op_10/8/Masycheva02.mid,1.0,320,47,273,25,4,160,37,28,132,9,3,160,35,19,141,16,1,0.146875,0.652778,0.239796
3,test,Chopin/Etudes_op_10/8/xml_score.musicxml,Chopin/Etudes_op_10/8/Masycheva02.mid,2.0,320,65,255,7,0,160,37,35,125,2,0,160,35,30,130,5,0,0.203125,0.902778,0.331633
3,test,Chopin/Etudes_op_10/8/xml_score.musicxml,Chopin/Etudes_op_10/8/MiyashitaM05M.mid,0.0,464,12,452,60,0,232,37,10,222,27,4,232,35,2,230,33,2,0.025862,0.166667,0.044776
3,test,Chopin/Etudes_op_10/8/xml_score.musicxml,Chopin/Etudes_op_10/8/MiyashitaM05M.mid,1.0,464,62,402,10,1,232,37,33,199,4,1,232,35,29,203,6,0,0.133621,0.861111,0.231343
3,test,Chopin/Etudes_op_10/8/xml_score.musicxml,Chopin/Etudes_op_10/8/MiyashitaM05M.mid,2.0,464,68,396,4,0,232,37,35,197,2,0,232,35,33,199,2,0,0.146552,0.944444,0.253731
3,test,Chopin/Etudes_op_10/8/xml_score.musicxml,Chopin/Etudes_op_10/8/ParkH02.mid,0.0,426,7,419,65,0,213,37,2,211,35,2,213,35,5,208,30,3,0.016432,0.097222,0.028112
3,test,Chopin/Etudes_op_10/8/xml_score.musicxml,Chopin/Etudes_op_10/8/ParkH02.mid,1.0,426,57,369,15,2,213,37,32,181,5,2,213,35,25,188,10,0,0.133803,0.791667,0.228916
3,test,Chopin/Etudes_op_10/8/xml_score.musicxml,Chopin/Etudes_op_10/8/ParkH02.mid,2.0,426,66,360,6,2,213,37,36,177,1,2,213,35,30,183,5,0,0.15493,0.916667,0.26506
3,test,Chopin/Etudes_op_10/8/xml_score.musicxml,Chopin/Etudes_op_10/8/Rizikov03M.mid,0.0,364,4,360,68,0,182,37,2,180,35,1,182,35,2,180,33,1,0.010989,0.055556,0.018349
3,test,Chopin/Etudes_op_10/8/xml_score.musicxml,Chopin/Etudes_op_10/8/Rizikov03M.mid,1.0,364,53,311,19,2,182,37,31,151,6,2,182,35,22,160,13,0,0.145604,0.736111,0.243119
3,test,Chopin/Etudes_op_10/8/xml_score.musicxml,Chopin/Etudes_op_10/8/Rizikov03M.mid,2.0,364,61,303,11,0,182,37,31,151,6,0,182,35,30,152,5,0,0.167582,0.847222,0.279817
3,test,Chopin/Etudes_op_10/8/xml_score.musicxml,Chopin/Etudes_op_10/8/SCHU03.mid,0.0,288,7,281,65,0,144,37,5,139,32,0,144,35,2,142,33,0,0.024306,0.097222,0.038889
3,test,Chopin/Etudes_op_10/8/xml_score.musicxml,Chopin/Etudes_op_10/8/SCHU03.mid,1.0,288,48,240,24,3,144,37,28,116,9,2,144,35,20,124,15,1,0.166667,0.666667,0.266667
3,test,Chopin/Etudes_op_10/8/xml_score.musicxml,Chopin/Etudes_op_10/8/SCHU03.mid,2.0,288,65,223,7,0,144,37,35,109,2,0,144,35,30,114,5,0,0.225694,0.902778,0.361111
3,test,Chopin/Etudes_op_10/8/xml_score.musicxml,Chopin/Etudes_op_10/8/Sekino03.mid,0.0,418,12,406,60,0,209,37,10,199,27,2,209,35,2,207,33,2,0.028708,0.166667,0.04898
3,test,Chopin/Etudes_op_10/8/xml_score.musicxml,Chopin/Etudes_op_10/8/Sekino03.mid,1.0,418,49,369,23,1,209,37,28,181,9,1,209,35,21,188,14,0,0.117225,0.680556,0.2
3,test,Chopin/Etudes_op_10/8/xml_score.musicxml,Chopin/Etudes_op_10/8/Sekino03.mid,2.0,418,62,356,10,1,209,37,34,175,3,1,209,35,28,181,7,0,0.148325,0.861111,0.253061
3,test,Chopin/Etudes_op_10/8/xml_score.musicxml,Chopin/Etudes_op_10/8/Shilyaev02.mid,0.0,400,12,388,60,0,200,37,8,192,29,3,200,35,4,196,31,0,0.03,0.166667,0.050847
3,test,Chopin/Etudes_op_10/8/xml_score.musicxml,Chopin/Etudes_op_10/8/Shilyaev02.mid,1.0,400,56,344,16,1,200,37,30,170,7,1,200,35,26,174,9,0,0.14,0.777778,0.237288
3,test,Chopin/Etudes_op_10/8/xml_score.musicxml,Chopin/Etudes_op_10/8/Shilyaev02.mid,2.0,400,65,335,7,0,200,37,34,166,3,0,200,35,31,169,4,0,0.1625,0.902778,0.275424
3,test,Chopin/Etudes_op_10/8/xml_score.musicxml,Chopin/Etudes_op_10/8/Soukhovetski02.mid,0.0,288,5,283,67,0,144,37,3,141,34,2,144,35,2,142,33,2,0.017361,0.069444,0.027778
3,test,Chopin/Etudes_op_10/8/xml_score.musicxml,Chopin/Etudes_op_10/8/Soukhovetski02.mid,1.0,288,50,238,22,2,144,37,30,114,7,1,144,35,20,124,15,1,0.173611,0.694444,0.277778
3,test,Chopin/Etudes_op_10/8/xml_score.musicxml,Chopin/Etudes_op_10/8/Soukhovetski02.mid,2.0,288,63,225,9,1,144,37,34,110,3,1,144,35,29,115,6,0,0.21875,0.875,0.35
3,test,Chopin/Etudes_op_10/8/xml_score.musicxml,Chopin/Etudes_op_10/8/Tak02.mid,0.0,214,7,207,65,0,107,37,3,104,34,3,107,35,4,103,31,2,0.03271,0.097222,0.048951
3,test,Chopin/Etudes_op_10/8/xml_score.musicxml,Chopin/Etudes_op_10/8/Tak02.mid,1.0,214,49,165,23,0,107,37,28,79,9,0,107,35,21,86,14,0,0.228972,0.680556,0.342657
3,test,Chopin/Etudes_op_10/8/xml_score.musicxml,Chopin/Etudes_op_10/8/Tak02.mid,2.0,214,55,159,17,0,107,37,30,77,7,0,107,35,25,82,10,0,0.257009,0.763889,0.384615
3,test,Chopin/Etudes_op_10/8/xml_score.musicxml,Chopin/Etudes_op_10/8/Tetzloff02.mid,0.0,324,13,311,59,0,162,37,6,156,31,0,162,35,7,155,28,0,0.040123,0.180556,0.065657
3,test,Chopin/Etudes_op_10/8/xml_score.musicxml,Chopin/Etudes_op_10/8/Tetzloff02.mid,1.0,324,55,269,17,0,162,37,30,132,7,0,162,35,25,137,10,0,0.169753,0.763889,0.277778
3,test,Chopin/Etudes_op_10/8/xml_score.musicxml,Chopin/Etudes_op_10/8/Tetzloff02.mid,2.0,324,67,257,5,0,162,37,36,126,1,0,162,35,31,131,4,0,0.20679,0.930556,0.338384
3,test,Chopin/Etudes_op_10/8/xml_score.musicxml,Chopin/Etudes_op_10/8/Tetzloff07M.mid,0.0,304,10,294,62,0,152,37,8,144,29,4,152,35,2,150,33,1,0.032895,0.138889,0.053191
3,test,Chopin/Etudes_op_10/8/xml_score.musicxml,Chopin/Etudes_op_10/8/Tetzloff07M.mid,1.0,304,52,252,20,1,152,37,28,124,9,1,152,35,24,128,11,0,0.171053,0.722222,0.276596
3,test,Chopin/Etudes_op_10/8/xml_score.musicxml,Chopin/Etudes_op_10/8/Tetzloff07M.mid,2.0,304,66,238,6,0,152,37,36,116,1,0,152,35,30,122,5,0,0.217105,0.916667,0.351064
3,test,Chopin/Etudes_op_10/8/xml_score.musicxml,Chopin/Etudes_op_10/8/YOU02.mid,0.0,332,9,323,63,0,166,37,7,159,30,2,166,35,2,164,33,2,0.027108,0.125,0.044554
3,test,Chopin/Etudes_op_10/8/xml_score.musicxml,Chopin/Etudes_op_10/8/YOU02.mid,1.0,332,50,282,22,1,166,37,28,138,9,1,166,35,22,144,13,0,0.150602,0.694444,0.247525
3,test,Chopin/Etudes_op_10/8/xml_score.musicxml,Chopin/Etudes_op_10/8/YOU02.mid,2.0,332,64,268,8,0,166,37,36,130,1,0,166,35,28,138,7,0,0.192771,0.888889,0.316832
3,test,Chopin/Etudes_op_10/8/xml_score.musicxml,Chopin/Etudes_op_10/8/Zhou03M.mid,0.0,244,11,233,61,0,122,37,10,112,27,2,122,35,1,121,34,0,0.045082,0.152778,0.06962
3,test,Chopin/Etudes_op_10/8/xml_score.musicxml,Chopin/Etudes_op_10/8/Zhou03M.mid,1.0,244,47,197,25,3,122,37,28,94,9,2,122,35,19,103,16,1,0.192623,0.652778,0.297468
3,test,Chopin/Etudes_op_10/8/xml_score.musicxml,Chopin/Etudes_op_10/8/Zhou03M.mid,2.0,244,61,183,11,0,122,37,32,90,5,0,122,35,29,93,6,0,0.25,0.847222,0.386076
3,train,Chopin/Etudes_op_25/1/xml_score.musicxml,Chopin/Etudes_op_25/1/Erice03.mid,0.0,204,44,160,138,0,102,96,42,60,54,0,102,86,2,100,84,1,0.215686,0.241758,0.227979
3,train,Chopin/Etudes_op_25/1/xml_score.musicxml,Chopin/Etudes_op_25/1/Erice03.mid,1.0,204,142,62,40,2,102,96,76,26,20,1,102,86,66,36,20,1,0.696078,0.78022,0.735751
3,train,Chopin/Etudes_op_25/1/xml_score.musicxml,Chopin/Etudes_op_25/1/Erice03.mid,2.0,204,152,52,30,2,102,96,81,21,15,0,102,86,71,31,15,2,0.745098,0.835165,0.787565
3,train,Chopin/Etudes_op_25/1/xml_score.musicxml,Chopin/Etudes_op_25/1/LeeN03M.mid,0.0,220,58,162,124,0,110,96,50,60,46,0,110,86,8,102,78,3,0.263636,0.318681,0.288557
3,train,Chopin/Etudes_op_25/1/xml_score.musicxml,Chopin/Etudes_op_25/1/LeeN03M.mid,1.0,220,158,62,24,2,110,96,85,25,11,1,110,86,73,37,13,1,0.718182,0.868132,0.78607
3,train,Chopin/Etudes_op_25/1/xml_score.musicxml,Chopin/Etudes_op_25/1/LeeN03M.mid,2.0,220,170,50,12,0,110,96,91,19,5,0,110,86,79,31,7,0,0.772727,0.934066,0.845771
3,train,Chopin/Etudes_op_25/1/xml_score.musicxml,Chopin/Etudes_op_25/1/TongB02M.mid,0.0,146,42,104,140,0,73,96,38,35,58,0,73,86,4,69,82,1,0.287671,0.230769,0.256098
3,train,Chopin/Etudes_op_25/1/xml_score.musicxml,Chopin/Etudes_op_25/1/TongB02M.mid,1.0,146,118,28,64,2,73,96,62,11,34,0,73,86,56,17,30,2,0.808219,0.648352,0.719512
3,train,Chopin/Etudes_op_25/1/xml_score.musicxml,Chopin/Etudes_op_25/1/TongB02M.mid,2.0,146,126,20,56,4,73,96,67,6,29,0,73,86,59,14,27,4,0.863014,0.692308,0.768293
3,train,Chopin/Etudes_op_25/1/xml_score.musicxml,Chopin/Etudes_op_25/1/TuanS04M.mid,0.0,154,31,123,151,0,77,96,25,52,71,0,77,86,6,71,80,3,0.201299,0.17033,0.184524
3,train,Chopin/Etudes_op_25/1/xml_score.musicxml,Chopin/Etudes_op_25/1/TuanS04M.mid,1.0,154,121,33,61,4,77,96,63,14,33,1,77,86,58,19,28,3,0.785714,0.664835,0.720238
3,train,Chopin/Etudes_op_25/1/xml_score.musicxml,Chopin/Etudes_op_25/1/TuanS04M.mid,2.0,154,131,23,51,5,77,96,68,9,28,0,77,86,63,14,23,5,0.850649,0.71978,0.779762
3,train,Chopin/Etudes_op_25/1/xml_score.musicxml,Chopin/Etudes_op_25/1/Wong03M.mid,0.0,212,63,149,119,0,106,96,59,47,37,0,106,86,4,102,82,3,0.29717,0.346154,0.319797
3,train,Chopin/Etudes_op_25/1/xml_score.musicxml,Chopin/Etudes_op_25/1/Wong03M.mid,1.0,212,156,56,26,5,106,96,83,23,13,1,106,86,73,33,13,4,0.735849,0.857143,0.791878
3,train,Chopin/Etudes_op_25/1/xml_score.musicxml,Chopin/Etudes_op_25/1/Wong03M.mid,2.0,212,170,42,12,4,106,96,89,17,7,0,106,86,81,25,5,4,0.801887,0.934066,0.862944
3,train,Chopin/Etudes_op_25/12/xml_score.musicxml,Chopin/Etudes_op_25/12/Atzinger03.mid,0.0,220,1,219,0,0,110,0,0,110,0,0,110,1,1,109,0,0,0.004545,1.0,0.00905
3,train,Chopin/Etudes_op_25/12/xml_score.musicxml,Chopin/Etudes_op_25/12/Atzinger03.mid,1.0,220,1,219,0,0,110,0,0,110,0,0,110,1,1,109,0,0,0.004545,1.0,0.00905
3,train,Chopin/Etudes_op_25/12/xml_score.musicxml,Chopin/Etudes_op_25/12/Atzinger03.mid,2.0,220,1,219,0,0,110,0,0,110,0,0,110,1,1,109,0,0,0.004545,1.0,0.00905
3,train,Chopin/Etudes_op_25/12/xml_score.musicxml,Chopin/Etudes_op_25/12/BorickC04M.mid,0.0,186,1,185,0,0,93,0,0,93,0,0,93,1,1,92,0,0,0.005376,1.0,0.010695
3,train,Chopin/Etudes_op_25/12/xml_score.musicxml,Chopin/Etudes_op_25/12/BorickC04M.mid,1.0,186,1,185,0,0,93,0,0,93,0,0,93,1,1,92,0,0,0.005376,1.0,0.010695
3,train,Chopin/Etudes_op_25/12/xml_score.musicxml,Chopin/Etudes_op_25/12/BorickC04M.mid,2.0,186,1,185,0,0,93,0,0,93,0,0,93,1,1,92,0,0,0.005376,1.0,0.010695
3,train,Chopin/Etudes_op_25/12/xml_score.musicxml,Chopin/Etudes_op_25/12/Golubeva02.mid,0.0,234,0,234,1,0,117,0,0,117,0,0,117,1,0,117,1,0,0.0,0.0,0.0
3,train,Chopin/Etudes_op_25/12/xml_score.musicxml,Chopin/Etudes_op_25/12/Golubeva02.mid,1.0,234,0,234,1,0,117,0,0,117,0,0,117,1,0,117,1,0,0.0,0.0,0.0
3,train,Chopin/Etudes_op_25/12/xml_score.musicxml,Chopin/Etudes_op_25/12/Golubeva02.mid,2.0,234,0,234,1,0,117,0,0,117,0,0,117,1,0,117,1,0,0.0,0.0,0.0
3,train,Chopin/Etudes_op_25/12/xml_score.musicxml,Chopin/Etudes_op_25/12/HouKimberly03M.mid,0.0,188,1,187,0,0,94,0,0,94,0,0,94,1,1,93,0,0,0.005319,1.0,0.010582
3,train,Chopin/Etudes_op_25/12/xml_score.musicxml,Chopin/Etudes_op_25/12/HouKimberly03M.mid,1.0,188,1,187,0,0,94,0,0,94,0,0,94,1,1,93,0,0,0.005319,1.0,0.010582
3,train,Chopin/Etudes_op_25/12/xml_score.musicxml,Chopin/Etudes_op_25/12/HouKimberly03M.mid,2.0,188,1,187,0,0,94,0,0,94,0,0,94,1,1,93,0,0,0.005319,1.0,0.010582
3,train,Chopin/Etudes_op_25/12/xml_score.musicxml,Chopin/Etudes_op_25/12/KWON03.mid,0.0,206,1,205,0,0,103,0,0,103,0,0,103,1,1,102,0,0,0.004854,1.0,0.009662
3,train,Chopin/Etudes_op_25/12/xml_score.musicxml,Chopin/Etudes_op_25/12/KWON03.mid,1.0,206,1,205,0,0,103,0,0,103,0,0,103,1,1,102,0,0,0.004854,1.0,0.009662
3,train,Chopin/Etudes_op_25/12/xml_score.musicxml,Chopin/Etudes_op_25/12/KWON03.mid,2.0,206,1,205,0,0,103,0,0,103,0,0,103,1,1,102,0,0,0.004854,1.0,0.009662
3,train,Chopin/Etudes_op_25/12/xml_score.musicxml,Chopin/Etudes_op_25/12/Kunz03.mid,0.0,186,1,185,0,0,93,0,0,93,0,0,93,1,1,92,0,0,0.005376,1.0,0.010695
3,train,Chopin/Etudes_op_25/12/xml_score.musicxml,Chopin/Etudes_op_25/12/Kunz03.mid,1.0,186,1,185,0,0,93,0,0,93,0,0,93,1,1,92,0,0,0.005376,1.0,0.010695
3,train,Chopin/Etudes_op_25/12/xml_score.musicxml,Chopin/Etudes_op_25/12/Kunz03.mid,2.0,186,1,185,0,0,93,0,0,93,0,0,93,1,1,92,0,0,0.005376,1.0,0.010695
3,train,Chopin/Etudes_op_25/12/xml_score.musicxml,Chopin/Etudes_op_25/12/LuA04M.mid,0.0,202,1,201,0,0,101,0,0,101,0,0,101,1,1,100,0,0,0.00495,1.0,0.009852
3,train,Chopin/Etudes_op_25/12/xml_score.musicxml,Chopin/Etudes_op_25/12/LuA04M.mid,1.0,202,1,201,0,0,101,0,0,101,0,0,101,1,1,100,0,0,0.00495,1.0,0.009852
3,train,Chopin/Etudes_op_25/12/xml_score.musicxml,Chopin/Etudes_op_25/12/LuA04M.mid,2.0,202,1,201,0,0,101,0,0,101,0,0,101,1,1,100,0,0,0.00495,1.0,0.009852
3,train,Chopin/Etudes_op_25/12/xml_score.musicxml,Chopin/Etudes_op_25/12/Meek01.mid,0.0,226,0,226,1,0,113,0,0,113,0,0,113,1,0,113,1,0,0.0,0.0,0.0
3,train,Chopin/Etudes_op_25/12/xml_score.musicxml,Chopin/Etudes_op_25/12/Meek01.mid,1.0,226,0,226,1,0,113,0,0,113,0,0,113,1,0,113,1,0,0.0,0.0,0.0
3,train,Chopin/Etudes_op_25/12/xml_score.musicxml,Chopin/Etudes_op_25/12/Meek01.mid,2.0,226,0,226,1,0,113,0,0,113,0,0,113,1,0,113,1,0,0.0,0.0,0.0
3,train,Chopin/Etudes_op_25/12/xml_score.musicxml,Chopin/Etudes_op_25/12/Yang03.mid,0.0,194,1,193,0,0,97,0,0,97,0,0,97,1,1,96,0,0,0.005155,1.0,0.010256
3,train,Chopin/Etudes_op_25/12/xml_score.musicxml,Chopin/Etudes_op_25/12/Yang03.mid,1.0,194,1,193,0,0,97,0,0,97,0,0,97,1,1,96,0,0,0.005155,1.0,0.010256
3,train,Chopin/Etudes_op_25/12/xml_score.musicxml,Chopin/Etudes_op_25/12/Yang03.mid,2.0,194,1,193,0,0,97,0,0,97,0,0,97,1,1,96,0,0,0.005155,1.0,0.010256
3,val,Chopin/Etudes_op_25/8/xml_score.musicxml,Chopin/Etudes_op_25/8/DeTurck02.mid,0.0,158,22,136,74,0,79,48,18,61,30,0,79,48,4,75,44,2,0.139241,0.229167,0.173228
3,val,Chopin/Etudes_op_25/8/xml_score.musicxml,Chopin/Etudes_op_25/8/DeTurck02.mid,1.0,158,92,66,4,0,79,48,47,32,1,0,79,48,45,34,3,0,0.582278,0.958333,0.724409
3,val,Chopin/Etudes_op_25/8/xml_score.musicxml,Chopin/Etudes_op_25/8/DeTurck02.mid,2.0,158,96,62,0,0,79,48,48,31,0,0,79,48,48,31,0,0,0.607595,1.0,0.755906
3,val,Chopin/Etudes_op_25/8/xml_score.musicxml,Chopin/Etudes_op_25/8/MORET03.mid,0.0,164,26,138,70,0,82,48,17,65,31,0,82,48,9,73,39,3,0.158537,0.270833,0.2
3,val,Chopin/Etudes_op_25/8/xml_score.musicxml,Chopin/Etudes_op_25/8/MORET03.mid,1.0,164,89,75,7,0,82,48,44,38,4,0,82,48,45,37,3,0,0.542683,0.927083,0.684615
3,val,Chopin/Etudes_op_25/8/xml_score.musicxml,Chopin/Etudes_op_25/8/MORET03.mid,2.0,164,96,68,0,0,82,48,48,34,0,0,82,48,48,34,0,0,0.585366,1.0,0.738462
3,val,Chopin/Etudes_op_25/8/xml_score.musicxml,Chopin/Etudes_op_25/8/SOLOM03.mid,0.0,140,26,114,70,0,70,48,25,45,23,0,70,48,1,69,47,1,0.185714,0.270833,0.220339
3,val,Chopin/Etudes_op_25/8/xml_score.musicxml,Chopin/Etudes_op_25/8/SOLOM03.mid,1.0,140,87,53,9,0,70,48,44,26,4,0,70,48,43,27,5,0,0.621429,0.90625,0.737288
3,val,Chopin/Etudes_op_25/8/xml_score.musicxml,Chopin/Etudes_op_25/8/SOLOM03.mid,2.0,140,95,45,1,0,70,48,47,23,1,0,70,48,48,22,0,0,0.678571,0.989583,0.805085
3,val,Chopin/Etudes_op_25/8/xml_score.musicxml,Chopin/Etudes_op_25/8/Toscano02.mid,0.0,134,21,113,75,0,67,48,19,48,29,1,67,48,2,65,46,2,0.156716,0.21875,0.182609
3,val,Chopin/Etudes_op_25/8/xml_score.musicxml,Chopin/Etudes_op_25/8/Toscano02.mid,1.0,134,93,41,3,0,67,48,47,20,1,0,67,48,46,21,2,0,0.69403,0.96875,0.808696
3,val,Chopin/Etudes_op_25/8/xml_score.musicxml,Chopin/Etudes_op_25/8/Toscano02.mid,2.0,134,96,38,0,0,67,48,48,19,0,0,67,48,48,19,0,0,0.716418,1.0,0.834783
3,train,Chopin/Scherzos/20/xml_score.musicxml,Chopin/Scherzos/20/Kurz04M.mid,0.0,650,121,529,299,0,325,210,109,216,101,2,325,210,12,313,198,1,0.186154,0.288095,0.226168
3,train,Chopin/Scherzos/20/xml_score.musicxml,Chopin/Scherzos/20/Kurz04M.mid,1.0,650,325,325,95,0,325,210,178,147,32,0,325,210,147,178,63,0,0.5,0.77381,0.607477
3,train,Chopin/Scherzos/20/xml_score.musicxml,Chopin/Scherzos/20/Kurz04M.mid,2.0,650,344,306,76,0,325,210,179,146,31,0,325,210,165,160,45,0,0.529231,0.819048,0.642991
3,train,Chopin/Scherzos/20/xml_score.musicxml,Chopin/Scherzos/20/Wong03.mid,0.0,966,189,777,231,0,483,210,142,341,68,8,483,210,47,436,163,2,0.195652,0.45,0.272727
3,train,Chopin/Scherzos/20/xml_score.musicxml,Chopin/Scherzos/20/Wong03.mid,1.0,966,376,590,44,1,483,210,202,281,8,1,483,210,174,309,36,0,0.389234,0.895238,0.542569
3,train,Chopin/Scherzos/20/xml_score.musicxml,Chopin/Scherzos/20/Wong03.mid,2.0,966,393,573,27,2,483,210,203,280,7,2,483,210,190,293,20,0,0.406832,0.935714,0.5671
3,train,Chopin/Scherzos/20/xml_score.musicxml,Chopin/Scherzos/20/Wong04M.mid,0.0,852,130,722,290,0,426,210,83,343,127,5,426,210,47,379,163,5,0.152582,0.309524,0.204403
3,train,Chopin/Scherzos/20/xml_score.musicxml,Chopin/Scherzos/20/Wong04M.mid,1.0,852,318,534,102,4,426,210,165,261,45,2,426,210,153,273,57,2,0.373239,0.757143,0.5
3,train,Chopin/Scherzos/20/xml_score.musicxml,Chopin/Scherzos/20/Wong04M.mid,2.0,852,353,499,67,2,426,210,178,248,32,1,426,210,175,251,35,1,0.414319,0.840476,0.555031
3,train,Chopin/Scherzos/20/xml_score.musicxml,Chopin/Scherzos/20/ZhangYunling04M.mid,0.0,994,165,829,255,0,497,210,139,358,71,8,497,210,26,471,184,2,0.165996,0.392857,0.23338
3,train,Chopin/Scherzos/20/xml_score.musicxml,Chopin/Scherzos/20/ZhangYunling04M.mid,1.0,994,383,611,37,2,497,210,204,293,6,1,497,210,179,318,31,1,0.385312,0.911905,0.541726
3,train,Chopin/Scherzos/20/xml_score.musicxml,Chopin/Scherzos/20/ZhangYunling04M.mid,2.0,994,400,594,20,0,497,210,206,291,4,0,497,210,194,303,16,0,0.402414,0.952381,0.565771
3,test,Chopin/Scherzos/31/xml_score.musicxml,Chopin/Scherzos/31/ChenW04M.mid,0.0,978,92,886,387,0,489,250,84,405,166,14,489,229,8,481,221,13,0.09407,0.192067,0.126287
3,test,Chopin/Scherzos/31/xml_score.musicxml,Chopin/Scherzos/31/ChenW04M.mid,1.0,978,289,689,190,16,489,250,226,263,24,10,489,229,63,426,166,6,0.295501,0.60334,0.396706
3,test,Chopin/Scherzos/31/xml_score.musicxml,Chopin/Scherzos/31/ChenW04M.mid,2.0,978,421,557,58,6,489,250,239,250,11,3,489,229,182,307,47,3,0.43047,0.878914,0.5779
3,test,Chopin/Scherzos/31/xml_score.musicxml,Chopin/Scherzos/31/Dossin06.mid,0.0,880,137,743,342,0,440,250,126,314,124,10,440,229,11,429,218,9,0.155682,0.286013,0.201619
3,test,Chopin/Scherzos/31/xml_score.musicxml,Chopin/Scherzos/31/Dossin06.mid,1.0,880,272,608,207,13,440,250,191,249,59,10,440,229,81,359,148,3,0.309091,0.56785,0.400294
3,test,Chopin/Scherzos/31/xml_score.musicxml,Chopin/Scherzos/31/Dossin06.mid,2.0,880,354,526,125,14,440,250,204,236,46,13,440,229,150,290,79,1,0.402273,0.73904,0.520971
3,test,Chopin/Scherzos/31/xml_score.musicxml,Chopin/Scherzos/31/HuNY08M.mid,0.0,1000,109,891,370,0,500,250,96,404,154,7,500,229,13,487,216,19,0.109,0.227557,0.147397
3,test,Chopin/Scherzos/31/xml_score.musicxml,Chopin/Scherzos/31/HuNY08M.mid,1.0,1000,277,723,202,29,500,250,197,303,53,14,500,229,80,420,149,15,0.277,0.578288,0.374577
3,test,Chopin/Scherzos/31/xml_score.musicxml,Chopin/Scherzos/31/HuNY08M.mid,2.0,1000,399,601,80,9,500,250,214,286,36,3,500,229,185,315,44,6,0.399,0.832985,0.539554
3,test,Chopin/Scherzos/31/xml_score.musicxml,Chopin/Scherzos/31/Jussow04.mid,0.0,832,105,727,374,0,416,250,96,320,154,7,416,229,9,407,220,17,0.126202,0.219207,0.160183
3,test,Chopin/Scherzos/31/xml_score.musicxml,Chopin/Scherzos/31/Jussow04.mid,1.0,832,267,565,212,15,416,250,211,205,39,5,416,229,56,360,173,10,0.320913,0.557411,0.407323
3,test,Chopin/Scherzos/31/xml_score.musicxml,Chopin/Scherzos/31/Jussow04.mid,2.0,832,384,448,95,14,416,250,219,197,31,8,416,229,165,251,64,6,0.461538,0.80167,0.585812
3,test,Chopin/Scherzos/31/xml_score.musicxml,Chopin/Scherzos/31/Jussow11M.mid,0.0,790,113,677,366,0,395,250,103,292,147,2,395,229,10,385,219,13,0.143038,0.235908,0.178093
3,test,Chopin/Scherzos/31/xml_score.musicxml,Chopin/Scherzos/31/Jussow11M.mid,1.0,790,261,529,218,15,395,250,212,183,38,6,395,229,49,346,180,9,0.33038,0.544885,0.411348
3,test,Chopin/Scherzos/31/xml_score.musicxml,Chopin/Scherzos/31/Jussow11M.mid,2.0,790,379,411,100,15,395,250,218,177,32,8,395,229,161,234,68,7,0.479747,0.791232,0.597321
3,test,Chopin/Scherzos/31/xml_score.musicxml,Chopin/Scherzos/31/LeeN04M.mid,0.0,1044,121,923,358,0,522,250,113,409,137,4,522,229,8,514,221,16,0.1159,0.25261,0.158897
3,test,Chopin/Scherzos/31/xml_score.musicxml,Chopin/Scherzos/31/LeeN04M.mid,1.0,1044,298,746,181,27,522,250,203,319,47,15,522,229,95,427,134,12,0.285441,0.622129,0.391333
3,test,Chopin/Scherzos/31/xml_score.musicxml,Chopin/Scherzos/31/LeeN04M.mid,2.0,1044,402,642,77,17,522,250,227,295,23,11,522,229,175,347,54,6,0.385057,0.839248,0.527905
3,test,Chopin/Scherzos/31/xml_score.musicxml,Chopin/Scherzos/31/LinTami06M.mid,0.0,938,108,830,371,0,469,250,97,372,153,1,469,229,11,458,218,6,0.115139,0.22547,0.152435
3,test,Chopin/Scherzos/31/xml_score.musicxml,Chopin/Scherzos/31/LinTami06M.mid,1.0,938,275,663,204,8,469,250,212,257,38,4,469,229,63,406,166,4,0.293177,0.574113,0.388144
3,test,Chopin/Scherzos/31/xml_score.musicxml,Chopin/Scherzos/31/LinTami06M.mid,2.0,938,401,537,78,10,469,250,228,241,22,8,469,229,173,296,56,2,0.427505,0.837161,0.565984
3,test,Chopin/Scherzos/31/xml_score.musicxml,Chopin/Scherzos/31/LuoJ12M.mid,0.0,1186,139,1047,340,0,593,250,128,465,122,10,593,229,11,582,218,11,0.117201,0.290188,0.166967
3,test,Chopin/Scherzos/31/xml_score.musicxml,Chopin/Scherzos/31/LuoJ12M.mid,1.0,1186,310,876,169,20,593,250,231,362,19,16,593,229,79,514,150,4,0.261383,0.647182,0.372372
3,test,Chopin/Scherzos/31/xml_score.musicxml,Chopin/Scherzos/31/LuoJ12M.mid,2.0,1186,424,762,55,8,593,250,239,354,11,6,593,229,185,408,44,2,0.357504,0.885177,0.509309
3,test,Chopin/Scherzos/31/xml_score.musicxml,Chopin/Scherzos/31/SunD04M.mid,0.0,1078,168,910,311,0,539,250,156,383,94,7,539,229,12,527,217,15,0.155844,0.350731,0.2158
3,test,Chopin/Scherzos/31/xml_score.musicxml,Chopin/Scherzos/31/SunD04M.mid,1.0,1078,335,743,144,24,539,250,209,330,41,13,539,229,126,413,103,11,0.310761,0.699374,0.430315
3,test,Chopin/Scherzos/31/xml_score.musicxml,Chopin/Scherzos/31/SunD04M.mid,2.0,1078,431,647,48,9,539,250,243,296,7,7,539,229,188,351,41,2,0.399814,0.899791,0.553629
3,test,Chopin/Scherzos/31/xml_score.musicxml,Chopin/Scherzos/31/TongB04M.mid,0.0,954,129,825,350,0,477,250,122,355,128,4,477,229,7,470,222,6,0.13522,0.269311,0.180042
3,test,Chopin/Scherzos/31/xml_score.musicxml,Chopin/Scherzos/31/TongB04M.mid,1.0,954,286,668,193,17,477,250,225,252,25,14,477,229,61,416,168,3,0.29979,0.597077,0.399163
3,test,Chopin/Scherzos/31/xml_score.musicxml,Chopin/Scherzos/31/TongB04M.mid,2.0,954,410,544,69,9,477,250,233,244,17,8,477,229,177,300,52,1,0.429769,0.85595,0.572226
3,test,Chopin/Scherzos/31/xml_score.musicxml,Chopin/Scherzos/31/TuanS05M.mid,0.0,974,90,884,389,0,487,250,81,406,169,9,487,229,9,478,220,9,0.092402,0.187891,0.123882
3,test,Chopin/Scherzos/31/xml_score.musicxml,Chopin/Scherzos/31/TuanS05M.mid,1.0,974,296,678,183,9,487,250,231,256,19,5,487,229,65,422,164,4,0.303901,0.617954,0.407433
3,test,Chopin/Scherzos/31/xml_score.musicxml,Chopin/Scherzos/31/TuanS05M.mid,2.0,974,422,552,57,6,487,250,240,247,10,5,487,229,182,305,47,1,0.433265,0.881002,0.580867
3,test,Chopin/Scherzos/31/xml_score.musicxml,Chopin/Scherzos/31/ZhangW04M.mid,0.0,1164,113,1051,366,0,582,250,98,484,152,9,582,229,15,567,214,20,0.097079,0.235908,0.137553
3,test,Chopin/Scherzos/31/xml_score.musicxml,Chopin/Scherzos/31/ZhangW04M.mid,1.0,1164,317,847,162,11,582,250,233,349,17,6,582,229,84,498,145,5,0.272337,0.661795,0.385879
3,test,Chopin/Scherzos/31/xml_score.musicxml,Chopin/Scherzos/31/ZhangW04M.mid,2.0,1164,441,723,38,10,582,250,245,337,5,8,582,229,196,386,33,2,0.378866,0.920668,0.536823
3,train,Chopin/Scherzos/39/xml_score.musicxml,Chopin/Scherzos/39/Arciglione13M.mid,0.0,666,44,622,174,0,333,109,36,297,73,6,333,109,8,325,101,12,0.066066,0.201835,0.099548
3,train,Chopin/Scherzos/39/xml_score.musicxml,Chopin/Scherzos/39/Arciglione13M.mid,1.0,666,84,582,134,10,333,109,61,272,48,7,333,109,23,310,86,3,0.126126,0.385321,0.190045
3,train,Chopin/Scherzos/39/xml_score.musicxml,Chopin/Scherzos/39/Arciglione13M.mid,2.0,666,107,559,111,12,333,109,65,268,44,12,333,109,42,291,67,0,0.160661,0.490826,0.242081
3,train,Chopin/Scherzos/39/xml_score.musicxml,Chopin/Scherzos/39/Bult-ItoS05M.mid,0.0,700,52,648,166,0,350,109,38,312,71,4,350,109,14,336,95,13,0.074286,0.238532,0.11329
3,train,Chopin/Scherzos/39/xml_score.musicxml,Chopin/Scherzos/39/Bult-ItoS05M.mid,1.0,700,125,575,93,19,350,109,82,268,27,19,350,109,43,307,66,0,0.178571,0.573394,0.272331
3,train,Chopin/Scherzos/39/xml_score.musicxml,Chopin/Scherzos/39/Bult-ItoS05M.mid,2.0,700,165,535,53,2,350,109,86,264,23,2,350,109,79,271,30,0,0.235714,0.756881,0.359477
3,train,Chopin/Sonata_2/1st_no_repeat/xml_score.musicxml,Chopin/Sonata_2/1st_no_repeat/Giltburg02.mid,0.0,538,0,538,1,0,269,0,0,269,0,0,269,1,0,269,1,0,0.0,0.0,0.0
3,train,Chopin/Sonata_2/1st_no_repeat/xml_score.musicxml,Chopin/Sonata_2/1st_no_repeat/Giltburg02.mid,1.0,538,0,538,1,0,269,0,0,269,0,0,269,1,0,269,1,0,0.0,0.0,0.0
3,train,Chopin/Sonata_2/1st_no_repeat/xml_score.musicxml,Chopin/Sonata_2/1st_no_repeat/Giltburg02.mid,2.0,538,1,537,0,0,269,0,0,269,0,0,269,1,1,268,0,0,0.001859,1.0,0.003711
3,train,Chopin/Sonata_2/1st_no_repeat/xml_score.musicxml,Chopin/Sonata_2/1st_no_repeat/Jia03.mid,0.0,722,0,722,1,0,361,0,0,361,0,0,361,1,0,361,1,0,0.0,0.0,0.0
3,train,Chopin/Sonata_2/1st_no_repeat/xml_score.musicxml,Chopin/Sonata_2/1st_no_repeat/Jia03.mid,1.0,722,0,722,1,0,361,0,0,361,0,0,361,1,0,361,1,0,0.0,0.0,0.0
3,train,Chopin/Sonata_2/1st_no_repeat/xml_score.musicxml,Chopin/Sonata_2/1st_no_repeat/Jia03.mid,2.0,722,1,721,0,0,361,0,0,361,0,0,361,1,1,360,0,0,0.001385,1.0,0.002766
3,train,Chopin/Sonata_2/1st_no_repeat/xml_score.musicxml,Chopin/Sonata_2/1st_no_repeat/Knoll10.mid,0.0,650,0,650,1,0,325,0,0,325,0,0,325,1,0,325,1,0,0.0,0.0,0.0
3,train,Chopin/Sonata_2/1st_no_repeat/xml_score.musicxml,Chopin/Sonata_2/1st_no_repeat/Knoll10.mid,1.0,650,0,650,1,0,325,0,0,325,0,0,325,1,0,325,1,0,0.0,0.0,0.0
3,train,Chopin/Sonata_2/1st_no_repeat/xml_score.musicxml,Chopin/Sonata_2/1st_no_repeat/Knoll10.mid,2.0,650,1,649,0,0,325,0,0,325,0,0,325,1,1,324,0,0,0.001538,1.0,0.003072
3,train,Chopin/Sonata_2/1st_no_repeat/xml_score.musicxml,Chopin/Sonata_2/1st_no_repeat/MATSUM03.mid,0.0,384,0,384,1,0,192,0,0,192,0,0,192,1,0,192,1,0,0.0,0.0,0.0
3,train,Chopin/Sonata_2/1st_no_repeat/xml_score.musicxml,Chopin/Sonata_2/1st_no_repeat/MATSUM03.mid,1.0,384,0,384,1,0,192,0,0,192,0,0,192,1,0,192,1,0,0.0,0.0,0.0
3,train,Chopin/Sonata_2/1st_no_repeat/xml_score.musicxml,Chopin/Sonata_2/1st_no_repeat/MATSUM03.mid,2.0,384,1,383,0,0,192,0,0,192,0,0,192,1,1,191,0,0,0.002604,1.0,0.005195
3,test,Chopin/Sonata_2/2nd_no_repeat/xml_score.musicxml,Chopin/Sonata_2/2nd_no_repeat/Giltburg02.mid,0.0,600,0,600,1,0,300,0,0,300,0,0,300,1,0,300,1,0,0.0,0.0,0.0
3,test,Chopin/Sonata_2/2nd_no_repeat/xml_score.musicxml,Chopin/Sonata_2/2nd_no_repeat/Giltburg02.mid,1.0,600,0,600,1,0,300,0,0,300,0,0,300,1,0,300,1,0,0.0,0.0,0.0
3,test,Chopin/Sonata_2/2nd_no_repeat/xml_score.musicxml,Chopin/Sonata_2/2nd_no_repeat/Giltburg02.mid,2.0,600,0,600,1,0,300,0,0,300,0,0,300,1,0,300,1,0,0.0,0.0,0.0
3,test,Chopin/Sonata_2/2nd_no_repeat/xml_score.musicxml,Chopin/Sonata_2/2nd_no_repeat/Knoll10.mid,0.0,652,0,652,1,0,326,0,0,326,0,0,326,1,0,326,1,0,0.0,0.0,0.0
3,test,Chopin/Sonata_2/2nd_no_repeat/xml_score.musicxml,Chopin/Sonata_2/2nd_no_repeat/Knoll10.mid,1.0,652,0,652,1,0,326,0,0,326,0,0,326,1,0,326,1,0,0.0,0.0,0.0
3,test,Chopin/Sonata_2/2nd_no_repeat/xml_score.musicxml,Chopin/Sonata_2/2nd_no_repeat/Knoll10.mid,2.0,652,0,652,1,0,326,0,0,326,0,0,326,1,0,326,1,0,0.0,0.0,0.0
3,train,Chopin/Sonata_3/2nd/xml_score.musicxml,Chopin/Sonata_3/2nd/GarritsonL09.mid,0.0,282,1,281,41,0,141,0,0,141,0,0,141,42,1,140,41,0,0.003546,0.02381,0.006173
3,train,Chopin/Sonata_3/2nd/xml_score.musicxml,Chopin/Sonata_3/2nd/GarritsonL09.mid,1.0,282,15,267,27,0,141,0,0,141,0,0,141,42,15,126,27,0,0.053191,0.357143,0.092593
3,train,Chopin/Sonata_3/2nd/xml_score.musicxml,Chopin/Sonata_3/2nd/GarritsonL09.mid,2.0,282,39,243,3,0,141,0,0,141,0,0,141,42,39,102,3,0,0.138298,0.928571,0.240741
3,train,Chopin/Sonata_3/2nd/xml_score.musicxml,Chopin/Sonata_3/2nd/HONG08.mid,0.0,270,0,270,42,0,135,0,0,135,0,0,135,42,0,135,42,0,0.0,0.0,0.0
3,train,Chopin/Sonata_3/2nd/xml_score.musicxml,Chopin/Sonata_3/2nd/HONG08.mid,1.0,270,2,268,40,0,135,0,0,135,0,0,135,42,2,133,40,0,0.007407,0.047619,0.012821
3,train,Chopin/Sonata_3/2nd/xml_score.musicxml,Chopin/Sonata_3/2nd/HONG08.mid,2.0,270,19,251,23,4,135,0,0,135,0,4,135,42,19,116,23,0,0.07037,0.452381,0.121795
3,train,Chopin/Sonata_3/2nd/xml_score.musicxml,Chopin/Sonata_3/2nd/HuangSW04.mid,0.0,316,5,311,37,0,158,0,0,158,0,0,158,42,5,153,37,0,0.015823,0.119048,0.027933
3,train,Chopin/Sonata_3/2nd/xml_score.musicxml,Chopin/Sonata_3/2nd/HuangSW04.mid,1.0,316,16,300,26,5,158,0,0,158,0,5,158,42,16,142,26,0,0.050633,0.380952,0.089385
3,train,Chopin/Sonata_3/2nd/xml_score.musicxml,Chopin/Sonata_3/2nd/HuangSW04.mid,2.0,316,36,280,6,0,158,0,0,158,0,0,158,42,36,122,6,0,0.113924,0.857143,0.201117
3,train,Chopin/Sonata_3/2nd/xml_score.musicxml,Chopin/Sonata_3/2nd/Huangci06.mid,0.0,286,7,279,35,0,143,0,0,143,0,0,143,42,7,136,35,0,0.024476,0.166667,0.042683
3,train,Chopin/Sonata_3/2nd/xml_score.musicxml,Chopin/Sonata_3/2nd/Huangci06.mid,1.0,286,21,265,21,2,143,0,0,143,0,2,143,42,21,122,21,0,0.073427,0.5,0.128049
3,train,Chopin/Sonata_3/2nd/xml_score.musicxml,Chopin/Sonata_3/2nd/Huangci06.mid,2.0,286,27,259,15,1,143,0,0,143,0,1,143,42,27,116,15,0,0.094406,0.642857,0.164634
3,train,Chopin/Sonata_3/2nd/xml_score.musicxml,Chopin/Sonata_3/2nd/KimSJ08.mid,0.0,308,3,305,39,0,154,0,0,154,0,0,154,42,3,151,39,0,0.00974,0.071429,0.017143
3,train,Chopin/Sonata_3/2nd/xml_score.musicxml,Chopin/Sonata_3/2nd/KimSJ08.mid,1.0,308,7,301,35,1,154,0,0,154,0,1,154,42,7,147,35,0,0.022727,0.166667,0.04
3,train,Chopin/Sonata_3/2nd/xml_score.musicxml,Chopin/Sonata_3/2nd/KimSJ08.mid,2.0,308,17,291,25,3,154,0,0,154,0,3,154,42,17,137,25,0,0.055195,0.404762,0.097143
3,train,Chopin/Sonata_3/2nd/xml_score.musicxml,Chopin/Sonata_3/2nd/KimSY21.mid,0.0,256,0,256,42,0,128,0,0,128,0,0,128,42,0,128,42,0,0.0,0.0,0.0
3,train,Chopin/Sonata_3/2nd/xml_score.musicxml,Chopin/Sonata_3/2nd/KimSY21.mid,1.0,256,16,240,26,1,128,0,0,128,0,1,128,42,16,112,26,0,0.0625,0.380952,0.107383
3,train,Chopin/Sonata_3/2nd/xml_score.musicxml,Chopin/Sonata_3/2nd/KimSY21.mid,2.0,256,41,215,1,0,128,0,0,128,0,0,128,42,41,87,1,0,0.160156,0.97619,0.275168
3,train,Chopin/Sonata_3/2nd/xml_score.musicxml,Chopin/Sonata_3/2nd/SCHU09.mid,0.0,234,0,234,42,0,117,0,0,117,0,0,117,42,0,117,42,0,0.0,0.0,0.0
3,train,Chopin/Sonata_3/2nd/xml_score.musicxml,Chopin/Sonata_3/2nd/SCHU09.mid,1.0,234,1,233,41,0,117,0,0,117,0,0,117,42,1,116,41,0,0.004274,0.02381,0.007246
3,train,Chopin/Sonata_3/2nd/xml_score.musicxml,Chopin/Sonata_3/2nd/SCHU09.mid,2.0,234,8,226,34,7,117,0,0,117,0,7,117,42,8,109,34,0,0.034188,0.190476,0.057971
3,train,Chopin/Sonata_3/2nd/xml_score.musicxml,Chopin/Sonata_3/2nd/Shybayeva07.mid,0.0,360,0,360,42,0,180,0,0,180,0,0,180,42,0,180,42,0,0.0,0.0,0.0
3,train,Chopin/Sonata_3/2nd/xml_score.musicxml,Chopin/Sonata_3/2nd/Shybayeva07.mid,1.0,360,10,350,32,4,180,0,0,180,0,4,180,42,10,170,32,0,0.027778,0.238095,0.049751
3,train,Chopin/Sonata_3/2nd/xml_score.musicxml,Chopin/Sonata_3/2nd/Shybayeva07.mid,2.0,360,30,330,12,0,180,0,0,180,0,0,180,42,30,150,12,0,0.083333,0.714286,0.149254
3,train,Chopin/Sonata_3/2nd/xml_score.musicxml,Chopin/Sonata_3/2nd/mikahailoff01.mid,0.0,262,8,254,34,0,131,0,0,131,0,0,131,42,8,123,34,0,0.030534,0.190476,0.052632
3,train,Chopin/Sonata_3/2nd/xml_score.musicxml,Chopin/Sonata_3/2nd/mikahailoff01.mid,1.0,262,27,235,15,0,131,0,0,131,0,0,131,42,27,104,15,0,0.103053,0.642857,0.177632
3,train,Chopin/Sonata_3/2nd/xml_score.musicxml,Chopin/Sonata_3/2nd/mikahailoff01.mid,2.0,262,36,226,6,1,131,0,0,131,0,1,131,42,36,95,6,0,0.137405,0.857143,0.236842
3,train,Chopin/Sonata_3/3rd/xml_score.musicxml,Chopin/Sonata_3/3rd/GarritsonL10.mid,0.0,538,8,530,12,0,269,8,6,263,2,3,269,12,2,267,10,0,0.01487,0.4,0.028674
3,train,Chopin/Sonata_3/3rd/xml_score.musicxml,Chopin/Sonata_3/3rd/GarritsonL10.mid,1.0,538,17,521,3,0,269,8,8,261,0,0,269,12,9,260,3,0,0.031599,0.85,0.060932
3,train,Chopin/Sonata_3/3rd/xml_score.musicxml,Chopin/Sonata_3/3rd/GarritsonL10.mid,2.0,538,20,518,0,0,269,8,8,261,0,0,269,12,12,257,0,0,0.037175,1.0,0.071685
3,train,Chopin/Sonata_3/3rd/xml_score.musicxml,Chopin/Sonata_3/3rd/HONG08.mid,0.0,470,4,466,16,0,235,8,2,233,6,2,235,12,2,233,10,3,0.008511,0.2,0.016327
3,train,Chopin/Sonata_3/3rd/xml_score.musicxml,Chopin/Sonata_3/3rd/HONG08.mid,1.0,470,19,451,1,1,235,8,8,227,0,1,235,12,11,224,1,0,0.040426,0.95,0.077551
3,train,Chopin/Sonata_3/3rd/xml_score.musicxml,Chopin/Sonata_3/3rd/HONG08.mid,2.0,470,20,450,0,0,235,8,8,227,0,0,235,12,12,223,0,0,0.042553,1.0,0.081633
3,train,Chopin/Sonata_3/3rd/xml_score.musicxml,Chopin/Sonata_3/3rd/HuangSW05.mid,0.0,478,5,473,15,0,239,8,3,236,5,3,239,12,2,237,10,3,0.01046,0.25,0.02008
3,train,Chopin/Sonata_3/3rd/xml_score.musicxml,Chopin/Sonata_3/3rd/HuangSW05.mid,1.0,478,17,461,3,2,239,8,8,231,0,2,239,12,9,230,3,0,0.035565,0.85,0.068273
3,train,Chopin/Sonata_3/3rd/xml_score.musicxml,Chopin/Sonata_3/3rd/HuangSW05.mid,2.0,478,20,458,0,0,239,8,8,231,0,0,239,12,12,227,0,0,0.041841,1.0,0.080321
3,train,Chopin/Sonata_3/3rd/xml_score.musicxml,Chopin/Sonata_3/3rd/Huangci06.mid,0.0,528,7,521,13,0,264,8,5,259,3,1,264,12,2,262,10,0,0.013258,0.35,0.025547
3,train,Chopin/Sonata_3/3rd/xml_score.musicxml,Chopin/Sonata_3/3rd/Huangci06.mid,1.0,528,19,509,1,1,264,8,8,256,0,1,264,12,11,253,1,0,0.035985,0.95,0.069343
3,train,Chopin/Sonata_3/3rd/xml_score.musicxml,Chopin/Sonata_3/3rd/Huangci06.mid,2.0,528,20,508,0,0,264,8,8,256,0,0,264,12,12,252,0,0,0.037879,1.0,0.072993
3,train,Chopin/Sonata_3/3rd/xml_score.musicxml,Chopin/Sonata_3/3rd/KimSJ09.mid,0.0,466,4,462,16,0,233,8,3,230,5,3,233,12,1,232,11,2,0.008584,0.2,0.016461
3,train,Chopin/Sonata_3/3rd/xml_score.musicxml,Chopin/Sonata_3/3rd/KimSJ09.mid,1.0,466,16,450,4,0,233,8,8,225,0,0,233,12,8,225,4,0,0.034335,0.8,0.065844
3,train,Chopin/Sonata_3/3rd/xml_score.musicxml,Chopin/Sonata_3/3rd/KimSJ09.mid,2.0,466,19,447,1,1,233,8,8,225,0,1,233,12,11,222,1,0,0.040773,0.95,0.078189
3,train,Chopin/Sonata_3/3rd/xml_score.musicxml,Chopin/Sonata_3/3rd/KimSY22.mid,0.0,440,6,434,14,0,220,8,3,217,5,0,220,12,3,217,9,1,0.013636,0.3,0.026087
3,train,Chopin/Sonata_3/3rd/xml_score.musicxml,Chopin/Sonata_3/3rd/KimSY22.mid,1.0,440,19,421,1,0,220,8,8,212,0,0,220,12,11,209,1,0,0.043182,0.95,0.082609
3,train,Chopin/Sonata_3/3rd/xml_score.musicxml,Chopin/Sonata_3/3rd/KimSY22.mid,2.0,440,20,420,0,0,220,8,8,212,0,0,220,12,12,208,0,0,0.045455,1.0,0.086957
3,train,Chopin/Sonata_3/3rd/xml_score.musicxml,Chopin/Sonata_3/3rd/SCHU09.mid,0.0,444,5,439,15,0,222,8,2,220,6,2,222,12,3,219,9,2,0.011261,0.25,0.021552
3,train,Chopin/Sonata_3/3rd/xml_score.musicxml,Chopin/Sonata_3/3rd/SCHU09.mid,1.0,444,19,425,1,0,222,8,8,214,0,0,222,12,11,211,1,0,0.042793,0.95,0.081897
3,train,Chopin/Sonata_3/3rd/xml_score.musicxml,Chopin/Sonata_3/3rd/SCHU09.mid,2.0,444,20,424,0,0,222,8,8,214,0,0,222,12,12,210,0,0,0.045045,1.0,0.086207
3,train,Chopin/Sonata_3/3rd/xml_score.musicxml,Chopin/Sonata_3/3rd/Shybayeva07.mid,0.0,472,3,469,17,0,236,8,2,234,6,3,236,12,1,235,11,3,0.006356,0.15,0.012195
3,train,Chopin/Sonata_3/3rd/xml_score.musicxml,Chopin/Sonata_3/3rd/Shybayeva07.mid,1.0,472,18,454,2,0,236,8,7,229,1,0,236,12,11,225,1,0,0.038136,0.9,0.073171
3,train,Chopin/Sonata_3/3rd/xml_score.musicxml,Chopin/Sonata_3/3rd/Shybayeva07.mid,2.0,472,20,452,0,0,236,8,8,228,0,0,236,12,12,224,0,0,0.042373,1.0,0.081301
3,train,Chopin/Sonata_3/3rd/xml_score.musicxml,Chopin/Sonata_3/3rd/mikahailoff01.mid,0.0,460,4,456,16,0,230,8,3,227,5,3,230,12,1,229,11,2,0.008696,0.2,0.016667
3,train,Chopin/Sonata_3/3rd/xml_score.musicxml,Chopin/Sonata_3/3rd/mikahailoff01.mid,1.0,460,17,443,3,1,230,8,8,222,0,1,230,12,9,221,3,0,0.036957,0.85,0.070833
3,train,Chopin/Sonata_3/3rd/xml_score.musicxml,Chopin/Sonata_3/3rd/mikahailoff01.mid,2.0,460,20,440,0,0,230,8,8,222,0,0,230,12,12,218,0,0,0.043478,1.0,0.083333
3,train,Chopin/Sonata_3/4th/xml_score.musicxml,Chopin/Sonata_3/4th/GarritsonL11M.mid,0.0,938,3,935,11,0,469,0,0,469,0,0,469,14,3,466,11,0,0.003198,0.214286,0.006303
3,train,Chopin/Sonata_3/4th/xml_score.musicxml,Chopin/Sonata_3/4th/GarritsonL11M.mid,1.0,938,7,931,7,5,469,0,0,469,0,5,469,14,7,462,7,0,0.007463,0.5,0.014706
3,train,Chopin/Sonata_3/4th/xml_score.musicxml,Chopin/Sonata_3/4th/GarritsonL11M.mid,2.0,938,11,927,3,2,469,0,0,469,0,2,469,14,11,458,3,0,0.011727,0.785714,0.023109
3,train,Chopin/Sonata_3/4th/xml_score.musicxml,Chopin/Sonata_3/4th/HONG08.mid,0.0,812,3,809,11,0,406,0,0,406,0,0,406,14,3,403,11,0,0.003695,0.214286,0.007264
3,train,Chopin/Sonata_3/4th/xml_score.musicxml,Chopin/Sonata_3/4th/HONG08.mid,1.0,812,7,805,7,3,406,0,0,406,0,3,406,14,7,399,7,0,0.008621,0.5,0.016949
3,train,Chopin/Sonata_3/4th/xml_score.musicxml,Chopin/Sonata_3/4th/HONG08.mid,2.0,812,11,801,3,0,406,0,0,406,0,0,406,14,11,395,3,0,0.013547,0.785714,0.026634
3,train,Chopin/Sonata_3/4th/xml_score.musicxml,Chopin/Sonata_3/4th/HuangSW06M.mid,0.0,880,2,878,12,0,440,0,0,440,0,1,440,14,2,438,12,0,0.002273,0.142857,0.004474
3,train,Chopin/Sonata_3/4th/xml_score.musicxml,Chopin/Sonata_3/4th/HuangSW06M.mid,1.0,880,9,871,5,2,440,0,0,440,0,2,440,14,9,431,5,0,0.010227,0.642857,0.020134
3,train,Chopin/Sonata_3/4th/xml_score.musicxml,Chopin/Sonata_3/4th/HuangSW06M.mid,2.0,880,12,868,2,1,440,0,0,440,0,1,440,14,12,428,2,0,0.013636,0.857143,0.026846
3,train,Chopin/Sonata_3/4th/xml_score.musicxml,Chopin/Sonata_3/4th/Huangci06.mid,0.0,832,2,830,12,0,416,0,0,416,0,0,416,14,2,414,12,0,0.002404,0.142857,0.004728
3,train,Chopin/Sonata_3/4th/xml_score.musicxml,Chopin/Sonata_3/4th/Huangci06.mid,1.0,832,7,825,7,2,416,0,0,416,0,2,416,14,7,409,7,0,0.008413,0.5,0.016548
3,train,Chopin/Sonata_3/4th/xml_score.musicxml,Chopin/Sonata_3/4th/Huangci06.mid,2.0,832,11,821,3,2,416,0,0,416,0,2,416,14,11,405,3,0,0.013221,0.785714,0.026005
3,train,Chopin/Sonata_3/4th/xml_score.musicxml,Chopin/Sonata_3/4th/KimSJ10M.mid,0.0,820,2,818,12,0,410,0,0,410,0,1,410,14,2,408,12,0,0.002439,0.142857,0.004796
3,train,Chopin/Sonata_3/4th/xml_score.musicxml,Chopin/Sonata_3/4th/KimSJ10M.mid,1.0,820,6,814,8,4,410,0,0,410,0,4,410,14,6,404,8,0,0.007317,0.428571,0.014388
3,train,Chopin/Sonata_3/4th/xml_score.musicxml,Chopin/Sonata_3/4th/KimSJ10M.mid,2.0,820,11,809,3,0,410,0,0,410,0,0,410,14,11,399,3,0,0.013415,0.785714,0.026379
3,train,Chopin/Sonata_3/4th/xml_score.musicxml,Chopin/Sonata_3/4th/KimSY23M.mid,0.0,906,2,904,12,0,453,0,0,453,0,2,453,14,2,451,12,0,0.002208,0.142857,0.004348
3,train,Chopin/Sonata_3/4th/xml_score.musicxml,Chopin/Sonata_3/4th/KimSY23M.mid,1.0,906,7,899,7,2,453,0,0,453,0,2,453,14,7,446,7,0,0.007726,0.5,0.015217
3,train,Chopin/Sonata_3/4th/xml_score.musicxml,Chopin/Sonata_3/4th/KimSY23M.mid,2.0,906,10,896,4,1,453,0,0,453,0,1,453,14,10,443,4,0,0.011038,0.714286,0.021739
3,train,Chopin/Sonata_3/4th/xml_score.musicxml,Chopin/Sonata_3/4th/SCHU09.mid,0.0,856,1,855,13,0,428,0,0,428,0,2,428,14,1,427,13,0,0.001168,0.071429,0.002299
3,train,Chopin/Sonata_3/4th/xml_score.musicxml,Chopin/Sonata_3/4th/SCHU09.mid,1.0,856,6,850,8,4,428,0,0,428,0,4,428,14,6,422,8,0,0.007009,0.428571,0.013793
3,train,Chopin/Sonata_3/4th/xml_score.musicxml,Chopin/Sonata_3/4th/SCHU09.mid,2.0,856,10,846,4,1,428,0,0,428,0,1,428,14,10,418,4,0,0.011682,0.714286,0.022989
3,train,Chopin/Sonata_3/4th/xml_score.musicxml,Chopin/Sonata_3/4th/Shybayeva07.mid,0.0,1028,3,1025,11,0,514,0,0,514,0,0,514,14,3,511,11,0,0.002918,0.214286,0.005758
3,train,Chopin/Sonata_3/4th/xml_score.musicxml,Chopin/Sonata_3/4th/Shybayeva07.mid,1.0,1028,7,1021,7,3,514,0,0,514,0,3,514,14,7,507,7,0,0.006809,0.5,0.013436
3,train,Chopin/Sonata_3/4th/xml_score.musicxml,Chopin/Sonata_3/4th/Shybayeva07.mid,2.0,1028,12,1016,2,1,514,0,0,514,0,1,514,14,12,502,2,0,0.011673,0.857143,0.023033
3,train,Chopin/Sonata_3/4th/xml_score.musicxml,Chopin/Sonata_3/4th/mikahailoff01.mid,0.0,918,3,915,11,0,459,0,0,459,0,1,459,14,3,456,11,0,0.003268,0.214286,0.006438
3,train,Chopin/Sonata_3/4th/xml_score.musicxml,Chopin/Sonata_3/4th/mikahailoff01.mid,1.0,918,8,910,6,3,459,0,0,459,0,3,459,14,8,451,6,0,0.008715,0.571429,0.017167
3,train,Chopin/Sonata_3/4th/xml_score.musicxml,Chopin/Sonata_3/4th/mikahailoff01.mid,2.0,918,12,906,2,0,459,0,0,459,0,0,459,14,12,447,2,0,0.013072,0.857143,0.025751
3,val,Debussy/Images_Book_1/1_Reflets_dans_lEau/xml_score.musicxml,Debussy/Images_Book_1/1_Reflets_dans_lEau/Kleisen11M.mid,0.0,162,1,161,9,0,81,5,0,81,5,0,81,5,1,80,4,0,0.006173,0.1,0.011628
3,val,Debussy/Images_Book_1/1_Reflets_dans_lEau/xml_score.musicxml,Debussy/Images_Book_1/1_Reflets_dans_lEau/Kleisen11M.mid,1.0,162,10,152,0,0,81,5,5,76,0,0,81,5,5,76,0,0,0.061728,1.0,0.116279
3,val,Debussy/Images_Book_1/1_Reflets_dans_lEau/xml_score.musicxml,Debussy/Images_Book_1/1_Reflets_dans_lEau/Kleisen11M.mid,2.0,162,10,152,0,0,81,5,5,76,0,0,81,5,5,76,0,0,0.061728,1.0,0.116279
3,val,Debussy/Images_Book_1/1_Reflets_dans_lEau/xml_score.musicxml,Debussy/Images_Book_1/1_Reflets_dans_lEau/ParkJH13M.mid,0.0,156,0,156,10,0,78,5,0,78,5,1,78,5,0,78,5,1,0.0,0.0,0.0
3,val,Debussy/Images_Book_1/1_Reflets_dans_lEau/xml_score.musicxml,Debussy/Images_Book_1/1_Reflets_dans_lEau/ParkJH13M.mid,1.0,156,5,151,5,1,78,5,2,76,3,0,78,5,3,75,2,1,0.032051,0.5,0.060241
3,val,Debussy/Images_Book_1/1_Reflets_dans_lEau/xml_score.musicxml,Debussy/Images_Book_1/1_Reflets_dans_lEau/ParkJH13M.mid,2.0,156,9,147,1,0,78,5,5,73,0,0,78,5,4,74,1,0,0.057692,0.9,0.108434
3,train,Liszt/Ballade_2/xml_score.musicxml,Liszt/Ballade_2/Broberg03.mid,0.0,216,0,216,34,0,108,17,0,108,17,1,108,17,0,108,17,1,0.0,0.0,0.0
3,train,Liszt/Ballade_2/xml_score.musicxml,Liszt/Ballade_2/Broberg03.mid,1.0,216,30,186,4,1,108,17,16,92,1,0,108,17,14,94,3,1,0.138889,0.882353,0.24
3,train,Liszt/Ballade_2/xml_score.musicxml,Liszt/Ballade_2/Broberg03.mid,2.0,216,31,185,3,2,108,17,16,92,1,1,108,17,15,93,2,1,0.143519,0.911765,0.248
3,train,Liszt/Ballade_2/xml_score.musicxml,Liszt/Ballade_2/GarritsonL04M.mid,0.0,284,2,282,32,0,142,17,1,141,16,0,142,17,1,141,16,0,0.007042,0.058824,0.012579
3,train,Liszt/Ballade_2/xml_score.musicxml,Liszt/Ballade_2/GarritsonL04M.mid,1.0,284,28,256,6,1,142,17,16,126,1,1,142,17,12,130,5,0,0.098592,0.823529,0.176101
3,train,Liszt/Ballade_2/xml_score.musicxml,Liszt/Ballade_2/GarritsonL04M.mid,2.0,284,33,251,1,0,142,17,17,125,0,0,142,17,16,126,1,0,0.116197,0.970588,0.207547
3,train,Liszt/Ballade_2/xml_score.musicxml,Liszt/Ballade_2/Jin07M.mid,0.0,212,6,206,28,0,106,17,5,101,12,0,106,17,1,105,16,0,0.028302,0.176471,0.04878
3,train,Liszt/Ballade_2/xml_score.musicxml,Liszt/Ballade_2/Jin07M.mid,1.0,212,31,181,3,0,106,17,17,89,0,0,106,17,14,92,3,0,0.146226,0.911765,0.252033
3,train,Liszt/Ballade_2/xml_score.musicxml,Liszt/Ballade_2/Jin07M.mid,2.0,212,31,181,3,0,106,17,17,89,0,0,106,17,14,92,3,0,0.146226,0.911765,0.252033
3,train,Liszt/Ballade_2/xml_score.musicxml,Liszt/Ballade_2/KIM_J04.mid,0.0,250,4,246,30,0,125,17,3,122,14,2,125,17,1,124,16,1,0.016,0.117647,0.028169
3,train,Liszt/Ballade_2/xml_score.musicxml,Liszt/Ballade_2/KIM_J04.mid,1.0,250,32,218,2,0,125,17,17,108,0,0,125,17,15,110,2,0,0.128,0.941176,0.225352
3,train,Liszt/Ballade_2/xml_score.musicxml,Liszt/Ballade_2/KIM_J04.mid,2.0,250,33,217,1,0,125,17,17,108,0,0,125,17,16,109,1,0,0.132,0.970588,0.232394
3,train,Liszt/Ballade_2/xml_score.musicxml,Liszt/Ballade_2/Min06M.mid,0.0,230,5,225,29,0,115,17,3,112,14,0,115,17,2,113,15,1,0.021739,0.147059,0.037879
3,train,Liszt/Ballade_2/xml_score.musicxml,Liszt/Ballade_2/Min06M.mid,1.0,230,32,198,2,0,115,17,17,98,0,0,115,17,15,100,2,0,0.13913,0.941176,0.242424
3,train,Liszt/Ballade_2/xml_score.musicxml,Liszt/Ballade_2/Min06M.mid,2.0,230,32,198,2,0,115,17,17,98,0,0,115,17,15,100,2,0,0.13913,0.941176,0.242424
3,train,Liszt/Ballade_2/xml_score.musicxml,Liszt/Ballade_2/Sham05.mid,0.0,258,5,253,29,0,129,17,1,128,16,0,129,17,4,125,13,0,0.01938,0.147059,0.034247
3,train,Liszt/Ballade_2/xml_score.musicxml,Liszt/Ballade_2/Sham05.mid,1.0,258,27,231,7,1,129,17,15,114,2,0,129,17,12,117,5,1,0.104651,0.794118,0.184932
3,train,Liszt/Ballade_2/xml_score.musicxml,Liszt/Ballade_2/Sham05.mid,2.0,258,27,231,7,2,129,17,15,114,2,1,129,17,12,117,5,1,0.104651,0.794118,0.184932
3,train,Liszt/Gran_Etudes_de_Paganini/2_La_campanella/xml_score.musicxml,Liszt/Gran_Etudes_de_Paganini/2_La_campanella/Albright04.mid,0.0,470,4,466,10,0,235,7,4,231,3,1,235,7,0,235,7,1,0.008511,0.285714,0.016529
3,train,Liszt/Gran_Etudes_de_Paganini/2_La_campanella/xml_score.musicxml,Liszt/Gran_Etudes_de_Paganini/2_La_campanella/Albright04.mid,1.0,470,11,459,3,0,235,7,6,229,1,0,235,7,5,230,2,0,0.023404,0.785714,0.045455
3,train,Liszt/Gran_Etudes_de_Paganini/2_La_campanella/xml_score.musicxml,Liszt/Gran_Etudes_de_Paganini/2_La_campanella/Albright04.mid,2.0,470,12,458,2,0,235,7,6,229,1,0,235,7,6,229,1,0,0.025532,0.857143,0.049587
3,train,Liszt/Gran_Etudes_de_Paganini/2_La_campanella/xml_score.musicxml,Liszt/Gran_Etudes_de_Paganini/2_La_campanella/Ali03.mid,0.0,338,4,334,10,0,169,7,4,165,3,0,169,7,0,169,7,1,0.011834,0.285714,0.022727
3,train,Liszt/Gran_Etudes_de_Paganini/2_La_campanella/xml_score.musicxml,Liszt/Gran_Etudes_de_Paganini/2_La_campanella/Ali03.mid,1.0,338,11,327,3,0,169,7,6,163,1,0,169,7,5,164,2,0,0.032544,0.785714,0.0625
3,train,Liszt/Gran_Etudes_de_Paganini/2_La_campanella/xml_score.musicxml,Liszt/Gran_Etudes_de_Paganini/2_La_campanella/Ali03.mid,2.0,338,11,327,3,0,169,7,6,163,1,0,169,7,5,164,2,0,0.032544,0.785714,0.0625
3,train,Liszt/Gran_Etudes_de_Paganini/2_La_campanella/xml_score.musicxml,Liszt/Gran_Etudes_de_Paganini/2_La_campanella/Bogdanovitch02.mid,0.0,396,6,390,8,0,198,7,5,193,2,0,198,7,1,197,6,0,0.015152,0.428571,0.029268
3,train,Liszt/Gran_Etudes_de_Paganini/2_La_campanella/xml_score.musicxml,Liszt/Gran_Etudes_de_Paganini/2_La_campanella/Bogdanovitch02.mid,1.0,396,13,383,1,0,198,7,7,191,0,0,198,7,6,192,1,0,0.032828,0.928571,0.063415
3,train,Liszt/Gran_Etudes_de_Paganini/2_La_campanella/xml_score.musicxml,Liszt/Gran_Etudes_de_Paganini/2_La_campanella/Bogdanovitch02.mid,2.0,396,13,383,1,0,198,7,7,191,0,0,198,7,6,192,1,0,0.032828,0.928571,0.063415
3,train,Liszt/Gran_Etudes_de_Paganini/2_La_campanella/xml_score.musicxml,Liszt/Gran_Etudes_de_Paganini/2_La_campanella/BuiJL03M.mid,0.0,434,4,430,10,0,217,7,4,213,3,0,217,7,0,217,7,1,0.009217,0.285714,0.017857
3,train,Liszt/Gran_Etudes_de_Paganini/2_La_campanella/xml_score.musicxml,Liszt/Gran_Etudes_de_Paganini/2_La_campanella/BuiJL03M.mid,1.0,434,12,422,2,0,217,7,6,211,1,0,217,7,6,211,1,0,0.02765,0.857143,0.053571
3,train,Liszt/Gran_Etudes_de_Paganini/2_La_campanella/xml_score.musicxml,Liszt/Gran_Etudes_de_Paganini/2_La_campanella/BuiJL03M.mid,2.0,434,13,421,1,0,217,7,7,210,0,0,217,7,6,211,1,0,0.029954,0.928571,0.058036
3,train,Liszt/Gran_Etudes_de_Paganini/2_La_campanella/xml_score.musicxml,Liszt/Gran_Etudes_de_Paganini/2_La_campanella/FALIKS02_2004.mid,0.0,404,5,399,9,0,202,7,5,197,2,1,202,7,0,202,7,0,0.012376,0.357143,0.023923
3,train,Liszt/Gran_Etudes_de_Paganini/2_La_campanella/xml_score.musicxml,Liszt/Gran_Etudes_de_Paganini/2_La_campanella/FALIKS02_2004.mid,1.0,404,10,394,4,0,202,7,5,197,2,0,202,7,5,197,2,0,0.024752,0.714286,0.047847
3,train,Liszt/Gran_Etudes_de_Paganini/2_La_campanella/xml_score.musicxml,Liszt/Gran_Etudes_de_Paganini/2_La_campanella/FALIKS02_2004.mid,2.0,404,10,394,4,0,202,7,5,197,2,0,202,7,5,197,2,0,0.024752,0.714286,0.047847
3,train,Liszt/Gran_Etudes_de_Paganini/2_La_campanella/xml_score.musicxml,Liszt/Gran_Etudes_de_Paganini/2_La_campanella/Faliks02.mid,0.0,424,4,420,10,0,212,7,4,208,3,1,212,7,0,212,7,0,0.009434,0.285714,0.018265
3,train,Liszt/Gran_Etudes_de_Paganini/2_La_campanella/xml_score.musicxml,Liszt/Gran_Etudes_de_Paganini/2_La_campanella/Faliks02.mid,1.0,424,11,413,3,0,212,7,6,206,1,0,212,7,5,207,2,0,0.025943,0.785714,0.050228
3,train,Liszt/Gran_Etudes_de_Paganini/2_La_campanella/xml_score.musicxml,Liszt/Gran_Etudes_de_Paganini/2_La_campanella/Faliks02.mid,2.0,424,11,413,3,0,212,7,6,206,1,0,212,7,5,207,2,0,0.025943,0.785714,0.050228
3,train,Liszt/Gran_Etudes_de_Paganini/2_La_campanella/xml_score.musicxml,Liszt/Gran_Etudes_de_Paganini/2_La_campanella/Faliks03.mid,0.0,440,4,436,10,0,220,7,4,216,3,1,220,7,0,220,7,0,0.009091,0.285714,0.017621
3,train,Liszt/Gran_Etudes_de_Paganini/2_La_campanella/xml_score.musicxml,Liszt/Gran_Etudes_de_Paganini/2_La_campanella/Faliks03.mid,1.0,440,11,429,3,0,220,7,6,214,1,0,220,7,5,215,2,0,0.025,0.785714,0.048458
3,train,Liszt/Gran_Etudes_de_Paganini/2_La_campanella/xml_score.musicxml,Liszt/Gran_Etudes_de_Paganini/2_La_campanella/Faliks03.mid,2.0,440,11,429,3,0,220,7,6,214,1,0,220,7,5,215,2,0,0.025,0.785714,0.048458
3,train,Liszt/Gran_Etudes_de_Paganini/2_La_campanella/xml_score.musicxml,Liszt/Gran_Etudes_de_Paganini/2_La_campanella/Gasanov02.mid,0.0,430,5,425,9,0,215,7,5,210,2,0,215,7,0,215,7,0,0.011628,0.357143,0.022523
3,train,Liszt/Gran_Etudes_de_Paganini/2_La_campanella/xml_score.musicxml,Liszt/Gran_Etudes_de_Paganini/2_La_campanella/Gasanov02.mid,1.0,430,11,419,3,0,215,7,6,209,1,0,215,7,5,210,2,0,0.025581,0.785714,0.04955
3,train,Liszt/Gran_Etudes_de_Paganini/2_La_campanella/xml_score.musicxml,Liszt/Gran_Etudes_de_Paganini/2_La_campanella/Gasanov02.mid,2.0,430,11,419,3,0,215,7,6,209,1,0,215,7,5,210,2,0,0.025581,0.785714,0.04955
3,train,Liszt/Gran_Etudes_de_Paganini/2_La_campanella/xml_score.musicxml,Liszt/Gran_Etudes_de_Paganini/2_La_campanella/HUAN_J03.mid,0.0,456,4,452,10,0,228,7,4,224,3,2,228,7,0,228,7,0,0.008772,0.285714,0.017021
3,train,Liszt/Gran_Etudes_de_Paganini/2_La_campanella/xml_score.musicxml,Liszt/Gran_Etudes_de_Paganini/2_La_campanella/HUAN_J03.mid,1.0,456,12,444,2,0,228,7,6,222,1,0,228,7,6,222,1,0,0.026316,0.857143,0.051064
3,train,Liszt/Gran_Etudes_de_Paganini/2_La_campanella/xml_score.musicxml,Liszt/Gran_Etudes_de_Paganini/2_La_campanella/HUAN_J03.mid,2.0,456,13,443,1,0,228,7,7,221,0,0,228,7,6,222,1,0,0.028509,0.928571,0.055319
3,train,Liszt/Gran_Etudes_de_Paganini/2_La_campanella/xml_score.musicxml,Liszt/Gran_Etudes_de_Paganini/2_La_campanella/Hao03.mid,0.0,434,4,430,10,0,217,7,4,213,3,0,217,7,0,217,7,1,0.009217,0.285714,0.017857
3,train,Liszt/Gran_Etudes_de_Paganini/2_La_campanella/xml_score.musicxml,Liszt/Gran_Etudes_de_Paganini/2_La_campanella/Hao03.mid,1.0,434,11,423,3,0,217,7,6,211,1,0,217,7,5,212,2,0,0.025346,0.785714,0.049107
3,train,Liszt/Gran_Etudes_de_Paganini/2_La_campanella/xml_score.musicxml,Liszt/Gran_Etudes_de_Paganini/2_La_campanella/Hao03.mid,2.0,434,11,423,3,0,217,7,6,211,1,0,217,7,5,212,2,0,0.025346,0.785714,0.049107
3,train,Liszt/Gran_Etudes_de_Paganini/2_La_campanella/xml_score.musicxml,Liszt/Gran_Etudes_de_Paganini/2_La_campanella/KanM06.mid,0.0,446,4,442,10,0,223,7,4,219,3,1,223,7,0,223,7,0,0.008969,0.285714,0.017391
3,train,Liszt/Gran_Etudes_de_Paganini/2_La_campanella/xml_score.musicxml,Liszt/Gran_Etudes_de_Paganini/2_La_campanella/KanM06.mid,1.0,446,11,435,3,0,223,7,6,217,1,0,223,7,5,218,2,0,0.024664,0.785714,0.047826
3,train,Liszt/Gran_Etudes_de_Paganini/2_La_campanella/xml_score.musicxml,Liszt/Gran_Etudes_de_Paganini/2_La_campanella/KanM06.mid,2.0,446,12,434,2,0,223,7,6,217,1,0,223,7,6,217,1,0,0.026906,0.857143,0.052174
3,train,Liszt/Gran_Etudes_de_Paganini/2_La_campanella/xml_score.musicxml,Liszt/Gran_Etudes_de_Paganini/2_La_campanella/Kolessova07.mid,0.0,322,5,317,9,0,161,7,5,156,2,0,161,7,0,161,7,0,0.015528,0.357143,0.029762
3,train,Liszt/Gran_Etudes_de_Paganini/2_La_campanella/xml_score.musicxml,Liszt/Gran_Etudes_de_Paganini/2_La_campanella/Kolessova07.mid,1.0,322,11,311,3,0,161,7,6,155,1,0,161,7,5,156,2,0,0.034161,0.785714,0.065476
3,train,Liszt/Gran_Etudes_de_Paganini/2_La_campanella/xml_score.musicxml,Liszt/Gran_Etudes_de_Paganini/2_La_campanella/Kolessova07.mid,2.0,322,11,311,3,0,161,7,6,155,1,0,161,7,5,156,2,0,0.034161,0.785714,0.065476
3,train,Liszt/Gran_Etudes_de_Paganini/2_La_campanella/xml_score.musicxml,Liszt/Gran_Etudes_de_Paganini/2_La_campanella/LeungR04M.mid,0.0,460,5,455,9,0,230,7,5,225,2,0,230,7,0,230,7,0,0.01087,0.357143,0.021097
3,train,Liszt/Gran_Etudes_de_Paganini/2_La_campanella/xml_score.musicxml,Liszt/Gran_Etudes_de_Paganini/2_La_campanella/LeungR04M.mid,1.0,460,11,449,3,0,230,7,6,224,1,0,230,7,5,225,2,0,0.023913,0.785714,0.046414
3,train,Liszt/Gran_Etudes_de_Paganini/2_La_campanella/xml_score.musicxml,Liszt/Gran_Etudes_de_Paganini/2_La_campanella/LeungR04M.mid,2.0,460,11,449,3,0,230,7,6,224,1,0,230,7,5,225,2,0,0.023913,0.785714,0.046414
3,train,Liszt/Gran_Etudes_de_Paganini/2_La_campanella/xml_score.musicxml,Liszt/Gran_Etudes_de_Paganini/2_La_campanella/Levitsky02.mid,0.0,308,2,306,12,0,154,7,2,152,5,1,154,7,0,154,7,0,0.006494,0.142857,0.012422
3,train,Liszt/Gran_Etudes_de_Paganini/2_La_campanella/xml_score.musicxml,Liszt/Gran_Etudes_de_Paganini/2_La_campanella/Levitsky02.mid,1.0,308,5,303,9,1,154,7,3,151,4,0,154,7,2,152,5,1,0.016234,0.357143,0.031056
3,train,Liszt/Gran_Etudes_de_Paganini/2_La_campanella/xml_score.musicxml,Liszt/Gran_Etudes_de_Paganini/2_La_campanella/Levitsky02.mid,2.0,308,6,302,8,0,154,7,4,150,3,0,154,7,2,152,5,0,0.019481,0.428571,0.037267
3,train,Liszt/Gran_Etudes_de_Paganini/2_La_campanella/xml_score.musicxml,Liszt/Gran_Etudes_de_Paganini/2_La_campanella/Levitsky06M.mid,0.0,294,2,292,12,0,147,7,2,145,5,0,147,7,0,147,7,0,0.006803,0.142857,0.012987
3,train,Liszt/Gran_Etudes_de_Paganini/2_La_campanella/xml_score.musicxml,Liszt/Gran_Etudes_de_Paganini/2_La_campanella/Levitsky06M.mid,1.0,294,7,287,7,1,147,7,4,143,3,0,147,7,3,144,4,1,0.02381,0.5,0.045455
3,train,Liszt/Gran_Etudes_de_Paganini/2_La_campanella/xml_score.musicxml,Liszt/Gran_Etudes_de_Paganini/2_La_campanella/Levitsky06M.mid,2.0,294,9,285,5,0,147,7,6,141,1,0,147,7,3,144,4,0,0.030612,0.642857,0.058442
3,train,Liszt/Gran_Etudes_de_Paganini/2_La_campanella/xml_score.musicxml,Liszt/Gran_Etudes_de_Paganini/2_La_campanella/Lin02.mid,0.0,482,5,477,9,0,241,7,5,236,2,0,241,7,0,241,7,0,0.010373,0.357143,0.020161
3,train,Liszt/Gran_Etudes_de_Paganini/2_La_campanella/xml_score.musicxml,Liszt/Gran_Etudes_de_Paganini/2_La_campanella/Lin02.mid,1.0,482,11,471,3,0,241,7,6,235,1,0,241,7,5,236,2,0,0.022822,0.785714,0.044355
3,train,Liszt/Gran_Etudes_de_Paganini/2_La_campanella/xml_score.musicxml,Liszt/Gran_Etudes_de_Paganini/2_La_campanella/Lin02.mid,2.0,482,11,471,3,0,241,7,6,235,1,0,241,7,5,236,2,0,0.022822,0.785714,0.044355
3,train,Liszt/Gran_Etudes_de_Paganini/2_La_campanella/xml_score.musicxml,Liszt/Gran_Etudes_de_Paganini/2_La_campanella/Lin07M.mid,0.0,496,5,491,9,0,248,7,5,243,2,0,248,7,0,248,7,0,0.010081,0.357143,0.019608
3,train,Liszt/Gran_Etudes_de_Paganini/2_La_campanella/xml_score.musicxml,Liszt/Gran_Etudes_de_Paganini/2_La_campanella/Lin07M.mid,1.0,496,11,485,3,0,248,7,6,242,1,0,248,7,5,243,2,0,0.022177,0.785714,0.043137
3,train,Liszt/Gran_Etudes_de_Paganini/2_La_campanella/xml_score.musicxml,Liszt/Gran_Etudes_de_Paganini/2_La_campanella/Lin07M.mid,2.0,496,11,485,3,0,248,7,6,242,1,0,248,7,5,243,2,0,0.022177,0.785714,0.043137
3,train,Liszt/Gran_Etudes_de_Paganini/2_La_campanella/xml_score.musicxml,Liszt/Gran_Etudes_de_Paganini/2_La_campanella/LiuC05M.mid,0.0,464,5,459,9,0,232,7,5,227,2,0,232,7,0,232,7,0,0.010776,0.357143,0.020921
3,train,Liszt/Gran_Etudes_de_Paganini/2_La_campanella/xml_score.musicxml,Liszt/Gran_Etudes_de_Paganini/2_La_campanella/LiuC05M.mid,1.0,464,11,453,3,0,232,7,6,226,1,0,232,7,5,227,2,0,0.023707,0.785714,0.046025
3,train,Liszt/Gran_Etudes_de_Paganini/2_La_campanella/xml_score.musicxml,Liszt/Gran_Etudes_de_Paganini/2_La_campanella/LiuC05M.mid,2.0,464,11,453,3,0,232,7,6,226,1,0,232,7,5,227,2,0,0.023707,0.785714,0.046025
3,train,Liszt/Gran_Etudes_de_Paganini/2_La_campanella/xml_score.musicxml,Liszt/Gran_Etudes_de_Paganini/2_La_campanella/LiuY03M.mid,0.0,414,4,410,10,0,207,7,4,203,3,1,207,7,0,207,7,1,0.009662,0.285714,0.018692
3,train,Liszt/Gran_Etudes_de_Paganini/2_La_campanella/xml_score.musicxml,Liszt/Gran_Etudes_de_Paganini/2_La_campanella/LiuY03M.mid,1.0,414,11,403,3,0,207,7,6,201,1,0,207,7,5,202,2,0,0.02657,0.785714,0.051402
3,train,Liszt/Gran_Etudes_de_Paganini/2_La_campanella/xml_score.musicxml,Liszt/Gran_Etudes_de_Paganini/2_La_campanella/LiuY03M.mid,2.0,414,12,402,2,0,207,7,6,201,1,0,207,7,6,201,1,0,0.028986,0.857143,0.056075
3,train,Liszt/Gran_Etudes_de_Paganini/2_La_campanella/xml_score.musicxml,Liszt/Gran_Etudes_de_Paganini/2_La_campanella/MunA08M.mid,0.0,414,4,410,10,0,207,7,4,203,3,0,207,7,0,207,7,0,0.009662,0.285714,0.018692
3,train,Liszt/Gran_Etudes_de_Paganini/2_La_campanella/xml_score.musicxml,Liszt/Gran_Etudes_de_Paganini/2_La_campanella/MunA08M.mid,1.0,414,11,403,3,0,207,7,6,201,1,0,207,7,5,202,2,0,0.02657,0.785714,0.051402
3,train,Liszt/Gran_Etudes_de_Paganini/2_La_campanella/xml_score.musicxml,Liszt/Gran_Etudes_de_Paganini/2_La_campanella/MunA08M.mid,2.0,414,11,403,3,0,207,7,6,201,1,0,207,7,5,202,2,0,0.02657,0.785714,0.051402
3,train,Liszt/Gran_Etudes_de_Paganini/2_La_campanella/xml_score.musicxml,Liszt/Gran_Etudes_de_Paganini/2_La_campanella/SEBAST02.mid,0.0,352,5,347,9,0,176,7,5,171,2,0,176,7,0,176,7,0,0.014205,0.357143,0.027322
3,train,Liszt/Gran_Etudes_de_Paganini/2_La_campanella/xml_score.musicxml,Liszt/Gran_Etudes_de_Paganini/2_La_campanella/SEBAST02.mid,1.0,352,11,341,3,0,176,7,6,170,1,0,176,7,5,171,2,0,0.03125,0.785714,0.060109
3,train,Liszt/Gran_Etudes_de_Paganini/2_La_campanella/xml_score.musicxml,Liszt/Gran_Etudes_de_Paganini/2_La_campanella/SEBAST02.mid,2.0,352,12,340,2,0,176,7,6,170,1,0,176,7,6,170,1,0,0.034091,0.857143,0.065574
3,train,Liszt/Gran_Etudes_de_Paganini/2_La_campanella/xml_score.musicxml,Liszt/Gran_Etudes_de_Paganini/2_La_campanella/Seredenko02.mid,0.0,564,6,558,8,0,282,7,5,277,2,2,282,7,1,281,6,0,0.010638,0.428571,0.020761
3,train,Liszt/Gran_Etudes_de_Paganini/2_La_campanella/xml_score.musicxml,Liszt/Gran_Etudes_de_Paganini/2_La_campanella/Seredenko02.mid,1.0,564,11,553,3,0,282,7,6,276,1,0,282,7,5,277,2,0,0.019504,0.785714,0.038062
3,train,Liszt/Gran_Etudes_de_Paganini/2_La_campanella/xml_score.musicxml,Liszt/Gran_Etudes_de_Paganini/2_La_campanella/Seredenko02.mid,2.0,564,12,552,2,0,282,7,6,276,1,0,282,7,6,276,1,0,0.021277,0.857143,0.041522
3,train,Liszt/Gran_Etudes_de_Paganini/2_La_campanella/xml_score.musicxml,Liszt/Gran_Etudes_de_Paganini/2_La_campanella/Sychev03.mid,0.0,372,5,367,9,0,186,7,5,181,2,0,186,7,0,186,7,0,0.013441,0.357143,0.025907
3,train,Liszt/Gran_Etudes_de_Paganini/2_La_campanella/xml_score.musicxml,Liszt/Gran_Etudes_de_Paganini/2_La_campanella/Sychev03.mid,1.0,372,11,361,3,0,186,7,6,180,1,0,186,7,5,181,2,0,0.02957,0.785714,0.056995
3,train,Liszt/Gran_Etudes_de_Paganini/2_La_campanella/xml_score.musicxml,Liszt/Gran_Etudes_de_Paganini/2_La_campanella/Sychev03.mid,2.0,372,12,360,2,0,186,7,6,180,1,0,186,7,6,180,1,0,0.032258,0.857143,0.062176
3,train,Liszt/Gran_Etudes_de_Paganini/2_La_campanella/xml_score.musicxml,Liszt/Gran_Etudes_de_Paganini/2_La_campanella/TET03.mid,0.0,488,5,483,9,0,244,7,5,239,2,0,244,7,0,244,7,0,0.010246,0.357143,0.01992
3,train,Liszt/Gran_Etudes_de_Paganini/2_La_campanella/xml_score.musicxml,Liszt/Gran_Etudes_de_Paganini/2_La_campanella/TET03.mid,1.0,488,11,477,3,0,244,7,6,238,1,0,244,7,5,239,2,0,0.022541,0.785714,0.043825
3,train,Liszt/Gran_Etudes_de_Paganini/2_La_campanella/xml_score.musicxml,Liszt/Gran_Etudes_de_Paganini/2_La_campanella/TET03.mid,2.0,488,12,476,2,0,244,7,6,238,1,0,244,7,6,238,1,0,0.02459,0.857143,0.047809
3,train,Liszt/Gran_Etudes_de_Paganini/2_La_campanella/xml_score.musicxml,Liszt/Gran_Etudes_de_Paganini/2_La_campanella/VuV06M.mid,0.0,446,5,441,9,0,223,7,5,218,2,1,223,7,0,223,7,0,0.011211,0.357143,0.021739
3,train,Liszt/Gran_Etudes_de_Paganini/2_La_campanella/xml_score.musicxml,Liszt/Gran_Etudes_de_Paganini/2_La_campanella/VuV06M.mid,1.0,446,11,435,3,0,223,7,6,217,1,0,223,7,5,218,2,0,0.024664,0.785714,0.047826
3,train,Liszt/Gran_Etudes_de_Paganini/2_La_campanella/xml_score.musicxml,Liszt/Gran_Etudes_de_Paganini/2_La_campanella/VuV06M.mid,2.0,446,12,434,2,0,223,7,6,217,1,0,223,7,6,217,1,0,0.026906,0.857143,0.052174
3,train,Liszt/Gran_Etudes_de_Paganini/2_La_campanella/xml_score.musicxml,Liszt/Gran_Etudes_de_Paganini/2_La_campanella/Yang05M.mid,0.0,364,4,360,10,0,182,7,4,178,3,0,182,7,0,182,7,0,0.010989,0.285714,0.021164
3,train,Liszt/Gran_Etudes_de_Paganini/2_La_campanella/xml_score.musicxml,Liszt/Gran_Etudes_de_Paganini/2_La_campanella/Yang05M.mid,1.0,364,11,353,3,0,182,7,6,176,1,0,182,7,5,177,2,0,0.03022,0.785714,0.058201
3,train,Liszt/Gran_Etudes_de_Paganini/2_La_campanella/xml_score.musicxml,Liszt/Gran_Etudes_de_Paganini/2_La_campanella/Yang05M.mid,2.0,364,11,353,3,0,182,7,6,176,1,0,182,7,5,177,2,0,0.03022,0.785714,0.058201
3,train,Liszt/Gran_Etudes_de_Paganini/2_La_campanella/xml_score.musicxml,Liszt/Gran_Etudes_de_Paganini/2_La_campanella/Yoon02.mid,0.0,438,5,433,9,0,219,7,5,214,2,1,219,7,0,219,7,0,0.011416,0.357143,0.022124
3,train,Liszt/Gran_Etudes_de_Paganini/2_La_campanella/xml_score.musicxml,Liszt/Gran_Etudes_de_Paganini/2_La_campanella/Yoon02.mid,1.0,438,11,427,3,0,219,7,6,213,1,0,219,7,5,214,2,0,0.025114,0.785714,0.048673
3,train,Liszt/Gran_Etudes_de_Paganini/2_La_campanella/xml_score.musicxml,Liszt/Gran_Etudes_de_Paganini/2_La_campanella/Yoon02.mid,2.0,438,11,427,3,0,219,7,6,213,1,0,219,7,5,214,2,0,0.025114,0.785714,0.048673
3,train,Liszt/Gran_Etudes_de_Paganini/2_La_campanella/xml_score.musicxml,Liszt/Gran_Etudes_de_Paganini/2_La_campanella/ZhangH02.mid,0.0,336,4,332,10,0,168,7,4,164,3,1,168,7,0,168,7,1,0.011905,0.285714,0.022857
3,train,Liszt/Gran_Etudes_de_Paganini/2_La_campanella/xml_score.musicxml,Liszt/Gran_Etudes_de_Paganini/2_La_campanella/ZhangH02.mid,1.0,336,11,325,3,0,168,7,6,162,1,0,168,7,5,163,2,0,0.032738,0.785714,0.062857
3,train,Liszt/Gran_Etudes_de_Paganini/2_La_campanella/xml_score.musicxml,Liszt/Gran_Etudes_de_Paganini/2_La_campanella/ZhangH02.mid,2.0,336,11,325,3,0,168,7,6,162,1,0,168,7,5,163,2,0,0.032738,0.785714,0.062857
3,train,Liszt/Gran_Etudes_de_Paganini/2_La_campanella/xml_score.musicxml,Liszt/Gran_Etudes_de_Paganini/2_La_campanella/ZhangH07M.mid,0.0,306,5,301,9,0,153,7,4,149,3,1,153,7,1,152,6,1,0.01634,0.357143,0.03125
3,train,Liszt/Gran_Etudes_de_Paganini/2_La_campanella/xml_score.musicxml,Liszt/Gran_Etudes_de_Paganini/2_La_campanella/ZhangH07M.mid,1.0,306,13,293,1,0,153,7,7,146,0,0,153,7,6,147,1,0,0.042484,0.928571,0.08125
3,train,Liszt/Gran_Etudes_de_Paganini/2_La_campanella/xml_score.musicxml,Liszt/Gran_Etudes_de_Paganini/2_La_campanella/ZhangH07M.mid,2.0,306,13,293,1,0,153,7,7,146,0,0,153,7,6,147,1,0,0.042484,0.928571,0.08125
3,val,Liszt/Transcendental_Etudes/10/xml_score.musicxml,Liszt/Transcendental_Etudes/10/CaoJ03M.mid,0.0,142,2,140,8,0,71,5,2,69,3,0,71,5,0,71,5,0,0.014085,0.2,0.026316
3,val,Liszt/Transcendental_Etudes/10/xml_score.musicxml,Liszt/Transcendental_Etudes/10/CaoJ03M.mid,1.0,142,9,133,1,0,71,5,5,66,0,0,71,5,4,67,1,0,0.06338,0.9,0.118421
3,val,Liszt/Transcendental_Etudes/10/xml_score.musicxml,Liszt/Transcendental_Etudes/10/CaoJ03M.mid,2.0,142,10,132,0,0,71,5,5,66,0,0,71,5,5,66,0,0,0.070423,1.0,0.131579
3,val,Liszt/Transcendental_Etudes/10/xml_score.musicxml,Liszt/Transcendental_Etudes/10/Goldberg02.mid,0.0,146,3,143,7,0,73,5,3,70,2,0,73,5,0,73,5,0,0.020548,0.3,0.038462
3,val,Liszt/Transcendental_Etudes/10/xml_score.musicxml,Liszt/Transcendental_Etudes/10/Goldberg02.mid,1.0,146,9,137,1,0,73,5,5,68,0,0,73,5,4,69,1,0,0.061644,0.9,0.115385
3,val,Liszt/Transcendental_Etudes/10/xml_score.musicxml,Liszt/Transcendental_Etudes/10/Goldberg02.mid,2.0,146,10,136,0,0,73,5,5,68,0,0,73,5,5,68,0,0,0.068493,1.0,0.128205
3,val,Liszt/Transcendental_Etudes/10/xml_score.musicxml,Liszt/Transcendental_Etudes/10/HAGINO03.mid,0.0,144,1,143,9,0,72,5,1,71,4,0,72,5,0,72,5,0,0.006944,0.1,0.012987
3,val,Liszt/Transcendental_Etudes/10/xml_score.musicxml,Liszt/Transcendental_Etudes/10/HAGINO03.mid,1.0,144,9,135,1,0,72,5,5,67,0,0,72,5,4,68,1,0,0.0625,0.9,0.116883
3,val,Liszt/Transcendental_Etudes/10/xml_score.musicxml,Liszt/Transcendental_Etudes/10/HAGINO03.mid,2.0,144,10,134,0,0,72,5,5,67,0,0,72,5,5,67,0,0,0.069444,1.0,0.12987
3,val,Liszt/Transcendental_Etudes/10/xml_score.musicxml,Liszt/Transcendental_Etudes/10/Huang17M.mid,0.0,120,4,116,6,0,60,5,4,56,1,0,60,5,0,60,5,0,0.033333,0.4,0.061538
3,val,Liszt/Transcendental_Etudes/10/xml_score.musicxml,Liszt/Transcendental_Etudes/10/Huang17M.mid,1.0,120,9,111,1,0,60,5,5,55,0,0,60,5,4,56,1,0,0.075,0.9,0.138462
3,val,Liszt/Transcendental_Etudes/10/xml_score.musicxml,Liszt/Transcendental_Etudes/10/Huang17M.mid,2.0,120,10,110,0,0,60,5,5,55,0,0,60,5,5,55,0,0,0.083333,1.0,0.153846
3,val,Liszt/Transcendental_Etudes/10/xml_score.musicxml,Liszt/Transcendental_Etudes/10/Hwang03.mid,0.0,136,4,132,6,0,68,5,4,64,1,0,68,5,0,68,5,0,0.029412,0.4,0.054795
3,val,Liszt/Transcendental_Etudes/10/xml_score.musicxml,Liszt/Transcendental_Etudes/10/Hwang03.mid,1.0,136,9,127,1,0,68,5,5,63,0,0,68,5,4,64,1,0,0.066176,0.9,0.123288
3,val,Liszt/Transcendental_Etudes/10/xml_score.musicxml,Liszt/Transcendental_Etudes/10/Hwang03.mid,2.0,136,10,126,0,0,68,5,5,63,0,0,68,5,5,63,0,0,0.073529,1.0,0.136986
3,val,Liszt/Transcendental_Etudes/10/xml_score.musicxml,Liszt/Transcendental_Etudes/10/Kim02.mid,0.0,126,2,124,8,0,63,5,2,61,3,0,63,5,0,63,5,0,0.015873,0.2,0.029412
3,val,Liszt/Transcendental_Etudes/10/xml_score.musicxml,Liszt/Transcendental_Etudes/10/Kim02.mid,1.0,126,7,119,3,0,63,5,4,59,1,0,63,5,3,60,2,0,0.055556,0.7,0.102941
3,val,Liszt/Transcendental_Etudes/10/xml_score.musicxml,Liszt/Transcendental_Etudes/10/Kim02.mid,2.0,126,9,117,1,0,63,5,5,58,0,0,63,5,4,59,1,0,0.071429,0.9,0.132353
3,val,Liszt/Transcendental_Etudes/10/xml_score.musicxml,Liszt/Transcendental_Etudes/10/Ladid02.mid,0.0,120,4,116,6,0,60,5,4,56,1,0,60,5,0,60,5,0,0.033333,0.4,0.061538
3,val,Liszt/Transcendental_Etudes/10/xml_score.musicxml,Liszt/Transcendental_Etudes/10/Ladid02.mid,1.0,120,9,111,1,0,60,5,5,55,0,0,60,5,4,56,1,0,0.075,0.9,0.138462
3,val,Liszt/Transcendental_Etudes/10/xml_score.musicxml,Liszt/Transcendental_Etudes/10/Ladid02.mid,2.0,120,10,110,0,0,60,5,5,55,0,0,60,5,5,55,0,0,0.083333,1.0,0.153846
3,val,Liszt/Transcendental_Etudes/10/xml_score.musicxml,Liszt/Transcendental_Etudes/10/LeungM06M.mid,0.0,140,1,139,9,0,70,5,1,69,4,0,70,5,0,70,5,0,0.007143,0.1,0.013333
3,val,Liszt/Transcendental_Etudes/10/xml_score.musicxml,Liszt/Transcendental_Etudes/10/LeungM06M.mid,1.0,140,9,131,1,0,70,5,5,65,0,0,70,5,4,66,1,0,0.064286,0.9,0.12
3,val,Liszt/Transcendental_Etudes/10/xml_score.musicxml,Liszt/Transcendental_Etudes/10/LeungM06M.mid,2.0,140,10,130,0,0,70,5,5,65,0,0,70,5,5,65,0,0,0.071429,1.0,0.133333
3,val,Liszt/Transcendental_Etudes/10/xml_score.musicxml,Liszt/Transcendental_Etudes/10/MCVEY02.mid,0.0,132,2,130,8,0,66,5,2,64,3,0,66,5,0,66,5,0,0.015152,0.2,0.028169
3,val,Liszt/Transcendental_Etudes/10/xml_score.musicxml,Liszt/Transcendental_Etudes/10/MCVEY02.mid,1.0,132,9,123,1,0,66,5,5,61,0,0,66,5,4,62,1,0,0.068182,0.9,0.126761
3,val,Liszt/Transcendental_Etudes/10/xml_score.musicxml,Liszt/Transcendental_Etudes/10/MCVEY02.mid,2.0,132,10,122,0,0,66,5,5,61,0,0,66,5,5,61,0,0,0.075758,1.0,0.140845
3,val,Liszt/Transcendental_Etudes/10/xml_score.musicxml,Liszt/Transcendental_Etudes/10/MorozovY03.mid,0.0,140,1,139,9,0,70,5,1,69,4,0,70,5,0,70,5,0,0.007143,0.1,0.013333
3,val,Liszt/Transcendental_Etudes/10/xml_score.musicxml,Liszt/Transcendental_Etudes/10/MorozovY03.mid,1.0,140,9,131,1,0,70,5,5,65,0,0,70,5,4,66,1,0,0.064286,0.9,0.12
3,val,Liszt/Transcendental_Etudes/10/xml_score.musicxml,Liszt/Transcendental_Etudes/10/MorozovY03.mid,2.0,140,10,130,0,0,70,5,5,65,0,0,70,5,5,65,0,0,0.071429,1.0,0.133333
3,val,Liszt/Transcendental_Etudes/10/xml_score.musicxml,Liszt/Transcendental_Etudes/10/Qin03.mid,0.0,106,2,104,8,0,53,5,2,51,3,0,53,5,0,53,5,0,0.018868,0.2,0.034483
3,val,Liszt/Transcendental_Etudes/10/xml_score.musicxml,Liszt/Transcendental_Etudes/10/Qin03.mid,1.0,106,9,97,1,0,53,5,5,48,0,0,53,5,4,49,1,0,0.084906,0.9,0.155172
3,val,Liszt/Transcendental_Etudes/10/xml_score.musicxml,Liszt/Transcendental_Etudes/10/Qin03.mid,2.0,106,10,96,0,0,53,5,5,48,0,0,53,5,5,48,0,0,0.09434,1.0,0.172414
3,val,Liszt/Transcendental_Etudes/10/xml_score.musicxml,Liszt/Transcendental_Etudes/10/SUDBIN02.mid,0.0,114,0,114,10,0,57,5,0,57,5,0,57,5,0,57,5,0,0.0,0.0,0.0
3,val,Liszt/Transcendental_Etudes/10/xml_score.musicxml,Liszt/Transcendental_Etudes/10/SUDBIN02.mid,1.0,114,9,105,1,0,57,5,5,52,0,0,57,5,4,53,1,0,0.078947,0.9,0.145161
3,val,Liszt/Transcendental_Etudes/10/xml_score.musicxml,Liszt/Transcendental_Etudes/10/SUDBIN02.mid,2.0,114,10,104,0,0,57,5,5,52,0,0,57,5,5,52,0,0,0.087719,1.0,0.16129
3,val,Liszt/Transcendental_Etudes/10/xml_score.musicxml,Liszt/Transcendental_Etudes/10/Shamray02.mid,0.0,118,1,117,9,0,59,5,1,58,4,0,59,5,0,59,5,0,0.008475,0.1,0.015625
3,val,Liszt/Transcendental_Etudes/10/xml_score.musicxml,Liszt/Transcendental_Etudes/10/Shamray02.mid,1.0,118,9,109,1,0,59,5,5,54,0,0,59,5,4,55,1,0,0.076271,0.9,0.140625
3,val,Liszt/Transcendental_Etudes/10/xml_score.musicxml,Liszt/Transcendental_Etudes/10/Shamray02.mid,2.0,118,10,108,0,0,59,5,5,54,0,0,59,5,5,54,0,0,0.084746,1.0,0.15625
3,val,Liszt/Transcendental_Etudes/10/xml_score.musicxml,Liszt/Transcendental_Etudes/10/Tran02.mid,0.0,144,0,144,10,0,72,5,0,72,5,0,72,5,0,72,5,0,0.0,0.0,0.0
3,val,Liszt/Transcendental_Etudes/10/xml_score.musicxml,Liszt/Transcendental_Etudes/10/Tran02.mid,1.0,144,9,135,1,0,72,5,5,67,0,0,72,5,4,68,1,0,0.0625,0.9,0.116883
3,val,Liszt/Transcendental_Etudes/10/xml_score.musicxml,Liszt/Transcendental_Etudes/10/Tran02.mid,2.0,144,10,134,0,0,72,5,5,67,0,0,72,5,5,67,0,0,0.069444,1.0,0.12987
3,val,Liszt/Transcendental_Etudes/10/xml_score.musicxml,Liszt/Transcendental_Etudes/10/Uiasiuk03.mid,0.0,124,2,122,8,0,62,5,2,60,3,0,62,5,0,62,5,0,0.016129,0.2,0.029851
3,val,Liszt/Transcendental_Etudes/10/xml_score.musicxml,Liszt/Transcendental_Etudes/10/Uiasiuk03.mid,1.0,124,9,115,1,0,62,5,5,57,0,0,62,5,4,58,1,0,0.072581,0.9,0.134328
3,val,Liszt/Transcendental_Etudes/10/xml_score.musicxml,Liszt/Transcendental_Etudes/10/Uiasiuk03.mid,2.0,124,10,114,0,0,62,5,5,57,0,0,62,5,5,57,0,0,0.080645,1.0,0.149254
3,val,Liszt/Transcendental_Etudes/10/xml_score.musicxml,Liszt/Transcendental_Etudes/10/Yeletskiy03.mid,0.0,106,2,104,8,0,53,5,2,51,3,0,53,5,0,53,5,0,0.018868,0.2,0.034483
3,val,Liszt/Transcendental_Etudes/10/xml_score.musicxml,Liszt/Transcendental_Etudes/10/Yeletskiy03.mid,1.0,106,9,97,1,0,53,5,5,48,0,0,53,5,4,49,1,0,0.084906,0.9,0.155172
3,val,Liszt/Transcendental_Etudes/10/xml_score.musicxml,Liszt/Transcendental_Etudes/10/Yeletskiy03.mid,2.0,106,10,96,0,0,53,5,5,48,0,0,53,5,5,48,0,0,0.09434,1.0,0.172414
3,test,Liszt/Transcendental_Etudes/5/xml_score.musicxml,Liszt/Transcendental_Etudes/5/Gryaznov02.mid,0.0,192,5,187,5,0,96,5,4,92,1,1,96,5,1,95,4,1,0.026042,0.5,0.049505
3,test,Liszt/Transcendental_Etudes/5/xml_score.musicxml,Liszt/Transcendental_Etudes/5/Gryaznov02.mid,1.0,192,10,182,0,0,96,5,5,91,0,0,96,5,5,91,0,0,0.052083,1.0,0.09901
3,test,Liszt/Transcendental_Etudes/5/xml_score.musicxml,Liszt/Transcendental_Etudes/5/Gryaznov02.mid,2.0,192,10,182,0,0,96,5,5,91,0,0,96,5,5,91,0,0,0.052083,1.0,0.09901
3,test,Liszt/Transcendental_Etudes/5/xml_score.musicxml,Liszt/Transcendental_Etudes/5/HUAN_B03.mid,0.0,290,4,286,6,0,145,5,4,141,1,0,145,5,0,145,5,1,0.013793,0.4,0.026667
3,test,Liszt/Transcendental_Etudes/5/xml_score.musicxml,Liszt/Transcendental_Etudes/5/HUAN_B03.mid,1.0,290,8,282,2,0,145,5,5,140,0,0,145,5,3,142,2,0,0.027586,0.8,0.053333
3,test,Liszt/Transcendental_Etudes/5/xml_score.musicxml,Liszt/Transcendental_Etudes/5/HUAN_B03.mid,2.0,290,10,280,0,0,145,5,5,140,0,0,145,5,5,140,0,0,0.034483,1.0,0.066667
3,test,Liszt/Transcendental_Etudes/5/xml_score.musicxml,Liszt/Transcendental_Etudes/5/Huang16M.mid,0.0,240,3,237,7,0,120,5,3,117,2,0,120,5,0,120,5,2,0.0125,0.3,0.024
3,test,Liszt/Transcendental_Etudes/5/xml_score.musicxml,Liszt/Transcendental_Etudes/5/Huang16M.mid,1.0,240,8,232,2,0,120,5,5,115,0,0,120,5,3,117,2,0,0.033333,0.8,0.064
3,test,Liszt/Transcendental_Etudes/5/xml_score.musicxml,Liszt/Transcendental_Etudes/5/Huang16M.mid,2.0,240,10,230,0,0,120,5,5,115,0,0,120,5,5,115,0,0,0.041667,1.0,0.08
3,test,Liszt/Transcendental_Etudes/5/xml_score.musicxml,Liszt/Transcendental_Etudes/5/Huangci01.mid,0.0,328,5,323,5,0,164,5,4,160,1,2,164,5,1,163,4,1,0.015244,0.5,0.029586
3,test,Liszt/Transcendental_Etudes/5/xml_score.musicxml,Liszt/Transcendental_Etudes/5/Huangci01.mid,1.0,328,10,318,0,0,164,5,5,159,0,0,164,5,5,159,0,0,0.030488,1.0,0.059172
3,test,Liszt/Transcendental_Etudes/5/xml_score.musicxml,Liszt/Transcendental_Etudes/5/Huangci01.mid,2.0,328,10,318,0,0,164,5,5,159,0,0,164,5,5,159,0,0,0.030488,1.0,0.059172
3,test,Liszt/Transcendental_Etudes/5/xml_score.musicxml,Liszt/Transcendental_Etudes/5/KIM_W02.mid,0.0,354,8,346,2,0,177,5,5,172,0,1,177,5,3,174,2,0,0.022599,0.8,0.043956
3,test,Liszt/Transcendental_Etudes/5/xml_score.musicxml,Liszt/Transcendental_Etudes/5/KIM_W02.mid,1.0,354,10,344,0,0,177,5,5,172,0,0,177,5,5,172,0,0,0.028249,1.0,0.054945
3,test,Liszt/Transcendental_Etudes/5/xml_score.musicxml,Liszt/Transcendental_Etudes/5/KIM_W02.mid,2.0,354,10,344,0,0,177,5,5,172,0,0,177,5,5,172,0,0,0.028249,1.0,0.054945
3,test,Liszt/Transcendental_Etudes/5/xml_score.musicxml,Liszt/Transcendental_Etudes/5/LiuY06M.mid,0.0,500,8,492,2,0,250,5,5,245,0,2,250,5,3,247,2,0,0.016,0.8,0.031373
3,test,Liszt/Transcendental_Etudes/5/xml_score.musicxml,Liszt/Transcendental_Etudes/5/LiuY06M.mid,1.0,500,10,490,0,0,250,5,5,245,0,0,250,5,5,245,0,0,0.02,1.0,0.039216
3,test,Liszt/Transcendental_Etudes/5/xml_score.musicxml,Liszt/Transcendental_Etudes/5/LiuY06M.mid,2.0,500,10,490,0,0,250,5,5,245,0,0,250,5,5,245,0,0,0.02,1.0,0.039216
3,test,Liszt/Transcendental_Etudes/5/xml_score.musicxml,Liszt/Transcendental_Etudes/5/Min03M.mid,0.0,284,5,279,5,0,142,5,4,138,1,0,142,5,1,141,4,0,0.017606,0.5,0.034014
3,test,Liszt/Transcendental_Etudes/5/xml_score.musicxml,Liszt/Transcendental_Etudes/5/Min03M.mid,1.0,284,9,275,1,0,142,5,5,137,0,0,142,5,4,138,1,0,0.03169,0.9,0.061224
3,test,Liszt/Transcendental_Etudes/5/xml_score.musicxml,Liszt/Transcendental_Etudes/5/Min03M.mid,2.0,284,10,274,0,0,142,5,5,137,0,0,142,5,5,137,0,0,0.035211,1.0,0.068027
3,test,Liszt/Transcendental_Etudes/5/xml_score.musicxml,Liszt/Transcendental_Etudes/5/Park03M.mid,0.0,290,5,285,5,0,145,5,5,140,0,0,145,5,0,145,5,0,0.017241,0.5,0.033333
3,test,Liszt/Transcendental_Etudes/5/xml_score.musicxml,Liszt/Transcendental_Etudes/5/Park03M.mid,1.0,290,8,282,2,0,145,5,5,140,0,0,145,5,3,142,2,0,0.027586,0.8,0.053333
3,test,Liszt/Transcendental_Etudes/5/xml_score.musicxml,Liszt/Transcendental_Etudes/5/Park03M.mid,2.0,290,10,280,0,0,145,5,5,140,0,0,145,5,5,140,0,0,0.034483,1.0,0.066667
3,test,Liszt/Transcendental_Etudes/5/xml_score.musicxml,Liszt/Transcendental_Etudes/5/Sun09.mid,0.0,364,5,359,5,0,182,5,4,178,1,1,182,5,1,181,4,0,0.013736,0.5,0.026738
3,test,Liszt/Transcendental_Etudes/5/xml_score.musicxml,Liszt/Transcendental_Etudes/5/Sun09.mid,1.0,364,10,354,0,0,182,5,5,177,0,0,182,5,5,177,0,0,0.027473,1.0,0.053476
3,test,Liszt/Transcendental_Etudes/5/xml_score.musicxml,Liszt/Transcendental_Etudes/5/Sun09.mid,2.0,364,10,354,0,0,182,5,5,177,0,0,182,5,5,177,0,0,0.027473,1.0,0.053476
3,test,Liszt/Transcendental_Etudes/5/xml_score.musicxml,Liszt/Transcendental_Etudes/5/Wang06M.mid,0.0,312,5,307,5,0,156,5,4,152,1,0,156,5,1,155,4,1,0.016026,0.5,0.031056
3,test,Liszt/Transcendental_Etudes/5/xml_score.musicxml,Liszt/Transcendental_Etudes/5/Wang06M.mid,1.0,312,9,303,1,0,156,5,5,151,0,0,156,5,4,152,1,0,0.028846,0.9,0.055901
3,test,Liszt/Transcendental_Etudes/5/xml_score.musicxml,Liszt/Transcendental_Etudes/5/Wang06M.mid,2.0,312,10,302,0,0,156,5,5,151,0,0,156,5,5,151,0,0,0.032051,1.0,0.062112
3,test,Liszt/Transcendental_Etudes/5/xml_score.musicxml,Liszt/Transcendental_Etudes/5/WangY02M.mid,0.0,430,4,426,6,0,215,5,4,211,1,0,215,5,0,215,5,0,0.009302,0.4,0.018182
3,test,Liszt/Transcendental_Etudes/5/xml_score.musicxml,Liszt/Transcendental_Etudes/5/WangY02M.mid,1.0,430,8,422,2,0,215,5,5,210,0,0,215,5,3,212,2,0,0.018605,0.8,0.036364
3,test,Liszt/Transcendental_Etudes/5/xml_score.musicxml,Liszt/Transcendental_Etudes/5/WangY02M.mid,2.0,430,10,420,0,0,215,5,5,210,0,0,215,5,5,210,0,0,0.023256,1.0,0.045455
3,train,Ravel/Pavane/xml_score.musicxml,Ravel/Pavane/ChenS03.mid,0.0,290,2,288,2,0,145,2,1,144,1,0,145,2,1,144,1,0,0.006897,0.5,0.013605
3,train,Ravel/Pavane/xml_score.musicxml,Ravel/Pavane/ChenS03.mid,1.0,290,4,286,0,0,145,2,2,143,0,0,145,2,2,143,0,0,0.013793,1.0,0.027211
3,train,Ravel/Pavane/xml_score.musicxml,Ravel/Pavane/ChenS03.mid,2.0,290,4,286,0,0,145,2,2,143,0,0,145,2,2,143,0,0,0.013793,1.0,0.027211
3,train,Ravel/Pavane/xml_score.musicxml,Ravel/Pavane/Zhdanov08.mid,0.0,240,1,239,3,0,120,2,0,120,2,0,120,2,1,119,1,0,0.004167,0.25,0.008197
3,train,Ravel/Pavane/xml_score.musicxml,Ravel/Pavane/Zhdanov08.mid,1.0,240,4,236,0,0,120,2,2,118,0,0,120,2,2,118,0,0,0.016667,1.0,0.032787
3,train,Ravel/Pavane/xml_score.musicxml,Ravel/Pavane/Zhdanov08.mid,2.0,240,4,236,0,0,120,2,2,118,0,0,120,2,2,118,0,0,0.016667,1.0,0.032787
3,train,Schumann/Kreisleriana/4/xml_score.musicxml,Schumann/Kreisleriana/4/ParkJH07.mid,0.0,194,4,190,2,0,97,4,3,94,1,0,97,2,1,96,1,0,0.020619,0.666667,0.04
3,train,Schumann/Kreisleriana/4/xml_score.musicxml,Schumann/Kreisleriana/4/ParkJH07.mid,1.0,194,6,188,0,0,97,4,4,93,0,0,97,2,2,95,0,0,0.030928,1.0,0.06
3,train,Schumann/Kreisleriana/4/xml_score.musicxml,Schumann/Kreisleriana/4/ParkJH07.mid,2.0,194,6,188,0,0,97,4,4,93,0,0,97,2,2,95,0,0,0.030928,1.0,0.06
3,train,Schumann/Kreisleriana/4/xml_score.musicxml,Schumann/Kreisleriana/4/Yarden09.mid,0.0,180,2,178,4,0,90,4,2,88,2,0,90,2,0,90,2,0,0.011111,0.333333,0.021505
3,train,Schumann/Kreisleriana/4/xml_score.musicxml,Schumann/Kreisleriana/4/Yarden09.mid,1.0,180,5,175,1,0,90,4,4,86,0,0,90,2,1,89,1,0,0.027778,0.833333,0.053763
3,train,Schumann/Kreisleriana/4/xml_score.musicxml,Schumann/Kreisleriana/4/Yarden09.mid,2.0,180,6,174,0,0,90,4,4,86,0,0,90,2,2,88,0,0,0.033333,1.0,0.064516
3,train,Schumann/Kreisleriana/6/xml_score.musicxml,Schumann/Kreisleriana/6/JohannsonP07.mid,0.0,234,10,224,2,0,117,11,10,107,1,0,117,1,0,117,1,0,0.042735,0.833333,0.081301
3,train,Schumann/Kreisleriana/6/xml_score.musicxml,Schumann/Kreisleriana/6/JohannsonP07.mid,1.0,234,11,223,1,0,117,11,11,106,0,0,117,1,0,117,1,0,0.047009,0.916667,0.089431
3,train,Schumann/Kreisleriana/6/xml_score.musicxml,Schumann/Kreisleriana/6/JohannsonP07.mid,2.0,234,11,223,1,0,117,11,11,106,0,0,117,1,0,117,1,0,0.047009,0.916667,0.089431
3,train,Schumann/Kreisleriana/6/xml_score.musicxml,Schumann/Kreisleriana/6/ParkJH09.mid,0.0,246,9,237,3,0,123,11,9,114,2,0,123,1,0,123,1,1,0.036585,0.75,0.069767
3,train,Schumann/Kreisleriana/6/xml_score.musicxml,Schumann/Kreisleriana/6/ParkJH09.mid,1.0,246,11,235,1,0,123,11,11,112,0,0,123,1,0,123,1,0,0.044715,0.916667,0.085271
3,train,Schumann/Kreisleriana/6/xml_score.musicxml,Schumann/Kreisleriana/6/ParkJH09.mid,2.0,246,11,235,1,0,123,11,11,112,0,0,123,1,0,123,1,0,0.044715,0.916667,0.085271
3,train,Schumann/Kreisleriana/6/xml_score.musicxml,Schumann/Kreisleriana/6/Yarden09.mid,0.0,242,10,232,2,0,121,11,10,111,1,0,121,1,0,121,1,0,0.041322,0.833333,0.07874
3,train,Schumann/Kreisleriana/6/xml_score.musicxml,Schumann/Kreisleriana/6/Yarden09.mid,1.0,242,11,231,1,0,121,11,11,110,0,0,121,1,0,121,1,0,0.045455,0.916667,0.086614
3,train,Schumann/Kreisleriana/6/xml_score.musicxml,Schumann/Kreisleriana/6/Yarden09.mid,2.0,242,11,231,1,0,121,11,11,110,0,0,121,1,0,121,1,0,0.045455,0.916667,0.086614
3,train,Scriabin/Etudes_op_8/11/xml_score.musicxml,Scriabin/Etudes_op_8/11/Shi03.mid,0.0,84,1,83,1,0,42,1,1,41,0,0,42,1,0,42,1,0,0.011905,0.5,0.023256
3,train,Scriabin/Etudes_op_8/11/xml_score.musicxml,Scriabin/Etudes_op_8/11/Shi03.mid,1.0,84,2,82,0,0,42,1,1,41,0,0,42,1,1,41,0,0,0.02381,1.0,0.046512
3,train,Scriabin/Etudes_op_8/11/xml_score.musicxml,Scriabin/Etudes_op_8/11/Shi03.mid,2.0,84,2,82,0,0,42,1,1,41,0,0,42,1,1,41,0,0,0.02381,1.0,0.046512
3,train,Scriabin/Etudes_op_8/11/xml_score.musicxml,Scriabin/Etudes_op_8/11/Shi08M.mid,0.0,80,0,80,2,0,40,1,0,40,1,0,40,1,0,40,1,1,0.0,0.0,0.0
3,train,Scriabin/Etudes_op_8/11/xml_score.musicxml,Scriabin/Etudes_op_8/11/Shi08M.mid,1.0,80,1,79,1,0,40,1,1,39,0,0,40,1,0,40,1,0,0.0125,0.5,0.02439
3,train,Scriabin/Etudes_op_8/11/xml_score.musicxml,Scriabin/Etudes_op_8/11/Shi08M.mid,2.0,80,2,78,0,0,40,1,1,39,0,0,40,1,1,39,0,0,0.025,1.0,0.04878
3,train,Scriabin/Etudes_op_8/11/xml_score.musicxml,Scriabin/Etudes_op_8/11/YeF09.mid,0.0,118,1,117,1,0,59,1,1,58,0,0,59,1,0,59,1,0,0.008475,0.5,0.016667
3,train,Scriabin/Etudes_op_8/11/xml_score.musicxml,Scriabin/Etudes_op_8/11/YeF09.mid,1.0,118,2,116,0,0,59,1,1,58,0,0,59,1,1,58,0,0,0.016949,1.0,0.033333
3,train,Scriabin/Etudes_op_8/11/xml_score.musicxml,Scriabin/Etudes_op_8/11/YeF09.mid,2.0,118,2,116,0,0,59,1,1,58,0,0,59,1,1,58,0,0,0.016949,1.0,0.033333
3,train,Scriabin/Sonatas/5/xml_score.musicxml,Scriabin/Sonatas/5/ChernovA06M.mid,0.0,650,1,649,16,0,325,10,1,324,9,0,325,7,0,325,7,0,0.001538,0.058824,0.002999
3,train,Scriabin/Sonatas/5/xml_score.musicxml,Scriabin/Sonatas/5/ChernovA06M.mid,1.0,650,5,645,12,1,325,10,1,324,9,0,325,7,4,321,3,1,0.007692,0.294118,0.014993
3,train,Scriabin/Sonatas/5/xml_score.musicxml,Scriabin/Sonatas/5/ChernovA06M.mid,2.0,650,7,643,10,1,325,10,3,322,7,1,325,7,4,321,3,0,0.010769,0.411765,0.02099
3,train,Scriabin/Sonatas/5/xml_score.musicxml,Scriabin/Sonatas/5/FALIKS06.mid,0.0,606,2,604,15,0,303,10,2,301,8,0,303,7,0,303,7,1,0.0033,0.117647,0.006421
3,train,Scriabin/Sonatas/5/xml_score.musicxml,Scriabin/Sonatas/5/FALIKS06.mid,1.0,606,11,595,6,1,303,10,5,298,5,0,303,7,6,297,1,1,0.018152,0.647059,0.035313
3,train,Scriabin/Sonatas/5/xml_score.musicxml,Scriabin/Sonatas/5/FALIKS06.mid,2.0,606,13,593,4,0,303,10,7,296,3,0,303,7,6,297,1,0,0.021452,0.764706,0.041734
3,train,Scriabin/Sonatas/5/xml_score.musicxml,Scriabin/Sonatas/5/FaB05M.mid,0.0,508,5,503,12,0,254,10,5,249,5,1,254,7,0,254,7,0,0.009843,0.294118,0.019048
3,train,Scriabin/Sonatas/5/xml_score.musicxml,Scriabin/Sonatas/5/FaB05M.mid,1.0,508,9,499,8,1,254,10,7,247,3,1,254,7,2,252,5,0,0.017717,0.529412,0.034286
3,train,Scriabin/Sonatas/5/xml_score.musicxml,Scriabin/Sonatas/5/FaB05M.mid,2.0,508,13,495,4,1,254,10,8,246,2,0,254,7,5,249,2,1,0.025591,0.764706,0.049524
3,train,Scriabin/Sonatas/5/xml_score.musicxml,Scriabin/Sonatas/5/GarritsonL06M.mid,0.0,766,5,761,12,0,383,10,5,378,5,0,383,7,0,383,7,0,0.006527,0.294118,0.012771
3,train,Scriabin/Sonatas/5/xml_score.musicxml,Scriabin/Sonatas/5/GarritsonL06M.mid,1.0,766,13,753,4,0,383,10,9,374,1,0,383,7,4,379,3,0,0.016971,0.764706,0.033206
3,train,Scriabin/Sonatas/5/xml_score.musicxml,Scriabin/Sonatas/5/GarritsonL06M.mid,2.0,766,13,753,4,1,383,10,9,374,1,0,383,7,4,379,3,1,0.016971,0.764706,0.033206
3,train,Scriabin/Sonatas/5/xml_score.musicxml,Scriabin/Sonatas/5/Ko07M.mid,0.0,812,2,810,15,0,406,10,1,405,9,1,406,7,1,405,6,1,0.002463,0.117647,0.004825
3,train,Scriabin/Sonatas/5/xml_score.musicxml,Scriabin/Sonatas/5/Ko07M.mid,1.0,812,10,802,7,1,406,10,6,400,4,0,406,7,4,402,3,1,0.012315,0.588235,0.024125
3,train,Scriabin/Sonatas/5/xml_score.musicxml,Scriabin/Sonatas/5/Ko07M.mid,2.0,812,14,798,3,0,406,10,8,398,2,0,406,7,6,400,1,0,0.017241,0.823529,0.033776
3,train,Scriabin/Sonatas/5/xml_score.musicxml,Scriabin/Sonatas/5/Na03.mid,0.0,750,4,746,13,0,375,10,4,371,6,0,375,7,0,375,7,1,0.005333,0.235294,0.01043
3,train,Scriabin/Sonatas/5/xml_score.musicxml,Scriabin/Sonatas/5/Na03.mid,1.0,750,9,741,8,2,375,10,7,368,3,1,375,7,2,373,5,1,0.012,0.529412,0.023468
3,train,Scriabin/Sonatas/5/xml_score.musicxml,Scriabin/Sonatas/5/Na03.mid,2.0,750,12,738,5,1,375,10,8,367,2,1,375,7,4,371,3,0,0.016,0.705882,0.031291
3,train,Scriabin/Sonatas/5/xml_score.musicxml,Scriabin/Sonatas/5/Na07M.mid,0.0,754,4,750,13,0,377,10,4,373,6,0,377,7,0,377,7,0,0.005305,0.235294,0.010376
3,train,Scriabin/Sonatas/5/xml_score.musicxml,Scriabin/Sonatas/5/Na07M.mid,1.0,754,10,744,7,1,377,10,8,369,2,1,377,7,2,375,5,0,0.013263,0.588235,0.02594
3,train,Scriabin/Sonatas/5/xml_score.musicxml,Scriabin/Sonatas/5/Na07M.mid,2.0,754,11,743,6,0,377,10,8,369,2,0,377,7,3,374,4,0,0.014589,0.647059,0.028534
3,train,Scriabin/Sonatas/5/xml_score.musicxml,Scriabin/Sonatas/5/TET02.mid,0.0,742,7,735,10,0,371,10,6,365,4,0,371,7,1,370,6,0,0.009434,0.411765,0.018445
3,train,Scriabin/Sonatas/5/xml_score.musicxml,Scriabin/Sonatas/5/TET02.mid,1.0,742,11,731,6,1,371,10,8,363,2,1,371,7,3,368,4,0,0.014825,0.647059,0.028986
3,train,Scriabin/Sonatas/5/xml_score.musicxml,Scriabin/Sonatas/5/TET02.mid,2.0,742,11,731,6,2,371,10,8,363,2,1,371,7,3,368,4,1,0.014825,0.647059,0.028986
3,train,Scriabin/Sonatas/5/xml_score.musicxml,Scriabin/Sonatas/5/Yeletskiy02.mid,0.0,576,4,572,13,0,288,10,4,284,6,0,288,7,0,288,7,0,0.006944,0.235294,0.013491
3,train,Scriabin/Sonatas/5/xml_score.musicxml,Scriabin/Sonatas/5/Yeletskiy02.mid,1.0,576,14,562,3,1,288,10,10,278,0,1,288,7,4,284,3,0,0.024306,0.823529,0.047218
3,train,Scriabin/Sonatas/5/xml_score.musicxml,Scriabin/Sonatas/5/Yeletskiy02.mid,2.0,576,15,561,2,0,288,10,10,278,0,0,288,7,5,283,2,0,0.026042,0.882353,0.05059
3,train,Scriabin/Sonatas/5/xml_score.musicxml,Scriabin/Sonatas/5/Yeletskiy07M.mid,0.0,494,3,491,14,0,247,10,3,244,7,0,247,7,0,247,7,0,0.006073,0.176471,0.011742
3,train,Scriabin/Sonatas/5/xml_score.musicxml,Scriabin/Sonatas/5/Yeletskiy07M.mid,1.0,494,12,482,5,1,247,10,8,239,2,0,247,7,4,243,3,1,0.024291,0.705882,0.046967
3,train,Scriabin/Sonatas/5/xml_score.musicxml,Scriabin/Sonatas/5/Yeletskiy07M.mid,2.0,494,13,481,4,2,247,10,9,238,1,1,247,7,4,243,3,1,0.026316,0.764706,0.050881
