entry_type,relative_path,bytes,sha256
musicxml,Bach/Fugue/bwv_846/xml_score.musicxml,337177,02b92811b2591f22f4c6df9045e5f20f3ab782817547862bf3d8d0a9e099f81b
musicxml,Bach/Fugue/bwv_848/xml_score.musicxml,656024,fc160a9c45a4c9e435480c6e371cd858bb14952568e1c5db988366f528257b16
musicxml,Bach/Fugue/bwv_854/xml_score.musicxml,330620,2cbfa9c7d7497210d5ebe4d98ef3df2484290e5ef235417622a1d046977d3990
musicxml,Bach/Fugue/bwv_856/xml_score.musicxml,343328,b6a36856bee270725ef339ca575fe0b60f1aff1744dfc33407f0337149867e9b
musicxml,Bach/Fugue/bwv_857/xml_score.musicxml,628187,951b9348ad40a9ad263b765c44e8e0b65727f7f63884870f8f1c7d7d86baa54f
musicxml,Bach/Fugue/bwv_858/xml_score.musicxml,427368,cfa3cf597471239df71a20fd40a1b635fcf63bc092f40d1ab57a14f83b078faf
musicxml,Bach/Fugue/bwv_860/xml_score.musicxml,768868,22458025d2129d15ce616e81ef192d7d82b532d2afc89f2d4376e4aaa3a313c6
musicxml,Bach/Fugue/bwv_862/xml_score.musicxml,404321,f8be002c59dc09b31cc8c30278fbf0193e1c0d17cddddd95ba67fbce32eadb91
musicxml,Bach/Fugue/bwv_863/xml_score.musicxml,381014,d3240fda8f5ba673cfa31acb99602af394d0cc858e211ae4ce3a447eeb72bda8
musicxml,Bach/Fugue/bwv_864/xml_score.musicxml,545462,3476f1fab3ea6a3299eb51689e65f7e86003bd0e725637b9a8c07fcfa5c504de
musicxml,Bach/Fugue/bwv_865/xml_score.musicxml,1062457,178c9b6039824b836cc85c156e3c4863985c6f94ae5d4b3d2b42167e83dd0522
musicxml,Bach/Fugue/bwv_866/xml_score.musicxml,417054,0b28c251d91c9e9c9a1bf507c404b27fe804728cdb98f37f5f905613a8e62870
musicxml,Bach/Fugue/bwv_867/xml_score.musicxml,339041,c104f097e8c61c285086aa6644668d06c7a91f40b25b7abee99cd43b895be6ce
musicxml,Bach/Fugue/bwv_868/xml_score.musicxml,397623,b10d953ab7d5d66ea6a187f78963c1c480d7ad78875fff82d342c8335bb540c3
musicxml,Bach/Fugue/bwv_870/xml_score.musicxml,457162,ee0294c906cb93777034c66cf7d1f577dfd9b6d970ec0677aedeba2ed60d81c2
musicxml,Bach/Fugue/bwv_873/xml_score.musicxml,650225,2ed732d5e46e808b600ea3dfe2c3b82b4f3a8e7c071d675c3587eac7f29952f7
musicxml,Bach/Fugue/bwv_874/xml_score.musicxml,402502,a40ad5bac0fb7605a85857473a447baf65af793ac4ce5510cad274fd55c9ccf7
musicxml,Bach/Fugue/bwv_875/xml_score.musicxml,415801,66da8d850a4ac7322a7a95b9269a47a994068ddb7b8c1e9e2c281fa9cf7c4d68
musicxml,Bach/Fugue/bwv_876/xml_score.musicxml,300337,6c7a1272a80993be804a62b60c6758c71725804f64e7b1c44aaad479866c4f42
musicxml,Bach/Fugue/bwv_880/xml_score.musicxml,506053,4b7cdcf1fc4e822d5c4b3d56041e94684135ef310b19dddef744d4c59d89b7d6
musicxml,Bach/Fugue/bwv_883/xml_score.musicxml,640106,a12ef72ed032b6c97a367f44d7544d46b315f26715368a03bc8d06d7a077d531
musicxml,Bach/Fugue/bwv_884/xml_score.musicxml,334908,efb44f018b100ca9542d2ca724b5d1eb9c65b7346827f81bae82280e190810d0
musicxml,Bach/Fugue/bwv_885/xml_score.musicxml,758944,bbca4e4d2f0eadd46aaf8b8e1e864320f77145219bb795adf843b38970e4e5d8
musicxml,Bach/Fugue/bwv_887/xml_score.musicxml,725554,a2a60b9f61793d8ab9aea0396c236f871225bd4b3c0db9a7f96c4c51e4dfbf2f
musicxml,Bach/Fugue/bwv_888/xml_score.musicxml,352377,3f372e48b7ac3600fcda7b2c03291bb32d510d0e1b64a45361e2e1377e81fb52
musicxml,Bach/Fugue/bwv_889/xml_score.musicxml,357719,79cb7f3544cd98015abeb74467382d33a3d22f1fc194f2978088bb75fe3201ef
musicxml,Bach/Fugue/bwv_891/xml_score.musicxml,759071,e9a8f0ace969a1e154dd341c794474b9141c5c72f47c98b83fe06ebd2bd01105
musicxml,Bach/Fugue/bwv_892/xml_score.musicxml,624951,1985e5da403edc345b3fb9e6e1bf4ac2faa6f7f0866088dbcc64b575d5d9937e
musicxml,Bach/Fugue/bwv_893/xml_score.musicxml,463110,28e1ced44cb3b01100669a65f2b53a221ffa43e6e90d54aa296991212eb4eccf
musicxml,Bach/Italian_concerto/xml_score.musicxml,515642,b2144e688aa796f3c8167ad76910c21f3174c86a5d53c262b54cb3d4a882f53b
musicxml,Bach/Prelude/bwv_846/xml_score.musicxml,284812,784910417d1586e89ac4bb11041a2241087393ef913bad22baa5e88bdac85943
musicxml,Bach/Prelude/bwv_848/xml_score.musicxml,367581,77fe7e0bc4a3ca367f00d43190b3ade4f552069c5b1532e4084c03b6dbe7e160
musicxml,Bach/Prelude/bwv_854/xml_score.musicxml,220206,14e501d34990c16922a772901ecd9a7fbc6c66811933ad6c4b37871bf006b1ea
musicxml,Bach/Prelude/bwv_856/xml_score.musicxml,366691,9e7fbfc376996149f40b164cb69b5c5827e598984853ff768d89fc37303d16d0
musicxml,Bach/Prelude/bwv_857/xml_score.musicxml,273685,e325d1544f54de32dcfb2b6ddc42307e6b5e68db229807450130510ccc149a4c
musicxml,Bach/Prelude/bwv_858/xml_score.musicxml,209258,a6da6b83db34c403f2e0ed3238d5d5f51f6d88b79ad618c32d291ea371d4d4de
musicxml,Bach/Prelude/bwv_860/xml_score.musicxml,254652,b8a085d69505177bec17f8e06f1861e9a5978f368e206d684c461329b27b80d0
musicxml,Bach/Prelude/bwv_862/xml_score.musicxml,296426,728392a5e96a28f145522f1c853b4c0d59dd563935129494bc8052ad62697044
musicxml,Bach/Prelude/bwv_863/xml_score.musicxml,270100,9de1cb231779cf37d8d4524ad3462cb4f26b8b0f6a2baf00f63c94237ed76ae7
musicxml,Bach/Prelude/bwv_864/xml_score.musicxml,280251,1656554e86f33cb7b839db6ec30539298f8d303e461d7aa5eee5aff5761087ce
musicxml,Bach/Prelude/bwv_865/xml_score.musicxml,269781,d26178a0b9ea9232b7c906bf0dd860a61b81616e224af559626362c88e9b0de3
musicxml,Bach/Prelude/bwv_866/xml_score.musicxml,308036,97c3bcd9ed14ea0bd13857e709a3060888301ac15a2047a3fdb7a41f4016a1e1
musicxml,Bach/Prelude/bwv_867/xml_score.musicxml,335343,079225a2dd2e61fcdfca502574d017741dac79d8177963b95dfbcb72bed6cb0d
musicxml,Bach/Prelude/bwv_868/xml_score.musicxml,190366,52829df2469c6e54eaa5a083124a5b85694bda58be0483fb6cba5dfdaac1b984
musicxml,Bach/Prelude/bwv_870/xml_score.musicxml,442145,c3adec4b760542cbbe2cd98aa0e75c88f3ec94022914bef331a35c0a8c3f24bb
musicxml,Bach/Prelude/bwv_873/xml_score.musicxml,735538,cb030e4ed69102f6711c55248596f89294e8b6ecc5ff2face42d293503ca54a7
musicxml,Bach/Prelude/bwv_874/xml_score.musicxml,794636,25f66b553bb0265322fbfd0ae914c19bf84bf6f2ee381881e114b8379e6a2eea
musicxml,Bach/Prelude/bwv_875/xml_score.musicxml,452146,d18af85b3b7c25af3085637d9f3a1b502270a29dfeb3b1c8de1a32246bf36bc4
musicxml,Bach/Prelude/bwv_876/xml_score.musicxml,431764,699262a17ca71ff9209cc69cbea0322f17159cc0fe652d22dfaebeabeb1512e0
musicxml,Bach/Prelude/bwv_880/xml_score.musicxml,615325,2f1a84cd8bf0d02d638dfa5b174bf8ad8e8ab69bd3fd12abb03f1cec33b279a4
musicxml,Bach/Prelude/bwv_883/xml_score.musicxml,456646,f452a9c7472ddc2f8814c0dc0287e87832659b43204bd5bf210dcde9163fa8b4
musicxml,Bach/Prelude/bwv_884/xml_score.musicxml,369028,f18a8abebcde4efeebc6842aa8a8e6d432d813317c408a5e194e9808656a765e
musicxml,Bach/Prelude/bwv_885/xml_score.musicxml,276456,911b1e59dd2f08c8e4f171d93b0e3dab31e1cf710381e567dd74c23be7f1bf90
musicxml,Bach/Prelude/bwv_887/xml_score.musicxml,579952,8784f5839d8cf179d9eac0dd01cdaab1365e72ae977129682659741632637700
musicxml,Bach/Prelude/bwv_888/xml_score.musicxml,315173,588b41dabd14cd2e71976092e616813c28b307e43e6c29b94d61f5839cc8629f
musicxml,Bach/Prelude/bwv_889/xml_score.musicxml,376338,70cfcf75229475ea8df6bbedd062fdc04f8ef37675bd7ee97594abfc2e1a0f0c
musicxml,Bach/Prelude/bwv_891/xml_score.musicxml,488959,11deae6a895465136972003ba99548e9c79b8097d7cea84bb4b4e74a57931b47
musicxml,Bach/Prelude/bwv_892/xml_score.musicxml,470532,ee4775fdaed06b9343737d06161a473591545fae367e142f7052dcc5825858a1
musicxml,Bach/Prelude/bwv_893/xml_score.musicxml,371634,41b526ea4188ae0923bb34817527f01c62cf807771377e26f1a21c4e279df065
musicxml,Balakirev/Islamey/xml_score.musicxml,3911800,5eb963bb6b16a5236fa8a356eee827979dd892b7279c7d8d81152b171ea94fa4
musicxml,Beethoven/Piano_Sonatas/1-1/xml_score.musicxml,813139,b6d3d9c5a219840e49b6cab68f1aca54dc3b0d96f607019ed50028606406f011
musicxml,Beethoven/Piano_Sonatas/10-1/xml_score.musicxml,1414136,bd6f37c3aa7eb8a420a3eda98c094ebd355896a7e40026eba79f8ad6e41b9fa5
musicxml,Beethoven/Piano_Sonatas/11-1/xml_score.musicxml,1751240,d153c3746c50a5ec6c7c6fa41c2c9fed52b018ac23fa15d1dd89967f123414f0
musicxml,Beethoven/Piano_Sonatas/11-2/xml_score.musicxml,1073943,0d2ea5cf5cdcc2f530793c444f5a0732ec16defc481bfa0350e84be7fd340d02
musicxml,Beethoven/Piano_Sonatas/11-3/xml_score.musicxml,367458,6435a186698dd2cfe141698e5e503cd9b4938304ce49cd7188298637624f00ac
musicxml,Beethoven/Piano_Sonatas/12-1/xml_score.musicxml,1772597,382ab29db1cfdf2389613533daf28d06fb797c4de1959ac3899fd02903b15379
musicxml,Beethoven/Piano_Sonatas/13-4/xml_score.musicxml,1884672,bfe5b41ddd84d69b706c30f1fe305ef8e2665ab4a7517bda4b63063e5e8a6f57
musicxml,Beethoven/Piano_Sonatas/14-3/xml_score.musicxml,2327778,0500c163c80d0042cc14f4656c2da855e5525ab37b22b27a84528d7d4cb693a4
musicxml,Beethoven/Piano_Sonatas/15-1/xml_score.musicxml,1970846,a7a4159085c4ff137f0a1d3338758039cf9c50d81dec819ebe838d208e68cc48
musicxml,Beethoven/Piano_Sonatas/15-4/xml_score.musicxml,1306714,b6597f04c45ea7b25dcd00157dc3f2c70c8ced21c99cd720d84d5f6a0ce67800
musicxml,Beethoven/Piano_Sonatas/16-1/xml_score.musicxml,1780237,b37d0424dd8fe7aaf9fc9ac57d28b5261891b2f95e51e846f25008cef6365cd0
musicxml,Beethoven/Piano_Sonatas/16-2/xml_score.musicxml,2445121,c281792b425510a12cecb7805cc6d2fb7bade7f1e4c0aed26d75a39b22bb5350
musicxml,Beethoven/Piano_Sonatas/17-1/xml_score.musicxml,1513879,41a05a94abfbd2559c1389d13a46cc2b394040778bad42733b75ab9bbec1e1ea
musicxml,Beethoven/Piano_Sonatas/17-1_no_repeat/xml_score.musicxml,1504716,865c6e0bb6736c2aff102ba726332e4767b58617e4a59e735c326bbc763946b1
musicxml,Beethoven/Piano_Sonatas/17-2/xml_score.musicxml,909727,9bf3badb176c05106d56ff89917605d8e11a08d0110b59697be5d05ac0133b71
musicxml,Beethoven/Piano_Sonatas/17-3/xml_score.musicxml,1965786,0643a07b08f153ad334cb1f0436483616c842d712639e310e99ffb558c3a7fe7
musicxml,Beethoven/Piano_Sonatas/18-1/xml_score.musicxml,1627846,5ffa1e361fcd6c057a4158b0f09a7ae9bc209ab56a4962c1b332d59e1be21b70
musicxml,Beethoven/Piano_Sonatas/18-2/xml_score.musicxml,1309040,1ccd4469d208050c1986d026df25954f64d82ee8e15a93496aa2b77e879b1f13
musicxml,Beethoven/Piano_Sonatas/18-2_no_repeat/xml_score.musicxml,1294797,e5d4ce336ec9022eed5f47f1669ea2969bd33b96f12b6ff9e0cb0d14fcba1be9
musicxml,Beethoven/Piano_Sonatas/18-3/xml_score.musicxml,408685,547c7ef59cb39e47509a40a09ca6f21cf2940c2baf2eb62a186a9300594f5c77
musicxml,Beethoven/Piano_Sonatas/18-3_no_repeat/xml_score.musicxml,389916,07874aa3f7584e1d2eb205b761104fd41f03fc867eb4d7c92ece4c0db18ff180
musicxml,Beethoven/Piano_Sonatas/18-4/xml_score.musicxml,1503418,ce47880c6aa339b5aec5c1313d713aa5f618f2d6ed570357e5e54c9bbd30fa95
musicxml,Beethoven/Piano_Sonatas/2-1/xml_score.musicxml,1531176,610cce9f50764d9cba531b53635cc1ed3bec081ee59969a4d972782687267a3a
musicxml,Beethoven/Piano_Sonatas/21-1/xml_score.musicxml,3156626,cae2c4ce1dd531eefaadf21ce448b0fb0423bfae8d21026ed9492986f8cf8a80
musicxml,Beethoven/Piano_Sonatas/21-1_no_repeat/xml_score.musicxml,3132792,b77924179839100c62421b0bcd57ded0ee0114873344aa5f41898419671878a9
musicxml,Beethoven/Piano_Sonatas/21-2/xml_score.musicxml,257705,7f84af40ff384a2b8a4fe7eaedf3410853fbaf84fb7f9b707e031339ee16feb8
musicxml,Beethoven/Piano_Sonatas/21-3/xml_score.musicxml,3784772,0b7cff95c5309ab314fc7abc8074bed54a6a763504692dfd1ecfd31af3585e41
musicxml,Beethoven/Piano_Sonatas/22-1/xml_score.musicxml,1795370,bc418079f72b828e348f5b4fd5a3e37903fbd75e81d3ee9c38d88ac7b2f7f738
musicxml,Beethoven/Piano_Sonatas/22-2/xml_score.musicxml,1199040,092b4b20ef3113ba53240f16b7ba490aff38666323e0254fac5461b20da6ed31
musicxml,Beethoven/Piano_Sonatas/23-1/xml_score.musicxml,3176874,129ca2d061f653374b629607ebf36af3006f3fd36f04604e58457ef37f20155f
musicxml,Beethoven/Piano_Sonatas/24-1/xml_score.musicxml,1030855,2f9b6e160af316d21f57194730c904665764033fabb34a7026767d9cd50f735b
musicxml,Beethoven/Piano_Sonatas/24-1_no_2_repeat/xml_score.musicxml,1021019,18252dabcb748cdcbc74834dee727ff5d043405cd32318949a8fc40d726ceae2
musicxml,Beethoven/Piano_Sonatas/24-1_no_repeat/xml_score.musicxml,1003515,877816104cd9994337845fbbcd2d2f98fd477e035e992e1f1853e417b0f9f50c
musicxml,Beethoven/Piano_Sonatas/24-2/xml_score.musicxml,975413,82f1e361174e7336caa550d495feb5c87ef4c7c4fe17cf8478131b1de5a94028
musicxml,Beethoven/Piano_Sonatas/26-1/xml_score.musicxml,1207773,fe6e6b5669691367eee18db1ecce8ee471c85b962e4312af6bac768820c91fa2
musicxml,Beethoven/Piano_Sonatas/26-1_no_repeat/xml_score.musicxml,1201664,7bb559147856e8579817c7eddb51929ff7629972052954f7080dbf0b13d0f1ed
musicxml,Beethoven/Piano_Sonatas/26-2/xml_score.musicxml,439283,add4800ed2e63a8b9193ab8f3cf9a69d4d16c05f48cb6d920ddea1f03089fb54
musicxml,Beethoven/Piano_Sonatas/26-3/xml_score.musicxml,1737393,36d50fea1294ca94d965166279c136d3f3b086b28ef08b90cfd2d55431ff2f40
musicxml,Beethoven/Piano_Sonatas/26-3_no_repeat/xml_score.musicxml,1732636,cb647966a53f77296deff60cdcce843988f739f6c7fa0cdc6d253341854a3956
musicxml,Beethoven/Piano_Sonatas/27-1/xml_score.musicxml,1199453,c00a78c7da40649b9e77f136afa30d658208772ade0b6b31edceaf7d2fb5f463
musicxml,Beethoven/Piano_Sonatas/27-2/xml_score.musicxml,1821987,6cfaaa84c9b6fa49c85851fad40fdeca591716e199028c0dc1feeb9ed3bf1666
musicxml,Beethoven/Piano_Sonatas/28-1/xml_score.musicxml,708364,dbd3a62d9490d257398ac45d4a0b92ba6312b6dc2f15c99b51dc9905ca9fde34
musicxml,Beethoven/Piano_Sonatas/28-2/xml_score.musicxml,857904,39d6cc776a87eca50e6fbb4277b8af425a32a28068f201f97d639278ed0b13d7
musicxml,Beethoven/Piano_Sonatas/29-2/xml_score.musicxml,1047066,8f7048c2a7a25352dec3eaee78b8dd805aa0fec6724d0a4481df3a95ae59282c
musicxml,Beethoven/Piano_Sonatas/29-3/xml_score.musicxml,2566914,621dc7139ae1b485f88b930b6be31adbcd191b43684b30a65152a63b6e520cd9
musicxml,Beethoven/Piano_Sonatas/29-4/xml_score.musicxml,4068978,4ade591a5d55dde648b9e9cdaccff0762bb463b55799c599fc6b375de096acdd
musicxml,Beethoven/Piano_Sonatas/3-1/xml_score.musicxml,2001663,533c0a3c54123b7fa32ed97567de3714c64c2585f130994bd309c788bec59565
musicxml,Beethoven/Piano_Sonatas/3-2/xml_score.musicxml,753594,938f5e4dc03e6fcee5c6d054d2365c4d5367908918e3d7f8c102f7db55e4fb4f
musicxml,Beethoven/Piano_Sonatas/30-1/xml_score.musicxml,901584,4c2d72c362187b826a9c842bb48d3145561f9df89587ce826d034405eb91275d
musicxml,Beethoven/Piano_Sonatas/31-1/xml_score.musicxml,1346524,228632327a0eefc3388902c5b03e379a648cd079f9c492391b9bfca20349dbbc
musicxml,Beethoven/Piano_Sonatas/31-2/xml_score.musicxml,448357,62d423a44d5af4cd229b6e9529227eafa89eb4eec38e13b341fafa978f5b4f60
musicxml,Beethoven/Piano_Sonatas/31-2_no_repeat/xml_score.musicxml,440740,7ff352d4839c7514ad50b1dfcf40d68f4f72410ecb7dad54374a5ba6648e6a05
musicxml,Beethoven/Piano_Sonatas/31-3_4/xml_score.musicxml,1799456,193999d719eae289f22c51f736700a2526fb7b7bc7ed354da0026b96332ef1d7
musicxml,Beethoven/Piano_Sonatas/32-1/xml_score.musicxml,1953416,2e908b0954e2d0db9e6a98a69fb08a75328c74659c06e6a9239c586eb3c939e5
musicxml,Beethoven/Piano_Sonatas/32-1_no_repeat/xml_score.musicxml,1944176,79d4b6200e2a389686d66a9b377ef98fce6019bc30be6d6b8f4d8a8f387489c7
musicxml,Beethoven/Piano_Sonatas/4-1/xml_score.musicxml,1970924,c7ed00b00ec03a48a978e9cec7868f6976a795d14ee0d378a38c93beca4b0ae2
musicxml,Beethoven/Piano_Sonatas/5-1/xml_score.musicxml,1014821,940236fe0258a7f75a9bd2bebc08cc7eb053b3313b1ff818dc80cecbf93f5b70
musicxml,Beethoven/Piano_Sonatas/7-1/xml_score.musicxml,1643363,56468ae482aa86ba8790bddef11748efd72858eb3ef7f45a9f04d5fdade253f5
musicxml,Beethoven/Piano_Sonatas/7-2/xml_score.musicxml,1049993,e2529d6a5ffc8aa02eb96b8e8e57ea1c8d777d3ae8b3f4e9bbae53c880fbe766
musicxml,Beethoven/Piano_Sonatas/7-3/xml_score.musicxml,411685,7fe115fb50c7e3c675399c7c914b8831af6418fa71aee064a5e73879fba0ce99
musicxml,Beethoven/Piano_Sonatas/7-4/xml_score.musicxml,1078230,3d2904b234b3679848b5886978103589153cb319eeb89c3cb198f76f2d36eeee
musicxml,Beethoven/Piano_Sonatas/8-1/xml_score.musicxml,1954017,d25853873c009c82c9b0bf204cb310f973d4b755154ea4208c35c7660c656c68
musicxml,Beethoven/Piano_Sonatas/8-2/xml_score.musicxml,894765,eb53da5dfe53e76945683f71cc8a9addfa5c610084b00551f17e83721d28f87f
musicxml,Beethoven/Piano_Sonatas/8-3/xml_score.musicxml,1187798,93c48806bea77c14d0bfeda991481eb3bb8ae93c805b73fab6a616e979732782
musicxml,Beethoven/Piano_Sonatas/9-1/xml_score.musicxml,1181700,45adec8f95db243ce2076e324ebe267ad69c8f1bba8728edc191a138dfa700f0
musicxml,Beethoven/Piano_Sonatas/9-2_no_trio/xml_score.musicxml,272103,fa99273831d59fb44b9865542cc0d14246b30c9ba71843f7a54d813973134a19
musicxml,Beethoven/Piano_Sonatas/9-3/xml_score.musicxml,948543,d959370361cb5c5ae001c112cfec44a20e275e4ca05e50410b0ecb5f22780296
musicxml,Brahms/Six_Pieces_op_118/2/xml_score.musicxml,814129,37b60b1b01ad353fe733ffc98ceaa37167c9e6a36e817cc9da2a1cf03ad05224
musicxml,Chopin/Ballades/1/xml_score.musicxml,2498491,996fb7d6190121c46ebd5936329229c39c9c1319549c388cc0f7d11734f61894
musicxml,Chopin/Ballades/2/xml_score.musicxml,1693397,72c02511936b7dfca1ae0bdfd49c575f33c58c5b1f1172303b8bd62b7a5d5b79
musicxml,Chopin/Ballades/3/xml_score.musicxml,2186648,984163bc6613befc7fe57c94ac147d42a855d2bb3b4019ab36b3d0b21a992e2e
musicxml,Chopin/Ballades/4/xml_score.musicxml,3044030,13b8d1cf9d0a67557fa5223fe632f2d97a14ca557c0225c085053eb56cb3e364
musicxml,Chopin/Barcarolle/xml_score.musicxml,2314565,4b708ab305f2794e68dafb18828793d8b28c16485879665be0f7c1cfd03c39df
musicxml,Chopin/Berceuse_op_57/xml_score.musicxml,921588,f9736736e9957a06f7d360f5fb17dd75dfbd4b8df73e92739a6044aec1ecca6e
musicxml,Chopin/Etudes_op_10/1/xml_score.musicxml,613467,d21d5a653b2dd6a4e957160f01c29d5eae93a8c1ac150b3bb19b878547b3163a
musicxml,Chopin/Etudes_op_10/10/xml_score.musicxml,1023431,dac0d1ff5b1e10e067f4e919de8d0ababb8222fcab1525ec0848cc5ecfef9587
musicxml,Chopin/Etudes_op_10/12/xml_score.musicxml,973790,ee3056d6e7d59c0110a30fc46889ab6970dfeafd6be2c5979905bca182f8ad31
musicxml,Chopin/Etudes_op_10/2/xml_score.musicxml,657043,ca37793e3f2599d827892da972dda2cf98cc7fbbd59ce6cdc9cf98f29b2aa6c3
musicxml,Chopin/Etudes_op_10/3/xml_score.musicxml,885049,350b8d6838c8396163bb7a06a8ce9cf848b17da267cd08264998fd08c6557f30
musicxml,Chopin/Etudes_op_10/4/xml_score.musicxml,1100366,6fa1140f67f678d6b0eac1da169df52d5aeb79513a897277c3f731539bcc0d1a
musicxml,Chopin/Etudes_op_10/5/xml_score.musicxml,993073,23e4eff8c9406987ed8ef38c40f6bac77fee52235b2c4d0b2717c7ba173dc116
musicxml,Chopin/Etudes_op_10/7/xml_score.musicxml,718886,d947d2fe565ff8419139cfb762059f55d1300437b2df22280521b7b91505ca42
musicxml,Chopin/Etudes_op_10/8/xml_score.musicxml,1087182,582fb27dc5ed534fc51347e1adb080922ebc3daeeb30d9ea081992a87cb938dc
musicxml,Chopin/Etudes_op_25/1/xml_score.musicxml,1425957,f4447ec0be3b920a3d11c005d400ffcb8884090eb6211704bf5d7dfaa268e009
musicxml,Chopin/Etudes_op_25/10/xml_score.musicxml,1775289,d5df80cc5ee014a790c730caba4c18dfe839682ae216291adb8a1bcbc42748ec
musicxml,Chopin/Etudes_op_25/11/xml_score.musicxml,1819831,17360cd325ee3479c5a426c67f4a328f8745e385ae0e64a4d11cf16603b419ed
musicxml,Chopin/Etudes_op_25/12/xml_score.musicxml,1176385,cc7d004da86eff9e7994308961619941d14f417a0d6418fba11bdb6507b88fc7
musicxml,Chopin/Etudes_op_25/2/xml_score.musicxml,859779,464b975428684ff93d4493441b2dfabf25559887c5de4de9da053603f210c893
musicxml,Chopin/Etudes_op_25/4/xml_score.musicxml,753816,73705bf10cc0d7f50f0c4aa041bca64ce6ee5c6dc76a5749abf41e10a71af9ca
musicxml,Chopin/Etudes_op_25/5/xml_score.musicxml,1129679,bf455500bfc1df74c0b403b51cdc50916cd20b3bc658c618740cd5dd7a177c1d
musicxml,Chopin/Etudes_op_25/8/xml_score.musicxml,898815,392006db007a6d22b0f4620efd7a756f66a0472105fa2fec48cd12bdc8ccd0a5
musicxml,Chopin/Polonaises/53/xml_score.musicxml,2874473,69bbb4f4d2eae2ea971d673b233baff01ea0e997af30787f413f3520383ad537
musicxml,Chopin/Scherzos/20/xml_score.musicxml,2611733,5cc21eac67c766eb526469b863b9df241a0c340688fc88825215b4a6aebcf51c
musicxml,Chopin/Scherzos/31/xml_score.musicxml,3461546,418157fd7d47ba31a9bde97129424e11287fd4714363be5b4d2a63c77e5d1376
musicxml,Chopin/Scherzos/39/xml_score.musicxml,2497206,2fc29c505d04efd830072745326f586a987d8a1199640100636fc77dc353c2fa
musicxml,Chopin/Sonata_2/1st_no_repeat/xml_score.musicxml,1932541,1a6e8c0532645893f653a2c1a74a74b4c907a697ff4f894ef47c05770c2a07c6
musicxml,Chopin/Sonata_2/2nd/xml_score.musicxml,1918562,427f060b99fc97542ab340a402ecb7d9ee8b1703281344d5d042d8a35870cd0c
musicxml,Chopin/Sonata_2/2nd_no_repeat/xml_score.musicxml,1912545,0055fa333bec578244e2574dcdce9371b2cb51d1646147d0ebaa366778e730f5
musicxml,Chopin/Sonata_2/3rd/xml_score.musicxml,927357,6ff76f53e827368ae862e136752b8b99a9c855b640585fc82484682c0f79ecf7
musicxml,Chopin/Sonata_2/3rd_extra_repeat/xml_score.musicxml,927533,0f2c4d0a133c52a0b9b4ec17cfe171087908389304a6de8963bec387e9948ae5
musicxml,Chopin/Sonata_2/3rd_no_repeat/xml_score.musicxml,926652,8e007e0d1e3617def75eb80ff3b0e2d41457d294e9459bcee39be69bd2746d84
musicxml,Chopin/Sonata_2/4th/xml_score.musicxml,1088947,a2754800437e169c21d57d8131e0f374ca777ad7725837b5fa06e68bd471135c
musicxml,Chopin/Sonata_3/2nd/xml_score.musicxml,751647,2241f98931aa0fc629a1651356d7dde26dad5695e4dea5aa8dc054f43c8c5572
musicxml,Chopin/Sonata_3/3rd/xml_score.musicxml,1184947,fa3ddd4c2d3620c66e77ed8ce5d62b9167076d62f07c72634aa079898f3eb59a
musicxml,Chopin/Sonata_3/4th/xml_score.musicxml,2262567,b13b511be8c2a6b824fc249d64db644ef7c41e72ff954e14223cf3f549a738ed
musicxml,Debussy/Images_Book_1/1_Reflets_dans_lEau/xml_score.musicxml,1278560,20e90f225ef5a85ed0f5800223a56708a10512a1904594293d8259850caf6423
musicxml,Debussy/Pour_le_Piano/1/xml_score.musicxml,1596399,51520387c5b11f4d24f1bed1f77fc2a5f51e29a0c844ca72ded9db3cc5610ae8
musicxml,Glinka/The_Lark/xml_score.musicxml,1066514,485cdd7bcd67550ef4f0efac21155e633d3c8503158cd464fa4599b540f20679
musicxml,Haydn/Keyboard_Sonatas/31-1/xml_score.musicxml,925777,7513c95a09ac42afe7e6162d77f57f764917b3946ec96c02b312164a7a5b8eb1
musicxml,Haydn/Keyboard_Sonatas/32-1/xml_score.musicxml,687068,e5ad1277df9f1b24e3e7df21524b05d4b368d57127059b6c334fe8842797290f
musicxml,Haydn/Keyboard_Sonatas/32-1_no_repeat/xml_score.musicxml,686930,a9a08e028583ebcced2e033bd9d2f08229320d53df0cf0a55f5cdf32eac4812a
musicxml,Haydn/Keyboard_Sonatas/39-1/xml_score.musicxml,601445,61a635edbdd2e5ec5147c14c765e02c5efb89cdcd4535ca43e0c8389c0de02fd
musicxml,Haydn/Keyboard_Sonatas/39-2/xml_score.musicxml,863540,d5dd3bfd258b790c77c9a3dfc5963f1222113f78b95e0afa88f99a2340120439
musicxml,Haydn/Keyboard_Sonatas/39-3/xml_score.musicxml,691635,5b2d9338d88e04bba79447802c558da7553983043f366b669ff73da88d0924c5
musicxml,Haydn/Keyboard_Sonatas/46-1/xml_score.musicxml,1436613,229842e1bc29c4831b2dfd33f5a6d167ebf83b7bf36493387af9c57254d05d8a
musicxml,Haydn/Keyboard_Sonatas/48-1/xml_score.musicxml,920234,c0f2080fef8fa7b2111ce011e1ab182c906f3b73ee68b1aadcbb46fe677e7147
musicxml,Haydn/Keyboard_Sonatas/48-2/xml_score.musicxml,1147780,d5f9b118f5062ab395e101b1993be02261d256dd5ea4006033142b58c4d090af
musicxml,Haydn/Keyboard_Sonatas/49-1/xml_score.musicxml,1323599,0a13e5e6736a0bc3d37fd22b37cb22fb8fd2e6ef69c337c6faa6b712fb3891cc
musicxml,Haydn/Keyboard_Sonatas/50-1_no_repeat/xml_score.musicxml,1573408,d99414c2959cdec62c745c4838d9942a08112eb8d8346db03a9e6e739a3b1325
musicxml,Haydn/Keyboard_Sonatas/6-1/xml_score.musicxml,726443,504330c2b4e6429a7b445bd560b2ddedfbebe4fe7bc246494117fbcca1fda07d
musicxml,Liszt/Annees_de_pelerinage_2/1_Gondoliera/xml_score.musicxml,1498085,ade93ce8f746fc1464beedbb6358783045170ef30b67d9eed7234bdfc987beb6
musicxml,Liszt/Ballade_2/xml_score.musicxml,3883012,28465e3d9cc400837ab00ed891263ca6c0d0479577ccbaf5977d4d018146e898
musicxml,Liszt/Concert_Etude_S145/1/xml_score.musicxml,1937617,f6cccbd1ef789f97430fc9b81f25bc9b64dcfa91bf0b7f372892881e9d58ed2a
musicxml,Liszt/Concert_Etude_S145/2/xml_score.musicxml,1706335,39426be9ffb6be6d75d25c449ad94ab3bd0d1f537e4e3ceba5ee1275500bdfac
musicxml,Liszt/Gran_Etudes_de_Paganini/2_La_campanella/xml_score.musicxml,2230398,b71015c0c968e082f91239f4a9d24a83b5520380261ccb09814d9269fb34420c
musicxml,Liszt/Gran_Etudes_de_Paganini/6_Theme_and_Variations/xml_score.musicxml,2278942,48ae19b8d11cbed1599271491b8daac80988a07498f0553d36fbca7253ef9fcf
musicxml,Liszt/Gran_Etudes_de_Paganini/6_Theme_and_Variations_repeat/xml_score.musicxml,2292095,4568b04e6941aeeb32a16401cadd12500a2450648be49d0be4176d1077ea8512
musicxml,Liszt/Hungarian_Rhapsodies/6/xml_score.musicxml,2513079,e17362f40d176b20c485b6f5f66785e1372dd6af6578432f89f8762807910f66
musicxml,Liszt/Hungarian_Rhapsodies/6_no_repeat/xml_score.musicxml,2512812,1474a9d22efe60c9d50a01404316549422f8abcaa7efbf93713586812d0465a5
musicxml,Liszt/Mephisto_Waltz/xml_score.musicxml,5185516,895c5fbe0f7d2095a2c1f4feaa44b8e630c43b7a798b5a4421da66ab45bd0e18
musicxml,Liszt/Sonata/xml_score.musicxml,7738803,61cd8522c65ba19a026ac7b9b644d71b4877354b7b0cd5d29222b26866f202c8
musicxml,Liszt/Transcendental_Etudes/1/xml_score.musicxml,297155,068ba0cb99bcb492817cb26ef804eeeff21171ecf923166b48a6c580e5f0b858
musicxml,Liszt/Transcendental_Etudes/10/xml_score.musicxml,2420487,fed4d931560d1305f545c453d03e8f0537750688a028246cbf0996b5aa1b63fb
musicxml,Liszt/Transcendental_Etudes/11/xml_score.musicxml,2622805,85350d846c95ef3a8f8b3ecce99d327183ba067a5c7b1ec8c7e54574872f5e56
musicxml,Liszt/Transcendental_Etudes/3/xml_score.musicxml,844539,500b8d420a516ac8ae549ebffafa2385bbf900c5362ef90568890ffda93b2b18
musicxml,Liszt/Transcendental_Etudes/4/xml_score.musicxml,3878360,6c31a326aaadadb88ac99a9e472aebc3db2561abae721ce282581df4bda1275c
musicxml,Liszt/Transcendental_Etudes/5/xml_score.musicxml,2164900,5210c2e98573d3686101ba5496e139aec5b2319a52898c2912ba2c6dad0fbfa9
musicxml,Liszt/Transcendental_Etudes/9/xml_score.musicxml,2488902,43fe08d426a3c99c47e70147ed3e0ec0b73c652697a3694de9331f133d40641d
musicxml,Mozart/Fantasie_475/xml_score.musicxml,1782016,22d5dcbbee65d2c85c0d095c0fea01adda8d16268c1348c89fb4eedf1ed0017e
musicxml,Mozart/Piano_Sonatas/11-3/xml_score.musicxml,702996,91f83e019c31586b715fabb2a525780182069b0070257848b1f72ecf60172be4
musicxml,Mozart/Piano_Sonatas/12-1/xml_score.musicxml,1096064,ab0c5d4a0d562fc21050959e92cb4d09396f8ef484db3c27b39fbf0756a6f837
musicxml,Mozart/Piano_Sonatas/12-2/xml_score.musicxml,628961,e83aed2573d63e63eee65bdc97bf5f56f8c60d6f3e579d16a9f0c6d9511bd2c6
musicxml,Mozart/Piano_Sonatas/12-3/xml_score.musicxml,1372446,34343825b5f7ee3b1a97d58bb2e215fc30539eecb9a07eddc97d0cd84e449d94
musicxml,Mozart/Piano_Sonatas/8-1/xml_score.musicxml,1447585,1b5b2a13ab4abb843bae9177d87f8e7c3be5cf07ab4b6e9b7fe2d6065f1a5f9a
musicxml,Prokofiev/Toccata/xml_score.musicxml,2138461,196ed16b983edc2a2d51a6b954b2c596a8d09effa0af42f04bed8aa869c60f46
musicxml,Rachmaninoff/Preludes_op_23/4/xml_score.musicxml,800741,4bd63f781dd82488ae40544fa2bbda4271945837d8f0f231d1cb8801eb2b2be4
musicxml,Rachmaninoff/Preludes_op_23/6/xml_score.musicxml,612634,a927b65867a6a6fe3cc07160152a5bf39277c2e8c416e7f4bd9e805e2f143286
musicxml,Rachmaninoff/Preludes_op_32/10/xml_score.musicxml,1700152,5a7ffdb8f67f3422902dc5fb2b690852a6ab8ae68d6574c455b43f0d7cae225d
musicxml,Rachmaninoff/Preludes_op_32/5/xml_score.musicxml,732635,4196b2a898719d9f5a73b8e9e8da82144882adca020ec6afa705b79e71a20024
musicxml,Ravel/Gaspard_de_la_Nuit/1_Ondine/xml_score.musicxml,2519587,1f28ee79a5cf342d5ad9d8309769510ba2fcadb2b09a1e76d5c0f583055742b4
musicxml,Ravel/Miroirs/3_Une_Barque/xml_score.musicxml,2965982,074f5b9ec5a86f5ab89ab0b8502ae02e51808876f8d4cf3580944c339bc30c3c
musicxml,Ravel/Miroirs/4_Alborada_del_gracioso/xml_score.musicxml,2430204,c3a764468259ce6457ade4b6367ca8d7ac03baebb9b1497fcaae9dbb7822f596
musicxml,Ravel/Pavane/xml_score.musicxml,957295,a839accb7cc247748e7ce7b442af937bd630fd97e75adc7f9ae0c42ed1d970aa
musicxml,Schubert/Impromptu_op.90_D.899/1/xml_score.musicxml,1820162,b40fe5abc0c55e9ec9e9d10711752722acdf4a9dce520ec5320b02b969c42a2b
musicxml,Schubert/Impromptu_op.90_D.899/2/xml_score.musicxml,1812562,a29e9d19441283377b24999c547584832f15007aa8bcd91a4a181eb6a7342a07
musicxml,Schubert/Impromptu_op.90_D.899/3/xml_score.musicxml,1594950,1d10907c0345dc1b32c16f7c89e5c0ab3e7901efa8cc0177f0283c13e6e55e58
musicxml,Schubert/Impromptu_op.90_D.899/4/xml_score.musicxml,2059223,fea12d491743b6674185762a895f332690a1de1c1946d52e09c1c01a6d3d88e9
musicxml,Schubert/Impromptu_op.90_D.899/4_no_repeat/xml_score.musicxml,2038386,377aeb8424bf367f6ab4bc0c94daee8277f76a8ec12fc9a979a32a1628b66430
musicxml,Schubert/Impromptu_op142/1/xml_score.musicxml,2708980,7127d4e28566ec3d8907333d7162fbdcce204784af67fd3c6baf9316e31f3746
musicxml,Schubert/Impromptu_op142/3/xml_score.musicxml,2054281,56cce131499d3a47876a2d510fad7a6156881da19f1dba24e92a1cd5aff648a7
musicxml,Schubert/Moment_Musical_no_1/xml_score.musicxml,1214168,e29a51db2d1c991b3b7593c24e837b016f7083b3cdfa07705d5d0595c22c5b6b
musicxml,Schubert/Moment_musical_no_3/xml_score.musicxml,461403,17bcd27efe010ea2ae4b8083571784ed0b5565782326951e5bc0bffd0fa6a1b9
musicxml,Schubert/Piano_Sonatas/664-1/xml_score.musicxml,1284053,b2ed9b14553087588a1c1f05bfff501e629f24a5e4e99393acd285c8acfa4f7c
musicxml,Schubert/Piano_Sonatas/664-2/xml_score.musicxml,670388,026fcb638a0d13ba29759501bc56839384c9a0ca9383cdbd0f06f8ecad7121bb
musicxml,Schubert/Piano_Sonatas/664-3/xml_score.musicxml,1505254,65c25ecd7aa7295754e9d4811c9449335474caa43e646ad63fad51c03f8dd8ff
musicxml,Schubert/Piano_Sonatas/894-2/xml_score.musicxml,1399930,39beaf9f6003ec15d93aba43501cb7df976ae9c29581caa346a5a3c1fa0a7d84
musicxml,Schubert/Piano_Sonatas/894-2_no_repeat/xml_score.musicxml,1409016,31b4881e58726156eedc7d43e8752c323eef60488e683b43af264f0aaf015dda
musicxml,Schubert/Wanderer_fantasie/xml_score.musicxml,6743137,944b3ba7e6e05d44aa1ddd2b47ac47e82464ae8f4f72a37eda5e72d42d03c850
musicxml,Schumann/Arabeske/xml_score.musicxml,1360656,a63dbda18f86afad6b1f74105ef816da79bd986c5d80d7a1ccac26df9fa407be
musicxml,Schumann/Kreisleriana/1/xml_score.musicxml,854663,b1d5a0613eaab9001321dbfd604cb2cab50934afef4f7462e6daf2df17420309
musicxml,Schumann/Kreisleriana/1_no_first_repeat/xml_score.musicxml,847532,d300bfe4aab8fbebb62a3cb3327088e827b4513fbb574c5e98de920b94af70b8
musicxml,Schumann/Kreisleriana/2/xml_score.musicxml,1354166,06cad0293909a804537dfb83a2d41e5780554d07a74929436d912dd8eded4a38
musicxml,Schumann/Kreisleriana/3/xml_score.musicxml,1118000,e8dfb7486f8b4eb9dc08a361a61bc75e7ab0c99cc988b631d941110261ba3006
musicxml,Schumann/Kreisleriana/3_no_repeat/xml_score.musicxml,1069284,a6296fd0810d8e12d4d5684e351752d620173206194c605994af8c160c6f5cc2
musicxml,Schumann/Kreisleriana/4/xml_score.musicxml,364179,1a8579a17c0dd12c391061184999a83965b59371c0ec27c364e91f9d98cf443c
musicxml,Schumann/Kreisleriana/5/xml_score.musicxml,939245,0f7ab5b880f43f385c3d065016f971b14c0e2bbbf2afe2ff5fa178ed83abe6a5
musicxml,Schumann/Kreisleriana/6/xml_score.musicxml,434257,840be7d525fc3b3ae77a03ab01612406c2e30d59ad1a5217a18c701baf345ef8
musicxml,Schumann/Kreisleriana/7/xml_score.musicxml,675838,4aec388b455fb8ae537b501a9f747b92d29bfe0db3b7b0e6153db0cd3974de32
musicxml,Schumann/Toccata/xml_score.musicxml,2802333,ac7847ce6400f708715ad9e7c70fc75c3fff1b79288b6cf5fea67674848e97b3
musicxml,Schumann/Toccata_repeat/xml_score.musicxml,2843155,f082a0eda53792a0213bfd11d16df8ab77181512ebbc65c2d76e6a62e96f4f22
musicxml,Scriabin/Etudes_op_8/11/xml_score.musicxml,611417,9a3f8663d0f40f504cccc373f1af6fabca86d55ff4f22193451ed629c46c6762
musicxml,Scriabin/Sonatas/5/xml_score.musicxml,4233875,bfd1e9e9bdb763632523cc989bd500f2c19c891ae3799ec514839d17dcbccf6d
note_alignment,Bach/Fugue/bwv_846/Shi05M_note_alignments/note_alignment.tsv,28865,5882e0a2a5e2673e350f174985615edf286981dcfaa9fc57641bf07abb236043
note_alignment,Bach/Fugue/bwv_848/Denisova06M_note_alignments/note_alignment.tsv,55785,f4d9a4d40c7f90d1d140032bf15dea55438c853a9be07e07509b9caf26c05191
note_alignment,Bach/Fugue/bwv_848/Lee01M_note_alignments/note_alignment.tsv,56101,fed6895f9533852d131c058cc561abd7ba432999221d0ce9bc59af94c7dccb74
note_alignment,Bach/Fugue/bwv_848/LeeSH01M_note_alignments/note_alignment.tsv,55983,618aec1b5932dd0791fad0755ea139905cf8bc3b9d8f95187f66ef141286db76
note_alignment,Bach/Fugue/bwv_848/Lin04M_note_alignments/note_alignment.tsv,55876,0cbf0853e4f3aa04a170404e43865ca0fa31bbf52c1e18fe8d84d99290b93801
note_alignment,Bach/Fugue/bwv_848/Lou01M_note_alignments/note_alignment.tsv,55798,410eb16e29309e6c3529cc8ce09fbcc4cdb572cbe63ea0f7884a63d1e11506ad
note_alignment,Bach/Fugue/bwv_848/MiyashitaM01M_note_alignments/note_alignment.tsv,56033,7f94591b8ad7b1ce5ec6902519477aff20569843175aa7d4a42132ebe58382c8
note_alignment,Bach/Fugue/bwv_848/Mizumoto03M_note_alignments/note_alignment.tsv,56314,ab63c5c823a3e07787beafbed8a077bf827afb415a33efeea05b8662d564fb7f
note_alignment,Bach/Fugue/bwv_848/SunY01M_note_alignments/note_alignment.tsv,55850,1b1b40d1c17e39eda213adf3108a08d94644fed78194321e783682620dc9144a
note_alignment,Bach/Fugue/bwv_848/Zhou01M_note_alignments/note_alignment.tsv,55543,badec5b6fa76041e90780a5bdeea21a527f58b5e3a40e66e4056ce90df7e2191
note_alignment,Bach/Fugue/bwv_854/LuA01M_note_alignments/note_alignment.tsv,28036,189edb5064358165edb88a232fa90b9404a8e53bc59b00e6e844072f6a824b21
note_alignment,Bach/Fugue/bwv_854/MiyashitaM01M_note_alignments/note_alignment.tsv,28109,5c4b533507ea1364e1506406f6aed45d2934055d56ae8a234450e83c43a20e40
note_alignment,Bach/Fugue/bwv_854/Ozaki01M_note_alignments/note_alignment.tsv,27857,ea0a95d41b0c2dd6523b34a5da8dcf558a07d1a2d827a9decd31a3c6972f4537
note_alignment,Bach/Fugue/bwv_854/Richardson01M_note_alignments/note_alignment.tsv,28037,f337dedbf05d0d06bbeadbaec67487b81eaae7157bd8ebc2ae97294e072ca7d4
note_alignment,Bach/Fugue/bwv_854/WangA01M_note_alignments/note_alignment.tsv,28054,b86ff12c7b4f30eba05e4dda7816dc0d01da16e7af4e069988e7bb54f7d5adb5
note_alignment,Bach/Fugue/bwv_856/LuoJ01M_note_alignments/note_alignment.tsv,28702,c1dbcfc9b5bfe1e080c6c48563e24f88be8e61b4682b3d8223757fb1461208b8
note_alignment,Bach/Fugue/bwv_857/Bult-ItoS02M_note_alignments/note_alignment.tsv,54898,530b6c8745bb30c4ae745ca77b04ea9b292168c29e2ea36ca8e29594592845c7
note_alignment,Bach/Fugue/bwv_857/Lan01M_note_alignments/note_alignment.tsv,52399,92f363cb4a7327e603db96aeb6c7d27d0a147a84268a67ac66831cc3e9de978a
note_alignment,Bach/Fugue/bwv_857/Lisiecki04M_note_alignments/note_alignment.tsv,52565,92c39086dd1fbb3f304b6a452eadd21977f998b7b42c017835931d2dc5e2fb99
note_alignment,Bach/Fugue/bwv_857/ToA01M_note_alignments/note_alignment.tsv,53280,ee807777d85187f474490eb0c663dd70148165d380da760301b223620c248e97
note_alignment,Bach/Fugue/bwv_857/WangA01M_note_alignments/note_alignment.tsv,52353,21a729b8c8f43c9ef73b020dd9d2de646782d7bcecc840082dcd2ee7225045b0
note_alignment,Bach/Fugue/bwv_857/YuP01M_note_alignments/note_alignment.tsv,53007,9deaae7928d3d24e8e38e38db045bb003b48a112b79a692989378fb4fb3b7d28
note_alignment,Bach/Fugue/bwv_858/VuV01M_note_alignments/note_alignment.tsv,34027,9c0f9614f9c611116ecc7d6a5155ed4d9a2fa4f51d98806563b8694ae8edd274
note_alignment,Bach/Fugue/bwv_858/Zhang01M_note_alignments/note_alignment.tsv,34420,a2d5c8f2f1d3c439f0d47695af3abee7c2cc6711719502527b74053e60f45b26
note_alignment,Bach/Fugue/bwv_860/Ko04M_note_alignments/note_alignment.tsv,68812,999afb1e37fa14a9709714e27bbe28fc16f175379f1522032b783f38bdd57d66
note_alignment,Bach/Fugue/bwv_860/Nikiforov05M_note_alignments/note_alignment.tsv,69070,86ee128243be36ab59b06414420a6dd7f22a5274d70c21ce55555629199208bb
note_alignment,Bach/Fugue/bwv_860/Tetzloff04M_note_alignments/note_alignment.tsv,69876,8417df94a1683896952683b76ea91493227c6ff1a87990ce5e3ec04776016785
note_alignment,Bach/Fugue/bwv_860/TuanS01M_note_alignments/note_alignment.tsv,68853,9cce45359f9aae6715845751da6d3d482b7b0a7716432f8a12815ef42513aca3
note_alignment,Bach/Fugue/bwv_860/YoungS01M_note_alignments/note_alignment.tsv,69796,fbb2aa1fe49da76338ba835c5ed706abb4993e4691d355730c33d04fb46e70dd
note_alignment,Bach/Fugue/bwv_860/ZhangH04M_note_alignments/note_alignment.tsv,68742,320825167ba77c5f818e138a4c66d1d5741f51403a4799a1eb4df81843da6338
note_alignment,Bach/Fugue/bwv_862/Song04M_note_alignments/note_alignment.tsv,33604,e10e447d38fe982170c605092de4aef913ed385a6009dc514a3827491d07e4c4
note_alignment,Bach/Fugue/bwv_863/LeeN01M_note_alignments/note_alignment.tsv,30494,fb3b0a7ed5f23889609b860f7f1942e1bb298fb00130e062b3e52915bcb78c2d
note_alignment,Bach/Fugue/bwv_863/Shychko01M_note_alignments/note_alignment.tsv,30624,317ddd4b047ae00bcf943aa47e418b69dc47c342ae77958ec1bee0723d1b18f7
note_alignment,Bach/Fugue/bwv_863/TongB01M_note_alignments/note_alignment.tsv,30820,6cf44bc2d10ab9eb58f048227055844954c7ab6d9017432c6cfc1b68f085ba6e
note_alignment,Bach/Fugue/bwv_864/SunD01M_note_alignments/note_alignment.tsv,46031,0de35e3aa55156a3f6fdfc2fa9e95f7b00e80aeafb55241957ed1687ae6d0ec5
note_alignment,Bach/Fugue/bwv_865/Rizikov01M_note_alignments/note_alignment.tsv,96139,83b787e414db6eb5326f33553e2c38a21528c16709383462d2e035af4ad3ec35
note_alignment,Bach/Fugue/bwv_865/Teo01M_note_alignments/note_alignment.tsv,98466,1eb872a84e605685bc0dcf337d15838b37158d533222b8fc140b2917691e55ec
note_alignment,Bach/Fugue/bwv_865/ZhangE01M_note_alignments/note_alignment.tsv,96791,6592dac550352a1a931b7d147475ca6310015099f21fe6254baa649a7f353e8e
note_alignment,Bach/Fugue/bwv_866/SOLOM02_note_alignments/note_alignment.tsv,35894,329015fa131c5963bb56c1165e6d4b4a04c1df2066385839744b3ff82af2f992
note_alignment,Bach/Fugue/bwv_867/HuNY01M_note_alignments/note_alignment.tsv,28847,79e5368a79181919376e503163a1df639df1040001f6c0a0631abfd589f04197
note_alignment,Bach/Fugue/bwv_867/Sham01M_note_alignments/note_alignment.tsv,28345,c7642da027fab076765f2d3b4b0bc56fb7ec0a723b24f6b9eda5bdf5317c5a1b
note_alignment,Bach/Fugue/bwv_868/GonzalezJ05M_note_alignments/note_alignment.tsv,33664,1065f19e9ca0b36597f033e8a96a6b6acac58b88e6d09b03304923f7618b8a1f
note_alignment,Bach/Fugue/bwv_870/ChenW01M_note_alignments/note_alignment.tsv,41046,97f261a7c5c7ff50a0e8ab50076fd244c1e290de5e712c94fadefcf12481a528
note_alignment,Bach/Fugue/bwv_870/LeeE01M_note_alignments/note_alignment.tsv,40420,a8b8733277f139906c67a94cd16c8e93bfccbc55e5ec1810df3f8ad840a58fdb
note_alignment,Bach/Fugue/bwv_870/MaximovI01M_note_alignments/note_alignment.tsv,42065,8eccc860042be7dc9bb4dc9f48fb3a5738c619c0a990bfcfad60e518c2dfd7b0
note_alignment,Bach/Fugue/bwv_873/Lisiecki02_note_alignments/note_alignment.tsv,54171,f2c36871ec94c409437d0bab0fe142c16c6e25b7324ad6cd65d4b793494aa66f
note_alignment,Bach/Fugue/bwv_873/Lisiecki13M_note_alignments/note_alignment.tsv,53562,54e638a2b83a91b59c625542cca42476f590950d991f04b1cd44061d50119f87
note_alignment,Bach/Fugue/bwv_874/BianF01_note_alignments/note_alignment.tsv,33441,b72531de849b53f2b44f0599043937dd032bdb798450629260bd87993d3dac77
note_alignment,Bach/Fugue/bwv_874/Kurz01M_note_alignments/note_alignment.tsv,33609,1d8499e2de5d55e5027859a340d920d0cd209a77b085427cc3c37c970fbd166a
note_alignment,Bach/Fugue/bwv_874/WongWY01M_note_alignments/note_alignment.tsv,33344,edf7100803c4da428beddb5e73de9e97e0f67817ad3edf4e91959b48c25a20ac
note_alignment,Bach/Fugue/bwv_875/Ahfat01M_note_alignments/note_alignment.tsv,31097,a30cecb04c8c894b0182eaedc0d058640187d6b09cf1d11e09d89d3f15f9c7cc
note_alignment,Bach/Fugue/bwv_875/CaoJ01M_note_alignments/note_alignment.tsv,30514,52514e087730cfb4adb2a60695c6256c45f7e5a8e2bcabb534028e7d83c0a5c5
note_alignment,Bach/Fugue/bwv_876/SirajA01M_note_alignments/note_alignment.tsv,26576,3560f277b68195ead5a7d151e185ba1744eb15341eeadcf5020ea70ec885a38b
note_alignment,Bach/Fugue/bwv_876/Song01M_note_alignments/note_alignment.tsv,26595,a0770379501afc327bb09355484956a9144d0d45a8535bdec2753b3bbb5b3ad2
note_alignment,Bach/Fugue/bwv_880/LeungR01M_note_alignments/note_alignment.tsv,37631,85be4b153241944918e60039a7bfc079d46cea26fd43486341a484ce02a33aab
note_alignment,Bach/Fugue/bwv_880/Sun02_note_alignments/note_alignment.tsv,37927,1515afa1ad26ed57e118230ace57e56438ca51786da3ecd6a38e4d8ab7b1882e
note_alignment,Bach/Fugue/bwv_880/WangA04M_note_alignments/note_alignment.tsv,37388,90bd402f9ddf8f3a356a103cb9086a5394394f0aa62eed34de58e743a9b85ebc
note_alignment,Bach/Fugue/bwv_883/GuoE01M_note_alignments/note_alignment.tsv,57072,b0d58c05dbec385886b90475c3d1a5fcc4b6f06bb6c1f533399ee72a335b6dd1
note_alignment,Bach/Fugue/bwv_883/Herbert02_note_alignments/note_alignment.tsv,56808,c6b25a64ce05586d6a95f8d6c0e9ed63b295a2590f23d96eff7f5d4caef548df
note_alignment,Bach/Fugue/bwv_883/KaiRuiR03_note_alignments/note_alignment.tsv,57473,c2833df6d1d73818078c943c60012696106698c8c9019d2f59516f52a1e9b7af
note_alignment,Bach/Fugue/bwv_883/Khmara04_note_alignments/note_alignment.tsv,56740,4034c750fa59cee3625d31e9fc4dd0f6354ecdb3e76fa520b9559940f9ba379e
note_alignment,Bach/Fugue/bwv_883/Lim01_note_alignments/note_alignment.tsv,56007,c32ba3131c13035d4be5b78c6ae43a4f5e1aaa54f652aec49265c38c140aa66c
note_alignment,Bach/Fugue/bwv_883/LuM01M_note_alignments/note_alignment.tsv,60705,5917116f33334e69e247ed24481fda0e8c62c8a7808f79c92f98554969d01d18
note_alignment,Bach/Fugue/bwv_884/LiA01M_note_alignments/note_alignment.tsv,28462,100cb8ed4d6cf9e2f00f3075aa73120ffa0a32809e7d8fa9ad0b560f76f59b89
note_alignment,Bach/Fugue/bwv_885/Chon02_note_alignments/note_alignment.tsv,64857,cbfbec6d0340edf9e79462cd44bc0531ae3ea1c1d6d54ea85d3171fd588d4f64
note_alignment,Bach/Fugue/bwv_885/Guo01M_note_alignments/note_alignment.tsv,65859,ce00bc726a8000ccbf2f74b4d3031ebe846ff939452f63af9ffcbbddbb38862a
note_alignment,Bach/Fugue/bwv_885/Huang04M_note_alignments/note_alignment.tsv,65360,3ede873ed5cbe1629c870d84a06c6c39b02299e8b43ada59eaba51dbbe88138e
note_alignment,Bach/Fugue/bwv_885/JeonH01M_note_alignments/note_alignment.tsv,65353,bcdc4ad41065f91b944970f2092b719a832aafef818cc554312e48231045dddd
note_alignment,Bach/Fugue/bwv_885/SINKEV01_note_alignments/note_alignment.tsv,65431,685222f74e26dc567679cc8b5648a5b531f35060d720cee3c9f75bc335b1274e
note_alignment,Bach/Fugue/bwv_885/SINKEV06_note_alignments/note_alignment.tsv,65726,9d48203f54cdb45e8a23d2e68f8cb3c1c452c1a2f9b209bddf18cb76c73c8fc3
note_alignment,Bach/Fugue/bwv_887/LiYZ01M_note_alignments/note_alignment.tsv,62510,388ab85241add9e56098f93757d3ed9bb2f5fe5cc8c4709fc0c992aba341dc3a
note_alignment,Bach/Fugue/bwv_888/ZhaoK01M_note_alignments/note_alignment.tsv,29226,6b64d467dbfe318eb9fbaaf65182c5cac71335577f3b0bc9922605025ba0cd57
note_alignment,Bach/Fugue/bwv_889/Giesbrecht01M_note_alignments/note_alignment.tsv,32063,1161098e33bdf415f80f5f61d5fb83776192955e8f58bf5928ff3de9e2290098
note_alignment,Bach/Fugue/bwv_889/LiuY01M_note_alignments/note_alignment.tsv,32489,5ae2419374a973c90f0374666cef9f0174ddacdc7bd84f4f9292552142d8e2df
note_alignment,Bach/Fugue/bwv_889/MunA01M_note_alignments/note_alignment.tsv,31745,db72c3d6f5a9aa4204b6109e701e61cd04986932031744cacb6bf48125dd981f
note_alignment,Bach/Fugue/bwv_889/Wang01M_note_alignments/note_alignment.tsv,32148,bffe4d06af39372583ab85b79447ab58d9175ce0df8bc642a5762662d4051869
note_alignment,Bach/Fugue/bwv_889/YangY02M_note_alignments/note_alignment.tsv,32660,f8a1eb061f59a69cba938f2803c9c0ebf5a90072ce1c5315395653c573b2d789
note_alignment,Bach/Fugue/bwv_889/ZhangW02M_note_alignments/note_alignment.tsv,31838,511e92b2e9367ee42f829b7cdd6f4886ae4e3897a0b9f726bb05980825ffdd7b
note_alignment,Bach/Fugue/bwv_891/Duepree06M_note_alignments/note_alignment.tsv,69345,4000046dccf517b546d37474cb2b2deab93ef78cde3b778e4c07c38f4d15c033
note_alignment,Bach/Fugue/bwv_892/Hou01M_note_alignments/note_alignment.tsv,51247,c72e05ceded13a9257731c9af7799dd6e124dca9a1955063afae807999380f97
note_alignment,Bach/Fugue/bwv_892/KabuliL01M_note_alignments/note_alignment.tsv,51269,3ee2b6c23a84fd80665c0effe68fc03331123b5c3acd55b412d5ba8a625ec67b
note_alignment,Bach/Fugue/bwv_893/Kleisen04M_note_alignments/note_alignment.tsv,38202,f236fefe56bd6d8de717cb090119021945efaaa3d017a533552792796d1b8237
note_alignment,Bach/Fugue/bwv_893/Levitsky04M_note_alignments/note_alignment.tsv,38855,ac5ea29e4709660990e6e069e0695b8ea82765d0766494cd91db9fe356e90fd1
note_alignment,Bach/Fugue/bwv_893/Wong01M_note_alignments/note_alignment.tsv,39652,5329f1f1fb4c465059aee080eff206340f9d56d9908660033e97d46dd202d8c6
note_alignment,Bach/Italian_concerto/KyykhynenT03_note_alignments/note_alignment.tsv,47828,1b5730b2e31f9b978ba3754db1bb5d0850df7f7c5f15c627c9997148ed6c1b9e
note_alignment,Bach/Italian_concerto/LeeN07_note_alignments/note_alignment.tsv,46444,e553bbaa01b275311f069b696c958eeb71e07181ffb3d3c47d5e123da47ad34c
note_alignment,Bach/Italian_concerto/TanakaM03_note_alignments/note_alignment.tsv,45712,e448f679e6d8cefd65ed9647592a8edbee1d5afba75d09d47ff25d189cf0bf02
note_alignment,Bach/Prelude/bwv_846/Shi05M_note_alignments/note_alignment.tsv,20852,cd4c7371b085f283500e8bc5366b89976804ab53982545dfe364e55a693c1029
note_alignment,Bach/Prelude/bwv_848/Denisova06M_note_alignments/note_alignment.tsv,30864,09a248f21f99809bc8663527adbe6d31e9f25d04ac290687f647d050e60d3c5d
note_alignment,Bach/Prelude/bwv_848/Lee01M_note_alignments/note_alignment.tsv,30962,01781506446b0450779077eaf2c3d75bed7b967272feb210f930b2a8ee4be341
note_alignment,Bach/Prelude/bwv_848/LeeSH01M_note_alignments/note_alignment.tsv,30811,94cfd9b7b8a85c3c0b9d816703fd2fd739c054ba165168efb4158960be75a68f
note_alignment,Bach/Prelude/bwv_848/Lin04M_note_alignments/note_alignment.tsv,30550,868eec2f621f02bba914ab2da6f7c9b32df941b80743d38356a2cfda02e6111c
note_alignment,Bach/Prelude/bwv_848/Lou01M_note_alignments/note_alignment.tsv,30756,cefa007c8101b958140207cfebe06d06b1353674dca683203b9c55a436819beb
note_alignment,Bach/Prelude/bwv_848/MiyashitaM01M_note_alignments/note_alignment.tsv,30841,5c0b18ef0d38dbb6712c9153702da0daead8726f038c6d6ea647ce0f74a177ed
note_alignment,Bach/Prelude/bwv_848/Mizumoto03M_note_alignments/note_alignment.tsv,30697,3c99c6500b155ce827352fd2b031267b7de336c08a6410b0caef8cdc1ba965ca
note_alignment,Bach/Prelude/bwv_848/SunY01M_note_alignments/note_alignment.tsv,30904,11961693b8d4282b3b33b69dce70a1b1b18397bdad31abcef23d270dc346a254
note_alignment,Bach/Prelude/bwv_848/Zhou01M_note_alignments/note_alignment.tsv,30678,e8d1b85d938aa9d4cdb4f401f7cb560ac68e811289a284e7a3dbda7477c9563c
note_alignment,Bach/Prelude/bwv_854/LuA01M_note_alignments/note_alignment.tsv,17480,173f6de749c305cc0015b6dbaac9652124eeacaa8451b6c83459f6e196ce2ba6
note_alignment,Bach/Prelude/bwv_854/MiyashitaM01M_note_alignments/note_alignment.tsv,16999,56824f494b04ed2c33ed50b2f7f7849e64e882456e5747c7b3eaebc6af1530f9
note_alignment,Bach/Prelude/bwv_854/Ozaki01M_note_alignments/note_alignment.tsv,16892,1b68dd3e44f0d43b5f753775993e7bf5e15243d37a639343aebe64c62564620e
note_alignment,Bach/Prelude/bwv_854/Richardson01M_note_alignments/note_alignment.tsv,16942,024349658ca0536d9931775071188b916626c7374a6a638d237eae1dac6e0a92
note_alignment,Bach/Prelude/bwv_854/WangA01M_note_alignments/note_alignment.tsv,17588,c792ba8af31112429d346c2eb221de47b7d86f1c77824261a526eb5d8012b097
note_alignment,Bach/Prelude/bwv_856/LuoJ01M_note_alignments/note_alignment.tsv,33102,383ac0ab2d4af30f6b058f49d3b4b00843f9d862ae36bbcbc01dcde2caef8f6c
note_alignment,Bach/Prelude/bwv_857/Bult-ItoS02M_note_alignments/note_alignment.tsv,21862,ec5841f526f1366480ad9c34220a594225567d55cddf806eddad03fe01bcd96b
note_alignment,Bach/Prelude/bwv_857/Lan01M_note_alignments/note_alignment.tsv,22410,35251d46feeb480225f7b6229da11bedc3d416dca6b449c9cd6dadd41f7a35da
note_alignment,Bach/Prelude/bwv_857/Lisiecki04M_note_alignments/note_alignment.tsv,22215,3148df3f54981a9c2fec303d9e6288504137524623f144e7c09b0788918c82da
note_alignment,Bach/Prelude/bwv_857/ToA01M_note_alignments/note_alignment.tsv,22250,6082a412012b18ea21e1d158486fcfb6413b2d4584ed7d68f20abde4c2b607ee
note_alignment,Bach/Prelude/bwv_857/WangA01M_note_alignments/note_alignment.tsv,21323,5e7e753aca156616282a27fec3d3fe0137c4fff62b355b935045d2995644abd6
note_alignment,Bach/Prelude/bwv_857/YuP01M_note_alignments/note_alignment.tsv,22305,e6575553faeb18e619c413b8ce07055f6607597d055ca1477e2b8c058b3801f8
note_alignment,Bach/Prelude/bwv_858/VuV01M_note_alignments/note_alignment.tsv,16710,0f5a2848cc1a5c21b87940a54dcdb9d71d4dd01071ea058fc04622d60bbef390
note_alignment,Bach/Prelude/bwv_858/Zhang01M_note_alignments/note_alignment.tsv,18418,93f1f04efb2349c195b14145957a0aa4028a8cd85d16b545fd548494fc0d4ad9
note_alignment,Bach/Prelude/bwv_860/Ko04M_note_alignments/note_alignment.tsv,23409,241cd79d05b362d5942857ce14facbdf0032d31104a128dcf520a032f58c009f
note_alignment,Bach/Prelude/bwv_860/Nikiforov05M_note_alignments/note_alignment.tsv,23180,91aa40cc6ee9dd56ebac2b1272ee5771d2e37fd2236322d4da447ae60a7be507
note_alignment,Bach/Prelude/bwv_860/Tetzloff04M_note_alignments/note_alignment.tsv,23192,70120b0ef3532ec5a2d9f48b2d030e113d52be84fc1269567f80782bd9844124
note_alignment,Bach/Prelude/bwv_860/TuanS01M_note_alignments/note_alignment.tsv,23286,291613f930f41208cac8894b848e64a8c7443063fecac16c0e9843d34a2894f6
note_alignment,Bach/Prelude/bwv_860/YoungS01M_note_alignments/note_alignment.tsv,23241,68ef6b0780f8eb7fb3cc58c9a1a9f1481d7f5ae920a25b51c6e2af4ef7dac530
note_alignment,Bach/Prelude/bwv_860/ZhangH04M_note_alignments/note_alignment.tsv,23050,8eb336738bfd936262a35f86f240646b74a3764763fa692da7821f576a221e4d
note_alignment,Bach/Prelude/bwv_862/Song04M_note_alignments/note_alignment.tsv,25923,bf8b7d12fa7485c724a1984cf537cebf0a3b1fc8da4e1f4c345c91eb4162e2f6
note_alignment,Bach/Prelude/bwv_863/LeeN01M_note_alignments/note_alignment.tsv,21484,aed81a6d8ddd33ce516496fe2d7fe8ed2d63e22e3d1425dc20e85dcb3dc6924b
note_alignment,Bach/Prelude/bwv_863/Shychko01M_note_alignments/note_alignment.tsv,21556,86ff50cef45fd49e3c1fa7cc5298a11e0317a7b0ce0893c48c59b5e82151fba7
note_alignment,Bach/Prelude/bwv_863/TongB01M_note_alignments/note_alignment.tsv,21598,acc3537637ae06370526b568a093fa1f785a48093adf20cf49b8813cd3ae54e9
note_alignment,Bach/Prelude/bwv_864/SunD01M_note_alignments/note_alignment.tsv,23358,ef18c764e983cbf1ebcab934fe9960c345369ef3cf7e6bcccbd8dbee6b1e1c21
note_alignment,Bach/Prelude/bwv_865/Rizikov01M_note_alignments/note_alignment.tsv,22976,074873b26b42447e2df34cb186003f5efb5e395e8a3073fe7d9e43baf295fbcc
note_alignment,Bach/Prelude/bwv_865/Teo01M_note_alignments/note_alignment.tsv,23353,c20998f11ab0697ea483cd0f1b3d0b29cd8d7fb649ad6378ce0229ea81358cd0
note_alignment,Bach/Prelude/bwv_865/ZhangE01M_note_alignments/note_alignment.tsv,23230,2462337de4b74bd9d0816522273ee792861f7b734f76ced7a0d95535dc7f8df8
note_alignment,Bach/Prelude/bwv_866/SOLOM02_note_alignments/note_alignment.tsv,24344,a432f5c6ca12ec29ca080f3cb58c1824e00938ead121d82edb85c68b42b32b20
note_alignment,Bach/Prelude/bwv_867/HuNY01M_note_alignments/note_alignment.tsv,29617,9b744c52b94e30fd7b9c3c3559b88a62d986c8b2fcc0ec307345a5a827bad9fd
note_alignment,Bach/Prelude/bwv_867/Sham01M_note_alignments/note_alignment.tsv,29714,b92ccbdbf2ac43e870b94c0d3700c02ce1430d99cee56500b66c0480037ae073
note_alignment,Bach/Prelude/bwv_868/GonzalezJ05M_note_alignments/note_alignment.tsv,15615,cc79d4dba59de9f985b7dba9260b55b0b9a29164077c942ab074a391c975ced0
note_alignment,Bach/Prelude/bwv_870/ChenW01M_note_alignments/note_alignment.tsv,31744,fa517f7508f2933bfec08f68f5c4ee16ca3dad05bdf62e44ce196aac0446a8ee
note_alignment,Bach/Prelude/bwv_870/LeeE01M_note_alignments/note_alignment.tsv,31937,54c4978d9437e09b54960aa0436579fe92eeed62ea7a3f769337c04e03a040c8
note_alignment,Bach/Prelude/bwv_870/MaximovI01M_note_alignments/note_alignment.tsv,31850,c7c687d989f12aeee8d493cba193035fdb5a20269e9138865bd5798f89203f24
note_alignment,Bach/Prelude/bwv_873/Lisiecki02_note_alignments/note_alignment.tsv,58752,88a10cd300aa7f371562393c3ea83a4ce062d4e68c0c08f9671a9a352d74e8b2
note_alignment,Bach/Prelude/bwv_873/Lisiecki13M_note_alignments/note_alignment.tsv,58849,48c0d3ae6bcb07342cbbe0751ed5d36c3cd02ef47efcd9d5e93792a4a6765a14
note_alignment,Bach/Prelude/bwv_874/BianF01M_note_alignments/note_alignment.tsv,61856,df14d8620b14d35b0a4d1fedd5d5fb67f0ad90344653b35e0414a4a28cae3bc3
note_alignment,Bach/Prelude/bwv_874/WongWY01M_note_alignments/note_alignment.tsv,61011,088867063d721be7626b33f6a009d0cd9682687d00725379203297531846771c
note_alignment,Bach/Prelude/bwv_875/Ahfat01M_note_alignments/note_alignment.tsv,42144,27b39372e1f8340f52261632086f109470abc88b3ac74e6a31ab32916cda36b1
note_alignment,Bach/Prelude/bwv_875/CaoJ01M_note_alignments/note_alignment.tsv,42085,0709906590b5d945970ecd01454b3c44e1a33136b6a4366e7c8aece0c09be8fb
note_alignment,Bach/Prelude/bwv_875/HONG04M_note_alignments/note_alignment.tsv,42226,e99037ddb6a6774c95222f20285bd4cec34bae2725ae4fba6df8de104cef1834
note_alignment,Bach/Prelude/bwv_876/SirajA01M_note_alignments/note_alignment.tsv,35701,8c6cd2a766ff2cdaed27675fc33465e6ccb1eacf3383cfeac88f520b73a423ae
note_alignment,Bach/Prelude/bwv_876/Song01M_note_alignments/note_alignment.tsv,35730,cc6cf72d5f62dd140e156c104310e03cf88a8926fd16022ceab115dfcb64c1af
note_alignment,Bach/Prelude/bwv_880/LeungR01M_note_alignments/note_alignment.tsv,48472,cbd3a6772923030f729251f682cec3a8f75231c578655f7474f62e114a96bf84
note_alignment,Bach/Prelude/bwv_880/Sun02_note_alignments/note_alignment.tsv,48762,b1c4ea78e2aaa66364501798514d9adf78e3d65bfd0277ec636829061b666f0d
note_alignment,Bach/Prelude/bwv_880/WangA04M_note_alignments/note_alignment.tsv,48700,bbd9944c0502c7112d6e96deb864f11f666e8a722bc92eb9f71162c380760674
note_alignment,Bach/Prelude/bwv_883/GuoE01M_note_alignments/note_alignment.tsv,34196,60f0b1245825c3236a113c9899e1424858990642b4b5bb5bd7c4407b6f51ca2d
note_alignment,Bach/Prelude/bwv_883/Lim01_note_alignments/note_alignment.tsv,34099,a0021437663cdda9485e6a487bc33cf757b0ef7abe1d2877b879bedab1d325a7
note_alignment,Bach/Prelude/bwv_883/LuM01M_note_alignments/note_alignment.tsv,34052,4b16481d31a0ecf74598683ee6cf8385e918bee917a92bf4cd18fd81fe4c9ae2
note_alignment,Bach/Prelude/bwv_884/LiA01M_note_alignments/note_alignment.tsv,34542,99107a4a8d2333682a11017f0fc7369f5034d29b5ed4b036716f399a4ab65ccd
note_alignment,Bach/Prelude/bwv_885/Chon02_note_alignments/note_alignment.tsv,19690,d3608e48de88729b6c2e90d017d2527611c51a7d6ce9b0a5fb11c94d30baee52
note_alignment,Bach/Prelude/bwv_885/Guo01M_note_alignments/note_alignment.tsv,20152,3962b3843a328a21d6e57cd138cb4671486a76198f7760777bc359423ee10b48
note_alignment,Bach/Prelude/bwv_885/Huang04M_note_alignments/note_alignment.tsv,19929,41ebb609f97f5952c4e3eba8507fda44593c826129c49c2b9a628f3586fb0b98
note_alignment,Bach/Prelude/bwv_885/JeonH01M_note_alignments/note_alignment.tsv,19917,c3c0f738956e12bacb0e2560b5adada2ee5885849d4846c2c84c9d4479bac1a2
note_alignment,Bach/Prelude/bwv_885/SINKEV01_note_alignments/note_alignment.tsv,20199,0b1490d34ff31dea5d42d5c3de0e566816f726c4c459133d0bf60a80824693bd
note_alignment,Bach/Prelude/bwv_885/SINKEV06_note_alignments/note_alignment.tsv,20295,bd7f020a505d2034cf8e07735bf5671af7a5c8cdac188fd02cb254c25f507f77
note_alignment,Bach/Prelude/bwv_887/LiYZ01M_note_alignments/note_alignment.tsv,50643,becd5c56b0eee943a0b2c0db819b0f8ef8c3e7f63ad0ad2a8d4fdbb255b788e5
note_alignment,Bach/Prelude/bwv_888/ZhaoK01M_note_alignments/note_alignment.tsv,26032,c1be7e3de5502e45dce2db5d1d97a64b8ec7d4b120e77e872b6fd4a13b34f2b9
note_alignment,Bach/Prelude/bwv_889/Giesbrecht01M_note_alignments/note_alignment.tsv,30026,2b5dd8141932ef6299f9df0bce82ef46436e9c0326fabd636fad862a75218a7b
note_alignment,Bach/Prelude/bwv_889/LiuY01M_note_alignments/note_alignment.tsv,29627,d8d4abeb671cadeb3d93f3b710183aaa33b971d22bada998a60efda1fda0b1ca
note_alignment,Bach/Prelude/bwv_889/MunA01M_note_alignments/note_alignment.tsv,29547,b31260d99f7cad3f0da267e767d131d5c96f9298babc41db77a2f9905e94aa4a
note_alignment,Bach/Prelude/bwv_889/Wang01M_note_alignments/note_alignment.tsv,30008,6973dae61b3ef7f62b7820cc3d17343215b3f33bed052e34ddb33bc941d467aa
note_alignment,Bach/Prelude/bwv_889/YangY02M_note_alignments/note_alignment.tsv,30034,75c9e90b01d18e8ef2bd02dcea58e18b3d083e05077ef84938350d41e5db02e8
note_alignment,Bach/Prelude/bwv_889/ZhangW02M_note_alignments/note_alignment.tsv,30369,b74583793741e84bd1ff4b5b0f005bb16a80735a26566477ec5f1494fb14f7c7
note_alignment,Bach/Prelude/bwv_891/BLINOV04M_note_alignments/note_alignment.tsv,45692,77b259cfef233c90c771f97c28a3d2db64e9f28500b0a7414085ba37c504374d
note_alignment,Bach/Prelude/bwv_891/Duepree06M_note_alignments/note_alignment.tsv,45890,45c1ed10ad4dd1f183c968ac77b244ba60fc3702e0ab9d8f8927c420c8bc4b09
note_alignment,Bach/Prelude/bwv_892/Hou01M_note_alignments/note_alignment.tsv,41421,928bb6707b86be13fc1f31706d2e63e88a67fc9471ca268fcd59e582b89be382
note_alignment,Bach/Prelude/bwv_892/KabuliL01M_note_alignments/note_alignment.tsv,41619,c8585ad2dc080f14e62dff23b7cf03039a6e6665a3830248e9cdc5c958ad2c13
note_alignment,Bach/Prelude/bwv_893/Kleisen04M_note_alignments/note_alignment.tsv,32997,f2f97b0a4877b91d27cf86eb13a227add6f1f87e59d773d672f2685fcc3523a1
note_alignment,Bach/Prelude/bwv_893/Levitsky04M_note_alignments/note_alignment.tsv,33598,25a3b1b9c01b619b2050b6db6f4a239346ea9c9bebfe8dfe25cc1444ca73733f
note_alignment,Bach/Prelude/bwv_893/Wong01M_note_alignments/note_alignment.tsv,34197,d350c78205cd991915fa866ac5c69710cfa5317460781297bb4a815bb0d06935
note_alignment,Balakirev/Islamey/CHEN04_note_alignments/note_alignment.tsv,340815,0abe966462baa7e051e3f37e4c5c1b437dc76c75e729679a5fa0052450ed8af9
note_alignment,Balakirev/Islamey/CHEN10M_note_alignments/note_alignment.tsv,335524,5c07819cc285b910e7570f65fb96a747c272dccb6b40e104d78c0e4f0befc32f
note_alignment,Balakirev/Islamey/Cho05_note_alignments/note_alignment.tsv,355299,b76b30c5ab6ea5a780aa27bc07480d4ed5b4a73c22aefe05d862ffc9bd0f00f5
note_alignment,Balakirev/Islamey/Gorucan03_note_alignments/note_alignment.tsv,350897,7048b6f34d3c3c88c7db6f1c6dca28eb6eaaa687990ad44202846fb87d761d2b
note_alignment,Balakirev/Islamey/Na04_note_alignments/note_alignment.tsv,353338,fe8fd2e263142b3b39cfb4d6cafc7316b6a2cf534e8abc306eb486dc069876e9
note_alignment,Balakirev/Islamey/Na08M_note_alignments/note_alignment.tsv,351187,1e7ae801a06928a424ad03298dbfb43e2d28408e6b789f1acdfce80285950541
note_alignment,Balakirev/Islamey/Shelest03_note_alignments/note_alignment.tsv,343585,b6010cb222223f3bdc64e2c92af9988ae717e5d6c8e99eb41325eb26102330a2
note_alignment,Balakirev/Islamey/Shi11_note_alignments/note_alignment.tsv,336440,f919396d568ea6c7ecc67678202a4c4c7b158f5d707ad64dcbbd586ddc6f47ae
note_alignment,Balakirev/Islamey/Verbaite04_note_alignments/note_alignment.tsv,342597,cd311f4478f88c08eaa3fbca6262bc93ff0c8352e9e8574c72c09693e14b48eb
note_alignment,Balakirev/Islamey/Yi04M_note_alignments/note_alignment.tsv,338962,5078a090cdb407f343a5a337210fb6be216873c9b4559070af5a3db09d70612e
note_alignment,Beethoven/Piano_Sonatas/1-1/KimG01_note_alignments/note_alignment.tsv,66337,27158df1e5fe0ba0b2159765108244685ea8cd7415bbe3d595b570b79a5d55f4
note_alignment,Beethoven/Piano_Sonatas/10-1/Hou02M_note_alignments/note_alignment.tsv,105124,6a22a389094c29bc26cc7524b97e67958bfdd55f2910f88cd6cf9f5093918843
note_alignment,Beethoven/Piano_Sonatas/11-1/Arciglione03_note_alignments/note_alignment.tsv,155586,e0a7769b5904ce669466da15bb253df38bbbfcc19e49003b14ac2e8e424b68d5
note_alignment,Beethoven/Piano_Sonatas/11-1/DeTurck01_note_alignments/note_alignment.tsv,153617,24288d61a14bc189c4ca9cce541bbfe397145457bb63a70df2a5d34738f0c694
note_alignment,Beethoven/Piano_Sonatas/11-1/LiC03M_note_alignments/note_alignment.tsv,153536,55e6ce883cec4bb666eaa4b271710b54ac597c2a6ad22e8301f7dfc6a840144e
note_alignment,Beethoven/Piano_Sonatas/11-1/LiYZ03M_note_alignments/note_alignment.tsv,153786,ae9cdae9480acd2e800ada557cf82c5df366390d40d7ca3772c0b56816433693
note_alignment,Beethoven/Piano_Sonatas/11-1/MaximovI02M_note_alignments/note_alignment.tsv,155733,c341bf70e51713dc49c296409a1445e600b07658861b9a0af596e65348e02ea3
note_alignment,Beethoven/Piano_Sonatas/11-1/NAKAJI01_note_alignments/note_alignment.tsv,153757,740bef5b25be0fe20d85057a0f0dec984ad77100bfcd86a00d75aeadf3173efc
note_alignment,Beethoven/Piano_Sonatas/11-1/ZhaoK02M_note_alignments/note_alignment.tsv,155646,2f7f5a15c2a82c6f31de7b65db7ab4ba54bace3c665acbd3cfc4fa8ecd81cc50
note_alignment,Beethoven/Piano_Sonatas/11-2/MaximovI04_note_alignments/note_alignment.tsv,86674,3bf613ba098d1d7d309deb0bccb653ae8e7d6e1613b2d1423bfec2d799209fd4
note_alignment,Beethoven/Piano_Sonatas/11-3/MaximovI05_note_alignments/note_alignment.tsv,76073,de97d9c412b0f79898678fb9ee8010aab9fbdac6ebf6fe2a30bb3f3a9af67dfa
note_alignment,Beethoven/Piano_Sonatas/12-1/Garritson01_note_alignments/note_alignment.tsv,133578,b1f859387f36809df8aca7ed3f99e1c80ed05247fb181521844ee34d4328f778
note_alignment,Beethoven/Piano_Sonatas/12-1/Kleisen05M_note_alignments/note_alignment.tsv,131159,815686d3c0e451c64daaaf0fca912e15575624389476322d9fc265db828d5ae3
note_alignment,Beethoven/Piano_Sonatas/12-1/Zhao02_note_alignments/note_alignment.tsv,133378,d8d8f334cf76843c15486fcac19ee77eec14948dd620784effbe864352e79a5b
note_alignment,Beethoven/Piano_Sonatas/13-4/Taverna01_note_alignments/note_alignment.tsv,164642,339e00f7537e724aebc3319c30137bdebb3a270ca98baea5937a881a9107e0a0
note_alignment,Beethoven/Piano_Sonatas/14-3/Meek03_note_alignments/note_alignment.tsv,199473,37ed3aec75826a34935095a5e75c2ea3e51287016c5410d5c071dbf6b0d34422
note_alignment,Beethoven/Piano_Sonatas/15-1/LEE_H01_note_alignments/note_alignment.tsv,157954,b7f23edb3d7f040ce13349251cd4cc341a973e57e52af51c67ff276088ab4b2e
note_alignment,Beethoven/Piano_Sonatas/15-1/Sekino01_note_alignments/note_alignment.tsv,158228,f92c8361ffe424af66d5fce57ea6bcca2b00a6e4695b11adb1064556e58cf7aa
note_alignment,Beethoven/Piano_Sonatas/15-1/ZhaoA02_note_alignments/note_alignment.tsv,157470,f8a556ecb499ec6df718e6384cda118dde17a809f5b12b9209d4b83e3babf949
note_alignment,Beethoven/Piano_Sonatas/15-4/Floril01_note_alignments/note_alignment.tsv,109778,1c8f90e64f8eed9a5391ab8dbe3d9d92391d56c32724313c4c1493b5285082c0
note_alignment,Beethoven/Piano_Sonatas/16-1/BuiJL02M_note_alignments/note_alignment.tsv,133753,de9c3b32552ea0ef7fa653a671e604ecd87f23102a3510fd1d7847334e226063
note_alignment,Beethoven/Piano_Sonatas/16-1/Khmara01_note_alignments/note_alignment.tsv,136952,ec9551365139f0d39ef0ec5682d4cfdabfe65ff9879a4d2b0fe5648248e1a6fb
note_alignment,Beethoven/Piano_Sonatas/16-1/Khmara05M_note_alignments/note_alignment.tsv,135334,df1610d2608c4c04133e98e093afe5955f3d10fff3435525d2353665d1fb0e68
note_alignment,Beethoven/Piano_Sonatas/16-1/LeeSH02M_note_alignments/note_alignment.tsv,135863,9442dcb4420d10ce6022aaa5a422df9973c2f5082ce0d6e0d39db5b73fe17e2a
note_alignment,Beethoven/Piano_Sonatas/16-1/LuoJ03M_note_alignments/note_alignment.tsv,144791,c329e0671d7590e26e7f27d18a6c3831b65db3f083cb718ae1583269116fdec2
note_alignment,Beethoven/Piano_Sonatas/16-1/Shybayeva02_note_alignments/note_alignment.tsv,136862,d0004c98d8c0e049330277338c72d4b52743b76e70eb9778e58b7298191d11dd
note_alignment,Beethoven/Piano_Sonatas/16-1/Woo01_note_alignments/note_alignment.tsv,136373,77331192522ee70491f46fe7192ca89ef70a249d114468b6f344c5272963e9e5
note_alignment,Beethoven/Piano_Sonatas/16-1/Woo05M_note_alignments/note_alignment.tsv,134747,9f7d9d5ddfb440dd9dc295b04d577968aa61e082073513c77348636f0e127cd3
note_alignment,Beethoven/Piano_Sonatas/16-2/LuoJ04M_note_alignments/note_alignment.tsv,193551,f0fd110fa990ba8ef9aafc987bee9f63d0005193d13a664bd761301d7d29ddb6
note_alignment,Beethoven/Piano_Sonatas/17-1/KaszoS09M_note_alignments/note_alignment.tsv,158759,10fa979852a846caa97940895445218069a3a13a6b13331c2df9175eabccbd08
note_alignment,Beethoven/Piano_Sonatas/17-1/Mordvinov02_note_alignments/note_alignment.tsv,161358,e9f74138400e39fc509ad4cdee9db4f117b6c12f9b9a989e45cbb5eb6acbe4fd
note_alignment,Beethoven/Piano_Sonatas/17-1/Tuncali01_note_alignments/note_alignment.tsv,161620,7ed1b280f9af29fb395181d28a9fca462123fd222e7514e8228f70b42bc6a458
note_alignment,Beethoven/Piano_Sonatas/17-1/USHIKI05_note_alignments/note_alignment.tsv,176095,23b82caa849a496fbaaa68ba1e9f683b7c61546ff2894793579cbaaab819c5a5
note_alignment,Beethoven/Piano_Sonatas/17-1_no_repeat/Giesbrecht02_note_alignments/note_alignment.tsv,114875,0adb93bc884b6769ffee4372c1fb1c65665f6a7fe44ca21a4fbf7279276121df
note_alignment,Beethoven/Piano_Sonatas/17-1_no_repeat/GuoE02M_note_alignments/note_alignment.tsv,113961,c2b3f2e758f97750bc7a08ef3586a8c59e68fd58604c6b641c27645bab627f4c
note_alignment,Beethoven/Piano_Sonatas/17-1_no_repeat/HONG01_note_alignments/note_alignment.tsv,113362,fe199f3a1fd1350fe675318df274b960b9a0ac8d0a9940c6cc1be9a66361623f
note_alignment,Beethoven/Piano_Sonatas/17-1_no_repeat/KabuliL02M_note_alignments/note_alignment.tsv,112702,e3cce58fa8c8fa9c0d8a5cc109248a4ba83137820053541d666a763a846a2993
note_alignment,Beethoven/Piano_Sonatas/17-1_no_repeat/Lee02_note_alignments/note_alignment.tsv,116499,340bb20e29a6f6ad92ea0c2ba313e5c15eeb9b0d2915f90ab061354208d487b0
note_alignment,Beethoven/Piano_Sonatas/17-1_no_repeat/Nedayvoda01_note_alignments/note_alignment.tsv,109705,9f00f589030f7813fb0b4a48ba4902c7fda5bf98834f93cfe7c5d01751c3b7ec
note_alignment,Beethoven/Piano_Sonatas/17-1_no_repeat/Richardson02M_note_alignments/note_alignment.tsv,114538,74d9267cab4783e8369e698f3d4fac2d1a61d70ce54ce9619956b4ea3798a938
note_alignment,Beethoven/Piano_Sonatas/17-1_no_repeat/Rizikov02_note_alignments/note_alignment.tsv,115353,89a1cce4fa1de64700fdd479b092935ede0b5cb3db34fb75ec62a2244fc6f75a
note_alignment,Beethoven/Piano_Sonatas/17-1_no_repeat/Song01_note_alignments/note_alignment.tsv,112532,be10ebb4211d8d4dd98f88c2c1b2d6b7221bb7a8b124c71275d60ad34c3b818e
note_alignment,Beethoven/Piano_Sonatas/17-1_no_repeat/TuanS02M_note_alignments/note_alignment.tsv,114506,d4f02acd6bb5e9d4397b974daa29dac947c9d6b012af25c5bdbd40f8dd535177
note_alignment,Beethoven/Piano_Sonatas/17-1_no_repeat/WangH03M_note_alignments/note_alignment.tsv,114248,267b052cb68587a048f743c34c3d6e040d34445db1b5f2be429b78054cd0ee0b
note_alignment,Beethoven/Piano_Sonatas/17-2/USHIKI05M_note_alignments/note_alignment.tsv,67948,8dc0e262d16bf787ff3f1530ab01ecd94b344bdac1320adeeaef56db0a349de4
note_alignment,Beethoven/Piano_Sonatas/17-3/KaszoS11M_note_alignments/note_alignment.tsv,193081,37adba5af594ef365bca08b9bf2288bfbf6b5445bdfe653838196791d1ef92d4
note_alignment,Beethoven/Piano_Sonatas/17-3/USHIKI05M_note_alignments/note_alignment.tsv,178173,64ea37e79336905a8958bb99bba8af18c1fc279da8b2bb6806a93ac4f83a9c6d
note_alignment,Beethoven/Piano_Sonatas/18-1/Avdeeva01_note_alignments/note_alignment.tsv,131238,6c8dd9e3091cdbe3143d5ca3d66bcb9e5eb88f8c105a71c044ca4303368428fd
note_alignment,Beethoven/Piano_Sonatas/18-1/ChenGuang03M_note_alignments/note_alignment.tsv,131551,a1c5752843dcbd9bf757dcc499c6476c29201872085468bfcac00be264ce3099
note_alignment,Beethoven/Piano_Sonatas/18-1/KOLESO06M_note_alignments/note_alignment.tsv,134267,11d46b679a94025941d5358200cf026033967ee1c27d96b999bc1e8ecd0caa50
note_alignment,Beethoven/Piano_Sonatas/18-1/LeungR02M_note_alignments/note_alignment.tsv,131731,1b6228db5a3d0d94c4168758b473e0d128c3fd0cff6da5d19b8fd6e4e9c2fde8
note_alignment,Beethoven/Piano_Sonatas/18-1/Levitsky01_note_alignments/note_alignment.tsv,130400,2a9063c3cb6285e150beeeb6d7642fc46306e5a63b16a65d643b2119e6aca11c
note_alignment,Beethoven/Piano_Sonatas/18-1/Levitsky05M_note_alignments/note_alignment.tsv,130820,322dfa1459046e9e743f0f79b4c96f61094c3a341bd155c63940f7474ec52a77
note_alignment,Beethoven/Piano_Sonatas/18-1/Smirnov01_note_alignments/note_alignment.tsv,130204,0e155220ae3e6a214f856b814b34e757e7793fe2e44bdeca32b8676215d73cca
note_alignment,Beethoven/Piano_Sonatas/18-1/ZhangH01_note_alignments/note_alignment.tsv,130263,849507eb426c059b2d3dadbdd9903ca1435e42709fdc60fd3626050354c1d811
note_alignment,Beethoven/Piano_Sonatas/18-1/ZhangH05M_note_alignments/note_alignment.tsv,130140,ddfcafdcb34a0272b1e2a82b25fb44cea328b9b043498c9762a5a35d584d59b1
note_alignment,Beethoven/Piano_Sonatas/18-2/ChenGuang04_note_alignments/note_alignment.tsv,120939,87ecdda1980144f3655751666c7846aa03b0cf50bacc6b5d69fdb01de24a772a
note_alignment,Beethoven/Piano_Sonatas/18-2_no_repeat/KOLESO06_note_alignments/note_alignment.tsv,88716,dd8d509dcc274f9b52c15e63cd852e8c9901fcedfe06434923ad435bbdfab74b
note_alignment,Beethoven/Piano_Sonatas/18-2_no_repeat/Schmitt01_note_alignments/note_alignment.tsv,88755,0998eafad2a916d83efccb3448a307010222acb6e72bfcb8499ddfb4d39406b2
note_alignment,Beethoven/Piano_Sonatas/18-3/ChenGuang05_note_alignments/note_alignment.tsv,58060,a2f9913603d21e544c5d5bad513024229be81e07400f3b338ffefa603873336a
note_alignment,Beethoven/Piano_Sonatas/18-3_no_repeat/KOLESO06_note_alignments/note_alignment.tsv,49690,799f0a5a3bbea5cb63c40561ebfee7f99643f720f03137d3d0e63e09f71b1465
note_alignment,Beethoven/Piano_Sonatas/18-4/ChenGuang06M_note_alignments/note_alignment.tsv,138300,7b71cac91e0a316beea4b2decab16197f271c51987178cff8f77bd2360fc65da
note_alignment,Beethoven/Piano_Sonatas/18-4/KOLESO06M_note_alignments/note_alignment.tsv,139131,b87bb58ae3b36a33d02c4147827c26b3a8b205eb5a803b86b0d8ad10acc97623
note_alignment,Beethoven/Piano_Sonatas/2-1/Kochetkova01_note_alignments/note_alignment.tsv,123421,83db8b4980b9caadcf793119e8e6d8e9f41317bdb5a9c084b0d6de36c32f3ded
note_alignment,Beethoven/Piano_Sonatas/2-1/OUSSET01_note_alignments/note_alignment.tsv,123164,70488291f784bf38565436de4028c8dd669d7fa8a0ddd58301a325f744508245
note_alignment,Beethoven/Piano_Sonatas/2-1/Yang02_note_alignments/note_alignment.tsv,122835,1b604a9c706ac04bd93d864b5bec082c6c3d4c8c1d7b9561a9dee9882f87e3cc
note_alignment,Beethoven/Piano_Sonatas/21-1/HAGINO02_note_alignments/note_alignment.tsv,345664,492f551ebe75c3bf452e018739adc60e68218428e5dcc05bdca9f25f0cd36ee2
note_alignment,Beethoven/Piano_Sonatas/21-1/KaiRuiR02M_note_alignments/note_alignment.tsv,342515,4e7ad5e23fbab1b0097d2524a2dced3c445247a288ebe883e72850474caf646b
note_alignment,Beethoven/Piano_Sonatas/21-1_no_repeat/Dulu01_note_alignments/note_alignment.tsv,267491,c036063698647bbefbc698e9d9151721db110a9fb9d1e9feff5bdcf8a23ed257
note_alignment,Beethoven/Piano_Sonatas/21-1_no_repeat/GonzalezJ06M_note_alignments/note_alignment.tsv,265088,2e92809acdc449e66823de5b73d14cc62dfbf46f721ac533b18d0e23ca86a7db
note_alignment,Beethoven/Piano_Sonatas/21-1_no_repeat/KimSY02M_note_alignments/note_alignment.tsv,266743,c0ad91adcc9533c849fd3dd42396bd21eb4c3ed430d24505aebcbcce11e7c8e4
note_alignment,Beethoven/Piano_Sonatas/21-1_no_repeat/Lariviere01_note_alignments/note_alignment.tsv,270276,b10e2d30c6a21d4167be92279ce80cd2ab5702f2e9a7abcbf0c086859bf8a16f
note_alignment,Beethoven/Piano_Sonatas/21-1_no_repeat/LeeN02M_note_alignments/note_alignment.tsv,267588,a3b8f6e195823bc094c50eb6c58a224f879e5a8d55c77870f8b4214cc5c78505
note_alignment,Beethoven/Piano_Sonatas/21-1_no_repeat/MorozovS01_note_alignments/note_alignment.tsv,267523,5dff1b63bc6b3bcfb815e3c8b0d075b55876ef64c145809910fe6cbc4831b66b
note_alignment,Beethoven/Piano_Sonatas/21-1_no_repeat/RichardsonC02M_note_alignments/note_alignment.tsv,269935,355fe9885ca7cc872f991f5fc7291cdca6dbd623593e049f68356c68261b9c18
note_alignment,Beethoven/Piano_Sonatas/21-1_no_repeat/SEBAST01_note_alignments/note_alignment.tsv,267720,3daab8575f096245e7879a4b2e6c38d17ac82becc371edd87a8c079de4041e85
note_alignment,Beethoven/Piano_Sonatas/21-1_no_repeat/Sekino05M_note_alignments/note_alignment.tsv,266602,5483f693e75498ba1ad4c2b744da11f532daee4964828b2b3f01c0147c22c57b
note_alignment,Beethoven/Piano_Sonatas/21-1_no_repeat/Seo01_note_alignments/note_alignment.tsv,269072,478ba9eec919559bc031bd7338f18250d78aa51cf04e99ce3f5da5dee6938991
note_alignment,Beethoven/Piano_Sonatas/21-1_no_repeat/Shi02_note_alignments/note_alignment.tsv,267765,6c5499cd10b5fe4f48525a9ea9cb442acddf42ac2058fb4da0ff11435d0d3dd0
note_alignment,Beethoven/Piano_Sonatas/21-1_no_repeat/Shychko02M_note_alignments/note_alignment.tsv,267436,8cc0810d47330479ca9eb78a3a034c66f1f25071d9fc2d1098def7fc4ce2b1c5
note_alignment,Beethoven/Piano_Sonatas/21-1_no_repeat/Sladek02M_note_alignments/note_alignment.tsv,267437,6aee8427a0df67b7ae9c098088748eaeb41def02ab92dffbc6a97fe927fb9ace
note_alignment,Beethoven/Piano_Sonatas/21-1_no_repeat/Song03M_note_alignments/note_alignment.tsv,267217,7f9d4fb4fcb951e3ef9cbc4eb382175fb300c4a40b9968b05263f96eea81a494
note_alignment,Beethoven/Piano_Sonatas/21-1_no_repeat/SunY02M_note_alignments/note_alignment.tsv,266294,fbf1cbe2aca9197ae3d2c8bfa97dfea00ac2ce469f51d8bc6af0d7361d8f3c9c
note_alignment,Beethoven/Piano_Sonatas/21-1_no_repeat/Sychev01_note_alignments/note_alignment.tsv,266241,2a0f7e8a9d20ea22895551c773eb24ebc48a5a2627ade02b6e82707863625a54
note_alignment,Beethoven/Piano_Sonatas/21-1_no_repeat/Tetzloff01_note_alignments/note_alignment.tsv,266170,9549f52bd0be62fc41c98017b9decd8664eac560b520a816baf7e19f8c14248a
note_alignment,Beethoven/Piano_Sonatas/21-1_no_repeat/Tetzloff05M_note_alignments/note_alignment.tsv,265561,39d75adce8c1a50b5eb1d86571143333114e6a8e1eb30432141557fab12d7f94
note_alignment,Beethoven/Piano_Sonatas/21-1_no_repeat/ToA02M_note_alignments/note_alignment.tsv,265769,563ebc23398cfbf35d99ec782c1c7fbd311b07da77b33a7784ec7f60ee67d9fd
note_alignment,Beethoven/Piano_Sonatas/21-1_no_repeat/TongB03M_note_alignments/note_alignment.tsv,267173,190b5b210264d0df0052ec9073ccbccfa1858652d9c0d84f8e4e15c7ebb4062b
note_alignment,Beethoven/Piano_Sonatas/21-1_no_repeat/WangA02M_note_alignments/note_alignment.tsv,266145,b7f624b58ecd7d2e534c6cd177d61e203396ea7e79ae493af09d1febaaffa4d4
note_alignment,Beethoven/Piano_Sonatas/21-1_no_repeat/YeZ02M_note_alignments/note_alignment.tsv,266989,617f3b83a8ca34c7e045bda8bf6ff03975bbe3ac47fe2416c024d92cf06fd3ab
note_alignment,Beethoven/Piano_Sonatas/21-1_no_repeat/YOO05_note_alignments/note_alignment.tsv,267461,81f8de528dc45dc922a0a57d922f39e62f9fab0a5ab92984267f9011b237e6f1
note_alignment,Beethoven/Piano_Sonatas/21-1_no_repeat/ZhangW01M_note_alignments/note_alignment.tsv,267415,d0d387cae66575e9565c21cc0a6ad63b463f67e4ece4ff0f7fcbad2148d9d470
note_alignment,Beethoven/Piano_Sonatas/21-1_no_repeat/Zuber01_note_alignments/note_alignment.tsv,269382,75993b34e84220b8a355b89430102fd743addf7fe86d6421cd1487f4c68edb8f
note_alignment,Beethoven/Piano_Sonatas/21-2/KimSY03_note_alignments/note_alignment.tsv,18771,d04e2d5a0f1bdc1cb2b1afd78c89e7b32ed038e95cdd9b4f78b8c63d5e9b14cb
note_alignment,Beethoven/Piano_Sonatas/21-2/Sekino05_note_alignments/note_alignment.tsv,18808,dea4a3df359dd20f36aaee7cb08ad8c246bf0981af881d600a33e34f378cc5f6
note_alignment,Beethoven/Piano_Sonatas/21-2/YOO05M_note_alignments/note_alignment.tsv,18884,18c7934b813c57e427a0459233f65bc97605c9400fbac86ddea27cb924aa5d7d
note_alignment,Beethoven/Piano_Sonatas/21-3/KimSY04M_note_alignments/note_alignment.tsv,299599,998da4e5ed6224f468d5b9bbe001279ca997846bd32333344f1e06619351ef59
note_alignment,Beethoven/Piano_Sonatas/21-3/Sekino05M_note_alignments/note_alignment.tsv,298493,3892786441e6ea7976683456330ba73fab150fc8d55ddbb5720d701c488901f0
note_alignment,Beethoven/Piano_Sonatas/21-3/YOO05M_note_alignments/note_alignment.tsv,301525,1ceeffd501f16c27cec0d06acb8e6a75e4df5937b6baa1ff4e06e48ac9755135
note_alignment,Beethoven/Piano_Sonatas/22-1/IVLEVA01_note_alignments/note_alignment.tsv,121854,6e4eeadc81739582a7999759ee7aca080e01cb4c2ae459ada6112d658b4fe50f
note_alignment,Beethoven/Piano_Sonatas/22-1/KOLESO04M_note_alignments/note_alignment.tsv,125147,a7dd5c21b4dc67006a58e8139837ea995a223445ca80e3da7aa4480e898c5d50
note_alignment,Beethoven/Piano_Sonatas/22-1/WongDoe01_note_alignments/note_alignment.tsv,125463,1cab58ace42c02651487a47cf693318f66382a3bfd6b470596c065e1c895d8e5
note_alignment,Beethoven/Piano_Sonatas/22-2/KOLESO04M_note_alignments/note_alignment.tsv,112517,fd1408e8a4a6069e03c57a7fd7985d594046876f5721740d526339a0500eb36f
note_alignment,Beethoven/Piano_Sonatas/23-1/Cai01_note_alignments/note_alignment.tsv,261707,613c15d9d13097657f57a374eb1498bfe62d1e5459e0951bb5c51d77facd1685
note_alignment,Beethoven/Piano_Sonatas/23-1/Duepree01_note_alignments/note_alignment.tsv,262871,eb9f1c84b5fd91505b607bcfd74e3b800521d1325ce261a2ac125191dc5a4abb
note_alignment,Beethoven/Piano_Sonatas/23-1/Duepree05M_note_alignments/note_alignment.tsv,263363,44d2a85bb28783757a26901900a50a451cf1655bf0d077300ad6f01cc1a727a3
note_alignment,Beethoven/Piano_Sonatas/23-1/Gintov01_note_alignments/note_alignment.tsv,267220,03ae83b33860a36a14d77c86a945d849e49bb4c898388a2d1ddac68748dd9855
note_alignment,Beethoven/Piano_Sonatas/23-1/Guo03M_note_alignments/note_alignment.tsv,265112,5e01a27d4a68dc7a4e8d79315bca113cc39acaaf5214d5f7dce8fc2b5499dc18
note_alignment,Beethoven/Piano_Sonatas/23-1/Huangci02_note_alignments/note_alignment.tsv,265747,31da4e163463ca06482acb956a162693a63e299eb54e2b3c8c216c52be098a3a
note_alignment,Beethoven/Piano_Sonatas/23-1/JIA02_note_alignments/note_alignment.tsv,261039,d30cc2a248b86f5f635a5b7c5f7c39f3c47355c0989fb41dfd265911182f0a39
note_alignment,Beethoven/Piano_Sonatas/23-1/KARYAG01_note_alignments/note_alignment.tsv,265868,a24c8010da7b6e87520aa041a0b958bb9d97921f40d92cc66acc5ae02ba6468f
note_alignment,Beethoven/Piano_Sonatas/23-1/Ladid01_note_alignments/note_alignment.tsv,266178,c2b2c1571ffc9613ff3cb62a96ee539833d10b4f8ea432ec236f08279242c5dc
note_alignment,Beethoven/Piano_Sonatas/23-1/LiuC02M_note_alignments/note_alignment.tsv,259596,bd514bcfc964b747af15adc59b3495078e62bd61853d5ec791cc35a8e3561aaf
note_alignment,Beethoven/Piano_Sonatas/23-1/Mizumoto06M_note_alignments/note_alignment.tsv,257287,d57425c4483e11dc5a0fdf9049100b07642ac2121c74702a7a29b1cbafd2f01a
note_alignment,Beethoven/Piano_Sonatas/23-1/Na01_note_alignments/note_alignment.tsv,270467,8ef96407ef5e248a601c080164e81fd97550ab655eabaa7151991a33a9dd085a
note_alignment,Beethoven/Piano_Sonatas/23-1/Teo02M_note_alignments/note_alignment.tsv,261817,3098ba40ce5c90bf4cd3552e07ddeb0845bb1239f067c2e6caedf1865edeb36b
note_alignment,Beethoven/Piano_Sonatas/23-1/Tran01_note_alignments/note_alignment.tsv,268615,44acddf688e41d7a55517a161adb22ad16909e674ff41359e2d056cd798dedd7
note_alignment,Beethoven/Piano_Sonatas/23-1/Yeletskiy01_note_alignments/note_alignment.tsv,262511,96b29f36f72d3339b2d3a331e1df2c8f34e6ce4662d4c530349ade5b6bbfd881
note_alignment,Beethoven/Piano_Sonatas/23-1/Yi02M_note_alignments/note_alignment.tsv,263480,94718c570ed47921fee3d25a70033ca9a3dab6f0d56cf360019de0034c7e7e7c
note_alignment,Beethoven/Piano_Sonatas/23-1/Yu01_note_alignments/note_alignment.tsv,263602,d746b55f4644346dc5667135d33f9b11baf5cb736f923818bb0a97e8cf26d699
note_alignment,Beethoven/Piano_Sonatas/24-1/Lisiecki01_note_alignments/note_alignment.tsv,169810,61d38ea3132c649460375d437db00eaae1e7a674fb2e8f5d9f052f72dc0c7dd4
note_alignment,Beethoven/Piano_Sonatas/24-1/Lisiecki05M_note_alignments/note_alignment.tsv,169427,90870aff3a8ab622b73e21cee99611403a09c532c5eeaf99ca1b90228647a372
note_alignment,Beethoven/Piano_Sonatas/24-1/WangV01_note_alignments/note_alignment.tsv,170323,8dca927ae2ebc3d3eb70c2c48e8e4695ee6d29825c5dce67621a8a659c92b383
note_alignment,Beethoven/Piano_Sonatas/24-1_no_2_repeat/Cui02_note_alignments/note_alignment.tsv,111512,61def58a5052a8c2a5fbfd437ef36bcc688c3968f69cee17db6523492c51cce2
note_alignment,Beethoven/Piano_Sonatas/24-1_no_2_repeat/Cui06M_note_alignments/note_alignment.tsv,110351,0c7524934398bedae1fffe7135ce5e8278aa40c89edfabe864318feafac5d4f6
note_alignment,Beethoven/Piano_Sonatas/24-1_no_2_repeat/DeTurck06M_note_alignments/note_alignment.tsv,111178,6a996edf788f3f6bc660c63bb5c5f6ff33116ce5f621292d56f49a597e9f298b
note_alignment,Beethoven/Piano_Sonatas/24-1_no_2_repeat/MERJAN01_note_alignments/note_alignment.tsv,112391,1c56d552efecbede1db28a2a2002b04656697be794460853fb1cc76ee4b69280
note_alignment,Beethoven/Piano_Sonatas/24-1_no_2_repeat/Zusko01_note_alignments/note_alignment.tsv,112580,bc418122499920b71023fa12acaa99d3a8c139caac416b3ae63199246ef652b0
note_alignment,Beethoven/Piano_Sonatas/24-1_no_repeat/Lou02M_note_alignments/note_alignment.tsv,84723,192d93c71c3dca9d42d6675938c4f86db9fa218ce7bd34dab1f2d28ed6ede4e3
note_alignment,Beethoven/Piano_Sonatas/24-2/Lisiecki05M_note_alignments/note_alignment.tsv,73742,f08f99877a8268b2cc1d6ed42fa28004652a92243419625633eeb43c33c26889
note_alignment,Beethoven/Piano_Sonatas/26-1/Ali02_note_alignments/note_alignment.tsv,133972,996e06916d2027a98eeefa7eab1c810a1cc6a5d923f42a1c49de4a8e13ebb9cf
note_alignment,Beethoven/Piano_Sonatas/26-1/Huang02_note_alignments/note_alignment.tsv,132467,98a0c2d091d08b3671d43ad9ea9c986b7bcb20c7dbe83e9cdc9884fa8a5ca88d
note_alignment,Beethoven/Piano_Sonatas/26-1/HuNY02M_note_alignments/note_alignment.tsv,133362,6af251085f9ebfdd20c996d2f6ae35d020be32ad13fef58a8b15e3f18f307ffd
note_alignment,Beethoven/Piano_Sonatas/26-1/LEE_K05_note_alignments/note_alignment.tsv,132695,1adf44546422a9757c58b6dcb8c6a335cf46b69ed15ff5d66a2aac5ed52cf516
note_alignment,Beethoven/Piano_Sonatas/26-1/MorozovY02_note_alignments/note_alignment.tsv,132971,d24f12f6495bb67202fe6d9267acad978ed557e7564a5babbac59687eaeaafa7
note_alignment,Beethoven/Piano_Sonatas/26-1/Sham03M_note_alignments/note_alignment.tsv,134205,26dd1e84eb5921d5e98c6682dda5b1d577f6a3f40ed3f447dfd7d79ce590375a
note_alignment,Beethoven/Piano_Sonatas/26-1/Zhdanov05M_note_alignments/note_alignment.tsv,133827,8883ca47cddc03750265560cf44e2bb85c798d5b3944db7dac9a3a320cd3dbb1
note_alignment,Beethoven/Piano_Sonatas/26-1_no_repeat/Broberg01_note_alignments/note_alignment.tsv,106118,d6d43e4bad4e1d00841f0767fd1f62a924c13dd9b578125b4a4b1b1ec2fab429
note_alignment,Beethoven/Piano_Sonatas/26-1_no_repeat/Kim02M_note_alignments/note_alignment.tsv,106790,d4bc675585fbdda16cfbfe0b16f0fcf804d1b1491e21ce78a2b481e627133725
note_alignment,Beethoven/Piano_Sonatas/26-1_no_repeat/Tysman01_note_alignments/note_alignment.tsv,107531,94ea0d07b08ae186dfb705d90cf041e933205a098e320560259fab32db2ea717
note_alignment,Beethoven/Piano_Sonatas/26-1_no_repeat/Ye02_note_alignments/note_alignment.tsv,106676,4c919372e37c2deaaeef3dfa8004feb9e01424d6515297c1dcd2e665dd843b92
note_alignment,Beethoven/Piano_Sonatas/26-2/HONG05M_note_alignments/note_alignment.tsv,33259,e02d01e64be6c8b3f14a2442c0b4054c2fd137273ac746991de79cb97cdbc9a9
note_alignment,Beethoven/Piano_Sonatas/26-2/Huang02_note_alignments/note_alignment.tsv,33646,c8a35bd5de187ac01d3295b7f5b9cccb922ff4d8a58cf3daea882894f341a515
note_alignment,Beethoven/Piano_Sonatas/26-2/LEE_K05M_note_alignments/note_alignment.tsv,33415,7e73e9ef5326e2482371144d81dbaedba7ed47f4758f7c3157c3577cd3a097ae
note_alignment,Beethoven/Piano_Sonatas/26-2/Tysman01_note_alignments/note_alignment.tsv,33747,bd65a6269a16bfa508dbf7e0e6e128c68c5fb2797bdc1df4ce37ad232defc185
note_alignment,Beethoven/Piano_Sonatas/26-2/Zhdanov05_note_alignments/note_alignment.tsv,33339,6e932ed55819ea978a64cfbdcbf57962efe97d08431d5479fd3dd3b86e5dbebf
note_alignment,Beethoven/Piano_Sonatas/26-3/LEE_K05_note_alignments/note_alignment.tsv,213242,0679c649a225b4ae41d2301d3526acdd958667193579a9786b9a8adbe08291b1
note_alignment,Beethoven/Piano_Sonatas/26-3/Zhdanov05M_note_alignments/note_alignment.tsv,214364,36a58764a4f22999be8cd453f9b99c2199a351a36fa64d76e74a2c2d0599409b
note_alignment,Beethoven/Piano_Sonatas/26-3_no_repeat/HONG05M_note_alignments/note_alignment.tsv,157768,6d1cb9510857a91398370345217671d72361e9abb3e36987386fe1af9f791cf1
note_alignment,Beethoven/Piano_Sonatas/26-3_no_repeat/Huang02_note_alignments/note_alignment.tsv,156501,b7739829344bfe2e96eccece905b7a112c044131f1fcda37eb89dc6bc6eb8e2c
note_alignment,Beethoven/Piano_Sonatas/26-3_no_repeat/Tysman01_note_alignments/note_alignment.tsv,158953,d4665c3b9b7dd7ec49696eb25dd11ee59bb06b1cd52759a5999a54499d12b89e
note_alignment,Beethoven/Piano_Sonatas/27-1/Abdelmola01_note_alignments/note_alignment.tsv,105699,298744b0d6c03e05e994acaa3fdc079e84fa6ed9592729993846ddb91af41c92
note_alignment,Beethoven/Piano_Sonatas/27-1/Fung01_note_alignments/note_alignment.tsv,105233,64b207ce80c07a9317dd1399e8b3a3a6fc14926d5155abd84e7f88e8df774054
note_alignment,Beethoven/Piano_Sonatas/27-1/GiacomelliN04M_note_alignments/note_alignment.tsv,106094,96172814c070707db0562c4574335455c9381ff3112acfd49b0c9e9eec3b4043
note_alignment,Beethoven/Piano_Sonatas/27-1/Ko01_note_alignments/note_alignment.tsv,105230,1914124fa8f61997517688bc097f7abe4a15417879714c01a1aaafa821c0d2fc
note_alignment,Beethoven/Piano_Sonatas/27-1/Ko05M_note_alignments/note_alignment.tsv,106392,0d73253110420d2682961e727fe2cf7b193118d322cf7ddfaaf94ce8341bc8d5
note_alignment,Beethoven/Piano_Sonatas/27-1/MiyashitaM02M_note_alignments/note_alignment.tsv,105221,5c54766fbbb52651385985c30d13944097cd74d743f3369b7b332429d344a49f
note_alignment,Beethoven/Piano_Sonatas/27-1/Seredenko01_note_alignments/note_alignment.tsv,106054,90df1e6a6fd301b750111bcd99eecf4ce1e47dd3e562a988e9acca15bea0389d
note_alignment,Beethoven/Piano_Sonatas/27-2/GiacomelliN05M_note_alignments/note_alignment.tsv,160305,5259b7a01c04d5434319164122588ad2daa106552a3c3f4fbc82a843aa47739b
note_alignment,Beethoven/Piano_Sonatas/28-1/Atzinger01_note_alignments/note_alignment.tsv,50567,439ae2c1d895cfd53bc179e22230be266ec3f752bc33aa02c913770e2dcae352
note_alignment,Beethoven/Piano_Sonatas/28-1/KimHJ02M_note_alignments/note_alignment.tsv,50375,7ab31f3f32c4ac572d07c2d84fd09d52f76dc410b316f9f4f7a02e78cd70cf0e
note_alignment,Beethoven/Piano_Sonatas/28-1/KyykhynenT06M_note_alignments/note_alignment.tsv,51394,67736e7f9f5a1fc31be0d25aeb42a056129ace4b8d7b671de5ff7d2687b8869c
note_alignment,Beethoven/Piano_Sonatas/28-1/WangY04M_note_alignments/note_alignment.tsv,51057,a2550455e1528186ef313b4f7f77d4fcea5e7e958914963c91d013181b59004a
note_alignment,Beethoven/Piano_Sonatas/28-1/Zhdanov01_note_alignments/note_alignment.tsv,50977,8a69170742b9bcb7d02e5f0862cf0d35bd9be50fc1df0711b2c53682972b6b0e
note_alignment,Beethoven/Piano_Sonatas/28-2/KimHJ03_note_alignments/note_alignment.tsv,139376,fb3daea899dabee92c20d1dba4da4ee2ff49155f8da5fd238983a917f11dc5b2
note_alignment,Beethoven/Piano_Sonatas/29-2/ChowK03_note_alignments/note_alignment.tsv,77395,ef5428439a3b628d15046beac36ce83df6f977ca5c7e55b7097c26fefa696554
note_alignment,Beethoven/Piano_Sonatas/29-3/ChowK04_note_alignments/note_alignment.tsv,208351,67c0d6dbd50beca7a3f42b792c6180bec7ec76194dc48e7fff33c40389e29de2
note_alignment,Beethoven/Piano_Sonatas/29-4/ChowK05M_note_alignments/note_alignment.tsv,347171,51270ad6b5134243057b903ca076af7ca8e0174f338def83b36bb2a1b6318487
note_alignment,Beethoven/Piano_Sonatas/3-1/Bult-ItoS03M_note_alignments/note_alignment.tsv,181843,0ef5955c1d234e14115257d4f76da3469893387fbf47b48e31075e031ca8dd82
note_alignment,Beethoven/Piano_Sonatas/3-1/CaoJ02M_note_alignments/note_alignment.tsv,178923,b6c79b47047804a95bb5613a3df6545f15ade0e3e1b0cc085f68dc6708201835
note_alignment,Beethoven/Piano_Sonatas/3-1/Jia02_note_alignments/note_alignment.tsv,181795,249a6adcca459b5d670e7fcef6d7118be29c5d266eafe974736fae573bb71c24
note_alignment,Beethoven/Piano_Sonatas/3-1/KorchinskayaKogan02_note_alignments/note_alignment.tsv,179974,3d6cbae2983cae16e73a630cfdd8eb911fceec451546ff9d93a7b3e0192134a3
note_alignment,Beethoven/Piano_Sonatas/3-1/Lin01_note_alignments/note_alignment.tsv,182439,b20ae14882a05c875e0f46398663378743ab4b22557dc7e6e76185df374da4d1
note_alignment,Beethoven/Piano_Sonatas/3-1/Lin05M_note_alignments/note_alignment.tsv,182362,cdd29b6347809018b1745ba0ab069ce38f65bc9dc2a5ae435fc6ac5c63ff1d39
note_alignment,Beethoven/Piano_Sonatas/3-1/LUO01_note_alignments/note_alignment.tsv,208329,1108a1405ac606c7df08e014a1b450be18705421b7021826820229d011f3a562
note_alignment,Beethoven/Piano_Sonatas/3-1/MiyashitaM03M_note_alignments/note_alignment.tsv,181689,8a050bba42a62a217007e24a79e594382e4195253686ae42e201eb69536ce797
note_alignment,Beethoven/Piano_Sonatas/3-1/ZHOU01_note_alignments/note_alignment.tsv,181462,514c10340e2f384a45a63fba065195e3cff4fec61696d859b60cfd2c5c29cc86
note_alignment,Beethoven/Piano_Sonatas/3-2/MiyashitaM04M_note_alignments/note_alignment.tsv,58204,dce1a472676524e238c99cc1e2b22d7260ad800bca0f976fb19c53108d76f1ec
note_alignment,Beethoven/Piano_Sonatas/30-1/CHEN02_note_alignments/note_alignment.tsv,63818,8095279393bcf2883a9952c1011a023e7e796bff6080d2439871a561c14cefcd
note_alignment,Beethoven/Piano_Sonatas/30-1/Hirata01_note_alignments/note_alignment.tsv,63576,9c64342fa40785a04d8e11cdb260a73a3b4cfc45bef2d866c7f311abf530fb5e
note_alignment,Beethoven/Piano_Sonatas/30-1/Izzard01_note_alignments/note_alignment.tsv,63309,4e86578db85fc3c25701826005e4b8c6d9d23a43a8e317826aa9398219f274fa
note_alignment,Beethoven/Piano_Sonatas/30-1/Katyukova01_note_alignments/note_alignment.tsv,63436,8feafafe006b1c3f3a4f4206fb592215b46836e3bd4aeeb9c35929f6a0b4a0cc
note_alignment,Beethoven/Piano_Sonatas/30-1/MaslovV02M_note_alignments/note_alignment.tsv,63644,0b281cbc8a8b64e65df606bb681edc2ac58de0b3a2f09c55275b11f576628575
note_alignment,Beethoven/Piano_Sonatas/30-1/Shelest02_note_alignments/note_alignment.tsv,63635,e19f0c9326212af97d8438dbf99f9695e915c5db85fbc148e0213df127940d72
note_alignment,Beethoven/Piano_Sonatas/30-1/TanakaM06M_note_alignments/note_alignment.tsv,63315,cb7e25a2188cb6a31e10243e060def2baceaf2b99fae515a59c54775372422a8
note_alignment,Beethoven/Piano_Sonatas/30-1/TOIVIO01_note_alignments/note_alignment.tsv,63354,25e6166e1924bfd4df63527fbd75128cad60ae091f15d1e3002712472cd6f9ef
note_alignment,Beethoven/Piano_Sonatas/31-1/AbdelmoulaJS03M_note_alignments/note_alignment.tsv,116067,41bd29a1e7dc72da0959770d1f9abb309a84cbe78dd2ec3d01f884cfc53b0081
note_alignment,Beethoven/Piano_Sonatas/31-1/ADIG05M_note_alignments/note_alignment.tsv,116656,df263064d611b6e3cbb2c14e64f9d204a5b316c330401913db7e3dd38299a340
note_alignment,Beethoven/Piano_Sonatas/31-1/Ahfat02M_note_alignments/note_alignment.tsv,115809,b0d94a359323109f27238228c9b2de1022d402564aaf916f8a3b150bb13a26ae
note_alignment,Beethoven/Piano_Sonatas/31-1/Ahn01_note_alignments/note_alignment.tsv,118080,f536042f0ba41f8d80e00a13eca7897e0c31b2c718019d26faaedfa39316303c
note_alignment,Beethoven/Piano_Sonatas/31-1/BrendleA03M_note_alignments/note_alignment.tsv,117760,510f779aadd8740a3dc49ac9c2c614ddea414dcc431484d9ea781abd06347c35
note_alignment,Beethoven/Piano_Sonatas/31-1/Goh02_note_alignments/note_alignment.tsv,116544,27e35a1001a55365705b9d7ac8b3bd7cf65a12226362b3a48963ecda2cde8ab3
note_alignment,Beethoven/Piano_Sonatas/31-1/HUAN_B01_note_alignments/note_alignment.tsv,117437,4a118d1d7d331e2bec53448304c54cbed03343b65b5a8875f20c277e17fef2cf
note_alignment,Beethoven/Piano_Sonatas/31-1/Huang01_note_alignments/note_alignment.tsv,117207,a8caa35a4d48babd3f6d2397397abf7c25242fae684e6dcf43bac232f1ccacab
note_alignment,Beethoven/Piano_Sonatas/31-1/HuangSW08M_note_alignments/note_alignment.tsv,116909,88c92a1d751d09e196fd9db98c62eae7714b8e422142c43ceb1a2156afdb36a3
note_alignment,Beethoven/Piano_Sonatas/31-1/Karpeyev01_note_alignments/note_alignment.tsv,118079,cc384561217adbf155ab7e92fd3dfe1a9b083061ca8b5b9f378193864bb43dda
note_alignment,Beethoven/Piano_Sonatas/31-1/Kavalerova01_note_alignments/note_alignment.tsv,115989,a99d00686cb4c862782ee08e5dbae2c1a76187899db282abacc1a59c1b78180e
note_alignment,Beethoven/Piano_Sonatas/31-1/LeungM03M_note_alignments/note_alignment.tsv,116364,4550dd220d45582fff06fdfc3735e36add96d1a9235356c86d44643f8db3ee49
note_alignment,Beethoven/Piano_Sonatas/31-1/Mikhailoff04_note_alignments/note_alignment.tsv,117249,0f568f09bd2691cb47ad39fc66ff16c3966d66d04db319caa13634cf805dee68
note_alignment,Beethoven/Piano_Sonatas/31-1/Na06M_note_alignments/note_alignment.tsv,117401,4a131e930b77729168e8db6f4ed535a80672ab320d36380402e65c10fb27f38e
note_alignment,Beethoven/Piano_Sonatas/31-1/SINKEV02_note_alignments/note_alignment.tsv,116976,9419d359033f0eab5fe5080dc686a063686243fcdf03bb8bfe6c9a2f5218c4b4
note_alignment,Beethoven/Piano_Sonatas/31-1/SOLOM04_note_alignments/note_alignment.tsv,115458,e932f6cfbd2099b619c4035fc5bb9040e4621645093ed697e78cde5e6f028a7d
note_alignment,Beethoven/Piano_Sonatas/31-1/Stahievitch02_note_alignments/note_alignment.tsv,117247,d49898b20865910061776f3e6e2bfbedc2e32cf0d000af0fb31dee11eacf2ed1
note_alignment,Beethoven/Piano_Sonatas/31-1/Sun01_note_alignments/note_alignment.tsv,116922,f121210783571cb53b09a569c0caa9f7ae0e6fe8f564944d6a66cf761d78a2c8
note_alignment,Beethoven/Piano_Sonatas/31-1/Tang01_note_alignments/note_alignment.tsv,118016,a5b38a9a476474fbcbf4681f70a56e4960265220f3da1934f6d541de236c93cb
note_alignment,Beethoven/Piano_Sonatas/31-1/YOU01_note_alignments/note_alignment.tsv,118106,77df33a23b207b759b80365d5b18f946726619b3d94dfa14bc8ae22053704985
note_alignment,Beethoven/Piano_Sonatas/31-1/Zuber04M_note_alignments/note_alignment.tsv,118589,639356bf788b6f6b25c9ae1a285c68c53106326ec467c5cdb2d1b85bd14eaf2e
note_alignment,Beethoven/Piano_Sonatas/31-2/AbdelmoulaJS04_note_alignments/note_alignment.tsv,52310,5f3a9c5f68a06e4b71c229c446fbc6b2bdb6481459e55948dd4dc5c9a120f246
note_alignment,Beethoven/Piano_Sonatas/31-2/ADIG05M_note_alignments/note_alignment.tsv,52373,cf33cbba60a8d98ee1b04005bb24f6b2253d73f5e7332ca4a91c3f91e0905ea7
note_alignment,Beethoven/Piano_Sonatas/31-2/HuangSW09_note_alignments/note_alignment.tsv,53194,8928719c17ca1fef997b2b81c538dce8c4c5142d3a952fc678022925cf4186a3
note_alignment,Beethoven/Piano_Sonatas/31-2/LeungM04_note_alignments/note_alignment.tsv,51750,a10fba6aa774717034fa06e63030da66378ad02117bb1971f5accd88ca907ef1
note_alignment,Beethoven/Piano_Sonatas/31-2/Stahievitch02_note_alignments/note_alignment.tsv,52284,b9dce9b515d43da5d1834c8ee11fd5be7ae63adedf887000ba0a3abb373f2618
note_alignment,Beethoven/Piano_Sonatas/31-2/Zuber04_note_alignments/note_alignment.tsv,53249,996395daf928966b3702696c34cec22568fcff73abbd83b424f15490444e69de
note_alignment,Beethoven/Piano_Sonatas/31-2_no_repeat/Na06_note_alignments/note_alignment.tsv,44998,67795dfba45db2d708f5a7808be1ca0ea830e7abf69201c67e383d5a355734a8
note_alignment,Beethoven/Piano_Sonatas/31-3_4/AbdelmoulaJS05M_note_alignments/note_alignment.tsv,154957,1bb08649c2891c798021ce7826a9a8869ae3b2854d86a5eee872099415c47645
note_alignment,Beethoven/Piano_Sonatas/31-3_4/ADIG05M_note_alignments/note_alignment.tsv,154905,8c7c2e23752d23d4622d200b4a2a840e82dc4092333828c636e84f4f3de5a0da
note_alignment,Beethoven/Piano_Sonatas/31-3_4/BrendleA05_note_alignments/note_alignment.tsv,153654,c1fb62636d7397ff791084e1979e2d74466b1fd854b8e2f73e563af38e1fe201
note_alignment,Beethoven/Piano_Sonatas/31-3_4/CHOE03_note_alignments/note_alignment.tsv,156582,b939861d6261aea8cbcfa9ad93b6c77f172eefcd03c8c3021d4b6f1698f0650f
note_alignment,Beethoven/Piano_Sonatas/31-3_4/Gokcin01_note_alignments/note_alignment.tsv,155351,06a1e86c719de0befa70d886252c72e9f30e9b9eefe28b63725c5413b2d42e25
note_alignment,Beethoven/Piano_Sonatas/31-3_4/HuangSW10M_note_alignments/note_alignment.tsv,176561,26f54bcc9cf3941460a9c36dd23bc262b6d825e7a79302233a6d4530625b5070
note_alignment,Beethoven/Piano_Sonatas/31-3_4/LeungM05M_note_alignments/note_alignment.tsv,155727,f1ea4fd9a3affab9ed1d0eb55f6c94746255f0a97888c4cf312e5e3f96e919a3
note_alignment,Beethoven/Piano_Sonatas/31-3_4/Na06M_note_alignments/note_alignment.tsv,155666,6ae3612867643493536eb27b594e6006f23bfd9b63e5b04c4ef4706f7516a26f
note_alignment,Beethoven/Piano_Sonatas/31-3_4/ParkH01_note_alignments/note_alignment.tsv,155345,97e96f3df0da0666e3ec88aaeb51a24493ff19a95be790f50d8cf2ae910e7f3c
note_alignment,Beethoven/Piano_Sonatas/31-3_4/Stahievitch02_note_alignments/note_alignment.tsv,154654,c6498d8c904c413c68d69c091e4dbcb3dd09dbefb1adf6712e1492037867619f
note_alignment,Beethoven/Piano_Sonatas/31-3_4/Zuber04M_note_alignments/note_alignment.tsv,155148,c568c8c261ee867e10c387c28fc89e5785f27dae1c5f1d77e382a3d3c4d9ba85
note_alignment,Beethoven/Piano_Sonatas/32-1/DupreeF03M_note_alignments/note_alignment.tsv,222566,a7de9871831daf71251d64a0297f64af11b9720754413bff482e16173f180d1a
note_alignment,Beethoven/Piano_Sonatas/32-1/HouY04M_note_alignments/note_alignment.tsv,216425,47f3fad605cf8ea7f05aaa33cfa9e717da7df0f2c7b608704d65e8765337f6dd
note_alignment,Beethoven/Piano_Sonatas/32-1/Jussow02_note_alignments/note_alignment.tsv,221768,f84b9d6d1f4d96751a80343f3ca5afb23ab4c45e4a788e0903bd4c353858f4bd
note_alignment,Beethoven/Piano_Sonatas/32-1/Jussow06M_note_alignments/note_alignment.tsv,220461,279ddc6f60f3f082bcb63cbd76082612aaffdf54a346ee5bdea9011a620e4ad0
note_alignment,Beethoven/Piano_Sonatas/32-1/MORET01_note_alignments/note_alignment.tsv,234520,f773be067110715f91fa23940061ba1493eb8fc79ef9a7a3212320f10bdbf69c
note_alignment,Beethoven/Piano_Sonatas/32-1_no_repeat/FALIKS01_2004_note_alignments/note_alignment.tsv,167546,837d2b74f6f0a802aba8b2bececb1d01054a9c0684443e2d3d9c5eb84d3591bd
note_alignment,Beethoven/Piano_Sonatas/32-1_no_repeat/Faliks01_note_alignments/note_alignment.tsv,167662,09e370ac1d62cc0d8bcd99252ea1294ee77639d76e3de8214a021dd8f23fb01a
note_alignment,Beethoven/Piano_Sonatas/32-1_no_repeat/Park01_note_alignments/note_alignment.tsv,166528,cc578a404d0e8776feb01a6033f37ac1673f30a884874af744478f4f804066ff
note_alignment,Beethoven/Piano_Sonatas/32-1_no_repeat/POTAMO01_note_alignments/note_alignment.tsv,169824,b2608d89e2fb3b568d93ff106311f7233f9bcfbaac93dbf27bb16f72e0c67855
note_alignment,Beethoven/Piano_Sonatas/4-1/BENABD01_note_alignments/note_alignment.tsv,163798,2c5e07dc094290d73399bdb977b5ad511a759dc71570bf1b83ea8437ae1d6c30
note_alignment,Beethoven/Piano_Sonatas/4-1/Benabdallah01_note_alignments/note_alignment.tsv,162505,6eeee0673593f93b186746114a792a8777ee64eaf8f4059783d5fb2dfdfa9e9b
note_alignment,Beethoven/Piano_Sonatas/4-1/CaiC01_note_alignments/note_alignment.tsv,162255,8b7b7962f0b981245f06c34dc504e75471ae0c753aa58e8305161facce1e163d
note_alignment,Beethoven/Piano_Sonatas/4-1/Chon03M_note_alignments/note_alignment.tsv,162237,27a82f63d5304395805f59482510281ec245c27bc12e3d5138fa9ac05960ab0c
note_alignment,Beethoven/Piano_Sonatas/4-1/LeeE02M_note_alignments/note_alignment.tsv,162059,b677b9d3795b5b1a5734e5e0574f486eb4d0fff5d85fe78419d59a59106c40fc
note_alignment,Beethoven/Piano_Sonatas/4-1/LiA04M_note_alignments/note_alignment.tsv,161216,875ae9685f9b5a85444a8973713b66fb30514672f107846b8bfd0b628865aa4d
note_alignment,Beethoven/Piano_Sonatas/4-1/Shamray01_note_alignments/note_alignment.tsv,163510,cab089aa27ea49ddf58625dcc0d6293a062187f854b28a282489744a14b909e2
note_alignment,Beethoven/Piano_Sonatas/4-1/SirajA02M_note_alignments/note_alignment.tsv,160172,e0c94cbab37aa2fc52f2063c1d5e18448564be34c8c99e33fe0762ba23eedd70
note_alignment,Beethoven/Piano_Sonatas/4-1/Zhao01_note_alignments/note_alignment.tsv,162104,4c93e54c20d86e9afe70d2b36c343ed773721bafffe03a7e558b552b8d9d63c2
note_alignment,Beethoven/Piano_Sonatas/5-1/Colafelice02M_note_alignments/note_alignment.tsv,84349,439faad2ec755542c6c8acb3e24eea82cc59f2f9816390bd82b69adb40b0cfc9
note_alignment,Beethoven/Piano_Sonatas/5-1/SunD02M_note_alignments/note_alignment.tsv,84273,52f2e376849493c9b1355523730eefa356e395e67545305571b9764df31586a3
note_alignment,Beethoven/Piano_Sonatas/5-1/Wong01_note_alignments/note_alignment.tsv,84451,9daad5c712e87b9e761bc3173626ad3cdfb37964903922f9f726f6e74217656b
note_alignment,Beethoven/Piano_Sonatas/7-1/Hebert01M_note_alignments/note_alignment.tsv,141021,0bd0be0f8205ca73f2491d820fdfa7869266b3e42c31379ac21f9a54dc5ee26c
note_alignment,Beethoven/Piano_Sonatas/7-1/KOLESO01_note_alignments/note_alignment.tsv,141473,3706fa0f72800809ad2c7f554e71784b74ead82b6c26171f30dcb12680806f0b
note_alignment,Beethoven/Piano_Sonatas/7-1/Larionova04M_note_alignments/note_alignment.tsv,139612,039bf96549eaf1f89f95aa1fa57c949bcfcc8c1eee18006033a8258f5c4b2e5a
note_alignment,Beethoven/Piano_Sonatas/7-1/Lee_E01_note_alignments/note_alignment.tsv,140474,863b48c2162405d4050302642c50b8d0554ba51588d4d1af3a0aa82f62117450
note_alignment,Beethoven/Piano_Sonatas/7-1/LeeS02M_note_alignments/note_alignment.tsv,139369,4d9c9c942d4c4b0a7589cca7ce46d900aa66aa04c34c5955262bf685f42f5bfc
note_alignment,Beethoven/Piano_Sonatas/7-1/MATSUM01_note_alignments/note_alignment.tsv,139949,e82aa587fb409482f6e2ea211a3872eb9ab6bb9c57b3799f985ec38d86ebb7ae
note_alignment,Beethoven/Piano_Sonatas/7-1/Wang02M_note_alignments/note_alignment.tsv,142237,c19ad1473bf5b758488cd15fb0777257e7593342cef193e9add19f661962afc2
note_alignment,Beethoven/Piano_Sonatas/7-1/WangY01M_note_alignments/note_alignment.tsv,139802,342b5bfd5d2cf07c3920a040b556f4a98a8ed68ccb1436f6c040ce04e0db9675
note_alignment,Beethoven/Piano_Sonatas/7-1/ZhangE02M_note_alignments/note_alignment.tsv,142867,698cd132af1359fb196ada19afa65e9e1abd97fb47d2ab8bdec20eadb04e6585
note_alignment,Beethoven/Piano_Sonatas/7-2/Larionova04_note_alignments/note_alignment.tsv,81977,73005981cac5c5466f14ce99df06195d0cdc0ff503f3e2a8b1ccc743607a832a
note_alignment,Beethoven/Piano_Sonatas/7-2/LeeS03_note_alignments/note_alignment.tsv,81958,f8ac0641c4cdd2f62ae9e4386f0d9bdcb59269dc06a8b0b2f17689fe6056fec3
note_alignment,Beethoven/Piano_Sonatas/7-3/Larionova04_note_alignments/note_alignment.tsv,57794,11f35f0b1769f549cb42ae93261a5186dd58dfad3342510687caf6532467db59
note_alignment,Beethoven/Piano_Sonatas/7-3/LeeS04_note_alignments/note_alignment.tsv,57700,a8731676004ea85c2a512d92cfef48e88e6651f69f8dfd9b56dd3cb21b64e02e
note_alignment,Beethoven/Piano_Sonatas/7-4/Larionova04M_note_alignments/note_alignment.tsv,84784,bf0d795e53a7e977cef8ac39fa416351e0455f8a28745a11a1e2c2cb11209961
note_alignment,Beethoven/Piano_Sonatas/7-4/LeeS05M_note_alignments/note_alignment.tsv,84986,16c324df06c1bb6f0c2f86683dd2b5d7a6dd33d3ba9e9af9a6c01d38605275e0
note_alignment,Beethoven/Piano_Sonatas/8-1/ChenS01_note_alignments/note_alignment.tsv,179966,57f97aff647bb802ad1116cdcd6bdf10ab1c8a21abe8f47aba60fa0158d91ccf
note_alignment,Beethoven/Piano_Sonatas/8-1/Na06M_note_alignments/note_alignment.tsv,180037,c073b94a29ad552def36508a3ab9df04db8c2130067d3960698246a04152988b
note_alignment,Beethoven/Piano_Sonatas/8-2/Na06_note_alignments/note_alignment.tsv,64664,385671211d3dddec6a5320a22df28acd71fa095534fd86ac9fefaa814b517345
note_alignment,Beethoven/Piano_Sonatas/8-3/Na06M_note_alignments/note_alignment.tsv,96417,d3b5535f89f2569c62c131e8a6d00ec36ce6c145d28b8504a15fe8774ae832a9
note_alignment,Beethoven/Piano_Sonatas/9-1/Tysman05M_note_alignments/note_alignment.tsv,107451,b7954bb4bfd62d7af83892c78dda2c90b71b5607f3501f11771d23b431581c4b
note_alignment,Beethoven/Piano_Sonatas/9-2_no_trio/Tysman05_note_alignments/note_alignment.tsv,20887,34f06be904b55aba09af36e710f433f2bb2f5547632ebe4f467abe125e6c41ae
note_alignment,Beethoven/Piano_Sonatas/9-3/Tysman05M_note_alignments/note_alignment.tsv,71331,3976435dde2a4ec6215a55cd753f1713fad0926ea91d54ba0556b311a54cbc11
note_alignment,Brahms/Six_Pieces_op_118/2/Shilyaev03_note_alignments/note_alignment.tsv,67050,f0ca3ebaa522b031c083c9cbaf23e45aa96def82b111aa5a57d17385b3d331ac
note_alignment,Chopin/Ballades/1/Ali01_note_alignments/note_alignment.tsv,213063,247160c7e6210438e7e9959bcec7e080118bbdc9ac2e68152d997acbf275f67a
note_alignment,Chopin/Ballades/1/BuiJL04M_note_alignments/note_alignment.tsv,208243,a67438b563bd3e4013ebb9d2031f0fac5e577d2c77e3ad1e09ec9a521f8d89b2
note_alignment,Chopin/Ballades/1/Day04_note_alignments/note_alignment.tsv,205006,c783c52d773f179b9341b49880a54bcef2ed5b67caa08d43e15ccc5486f82f4e
note_alignment,Chopin/Ballades/1/Dossin05_note_alignments/note_alignment.tsv,207417,1a78c806ebc3d3f6536061f64545b34c55b01fc1b3e003bcdbd57425a8664035
note_alignment,Chopin/Ballades/1/JIA06M_note_alignments/note_alignment.tsv,212128,a076848c4d0e69615dbbd0cecb81f8b2399ee54dccddc2d821ab4e2305132076
note_alignment,Chopin/Ballades/1/KimSuyeon04M_note_alignments/note_alignment.tsv,210705,8d7f4d17b5b4fc4c318d349db381a5de1ed1f0ff84975274cc9b2176d5c2e27f
note_alignment,Chopin/Ballades/1/LeeKoeun03_note_alignments/note_alignment.tsv,206381,f05c8af9aeb50bd11e2ae77e6de6009a8193f9b67fc57642ee7c9636d4113f2d
note_alignment,Chopin/Ballades/1/LeeKoeun06_note_alignments/note_alignment.tsv,205007,c119de747b63457f7fabb8454a8aed8a36742632b92928187dfb14cd730dd568
note_alignment,Chopin/Ballades/1/LinTao04_note_alignments/note_alignment.tsv,208541,dd2728b89404f6e900e836dae874ad348a4626e0b9689169a421800bafa36aa1
note_alignment,Chopin/Ballades/1/McNamara02_note_alignments/note_alignment.tsv,214558,2c0514b2912ee3cf004a49bd0d0567b5bf92f73c06f1bddcfb99764b22755091
note_alignment,Chopin/Ballades/1/Mo07M_note_alignments/note_alignment.tsv,208581,535963e0ffd7a1d4196999a9a9f18322d825c92885ed71ab64ee774928f5fe4b
note_alignment,Chopin/Ballades/1/MunA19M_note_alignments/note_alignment.tsv,267981,47cf9e453acd9edae37836eabf9a1eef56310d0c6705157974468a0abad79cc0
note_alignment,Chopin/Ballades/1/Richardson13M_note_alignments/note_alignment.tsv,212641,419e8ae505850037b0bd72fceb97e7550a84ba74ef68a9f7d61447db742c0c12
note_alignment,Chopin/Ballades/1/SINKEV05_note_alignments/note_alignment.tsv,211737,5c9740abb4c3d311ffcd12d697a678cf0cbbd75afe26ae4d254343b706f8396f
note_alignment,Chopin/Ballades/1/SINKEV11_note_alignments/note_alignment.tsv,213850,171ec6d2dd26d5dd03e8e0a3853f6c0f1a8a4081e3d68e9896120e23ca87a57b
note_alignment,Chopin/Ballades/1/Sladek04M_note_alignments/note_alignment.tsv,206674,863f839f21f77fcbe129ae287bbf307cb4e5f9b818e2918b948846959aec86f5
note_alignment,Chopin/Ballades/1/YeSijing01_note_alignments/note_alignment.tsv,208934,d93e71957bdfae033157faa452f42e9f480fbd8fc51a10f0b0f4411e08efeb67
note_alignment,Chopin/Ballades/1/Zhou06M_note_alignments/note_alignment.tsv,206472,304274eb285a546d746ca83324f41bd3b62bc1e08687b9d50ba02f73eebcc89d
note_alignment,Chopin/Ballades/2/Denisova17M_note_alignments/note_alignment.tsv,170889,a98ede4db838cda0db1d345d173e39faae1752c625b3c18f10e6e69956992b1f
note_alignment,Chopin/Ballades/2/Gasanov04_note_alignments/note_alignment.tsv,172850,204f6a463a4ab1d5cb48f76ca5fb2578e37396ec677459d020a94e48c6f2d502
note_alignment,Chopin/Ballades/2/Gasanov08M_note_alignments/note_alignment.tsv,175807,d1e3ed14fa1df27637d47cc993780e0b8848509af61f7498af346b76e4df501f
note_alignment,Chopin/Ballades/2/GuoE04_note_alignments/note_alignment.tsv,177173,868ce8b2b9b3bd479057a8b3a821c7d87c523ad7a08f3fbd161d94545a11ab91
note_alignment,Chopin/Ballades/2/Tetzloff06M_note_alignments/note_alignment.tsv,169001,69f63575e4df72f1f85a8f333ae8547a62a711fcb195060d1c4bb5e93af64831
note_alignment,Chopin/Ballades/3/Ko11M_note_alignments/note_alignment.tsv,187085,ec312093ebfda9e6d6e9294fa57b2228296d20eb2416c7f4c7f561a94cf9a054
note_alignment,Chopin/Ballades/3/LinPeng06M_note_alignments/note_alignment.tsv,187431,da3a7d17435c60d69626b146a1b4147a024cac188581b224e87d8c367903769b
note_alignment,Chopin/Ballades/3/Tan02_note_alignments/note_alignment.tsv,184668,49f8701c98d2f757502ca525e5773c9b9f053e7abdf4d77fc0637eddc02eb8c2
note_alignment,Chopin/Ballades/4/ChenC04M_note_alignments/note_alignment.tsv,249214,3c5c234cc746707fafea63ea971955b38405d1dce13fcf72aa498cd21f0703ec
note_alignment,Chopin/Ballades/4/Khmara02_note_alignments/note_alignment.tsv,258956,76bdb8f6c8c004d9ba2cc1f78a01aa88e6333d7ef9c9593ea8e0b0e628b53ef1
note_alignment,Chopin/Ballades/4/Kociuban07M_note_alignments/note_alignment.tsv,258120,d0a85048dd964a6a6774872de86b184abd8c8bb139b50b8e7dc16b8e2ab690e2
note_alignment,Chopin/Ballades/4/Levitsky18M_note_alignments/note_alignment.tsv,246886,882b421ee9f0320daea85fc29dea261888f530c9ddad9dd6586a616d86ef546f
note_alignment,Chopin/Ballades/4/Lim03_note_alignments/note_alignment.tsv,254562,03e1a614df2fc8f430272c924fe540cd5b390b9e538ebd8f67c01618cda635c5
note_alignment,Chopin/Ballades/4/LuEric04M_note_alignments/note_alignment.tsv,254142,ceb29dfd12339a76b9d8af631fed192232b0f119b64ff7c764d90a96b5ec686d
note_alignment,Chopin/Ballades/4/MiyashitaM04M_note_alignments/note_alignment.tsv,246433,bffa4853a6aafb71e28297058f87603ee1063e0062f25168ca3c6fa5882e80da
note_alignment,Chopin/Ballades/4/Mizumoto02M_note_alignments/note_alignment.tsv,249748,afcd7d4d78312f87b419433b1a972c645ca618e9285957f918f2a574bb2fc8fa
note_alignment,Chopin/Ballades/4/Nikiforov13M_note_alignments/note_alignment.tsv,245641,3f35750013ee24be1081e458a8bcf0a746cbce28f46271d587378e38c93f8a89
note_alignment,Chopin/Ballades/4/SOLOM05_note_alignments/note_alignment.tsv,248417,b833e7972e0a96d1c259514ee58527f6f4e4a3d6133adcaf176ffa64b3aa1d1f
note_alignment,Chopin/Ballades/4/Yang03_note_alignments/note_alignment.tsv,253938,161bcb6f5c9bc0fd6bdc0cfb811bc28d905d2bf837ad3b1cc28e9493496202a7
note_alignment,Chopin/Ballades/4/ZhangX02_note_alignments/note_alignment.tsv,248356,932f8dfe65a0ba19cc3340fb735f9b777d8f9b530f9be4a6c6d6a2cd6f99e044
note_alignment,Chopin/Barcarolle/Kociuban13_note_alignments/note_alignment.tsv,198148,50324d0ef21e5dfe84ef8999d9d94dcfb669bfd76a09358c896994e180ff8968
note_alignment,Chopin/Barcarolle/LeeSH05M_note_alignments/note_alignment.tsv,193073,3d5cf8cc3038711f11067beca40a705ddce73b6dbae89df64479615eab5c781a
note_alignment,Chopin/Barcarolle/Na03_note_alignments/note_alignment.tsv,196759,7ace1fe9d3f0213894a93ef89e7e2c610f6bd5fdb8b99c4674348aa392908ea0
note_alignment,Chopin/Barcarolle/Na09M_note_alignments/note_alignment.tsv,196301,a0346a5185395069e6b70e23870a0ba447d52de7ab6cdd9cff8dd8f13f52e6db
note_alignment,Chopin/Barcarolle/Ozel10M_note_alignments/note_alignment.tsv,191529,7a1ff09d9c8bb1166d8743aeb99db9ad62f5afe7fe1ffd55503c484079aa575b
note_alignment,Chopin/Barcarolle/Park10M_note_alignments/note_alignment.tsv,195324,b20efdacd488ae893593317d428024f194b702fb803dddc4d32207fb31a387f8
note_alignment,Chopin/Barcarolle/Rozanski07M_note_alignments/note_alignment.tsv,194734,acfa72d2ca7e35e77649da1659a8bbe41d884018dde086be0ae33e4d90eda23c
note_alignment,Chopin/Barcarolle/Verbaite03_note_alignments/note_alignment.tsv,191690,3c382f417151bcefdc34aa425297d4cb58542d211dbf9a84189cecc5f20fb443
note_alignment,Chopin/Barcarolle/Wilshire04_note_alignments/note_alignment.tsv,195484,1ec7412a98577b901c8dd9dc7797723cf5a20a7dc679c19dc6435b827afaface
note_alignment,Chopin/Berceuse_op_57/LeungM07M_note_alignments/note_alignment.tsv,68788,9390553282a16d766762d72c1ecfc1d64e8ed954373d7b7736e7910138feb496
note_alignment,Chopin/Berceuse_op_57/MiyashitaM06M_note_alignments/note_alignment.tsv,68415,6922055611a2b23fc43486d6bb8266ecdc8db2977e380ff77c3bad2eb48fb3da
note_alignment,Chopin/Berceuse_op_57/Tario07M_note_alignments/note_alignment.tsv,70267,005053f41a1d1cbe5fb70deaadc0756aafff3f530fadd6d0f8c09188acdc7a9f
note_alignment,Chopin/Berceuse_op_57/Teo11M_note_alignments/note_alignment.tsv,69815,5b618f57bad1bfa7b519bfd603616b7abe2ef75ec3424d45c84fd7af9682f85f
note_alignment,Chopin/Berceuse_op_57/ZhangE09M_note_alignments/note_alignment.tsv,68665,325c7c61acc988fd15762ec07d4da1e178b21fdd41eaae7ac9a265808110400d
note_alignment,Chopin/Etudes_op_10/1/Avdeeva02_note_alignments/note_alignment.tsv,52717,9cf5278a74e2f01835b65ec315039d10f7d03f74236b6d39f007cddaf0149660
note_alignment,Chopin/Etudes_op_10/1/ChenW03M_note_alignments/note_alignment.tsv,55113,f9fdfae96d0f5a833689781028927efeac8ae5cbaa7f7e6a808636e1a45ca9a2
note_alignment,Chopin/Etudes_op_10/1/HSU02_note_alignments/note_alignment.tsv,59913,9c31bb6bea4ea33420efcce419858f8d9510001c5784276c5ec657cb115efec0
note_alignment,Chopin/Etudes_op_10/1/ISHIDA04_note_alignments/note_alignment.tsv,54700,7d9a015968a289f1182057e720ac4573fc53e8fea187fe242a8802b361180fe8
note_alignment,Chopin/Etudes_op_10/1/Jussow03_note_alignments/note_alignment.tsv,54612,d133ff2eb4d62c3fb0455a0be61f4b644128120b5ec72f6b15d8d1976c5b822d
note_alignment,Chopin/Etudes_op_10/1/KaiRuiR03M_note_alignments/note_alignment.tsv,52588,bf92fecfa9f19697a2d54264e6e909b2852d84265f09ae2c642621ffbb1ace5d
note_alignment,Chopin/Etudes_op_10/1/LeeHanchien02_note_alignments/note_alignment.tsv,52862,7ff6adf126dce30c0455239eeb19fe84f00bf53df2298928c5a570778eb75cc2
note_alignment,Chopin/Etudes_op_10/1/LiYZ02M_note_alignments/note_alignment.tsv,52956,a2cd4a9b28b7151931901b5b39d0beb4c8f844b1d796dac34f41a7343130485d
note_alignment,Chopin/Etudes_op_10/1/LuM02M_note_alignments/note_alignment.tsv,54184,01291bd214fab0e978927868aab8ed1b72d45f91db1a2b1b17e618602ececc2f
note_alignment,Chopin/Etudes_op_10/1/Mikhailoff05_note_alignments/note_alignment.tsv,54983,390ef536bf4e87a6caa4d7cf62fb2b92b2c8ea22b9316752349df949a1996f8f
note_alignment,Chopin/Etudes_op_10/1/MorozovS02_note_alignments/note_alignment.tsv,53884,e4325c631ef54b5f68d03bd0d4429dffa7f38a8f9d0a27e8dcbfe629c1bc7357
note_alignment,Chopin/Etudes_op_10/1/MunA07M_note_alignments/note_alignment.tsv,56744,eb47fdf07acccecdaf2cf2f44c9c2846af931bec8ed38c35c9e12761b3563952
note_alignment,Chopin/Etudes_op_10/1/NAKAJI02_note_alignments/note_alignment.tsv,53855,aa817b2a68310540d031b89842f36e069b266e59aa29ea485ddfdcadc50273f5
note_alignment,Chopin/Etudes_op_10/1/Park02_note_alignments/note_alignment.tsv,52618,a85f9edbfa39c6cbd09926e31b41e81fc993423d00e2507287c707e73a6484bb
note_alignment,Chopin/Etudes_op_10/1/Savitski03_note_alignments/note_alignment.tsv,56966,180cbb83465ba465e9e26edaedbe31631cb6bffab244b28d06a50715f97d2a9e
note_alignment,Chopin/Etudes_op_10/1/Shelest02_note_alignments/note_alignment.tsv,55538,c1299992c0452629f015c7cf3056c862ab1eeffaddf5f5677a91ed79484c8a5b
note_alignment,Chopin/Etudes_op_10/1/Stahievitch03_note_alignments/note_alignment.tsv,55439,8dc13275e39754f55f5ad0936b203f62ec0b2764f67dac1034287636169e1d4c
note_alignment,Chopin/Etudes_op_10/1/SunY03M_note_alignments/note_alignment.tsv,53547,9ca4fa101c44c21b6c678f1f1f35d03a6ef458caa3d63fb7713ea3c678de82a8
note_alignment,Chopin/Etudes_op_10/1/Terenkova02_note_alignments/note_alignment.tsv,54986,c09ce99791a71ad4facd78d960254958525e68ff22869ed8788feae55e3412b2
note_alignment,Chopin/Etudes_op_10/1/Tysman02_note_alignments/note_alignment.tsv,53751,8e2a1a32d92cb9b084c5dccc30fd60116a72be8d864713fa5ad2a4ebe0d027a4
note_alignment,Chopin/Etudes_op_10/1/Verbaite02_note_alignments/note_alignment.tsv,55980,589dcf1430356331a281e5920f63e2011fcb09a1591703ee3e0ea021d0d162b5
note_alignment,Chopin/Etudes_op_10/1/YeF03M_note_alignments/note_alignment.tsv,54719,68ef2fffb3509a1b7ac5dd98a0071f9696d54e982b311bdfe549995e9c91fa7b
note_alignment,Chopin/Etudes_op_10/1/YuP02M_note_alignments/note_alignment.tsv,53330,da201a5fed2dba777cfca4206624775a40c90a34014605112d28e3be2acb75c8
note_alignment,Chopin/Etudes_op_10/1/Zhdanov02_note_alignments/note_alignment.tsv,53804,89ac21b7483c5b35c5bada159615226b8504e12c11da6c6b6b757aaec7d56e38
note_alignment,Chopin/Etudes_op_10/1/Zukiewicz02_note_alignments/note_alignment.tsv,55011,cde0e6e1a86d51b090e325935c22ff4793613fc14038134e480644cbe670ec5b
note_alignment,Chopin/Etudes_op_10/10/Na_2009_02_note_alignments/note_alignment.tsv,90242,aa1d9c54c37cc28f43bc6190c911348027510dc911390aff8bd4e2336ccac47d
note_alignment,Chopin/Etudes_op_10/10/WangH02M_note_alignments/note_alignment.tsv,89469,ac700d23629c94dd65932f56eb97e0703850f2a345af27cacb7926aa2d90b23a
note_alignment,Chopin/Etudes_op_10/10/Wilshire02_note_alignments/note_alignment.tsv,91620,7a1483ed227ef04bdd05220e3414447bed2ff7f4ec3bc70204afe548b07f47be
note_alignment,Chopin/Etudes_op_10/10/Yanagitani02_note_alignments/note_alignment.tsv,90080,9366e6a4b0fe1db0c8bc514a16bfd3d41fdda8ad49424aec5970ed7a332d9f0c
note_alignment,Chopin/Etudes_op_10/12/Bult-ItoS04M_note_alignments/note_alignment.tsv,83375,5e42aa54672846944d4c2224aef9cbb133cb1c754a42ecd67af5ff0bd31743c3
note_alignment,Chopin/Etudes_op_10/12/Floril02_note_alignments/note_alignment.tsv,86647,fa525e69bb45f695e51ce3d6c087d0985416468c6ab5e0127712d764b2eb877f
note_alignment,Chopin/Etudes_op_10/12/Gintov02_note_alignments/note_alignment.tsv,85093,8519bbb28f8230012c0ee9d6f6d8d52c6448514b2ecd7b2ed61b063686389a25
note_alignment,Chopin/Etudes_op_10/12/Hirata02_note_alignments/note_alignment.tsv,83519,f535dff9e1c91a8897a39a04657b9b413c25b6f030e923b74e86df486ba1fd45
note_alignment,Chopin/Etudes_op_10/12/HuNY03M_note_alignments/note_alignment.tsv,83863,d41914667a0d6f9e8bf7c6a89fee101d034cb56ced19063c706c8ffc684f0488
note_alignment,Chopin/Etudes_op_10/12/KimBenjamin04_note_alignments/note_alignment.tsv,85529,944dd7132ecc1657cfda33f426e24cbfc7c637a12e2e9a9856fa781bd126b2f7
note_alignment,Chopin/Etudes_op_10/12/LuoJ08M_note_alignments/note_alignment.tsv,84299,559654e20af2800387f35f925902884c94ebf53db0bda8f4d20a43ec50b0a661
note_alignment,Chopin/Etudes_op_10/12/Mordvinov04_note_alignments/note_alignment.tsv,85011,58bf387a39320d96881552157c17f040036ee1d4d56d8783ce7e900ddcfec96c
note_alignment,Chopin/Etudes_op_10/12/Na_2006_02_note_alignments/note_alignment.tsv,84254,f54f4f2e62abb3e4ef8a68a6e2e8e224daa8ce01c6d5b934db8d449eb6349ade
note_alignment,Chopin/Etudes_op_10/12/Staupe02_note_alignments/note_alignment.tsv,84441,7bac8eaf6858accca9efedaf764fae10fac88716809ee2d4bbc853d3ec487de5
note_alignment,Chopin/Etudes_op_10/12/WuuE06M_note_alignments/note_alignment.tsv,82458,6a16c00b10e04b38952063b544f6c10272dcc5071be4aeaa23659d51267228bc
note_alignment,Chopin/Etudes_op_10/12/Yarden04_note_alignments/note_alignment.tsv,83343,e3a9e868ecf7d9c5d32b05611ebd7b4b514830e896dd05556a8b501a97985c58
note_alignment,Chopin/Etudes_op_10/12/ZhangYunling02M_note_alignments/note_alignment.tsv,84445,371d9117f5c466ca4a5641190da6fdcffd088255a7d515c10d66f393141bf4aa
note_alignment,Chopin/Etudes_op_10/2/Hebert03M_note_alignments/note_alignment.tsv,55526,76fa1c69f2712a0dec8bba6f7d8babb3ea5fb473f944d698099ca4adf74321ee
note_alignment,Chopin/Etudes_op_10/2/JeonH02M_note_alignments/note_alignment.tsv,54885,b750521b4539ea6affb34ee7cf8de8049c2f0aa4c6cfd86506ab88104d1dcde8
note_alignment,Chopin/Etudes_op_10/2/JiaXin01_note_alignments/note_alignment.tsv,56584,70ebae5961ad96b9b6123412e32608b8a6bb2fffa8ab2f40a25c7db819911160
note_alignment,Chopin/Etudes_op_10/2/KaiRuiR06_note_alignments/note_alignment.tsv,56381,16d8102d752bc1cfb55c2bc314c8b7a306300c63d265ecaaab9f373277acf05c
note_alignment,Chopin/Etudes_op_10/2/Kavalerova02_note_alignments/note_alignment.tsv,54933,7cf373acb422e31c1b1a3ef88d9a11120be81c4aa007568614adebb2475cd55e
note_alignment,Chopin/Etudes_op_10/2/MERJAN02_note_alignments/note_alignment.tsv,57759,d3f2718f62ae1fba6891ad60c967fea154cc0f0806b5e5cfba50ad1c326b66c9
note_alignment,Chopin/Etudes_op_10/2/ParkJ02_note_alignments/note_alignment.tsv,54786,a1233d014032b7808df1259e362ea8b551874050ce7f240f234068939f34395e
note_alignment,Chopin/Etudes_op_10/2/Shi01_note_alignments/note_alignment.tsv,54962,3ffc7e382c3aa4a8e582c37b8aad7c6c84fb4078e5b88bc30dd15b94a23d5d61
note_alignment,Chopin/Etudes_op_10/2/Shi02_note_alignments/note_alignment.tsv,54530,8b52fa918ef3e96aa2a85d40a31f768ac555e88fb585b977eed9efe8ac47dfbb
note_alignment,Chopin/Etudes_op_10/2/TOIVIO02_note_alignments/note_alignment.tsv,55777,a91109b7d171aae9c453fa53e0f496ef82ec5830092179b6b62c352a0bd736cb
note_alignment,Chopin/Etudes_op_10/2/YeSijing03_note_alignments/note_alignment.tsv,53833,023f99debec0717ba1d227bcf21ed9b715f5288b66ad43fcdc77856de13f99b0
note_alignment,Chopin/Etudes_op_10/3/SunMeiting08_note_alignments/note_alignment.tsv,77503,e936e674e0bc4213e993d702f1e80f5de7478a5dd8141b50152485373d1a1fa8
note_alignment,Chopin/Etudes_op_10/4/ADIG02_note_alignments/note_alignment.tsv,90870,18a762167d55e7b44c7a3397c11b573fa94781e9d471fe8a3322cb44306d503b
note_alignment,Chopin/Etudes_op_10/4/Arciglione04_note_alignments/note_alignment.tsv,90661,5c85143679aacc2ce4468a13ec3c7af3bc78d5b0507c5d7e8ac58368eaafed39
note_alignment,Chopin/Etudes_op_10/4/BLINOV03_note_alignments/note_alignment.tsv,91436,455ff6a4277560b684cd8b309a6694464d9da38680e0f7e31ad942987bb851f7
note_alignment,Chopin/Etudes_op_10/4/Day02_note_alignments/note_alignment.tsv,88115,176ee48f16f0e629c8faa7ca80418b4d91339ddf482c14b8c93d379cfb9949ab
note_alignment,Chopin/Etudes_op_10/4/Duepree02_note_alignments/note_alignment.tsv,88906,85337523bb16f4c92c31124b8191ec44676fc3a251141426beea8aa285f81d31
note_alignment,Chopin/Etudes_op_10/4/Duepree06M_note_alignments/note_alignment.tsv,89056,82be697be9bf1fc8b6fee8a9593da593d869747d043ccdffe0db6dc133693601
note_alignment,Chopin/Etudes_op_10/4/Dulu02_note_alignments/note_alignment.tsv,89933,7c6597d9baab5b179ae1d74bd8fced030b0ded8d3173d647b426d980be3dd887
note_alignment,Chopin/Etudes_op_10/4/EVSTIO02_note_alignments/note_alignment.tsv,88564,1636febde47a2db70778677ba168c91bb6d8e148e4deb6968fcdfe17b3b9c06c
note_alignment,Chopin/Etudes_op_10/4/Fung02_note_alignments/note_alignment.tsv,89445,daaffbe94af9889b1e5d216f2cdf95d215cd6a03b779a0ef12cd95274f20665a
note_alignment,Chopin/Etudes_op_10/4/GORDEL02_note_alignments/note_alignment.tsv,89669,831c448714bfdaa57b56911f7e0136834b1ceecccdc23e58bda93c88e09ba5e9
note_alignment,Chopin/Etudes_op_10/4/JiaRan_2009_02_note_alignments/note_alignment.tsv,88639,94bffb6cd0e6c4054f3d5856e02361da11a69d95d1de2279c30db79d25130767
note_alignment,Chopin/Etudes_op_10/4/Katyukova02_note_alignments/note_alignment.tsv,89202,db416ad7bf9abbba7b0f5b37286107830e4d98d8d0fff74a3521b406dbd5ecd9
note_alignment,Chopin/Etudes_op_10/4/Knoll03M_note_alignments/note_alignment.tsv,89462,d9663aaeed0b4231cf21b074e302d29e0be482d49f13435eb5ee2dda24be153a
note_alignment,Chopin/Etudes_op_10/4/Kurz03M_note_alignments/note_alignment.tsv,94493,04a99db3a674c3d92c25d62f720de969b7c679633d6baeacea332ab65faf841e
note_alignment,Chopin/Etudes_op_10/4/LeeSH03M_note_alignments/note_alignment.tsv,89097,b36ee58b3864d57677ea7676e9d678306272c9bf16a1f84e7cbf3fb6d511ff27
note_alignment,Chopin/Etudes_op_10/4/MATSUM02_note_alignments/note_alignment.tsv,90514,d9aa8443b0120d60998594aac672d068e7050db765de7d94dfbcf16b6e7bbaad
note_alignment,Chopin/Etudes_op_10/4/Richardson_2013_03M_note_alignments/note_alignment.tsv,92235,faa29c06d6dda526585378a6780c06b97220baf86813f03d35087b4637a51c80
note_alignment,Chopin/Etudes_op_10/4/Sladek03M_note_alignments/note_alignment.tsv,90804,5289fc5416bf039de628eb9b9f2a1ffacac2db83fa252e98e74ef8b038cc1af8
note_alignment,Chopin/Etudes_op_10/4/Yi03M_note_alignments/note_alignment.tsv,89089,5b8aeeab288d5e2aae29e765ce5d3227f86813604d2aeaa63389370be4793a2a
note_alignment,Chopin/Etudes_op_10/4/ZhangE03M_note_alignments/note_alignment.tsv,88018,973f7dd173d777d7fc86a4780af7ad3b448a58dd07ef56cc3055a23d2b2cdbdb
note_alignment,Chopin/Etudes_op_10/4/ZhaoA03M_note_alignments/note_alignment.tsv,90878,40f73d5e17bf289310876d39c8f64999c8b5ada7348543efc54802184c79cab5
note_alignment,Chopin/Etudes_op_10/4/Zuber02_note_alignments/note_alignment.tsv,89096,2cd4ad71e18fe51e1a6164835b134446f137ebb72d7a974a94bea081aedf1809
note_alignment,Chopin/Etudes_op_10/5/Bach02_note_alignments/note_alignment.tsv,65016,461ae9e4ce6b9a71c519056f149779a8bfe5bfd1e94f24e937764e970f2d48c5
note_alignment,Chopin/Etudes_op_10/5/Feiner_2006_02_note_alignments/note_alignment.tsv,63868,9bbc484d2e5131417ae8375e505d6c6a779057fe4890e3ae7bf7cf1be344754d
note_alignment,Chopin/Etudes_op_10/5/KimEunhae04_note_alignments/note_alignment.tsv,63763,9503f4b555720f4d8e03557b8bccc6f4e48344ff1ec99e794e629868d7138d93
note_alignment,Chopin/Etudes_op_10/5/Koshoeva02_note_alignments/note_alignment.tsv,64161,fb96f20e1fdf49b579c520cb03ef1a20bb591268731ae9eb3fdd47e3fc2701e6
note_alignment,Chopin/Etudes_op_10/5/LiA03M_note_alignments/note_alignment.tsv,63565,aa802b3bd0f87b7265187eb9d7f592ed1075d4b352afd08ad12fa76746a16f33
note_alignment,Chopin/Etudes_op_10/5/LIAO03_note_alignments/note_alignment.tsv,63642,b4319851b109aa15f49652fdb5017f6eb2e108ceae9617047091b5b48fb4c769
note_alignment,Chopin/Etudes_op_10/5/LiC02M_note_alignments/note_alignment.tsv,63636,8c6d244dafb4c3e8f427ed43067bc809555dcfa9916c9a58ae474df87bb0cc21
note_alignment,Chopin/Etudes_op_10/5/Rozanski03_note_alignments/note_alignment.tsv,63838,c8049eba0da9860497e51828bbacac84c7cf7b1ff29f7955a0c0e77da90b8402
note_alignment,Chopin/Etudes_op_10/5/Tario02_note_alignments/note_alignment.tsv,65667,391673dcd3cc5a3c715404f7d406a1c027250d281577f5d71c6fe60c8818d3c9
note_alignment,Chopin/Etudes_op_10/5/USHIKI03_note_alignments/note_alignment.tsv,62239,b4e6485e818748067b279048b60848d303d3121dc1eb72be3b75bfbebc2e1c9d
note_alignment,Chopin/Etudes_op_10/5/ZhangW03M_note_alignments/note_alignment.tsv,64488,dc0761048ccb530809d86318779616e19b86797b717e687192292dbaca92bb2e
note_alignment,Chopin/Etudes_op_10/7/ChenL02_note_alignments/note_alignment.tsv,68621,be727cb32029c59ba357cf7f6e496b868e4cd7be44758b7d2a8535f0380d57be
note_alignment,Chopin/Etudes_op_10/7/Namirovsky02_note_alignments/note_alignment.tsv,70394,097f26ce2cc82184076aa4be3cee8bd3dd4b55018b104743d4e18c0fe7c075a6
note_alignment,Chopin/Etudes_op_10/7/SINKEV03_note_alignments/note_alignment.tsv,70861,2dcc96474159a02593837735199a40605bc4e3a2a7791b686c1531693642e502
note_alignment,Chopin/Etudes_op_10/8/BENABD02_note_alignments/note_alignment.tsv,93197,06779b541587dd35eb079402a47dc86a6e2da0cd8d6cd1024ea658f8aa4a80a1
note_alignment,Chopin/Etudes_op_10/8/Benabdallah02_note_alignments/note_alignment.tsv,92660,3cdba2bb259f07bab8b8452ca8718587c097af455437673a38b6268488e760f5
note_alignment,Chopin/Etudes_op_10/8/ChenJie03_note_alignments/note_alignment.tsv,92176,9ce96db7f0391ff61ee831bd9d895cb5fec305664603914a1409091ccd7239fc
note_alignment,Chopin/Etudes_op_10/8/CHOE01_note_alignments/note_alignment.tsv,93422,95eb7ebacde0f861bf21eca39a3c04a00fc731966ce00457a499505894cb0cb1
note_alignment,Chopin/Etudes_op_10/8/FONG02_note_alignments/note_alignment.tsv,92637,b28aab3d17768926c251feb22b7bdc343962d544158c9ec2fbb5cc0f3ad750f8
note_alignment,Chopin/Etudes_op_10/8/Georgieva03_note_alignments/note_alignment.tsv,93338,faf94422ece919f7a042b5c0321cc136f5f7455105b004c19e8a96083fe74c88
note_alignment,Chopin/Etudes_op_10/8/IVLEVA02_note_alignments/note_alignment.tsv,92702,92c1f2e4b937531af26e7b0a691292bb2a352012f84b11e9552bea4eb0958867
note_alignment,Chopin/Etudes_op_10/8/Kwok02_note_alignments/note_alignment.tsv,92275,edf1917c920f300310d388da5b3c2c87d3740ef1a9272d66998339c4f49cf295
note_alignment,Chopin/Etudes_op_10/8/KyykhynenT09M_note_alignments/note_alignment.tsv,92798,374e8b25d33534fa75750b414458ce3b4bf4da9d4e2b9e4ff2ce92328018f25e
note_alignment,Chopin/Etudes_op_10/8/LeeEunjin02_note_alignments/note_alignment.tsv,92206,3aa75458a5ccae6c4ce271cc5bc82b55006ca59437a6cd19ea3b8d1756894532
note_alignment,Chopin/Etudes_op_10/8/LeeHwakyu02_note_alignments/note_alignment.tsv,91728,7280f89805d8aac062820de2bf2541c34b91723032ff56f74d84c46390bed7c3
note_alignment,Chopin/Etudes_op_10/8/LeeJisun02_note_alignments/note_alignment.tsv,91496,26750115abe31dac79632e6c62abb2b0d110afc990514ac2d1e0dce4c85fa356
note_alignment,Chopin/Etudes_op_10/8/LiuLangning02_note_alignments/note_alignment.tsv,92119,caed050af575f8db130eace8a676317fceecc57e3f8b39eea0d129f6a05f150b
note_alignment,Chopin/Etudes_op_10/8/Lou03M_note_alignments/note_alignment.tsv,91928,3fa59d6011118b2fc443ae78887324f78039c39b148b99fe4c4cf27471b358fc
note_alignment,Chopin/Etudes_op_10/8/LuEric03M_note_alignments/note_alignment.tsv,92328,a3c1fa345c046c87f80aed4a28b7894f72ea157892b1c732f42c63f6b0bbe394
note_alignment,Chopin/Etudes_op_10/8/Masycheva02_note_alignments/note_alignment.tsv,92999,1259fd83534827d0f02ba94c0e8820edc802825f01804c3c236a84d936bf7116
note_alignment,Chopin/Etudes_op_10/8/MiyashitaM05M_note_alignments/note_alignment.tsv,92773,d0bea2145de3421187708d4d04ad87d0be01f4f7c1b196a9a329026fe692d74e
note_alignment,Chopin/Etudes_op_10/8/ParkH02_note_alignments/note_alignment.tsv,93568,9c61c0ce793eaaeaee4b4401a6579886365e7973e7a3e00e253dcaf70375a49f
note_alignment,Chopin/Etudes_op_10/8/Rizikov03M_note_alignments/note_alignment.tsv,92695,dd8520d66109438dbee00521ce8c1b47339fce19f68fe6fd483274317d609563
note_alignment,Chopin/Etudes_op_10/8/SCHU03_note_alignments/note_alignment.tsv,91661,c057bdfd11a4b72c96e45d52e7a8989b75698778107b477c68ba6e5b8402a253
note_alignment,Chopin/Etudes_op_10/8/Sekino03_note_alignments/note_alignment.tsv,91851,4df3dfff26ac86236625f9ec2327826165fc16268c3197e79e016ddd2e9a2720
note_alignment,Chopin/Etudes_op_10/8/Shilyaev02_note_alignments/note_alignment.tsv,92878,8f94732ad46bbb0533a77a5893720590ed8a8659e766dd85584b4ea6b5f97348
note_alignment,Chopin/Etudes_op_10/8/Soukhovetski02_note_alignments/note_alignment.tsv,92094,8dfd616c32551023ed92863ea9ac75b4dfbb450f96e5aff441ac7cc23b6291f3
note_alignment,Chopin/Etudes_op_10/8/Tak02_note_alignments/note_alignment.tsv,92862,48e9ba6ee1b6dab295a1a5e81819353c0ac7bcfc627ff1290d478c3c5f03d180
note_alignment,Chopin/Etudes_op_10/8/Tetzloff02_note_alignments/note_alignment.tsv,90841,09022352b6dd05898a1853503adcc9c264319e298f267bb3f7ae0b4ee8377516
note_alignment,Chopin/Etudes_op_10/8/Tetzloff07M_note_alignments/note_alignment.tsv,90362,9151e7766833b7eae68b71649bf692b8c69b55a10d822108225cec0f554c59be
note_alignment,Chopin/Etudes_op_10/8/YOU02_note_alignments/note_alignment.tsv,93201,59d98c536541db1279b248740e3ec35e8c195a1c58a342ffb30b818bdfa53193
note_alignment,Chopin/Etudes_op_10/8/Zhou03M_note_alignments/note_alignment.tsv,91384,f8163e6442ad4e70723255729b5b09e8814df12f1db79dcd74f121278e0dcae4
note_alignment,Chopin/Etudes_op_25/1/Erice03_note_alignments/note_alignment.tsv,88143,1b4f88436d891b4e2419912f012d7f54290925d52472f94731f39820d1fe7738
note_alignment,Chopin/Etudes_op_25/1/LeeN03M_note_alignments/note_alignment.tsv,84225,df8dc0bbd8fc0d9b8ee158ec905a084c5ed01f4942aab031080ddeac90e2864c
note_alignment,Chopin/Etudes_op_25/1/TongB02M_note_alignments/note_alignment.tsv,81230,bc94f2d68b327a355f06c46b72b80647e44c81a28489146e54d64785c13ff376
note_alignment,Chopin/Etudes_op_25/1/TuanS04M_note_alignments/note_alignment.tsv,82328,1ab78b269803725281ea5ca13fa9a91821655d909a7108b3472ca073941b8fc6
note_alignment,Chopin/Etudes_op_25/1/Wong03M_note_alignments/note_alignment.tsv,85593,cad63c6485db7a44ecdaecf45c86188682889b43437a89ba3777231af273c913
note_alignment,Chopin/Etudes_op_25/10/Ahn02_note_alignments/note_alignment.tsv,147113,e1c518fb1cb19a2b9e0caefdfbb59e6aa44e4e682fb03c4d5f831c7238957af5
note_alignment,Chopin/Etudes_op_25/10/DANILO02_note_alignments/note_alignment.tsv,148479,a58698d80441dc7d32a80ff47c079bfa5587f80f2a31ec20dd4152eff66a671f
note_alignment,Chopin/Etudes_op_25/10/Goh01_note_alignments/note_alignment.tsv,147712,0aa4abdc14cdecdc73e9a6206fbe478c05ec920b5aa2c7171fd1713a9304fca6
note_alignment,Chopin/Etudes_op_25/10/Guo02M_note_alignments/note_alignment.tsv,148146,8aa608b08dee40b70eb3a316c73f8de8754be46b9fc684de460755df6f4974e5
note_alignment,Chopin/Etudes_op_25/10/KorchinskayaKogan03_note_alignments/note_alignment.tsv,147376,23c1fc94f278024edc3f51f73955bc5b2f18173ab95ee94ccbed6ee5f147b4a9
note_alignment,Chopin/Etudes_op_25/10/McNamara03_note_alignments/note_alignment.tsv,150612,1f622705cfe1979ef008e1a0538753866bd5c84feb09978a23555c22c3162b2d
note_alignment,Chopin/Etudes_op_25/10/Ozel05M_note_alignments/note_alignment.tsv,142992,d5c2cc51c27c3af61371ee4079382ce035f3e0106e9de3489c38a6e079ec019c
note_alignment,Chopin/Etudes_op_25/10/Shelest01_note_alignments/note_alignment.tsv,151090,337209abe54a7e78ae82a20936c4a29fd177afccf255cbabc3c9792106631891
note_alignment,Chopin/Etudes_op_25/10/Shybayeva01_note_alignments/note_alignment.tsv,142920,e7b18062a5a22bf2eeaf0bb7be47f571323f2227860af0bd4e01b41142690021
note_alignment,Chopin/Etudes_op_25/10/WangA03M_note_alignments/note_alignment.tsv,136392,b792c51014a3360e264d73591204d9bb02d1fe0fa703e0b098d5b28c0066b2a0
note_alignment,Chopin/Etudes_op_25/10/Zagalskaia03_note_alignments/note_alignment.tsv,140865,eb1f126ebaa9b33d5975764795026c18a6a3a55bdeb05093827131a6e64dd424
note_alignment,Chopin/Etudes_op_25/10/Zhao02_note_alignments/note_alignment.tsv,142169,6d8b164ca38980e16570e47abc8191296ca8f5dd2cf7d7332fc3bdc3d449aac8
note_alignment,Chopin/Etudes_op_25/11/ChenS02_note_alignments/note_alignment.tsv,129663,7ed22609a0d615502b65015e25bbc9000e2ce6e224951b193e24c38955877a11
note_alignment,Chopin/Etudes_op_25/11/Gorucan02_note_alignments/note_alignment.tsv,133704,2261e22378464296a953c85dfaf3e1342bcabf90cddad826a7fff6eaa721e01f
note_alignment,Chopin/Etudes_op_25/11/Guzman04_note_alignments/note_alignment.tsv,143202,676295a885f4fbb818daa1e31e8979fce0ac6c0abe84c3373d81a36214f859fa
note_alignment,Chopin/Etudes_op_25/11/HouMiao_2009_02_note_alignments/note_alignment.tsv,131284,57ea7c0bef55c8b0af840ebea45b32ecbdecbcdd05f3de017c0edf20d02084b5
note_alignment,Chopin/Etudes_op_25/11/Huang02_note_alignments/note_alignment.tsv,134590,9604f3d0469d4ad48dc91d0c4fb233f398d6f7c5fd570e0c98b7d88d259b41a2
note_alignment,Chopin/Etudes_op_25/11/KimSuyeon03M_note_alignments/note_alignment.tsv,131373,192665e6f889667c711c69a427c1d01c56d4b86659533e6c10937b7245ba05a8
note_alignment,Chopin/Etudes_op_25/11/Kochetkova02_note_alignments/note_alignment.tsv,131166,7612747489081b2be5eff4a4f72db78eddbfc4375b64ce627bb2128b44ce455a
note_alignment,Chopin/Etudes_op_25/11/Kociuban02_note_alignments/note_alignment.tsv,133999,a618b575d40db63770d5d5778bf4d60c5d126ac1bb2c2f69e0d33f47f2dfd820
note_alignment,Chopin/Etudes_op_25/11/KOLESO02_note_alignments/note_alignment.tsv,133411,39ebc292ff063571e01b23db8cc6e609ed5a7fd0d38c53729c362f236245b447
note_alignment,Chopin/Etudes_op_25/11/KyykhynenT10M_note_alignments/note_alignment.tsv,135503,79129c52bd06d86638eaea73f0a2a2a808f10e08503c55eb6804d04bffc44b1c
note_alignment,Chopin/Etudes_op_25/11/LeeKoeun02_note_alignments/note_alignment.tsv,128034,28fb1dcd9b67b5b2b49be7af33c060cd21a45c5c9128bb466b8221cb6a51e99c
note_alignment,Chopin/Etudes_op_25/11/Lisiecki07M_note_alignments/note_alignment.tsv,134131,75c5b63731cf013404b61c68c658cc14392d348844ad18553e5911fe30fac871
note_alignment,Chopin/Etudes_op_25/11/MiyashitaM03M_note_alignments/note_alignment.tsv,129415,bb03236f25cfd793e03ede0e2b0b180558e3bd3191eb7b4c47f9f8960f2bd70e
note_alignment,Chopin/Etudes_op_25/11/Richardson_2013_08M_note_alignments/note_alignment.tsv,131775,169fc076293266b07c9b630ca55d1093839567cf7f696e3898ec6dea8f221c77
note_alignment,Chopin/Etudes_op_25/11/Richardson_2015_03M_note_alignments/note_alignment.tsv,130782,7f65d721b15af6f865496beec5fd09fcef9c18eec0d2f912ba1a029c97dfb156
note_alignment,Chopin/Etudes_op_25/11/Seo02_note_alignments/note_alignment.tsv,133688,dac2e18be430af4615e1253a007b52260f2cecfa2769d1b054d54f624646c4f5
note_alignment,Chopin/Etudes_op_25/11/Sham02M_note_alignments/note_alignment.tsv,136066,0fd7d8a85a9eaae7b06ddfc00912e1a06aeb012650c3b19a7a93749bd11b685c
note_alignment,Chopin/Etudes_op_25/11/Shychko03M_note_alignments/note_alignment.tsv,135156,a4faac0e8da02d5281c2c67d6a1e0c42a1124b3dc8169267334bc481d9392193
note_alignment,Chopin/Etudes_op_25/11/Song02M_note_alignments/note_alignment.tsv,129248,5459223f4eb2d23feaa8b15447a13d543a1f7c5bfaa11f146fd0e776a4a31580
note_alignment,Chopin/Etudes_op_25/11/SunJay03_note_alignments/note_alignment.tsv,130801,db1874e43b8beabb5714d2fd06e55b94bbaff2963aad2e74a361cc62c99459fe
note_alignment,Chopin/Etudes_op_25/11/Tan03_note_alignments/note_alignment.tsv,136332,6c40ba18f7b2ce1f6ab5e2e698565101ce18508005c6c83a991035adfc12df45
note_alignment,Chopin/Etudes_op_25/11/Tang03_note_alignments/note_alignment.tsv,130896,40f26b9f1be5a065bf19f59844ec397723c3c7ef4021e1cb4ec5f15d4458975c
note_alignment,Chopin/Etudes_op_25/11/WangA02M_note_alignments/note_alignment.tsv,130542,b019fed835e37b0988c35a224f2059ebd4db5810d8c89263f9b66cbfcf3b2a2d
note_alignment,Chopin/Etudes_op_25/11/WangV02_note_alignments/note_alignment.tsv,134333,6bc66a6476b329cce0055bb6b0f8f7459c6a8cbff7b6052d162277ce72981f2d
note_alignment,Chopin/Etudes_op_25/12/Atzinger03_note_alignments/note_alignment.tsv,107505,305dff1b98db6a4dac562ef6d75237d348735b6cb4968995297f2ab9913624e2
note_alignment,Chopin/Etudes_op_25/12/BorickC04M_note_alignments/note_alignment.tsv,106056,b3d0143f5e03fbce0b4d6af2b733449b6be1913fb20a0fc257d1584aa87fc02b
note_alignment,Chopin/Etudes_op_25/12/Golubeva02_note_alignments/note_alignment.tsv,111201,f558b7f3f78fcfc229a16bd0762e37da8acc8617ad3bcbcde1f5e2dc338bf3ee
note_alignment,Chopin/Etudes_op_25/12/HouKimberly03M_note_alignments/note_alignment.tsv,114249,ec5edc16f525c839702415f0da04e527f9ff5e2e18d6fb1a8a75db26a9d333be
note_alignment,Chopin/Etudes_op_25/12/Kunz03_note_alignments/note_alignment.tsv,113239,a921f6808588a867c3d817eb23056ad6ff4bfb132c72ef7b37919a62e7ad4ea4
note_alignment,Chopin/Etudes_op_25/12/KWON03_note_alignments/note_alignment.tsv,107284,51973976bfd9aeba38b3c368900824bc1d9762e109c33f5663cde2faf3e95f96
note_alignment,Chopin/Etudes_op_25/12/LuA04M_note_alignments/note_alignment.tsv,109114,d0094510d4e78806e2f68a839180aa923fb5f646f8d56433b606fbfa5284bb28
note_alignment,Chopin/Etudes_op_25/12/Meek01_note_alignments/note_alignment.tsv,108195,324ad812e743701b6e8b2e1cc7dddb633d6d69f7ea4213426617c6cbbfebe4bd
note_alignment,Chopin/Etudes_op_25/12/Yang03_note_alignments/note_alignment.tsv,107473,2eb7998a0f1b96de7086ac513de877903264775089e6b0054f5c0a02b4ca99dc
note_alignment,Chopin/Etudes_op_25/2/Karpeyev02_note_alignments/note_alignment.tsv,46686,99b32713297f46cd51fc1af857c959ccc0d0569f155affc45577d8b1ef5182c6
note_alignment,Chopin/Etudes_op_25/4/Taverna02_note_alignments/note_alignment.tsv,58376,cd3439903bbc7a7ea608c57737076e7af9b6ea2270e8d587172c103ac766898c
note_alignment,Chopin/Etudes_op_25/4/UENO02_note_alignments/note_alignment.tsv,58600,ca25d34fe64cdebb93c5c596510cae9af50ab84a36ca869a2d5e7e99c7d01b04
note_alignment,Chopin/Etudes_op_25/5/Levitsky10M_note_alignments/note_alignment.tsv,87991,1aea54f70f5c0b5679da204ee0e1a4876083383319a9c9164e2c088ec4f68c3c
note_alignment,Chopin/Etudes_op_25/5/OUSSET02_note_alignments/note_alignment.tsv,88543,1d38ae5aff5c5fc0f201c4eaa42c2a6203f7f3b0887d4532841cb878f607e2c3
note_alignment,Chopin/Etudes_op_25/8/DeTurck02_note_alignments/note_alignment.tsv,60107,3a68295b2c3d2c3cabf8d812e298d9701569ea95f88def893e386546a07404e9
note_alignment,Chopin/Etudes_op_25/8/MORET03_note_alignments/note_alignment.tsv,63120,42c4d7208421eba390fc6f5fafc499705d41704cdde7dea5bfeb22096338b454
note_alignment,Chopin/Etudes_op_25/8/SOLOM03_note_alignments/note_alignment.tsv,59198,e6d6871b6b739e1386549b0cd3f6d7f39ae80979818d2e1d8eda32dd4cfbbf45
note_alignment,Chopin/Etudes_op_25/8/Toscano02_note_alignments/note_alignment.tsv,58820,bc9d9d0a7b9508da372d0f77bfa74d88b2df6c53f48e4777e2892568b29313d5
note_alignment,Chopin/Polonaises/53/Chon08M_note_alignments/note_alignment.tsv,263398,07931df8b51ac5485db16468d558f33d2d8f5abe3c7d524ccc05be37ea6639fe
note_alignment,Chopin/Polonaises/53/YeF11M_note_alignments/note_alignment.tsv,259194,ef8e1b651620d088da8cbc342c918fe94d620a007d48e61f004288727aa9d26b
note_alignment,Chopin/Scherzos/20/Kurz04M_note_alignments/note_alignment.tsv,208056,4d4494ebd87cb18a32a3fb2aa6cd1f983cbd3c1cfac3249ae437a5a359a5dbf0
note_alignment,Chopin/Scherzos/20/Wong03_note_alignments/note_alignment.tsv,208971,6e92e0e4b6f5926fada75ffed03a377524b6420a184e4a65530acb23be8ee7ab
note_alignment,Chopin/Scherzos/20/Wong04M_note_alignments/note_alignment.tsv,268827,b8bbdcded89c2df1e82380a314d5361bce14e9987ff23bb2f6fea188427480d7
note_alignment,Chopin/Scherzos/20/ZhangYunling04M_note_alignments/note_alignment.tsv,195632,9fedc5cc96be9ba76c6cafc783c0923761a2b25ddb3c34cee43ee4aa4e6529b8
note_alignment,Chopin/Scherzos/31/ChenW04M_note_alignments/note_alignment.tsv,253208,6c0d333647f6d096050633ff0429faf49ef587fae94cb2668bec5e9afaff0c4e
note_alignment,Chopin/Scherzos/31/Dossin06_note_alignments/note_alignment.tsv,247891,d3ce612d67ab402abc78fcbd8f16c496e9a4ffd1dc76f1b89c77fbba8415195e
note_alignment,Chopin/Scherzos/31/HuNY08M_note_alignments/note_alignment.tsv,249013,1286865a3196a39e7f5ffec1c9e541787fd0ce429b869957a61d319a1e2e4c5f
note_alignment,Chopin/Scherzos/31/Jussow04_note_alignments/note_alignment.tsv,248029,4c8d33517825669ccfbbf1c8b1c160534da8718f41e6a72d1513fa54aceabf4d
note_alignment,Chopin/Scherzos/31/Jussow11M_note_alignments/note_alignment.tsv,243701,34b08707836a8ae4699b9b1a085fb1fa3ab2b7cd6f55a68cbfffcaa707b3bd27
note_alignment,Chopin/Scherzos/31/LeeN04M_note_alignments/note_alignment.tsv,244866,33ff1ac0a232175fd5b7f71ba6024511cee0a636121696969401513ab06fb7ba
note_alignment,Chopin/Scherzos/31/LinTami06M_note_alignments/note_alignment.tsv,247441,ee395ce89da16e517a8c1930a516f2ce0747b8c252835f1c5665cffa007de7dc
note_alignment,Chopin/Scherzos/31/LuoJ12M_note_alignments/note_alignment.tsv,246514,73d93ba08eba9253f8eaf9bf221f1de58be822c7937f7ade4a8339369b161008
note_alignment,Chopin/Scherzos/31/SunD04M_note_alignments/note_alignment.tsv,252972,4595b042169a77971a5fef1f67266be80ddffd02b6b8f7b571c997b71a9807ff
note_alignment,Chopin/Scherzos/31/TongB04M_note_alignments/note_alignment.tsv,244299,e2da5f7de012b7da88d98875148e5b724f85168f0a0ce05e9c873bb5e94b3f35
note_alignment,Chopin/Scherzos/31/TuanS05M_note_alignments/note_alignment.tsv,242677,bbe7824ed24b96dba94535577a96e6d51d7443af553ba9c00339dcda6964eb88
note_alignment,Chopin/Scherzos/31/ZhangW04M_note_alignments/note_alignment.tsv,247307,751d7ba2f233c244305f43113d6d4aaaa1484a71823aa1ff70c531574209edc2
note_alignment,Chopin/Scherzos/39/Arciglione13M_note_alignments/note_alignment.tsv,210593,7d60c9b8be8098b6b6ff5b6241125978c6153bf6fcbf4af9bbfaf5c1549b9008
note_alignment,Chopin/Scherzos/39/Bult-ItoS05M_note_alignments/note_alignment.tsv,214170,eb8298a46e96ba0f923958d9e605d488baa4042da22531303d36b714371483c1
note_alignment,Chopin/Sonata_2/1st_no_repeat/Giltburg02_note_alignments/note_alignment.tsv,171457,d32905140ecf5f3044c71f3a27b39a1bf06173547f1dfbe4b52ed0c06b72671e
note_alignment,Chopin/Sonata_2/1st_no_repeat/Jia03_note_alignments/note_alignment.tsv,170072,ea73ed7fc9441a34e3fe75336127728cc6cd7f7f210c10a11f28142f3c3336b2
note_alignment,Chopin/Sonata_2/1st_no_repeat/Knoll10_note_alignments/note_alignment.tsv,162421,7fe3e960ec69233399fd80266d52d227e48ad95d59530420fb7988ddc30b27e8
note_alignment,Chopin/Sonata_2/1st_no_repeat/MATSUM03_note_alignments/note_alignment.tsv,164036,a71b717572961a37685d147a9517f35191f9709688ae1d243d816006dcf1e72f
note_alignment,Chopin/Sonata_2/2nd/KaszoS14_note_alignments/note_alignment.tsv,190287,c24bf6a49ca3e8125dac444f643cfcae43b7b6008e8b578c50826790c32a62e5
note_alignment,Chopin/Sonata_2/2nd_no_repeat/Giltburg02_note_alignments/note_alignment.tsv,174402,08412ab09f54b81ed55122c5a74aac813c13391968c96d27fd56a03b5411b2b8
note_alignment,Chopin/Sonata_2/2nd_no_repeat/Knoll10_note_alignments/note_alignment.tsv,168430,9f9c5e7356adb61f70e19a5e541216c9916771ff2b93736d93dfdebb210d87db
note_alignment,Chopin/Sonata_2/3rd/Giltburg02_note_alignments/note_alignment.tsv,87002,be9b27661bd22e5f55e7e05791f0c7c53dabc365b6ee4771c8deaec079da3e01
note_alignment,Chopin/Sonata_2/3rd_extra_repeat/KaszoS15_note_alignments/note_alignment.tsv,94342,8724d18212f661b3f19bc21a712d96a84defb782c58cc47703664a990a11611a
note_alignment,Chopin/Sonata_2/3rd_no_repeat/Knoll10_note_alignments/note_alignment.tsv,80156,2938fd9bdac8b470c9a7633ba168e158f060f822b0a03196f2df89034d023669
note_alignment,Chopin/Sonata_2/4th/Giltburg02_note_alignments/note_alignment.tsv,69731,b140963fad896674bd6f17298b9a61e4ee1360985a2966c6aea424efc8284b84
note_alignment,Chopin/Sonata_2/4th/KaszoS16M_note_alignments/note_alignment.tsv,68407,e6f30298c728c9bc4def379f8a679fe9e6bdfd2d0dec67f4ea6dd9fecd33e079
note_alignment,Chopin/Sonata_2/4th/Knoll10_note_alignments/note_alignment.tsv,69350,74b01233dc7b5df191a248672af46eca6a6d63ded54615a218e7036970a26520
note_alignment,Chopin/Sonata_3/2nd/GarritsonL09_note_alignments/note_alignment.tsv,55619,5b724db37db1de7e52f20ece147a94b26caca46bf5d24522e20898279cb9de66
note_alignment,Chopin/Sonata_3/2nd/HONG08_note_alignments/note_alignment.tsv,56192,daebeb7fd0de9f0ef023e2c0a7fc43b1550e4654d8f9744cc7cf0fa0066c46cb
note_alignment,Chopin/Sonata_3/2nd/Huangci06_note_alignments/note_alignment.tsv,56456,bfca67322f173e9214440a01704d7c9816f243f3c36f9abf25f88d4daa9e3dac
note_alignment,Chopin/Sonata_3/2nd/HuangSW04_note_alignments/note_alignment.tsv,56296,2f8f8b4e817d17c42712214418aecab7ab83f01e0481d50ae06d371ca6c4e6cc
note_alignment,Chopin/Sonata_3/2nd/KimSJ08_note_alignments/note_alignment.tsv,56814,b43ce963dcb3f73175b594d3f08fcb63b0a0ad62504b37b466bad830672bbb33
note_alignment,Chopin/Sonata_3/2nd/KimSY21_note_alignments/note_alignment.tsv,56447,11e4e226992edf972070a1ba3d78965b0022cb9b1a6410ec38fda0ba224f54e9
note_alignment,Chopin/Sonata_3/2nd/mikahailoff01_note_alignments/note_alignment.tsv,56385,1ec6d3bc7f97ef4aab16513add93a2888703f2f5198d1cdb27ccf87e5fa2453b
note_alignment,Chopin/Sonata_3/2nd/SCHU09_note_alignments/note_alignment.tsv,56000,0d16100cbc563635bb59f78c2613d73044eaae2ea9c8ac07364884995be6c398
note_alignment,Chopin/Sonata_3/2nd/Shybayeva07_note_alignments/note_alignment.tsv,56042,8028e1443d566914e11d51999ad99d6d0291240dedee32e35749366f3cefbd70
note_alignment,Chopin/Sonata_3/3rd/GarritsonL10_note_alignments/note_alignment.tsv,77057,5931debdbd556dc9c6a9b487d05c5f646dc4a34ac7e6bcd67fcee71ba9565a68
note_alignment,Chopin/Sonata_3/3rd/HONG08_note_alignments/note_alignment.tsv,77345,0f1a7680f921c0bd2445cca1736f50cb9041908cc15c5373f2be751d2387481f
note_alignment,Chopin/Sonata_3/3rd/Huangci06_note_alignments/note_alignment.tsv,78221,9ed7c466881cdcb553e59f5dbf205d2de9b0b8ba78498766302f2a9e866c1346
note_alignment,Chopin/Sonata_3/3rd/HuangSW05_note_alignments/note_alignment.tsv,77891,b093bbe03ffa393e52029784054b54e48fd0221e53b5432a6197e123d4c7904f
note_alignment,Chopin/Sonata_3/3rd/KimSJ09_note_alignments/note_alignment.tsv,77395,e938fb7ca8f88e2627c92ca971676db0a1eb3e16655ae6415a302d911e71bc57
note_alignment,Chopin/Sonata_3/3rd/KimSY22_note_alignments/note_alignment.tsv,77594,e74f99dfec4357b1440f9fa3afefd7ba5e2c8eefff1ea678e7969b6fcc0abf04
note_alignment,Chopin/Sonata_3/3rd/mikahailoff01_note_alignments/note_alignment.tsv,77031,f55dadbf7c9ba0903eacb18e5ee69684635fd574086e01f166e1436b002142ac
note_alignment,Chopin/Sonata_3/3rd/SCHU09_note_alignments/note_alignment.tsv,77336,3f503c327121d9c82ca89c817dba6213a1c42db95d3ca93f2f3b45053c80c4ba
note_alignment,Chopin/Sonata_3/3rd/Shybayeva07_note_alignments/note_alignment.tsv,77801,c009cf767b7c3136d458d5978afe988cbe7a568df44e3bca1cfbe45d240dc24a
note_alignment,Chopin/Sonata_3/4th/GarritsonL11M_note_alignments/note_alignment.tsv,198549,5da8bbb606bfd48d4d6c847a120fe6554f2fbe43a22ca5a69e71d79c71b971d5
note_alignment,Chopin/Sonata_3/4th/HONG08_note_alignments/note_alignment.tsv,199098,0fc4b1a00ba624333cdcb0a2ef21e1a7c955a2bb32abba5b13e4cc5158a486fc
note_alignment,Chopin/Sonata_3/4th/Huangci06_note_alignments/note_alignment.tsv,205441,195e6470280b27f2cfcadac0568b2a515be4418f5f510f080ef6b60194ef80ad
note_alignment,Chopin/Sonata_3/4th/HuangSW06M_note_alignments/note_alignment.tsv,208735,7e605f63f604cdfdbe0f49539d78cc34a6152f4fc9b4f63447ce9d8287ddcb85
note_alignment,Chopin/Sonata_3/4th/KimSJ10M_note_alignments/note_alignment.tsv,198354,845a6af64d6af9cad388f17a6675c6ae9ebacbaf203bcaac543a4ef9dc348dbf
note_alignment,Chopin/Sonata_3/4th/KimSY23M_note_alignments/note_alignment.tsv,197323,4b55fcd34064e4315303bde749eb36a9ecb0aac508f3d9baace1c5c58414f31d
note_alignment,Chopin/Sonata_3/4th/mikahailoff01_note_alignments/note_alignment.tsv,198837,8d9040a2cce3c3a97e9ca2ba74b97407d92f005e11f0ded8e28a22c1c77a4c80
note_alignment,Chopin/Sonata_3/4th/SCHU09_note_alignments/note_alignment.tsv,198965,605bd89c39de9b29b9285d8608ddb8dce98171204c02d95d21ea2bd94ff11449
note_alignment,Chopin/Sonata_3/4th/Shybayeva07_note_alignments/note_alignment.tsv,201392,e7d602d94e1e8302415d80530b064fbf00ece47fce2c9dc9dd78b383806d1498
note_alignment,Debussy/Images_Book_1/1_Reflets_dans_lEau/Kleisen11M_note_alignments/note_alignment.tsv,83945,f46f743658227ddfde5f8a512b648fff2ca357757dcc8c57b55fa21b814ca0d9
note_alignment,Debussy/Images_Book_1/1_Reflets_dans_lEau/ParkJH13M_note_alignments/note_alignment.tsv,82070,02aa1cd773d0a0b32619ae14b6b3f416087da8eebfefca2aac574ab002557bf0
note_alignment,Debussy/Pour_le_Piano/1/MunA12M_note_alignments/note_alignment.tsv,135526,930313329e620a941c6f9311d15bf96e43c35e5c84a4c634d2da5a0342ad0a5e
note_alignment,Glinka/The_Lark/Denisova10M_note_alignments/note_alignment.tsv,99807,819c4cec0759102eebd30101ce7cd9ebd5bef992ab01967fa2fa1adf1549df9c
note_alignment,Glinka/The_Lark/Kleisen07M_note_alignments/note_alignment.tsv,95868,1e15e90dfd9ec38feac9d291b873ab5eae37b92ee3f1e65df1cd76db753e7325
note_alignment,Haydn/Keyboard_Sonatas/31-1/Masycheva01_note_alignments/note_alignment.tsv,63484,040526dc70997184fb78d9c90a4489d078edebdfa3c7c4e577bf9c7698c9d6f2
note_alignment,Haydn/Keyboard_Sonatas/31-1/SCHU02_note_alignments/note_alignment.tsv,63890,8ff24c927f2518c8f8d487f7b23b24fa176df8c91667b86a306b886bca4ac303
note_alignment,Haydn/Keyboard_Sonatas/31-1/Song05M_note_alignments/note_alignment.tsv,63314,9c2e63aaf4e415e8c50df6e0d8140c148dac4eedb6941d1ca9b13cc97460b0e9
note_alignment,Haydn/Keyboard_Sonatas/31-1/Zagalskaia02_note_alignments/note_alignment.tsv,63564,de09aac83c374a977c5ba957a474704dd329ee10f7c898931417eaba32cf1d7e
note_alignment,Haydn/Keyboard_Sonatas/32-1/Pavlovic02_note_alignments/note_alignment.tsv,83357,ad583ab4cfe3a2461b90a77ea8ded6afe350bc0b5a0e6f397edb5c8d2edf8b51
note_alignment,Haydn/Keyboard_Sonatas/32-1/SUDBIN01_note_alignments/note_alignment.tsv,84197,31e3ee2a4d112f8566d734927a6960387231aaa4837f42f94866bb5308b8da11
note_alignment,Haydn/Keyboard_Sonatas/32-1_no_repeat/Goldberg01_note_alignments/note_alignment.tsv,60385,dfa297a609dbeb2669fcb20c6af995dc02f66a3b81d8b626e7e55341843a338f
note_alignment,Haydn/Keyboard_Sonatas/32-1_no_repeat/Guzman01_note_alignments/note_alignment.tsv,59222,007f1a2cfa671fe15b00a31aa680bec069cecd3de499e085be8856c83f8b82e2
note_alignment,Haydn/Keyboard_Sonatas/32-1_no_repeat/MCVEY01_note_alignments/note_alignment.tsv,59176,c0e54255843e09a0dd83147d8d6cd0a5da2dc2f84d07c83bc4e2e6800ef9699d
note_alignment,Haydn/Keyboard_Sonatas/39-1/Yarden02_note_alignments/note_alignment.tsv,80390,ef7712527bada2dd8f1475daa00fb7c7741677d0eb18bb2f3b3d1e9913737d0b
note_alignment,Haydn/Keyboard_Sonatas/39-1/Yarden07M_note_alignments/note_alignment.tsv,79582,8b38922f8de8bd87c9ef5d7c6a5988af600c3fb5c253fc36e7362ae56894b108
note_alignment,Haydn/Keyboard_Sonatas/39-2/Yarden07_note_alignments/note_alignment.tsv,95021,4ed5dd92b426b03cb116378449e9abd6d8c16eebe287611702475fa82d529b86
note_alignment,Haydn/Keyboard_Sonatas/39-3/Yarden07M_note_alignments/note_alignment.tsv,126116,47182d6c1077dd34f0960c33e46ef2d8a43becf0b210492e1e9a5f2f4fd45c2f
note_alignment,Haydn/Keyboard_Sonatas/46-1/Bach01_note_alignments/note_alignment.tsv,108415,6b427e2d12601a8da9b0a1f06d09d5517fd9094530fd48c4bcefe0f0c8d08010
note_alignment,Haydn/Keyboard_Sonatas/46-1/GORDEL01_note_alignments/note_alignment.tsv,108129,61a949117f8f1b968b6c9951e1f9aee43045f4269a445ccb51bba5a603620e33
note_alignment,Haydn/Keyboard_Sonatas/46-1/Shilyaev01_note_alignments/note_alignment.tsv,109799,5f5de60332c3cbb74418c56caa15d9bb0fb46a39610ad254f4340077e969600d
note_alignment,Haydn/Keyboard_Sonatas/46-1/WongWY02M_note_alignments/note_alignment.tsv,109284,ef28ad187e2fd710f157bacdb6e25ef9c3c35627f24821cf67a0df6864d7c047
note_alignment,Haydn/Keyboard_Sonatas/46-1/YuP03M_note_alignments/note_alignment.tsv,108263,4edbde94698460d0d6fe39a72322660b21b2984d925e7efac5223f4fe0971818
note_alignment,Haydn/Keyboard_Sonatas/48-1/GarritsonL02M_note_alignments/note_alignment.tsv,78282,aa2276f0f8ba8adbd0e3924640e46fc74d4423c097079685a43c2a33e2bce393
note_alignment,Haydn/Keyboard_Sonatas/48-1/PrjevalskayaM02M_note_alignments/note_alignment.tsv,78003,93234bbcd14694894cc1cc5d0436be1afb49a7a826d1f42ce0b3061ae1d7cc36
note_alignment,Haydn/Keyboard_Sonatas/48-2/GarritsonL03M_note_alignments/note_alignment.tsv,112219,f002a92467a9f4973c7fea5d73b1fb0a7e44adcc1a20374f5bf08869f9b4c923
note_alignment,Haydn/Keyboard_Sonatas/48-2/PrjevalskayaM03M_note_alignments/note_alignment.tsv,112038,bd773d2451b98b95b2cd3476b80e4b3cf96542f6e4fd2adde2e957faea6e93d6
note_alignment,Haydn/Keyboard_Sonatas/49-1/Hou01_note_alignments/note_alignment.tsv,106252,782ad0d4296550d785bd25162bb813fd9eb73a6aded9ddb26388e3ccdb2ecdfe
note_alignment,Haydn/Keyboard_Sonatas/49-1/LEE_K01_note_alignments/note_alignment.tsv,104983,ed2fd81cb1b1770a0352067ff54d4db68180a69567686e075eda63654f7c513a
note_alignment,Haydn/Keyboard_Sonatas/49-1/Soukhovetski01_note_alignments/note_alignment.tsv,105696,01132fa3e3b8b84a7bbe196831d35abf6cdfbc606bdb61da6a2072f689f08600
note_alignment,Haydn/Keyboard_Sonatas/50-1_no_repeat/Day01_note_alignments/note_alignment.tsv,139579,f7afeaf2e5a8324ea2fef9353c1b7cc1b59c11621d6069e007005b024acd4fdc
note_alignment,Haydn/Keyboard_Sonatas/50-1_no_repeat/EVSTIO01_note_alignments/note_alignment.tsv,140382,5dc1a972b2790d77a0e55bce741d0d9113f934b8d496085ed5d04e0cc0b7ec46
note_alignment,Haydn/Keyboard_Sonatas/50-1_no_repeat/GalantM02M_note_alignments/note_alignment.tsv,139737,a03ccfa4620b7031c2a70097ac0f2955894b600130606031134cd2277697c6a9
note_alignment,Haydn/Keyboard_Sonatas/50-1_no_repeat/Georgieva01_note_alignments/note_alignment.tsv,142497,74ca2638f480d55ffc04ee2040fdcbe46ee3801ea23086dc45548949182be651
note_alignment,Haydn/Keyboard_Sonatas/50-1_no_repeat/Gorucan01_note_alignments/note_alignment.tsv,140654,158ec07fe50471145251bcb69be8ab1f18489ec470fc1f67f59fcc5269860f53
note_alignment,Haydn/Keyboard_Sonatas/50-1_no_repeat/HamSY02M_note_alignments/note_alignment.tsv,139405,35b3d3d9abeb45f77432d62fe2f09fbd0ebf4e1814f32f7e0c6c227fc7e060a0
note_alignment,Haydn/Keyboard_Sonatas/50-1_no_repeat/HSU01_note_alignments/note_alignment.tsv,141307,20d111e4a06b77ea7d57f164375f629833e3efbf275f8f0b037af249c9fee122
note_alignment,Haydn/Keyboard_Sonatas/50-1_no_repeat/HUAN_J01_note_alignments/note_alignment.tsv,141368,31a362defcd6e6261048b996651988e0d55e84552dc76f4dd4542c3a0915f1ef
note_alignment,Haydn/Keyboard_Sonatas/50-1_no_repeat/Huang01_note_alignments/note_alignment.tsv,139997,fece89308cde851000a310ef215adfa09cd51e7ca129cd3a675781d05a04e8a6
note_alignment,Haydn/Keyboard_Sonatas/50-1_no_repeat/Huang05M_note_alignments/note_alignment.tsv,140876,03397805c865cd5ca1b0c73ee76b86b881613121f9526dde88d545e860bfb5e9
note_alignment,Haydn/Keyboard_Sonatas/50-1_no_repeat/JeonH03M_note_alignments/note_alignment.tsv,140316,f72f363c7b7be68d45755fae1a68b170ee56a973ed06f93153b29ec56942e4ec
note_alignment,Haydn/Keyboard_Sonatas/50-1_no_repeat/KARYAG06M_note_alignments/note_alignment.tsv,140523,f07c727246d6cb0b869eaeceed1555dea3a007edf51f5be789b9597d43924619
note_alignment,Haydn/Keyboard_Sonatas/50-1_no_repeat/Kim01_note_alignments/note_alignment.tsv,140970,f4b16ee0dc3f42efc5a2f1ff447fedb82ac1b8592708cd13f943849380179ab1
note_alignment,Haydn/Keyboard_Sonatas/50-1_no_repeat/Shi07M_note_alignments/note_alignment.tsv,139794,417dbe6f59813ad36ee666256066f8c902b00a3b63f6c57609866a8a10498646
note_alignment,Haydn/Keyboard_Sonatas/50-1_no_repeat/Tak01_note_alignments/note_alignment.tsv,140221,0f36d6cbdae24da872a518aa4a0692aca4e2f3d09f2da7706c23ace35cbb0029
note_alignment,Haydn/Keyboard_Sonatas/50-1_no_repeat/Toscano03_note_alignments/note_alignment.tsv,139990,47d8e703e4f9950e070d22514cf74edcf859bbee0135644d8ad78809d24c7ba2
note_alignment,Haydn/Keyboard_Sonatas/50-1_no_repeat/Verbaite01_note_alignments/note_alignment.tsv,140477,8fdd79ccd89611010e3b6e37432afe4267eba6a4a5a633bb13b096592772abbf
note_alignment,Haydn/Keyboard_Sonatas/50-1_no_repeat/YoungS02M_note_alignments/note_alignment.tsv,140221,0d9ab619a1cc491e3a3176859379a2a86e4c752479833b06b7b5eb8ce77d1684
note_alignment,Haydn/Keyboard_Sonatas/6-1/ChenC01_note_alignments/note_alignment.tsv,94038,49fa89a64e84941e4a82fba8ef627dc39e8e97490566d696402436aa04fd5a33
note_alignment,Liszt/Annees_de_pelerinage_2/1_Gondoliera/LeungM08M_note_alignments/note_alignment.tsv,113136,99184f8f402b92d0a669c0f32a092d8d3a4f4020dd8fcde07a0f44651fafb23b
note_alignment,Liszt/Annees_de_pelerinage_2/1_Gondoliera/LeungM12M_note_alignments/note_alignment.tsv,115273,4b9a9ca89b201d16460634bdcbb45b5b47f9e1f1990c0e846b1589bb289d6d05
note_alignment,Liszt/Ballade_2/Broberg03_note_alignments/note_alignment.tsv,286253,c62fe73c9c4e0fc5f3fdf0f2627a1d2a2b14e0cc6183310cb88ac7aa5a8badc2
note_alignment,Liszt/Ballade_2/GarritsonL04M_note_alignments/note_alignment.tsv,301765,0efe670127d228e974879bdd11099c53ab143da3791e6c1d576430ae53f696a0
note_alignment,Liszt/Ballade_2/Jin07M_note_alignments/note_alignment.tsv,300501,70604f405dab8081bf05a22d3963b16b4b8ede6acc76060ace73bbb6140feb11
note_alignment,Liszt/Ballade_2/KIM_J04_note_alignments/note_alignment.tsv,299247,3fbfbbe2400c69ce2241b136056d4e67204a1d3259fb0a6b22fd9d388f5f6a41
note_alignment,Liszt/Ballade_2/Min06M_note_alignments/note_alignment.tsv,291544,7693a9c1bb60ab1b59c3e558b7fce14138688fa5025407811adec864c46f3585
note_alignment,Liszt/Ballade_2/Sham05_note_alignments/note_alignment.tsv,300463,aa606d15396eab040a7d5ab9fb88d2fc43b95676f674d89b832124985c68f206
note_alignment,Liszt/Concert_Etude_S145/1/FEINER03_note_alignments/note_alignment.tsv,139849,3b2f251051a105adbfb1a6cec5a2f1663fb6e9456573449ceb16882441ef87cf
note_alignment,Liszt/Concert_Etude_S145/1/Kleisen03_note_alignments/note_alignment.tsv,137412,31c8991b162f4bd3007e698e8f86716370906ee1af079a58df8b630df8e43b12
note_alignment,Liszt/Concert_Etude_S145/1/Kleisen06M_note_alignments/note_alignment.tsv,138681,f0bbddca148140712e961eaec7bb33914db1102cb44ec1f3bdcd21ab15ca06e7
note_alignment,Liszt/Concert_Etude_S145/1/Lai02_note_alignments/note_alignment.tsv,143869,6efa999a6a4c700b66be2e3cad1ffcc93cfb664b7e6b855c3813173fbcdc8198
note_alignment,Liszt/Concert_Etude_S145/1/Woo02_note_alignments/note_alignment.tsv,141109,4625b37e310de7170d84493763f90fb66d7400c9e71676b1c4d584fc2f7fbb91
note_alignment,Liszt/Concert_Etude_S145/1/Woo06M_note_alignments/note_alignment.tsv,141497,4ff65e3c6dc990d2dce6611608103b168d7524b8ae26c3458d4ae63f18ea7348
note_alignment,Liszt/Concert_Etude_S145/2/Lo02_note_alignments/note_alignment.tsv,130720,ce729718b541b04ab4a8dea41d5743a461e9836dd2f2c5cfaa3e6bb3b2c06e89
note_alignment,Liszt/Concert_Etude_S145/2/Lu03M_note_alignments/note_alignment.tsv,130483,d5c96cb43f8caa4d49c261324c7879c19b79a3bc1eac0eb1b8da0fa6d9f1eb60
note_alignment,Liszt/Concert_Etude_S145/2/Tario06M_note_alignments/note_alignment.tsv,131034,f7991cc2f887af4af96fa4a2b7fbbda61cdfe5137185c2b1f434bccf71315d46
note_alignment,Liszt/Concert_Etude_S145/2/ZhangX03_note_alignments/note_alignment.tsv,124928,c723e843ff2d28394559e8c2e19ccfef695a65b67b90b8675e1697a4c6deef12
note_alignment,Liszt/Gran_Etudes_de_Paganini/2_La_campanella/Albright04_note_alignments/note_alignment.tsv,175442,389aee3e840da4b4a1708a5e6c4422e784999a5badad9e5da12eb334e7df9843
note_alignment,Liszt/Gran_Etudes_de_Paganini/2_La_campanella/Ali03_note_alignments/note_alignment.tsv,177021,37ef18af41109784e8c7a1cd4a8d5fea81eceba8905a5de3209ad10f28644179
note_alignment,Liszt/Gran_Etudes_de_Paganini/2_La_campanella/Bogdanovitch02_note_alignments/note_alignment.tsv,174570,cebc2aeadb7a79f2314091227c516bfa22ed1f402b358f939701b0d4954d5a45
note_alignment,Liszt/Gran_Etudes_de_Paganini/2_La_campanella/BuiJL03M_note_alignments/note_alignment.tsv,172351,5e284897c7bbda25bde6ded1503a1a1a26409a7e2f9960addd9d82158af93169
note_alignment,Liszt/Gran_Etudes_de_Paganini/2_La_campanella/FALIKS02_2004_note_alignments/note_alignment.tsv,172664,53002c81f9511ed567cbe178a273288b0570724b907b46574583cd6b803e40f6
note_alignment,Liszt/Gran_Etudes_de_Paganini/2_La_campanella/Faliks02_note_alignments/note_alignment.tsv,170411,5a8cae438f8e6440c61a3bc0919d32c1278732d9fb2ebcf19d3e7bc7eea0c6ef
note_alignment,Liszt/Gran_Etudes_de_Paganini/2_La_campanella/Faliks03_note_alignments/note_alignment.tsv,171645,fe6166eef6b6ed0b142f69db72030c94cad345afbf6b8bcc39cea0a0042dce0e
note_alignment,Liszt/Gran_Etudes_de_Paganini/2_La_campanella/Gasanov02_note_alignments/note_alignment.tsv,173369,d780f20ffc720907d56747f5114ab516be582f53999909653cfea46ace4a2a3a
note_alignment,Liszt/Gran_Etudes_de_Paganini/2_La_campanella/Hao03_note_alignments/note_alignment.tsv,172610,e749f3c8860c8851722472c99513bb884123fd6ef309b71b318ee7dce51ed9cf
note_alignment,Liszt/Gran_Etudes_de_Paganini/2_La_campanella/HUAN_J03_note_alignments/note_alignment.tsv,176396,7b546174e0c7832445eb811de2bf98c0a8b5c96506b7af44b0d456c5faa68e24
note_alignment,Liszt/Gran_Etudes_de_Paganini/2_La_campanella/KanM06_note_alignments/note_alignment.tsv,171976,a1ea1624b646effe84e7d388630e70ce61e2c6f8efd1ad45b8d736fab6f0985b
note_alignment,Liszt/Gran_Etudes_de_Paganini/2_La_campanella/Kolessova07_note_alignments/note_alignment.tsv,180063,f125467452e4682a535046544d302159c668ee3477cb62bb606dccfe72ccb21f
note_alignment,Liszt/Gran_Etudes_de_Paganini/2_La_campanella/LeungR04M_note_alignments/note_alignment.tsv,173254,a2950455fea53c9007e10c248f75a596cea85d8c5610ef33eb7707efc4b75d82
note_alignment,Liszt/Gran_Etudes_de_Paganini/2_La_campanella/Levitsky02_note_alignments/note_alignment.tsv,177342,40ff1e583bfb6b399dda185839aa81a21c25f5f2ff61a3087aa16d70a9baa12a
note_alignment,Liszt/Gran_Etudes_de_Paganini/2_La_campanella/Levitsky06M_note_alignments/note_alignment.tsv,177500,7d2bfc4367a16707ff239724db409bbef7abab574386a2b477670eb37b5e1618
note_alignment,Liszt/Gran_Etudes_de_Paganini/2_La_campanella/Lin02_note_alignments/note_alignment.tsv,176198,5f97f9fcfb8af78d658169119bc40f7c4a78f4c20733029c13fd6b4a14117597
note_alignment,Liszt/Gran_Etudes_de_Paganini/2_La_campanella/Lin07M_note_alignments/note_alignment.tsv,175616,2f1e6341c809c35be1967b2dbaa6b6e613f4f231b2cbf50b0b1ed389f9405c3b
note_alignment,Liszt/Gran_Etudes_de_Paganini/2_La_campanella/LiuC05M_note_alignments/note_alignment.tsv,172590,4c2d6cb836921585cdc61ca139bffc66a7fd40e34e34947e049388c9357d396f
note_alignment,Liszt/Gran_Etudes_de_Paganini/2_La_campanella/LiuY03M_note_alignments/note_alignment.tsv,174965,95a68d716036b659a4a3d82ec28193ac75ec5258cdfd97912c8760b110f20433
note_alignment,Liszt/Gran_Etudes_de_Paganini/2_La_campanella/MunA08M_note_alignments/note_alignment.tsv,182158,4eaae288ab5c5a72d83a3c1d4ab2e4ef2b1174b37478854017e152d68776792e
note_alignment,Liszt/Gran_Etudes_de_Paganini/2_La_campanella/SEBAST02_note_alignments/note_alignment.tsv,173149,559eca2c48b7cac1203e5cbca3018a5eb7dc11b100bb9f78a4f8b1eaccedef47
note_alignment,Liszt/Gran_Etudes_de_Paganini/2_La_campanella/Seredenko02_note_alignments/note_alignment.tsv,177387,7f2e54618cb1980c0630256a65851e8858fa0d9af678d065ab283b638515d643
note_alignment,Liszt/Gran_Etudes_de_Paganini/2_La_campanella/Sychev03_note_alignments/note_alignment.tsv,171554,bf0792237da2f81182adcf3c06001b3603deee91289172f3d3e9d494a92c39ed
note_alignment,Liszt/Gran_Etudes_de_Paganini/2_La_campanella/TET03_note_alignments/note_alignment.tsv,175489,eaa81817413a73d9d01109010495562405827bf572088bde9c85d763ff3a721b
note_alignment,Liszt/Gran_Etudes_de_Paganini/2_La_campanella/VuV06M_note_alignments/note_alignment.tsv,173158,fc5f9fd9441bdb67f2137c294baae2f45840caec8d8138176216730a16ee734e
note_alignment,Liszt/Gran_Etudes_de_Paganini/2_La_campanella/Yang05M_note_alignments/note_alignment.tsv,172973,cbf4cdc8e2e5d791181667eb66eca6ae7611eb20746318fed7d6b820c3ececb1
note_alignment,Liszt/Gran_Etudes_de_Paganini/2_La_campanella/Yoon02_note_alignments/note_alignment.tsv,170951,4c7336695a17fd1fc5dfad5f189725a262c7cd2b3c51415cab98cc848e0a3074
note_alignment,Liszt/Gran_Etudes_de_Paganini/2_La_campanella/ZhangH02_note_alignments/note_alignment.tsv,183103,ff89185d6f40947a14fd2f473827c343afe2f601e7b6eb83c53d172048012165
note_alignment,Liszt/Gran_Etudes_de_Paganini/2_La_campanella/ZhangH07M_note_alignments/note_alignment.tsv,191606,5aeff428daf983c24bc308f125c27cb9b6e95d0fe047b9aab88173e4f0f9cc87
note_alignment,Liszt/Gran_Etudes_de_Paganini/6_Theme_and_Variations/Krasnitsky03_note_alignments/note_alignment.tsv,200133,96b644abafa41c38d7efeb6ec4c0f31c3d34a77ddb89e6624686968d7aef3f7b
note_alignment,Liszt/Gran_Etudes_de_Paganini/6_Theme_and_Variations/WangA01_note_alignments/note_alignment.tsv,202872,9c4940278684b920a8ad53a1081c8a130348ae53d17061e4d0350535acba9c65
note_alignment,Liszt/Gran_Etudes_de_Paganini/6_Theme_and_Variations/WangA07M_note_alignments/note_alignment.tsv,202258,db7d6b68b34b52773141c297276e5ea761da8a21cb840748b813c81a6cc3d179
note_alignment,Liszt/Gran_Etudes_de_Paganini/6_Theme_and_Variations_repeat/KanM09M_note_alignments/note_alignment.tsv,195803,0cf2a4e14068d26396edeb85775a3f8868f9755f843a8bb9882f08d9615c28d7
note_alignment,Liszt/Gran_Etudes_de_Paganini/6_Theme_and_Variations_repeat/Yu04_note_alignments/note_alignment.tsv,199456,f9a8d52638b4461e08843344ddceaefaa7ddb0cbb8d0dd83db0444ef80552c41
note_alignment,Liszt/Hungarian_Rhapsodies/6/KaiRuiR04_note_alignments/note_alignment.tsv,220873,60f8046e5b8e8bf1df5bbafdf9c961879c04e86a1334d0a634e05c8fce981305
note_alignment,Liszt/Hungarian_Rhapsodies/6/LiA09M_note_alignments/note_alignment.tsv,225562,e4ed692f8454d61ce828ffeae307e27940e50408237cd8d266b3e4ff6205c829
note_alignment,Liszt/Hungarian_Rhapsodies/6_no_repeat/Ye04_note_alignments/note_alignment.tsv,205603,29c8db9705dd07cc506672206e6b00a4f7b1f920c48337a3893d8d43f1f31112
note_alignment,Liszt/Mephisto_Waltz/Avdeeva03_note_alignments/note_alignment.tsv,406914,8c7afead872cb0ed3eb0c553137661d8402691c35b45da618d095e0005e5e279
note_alignment,Liszt/Mephisto_Waltz/Avdeeva07M_note_alignments/note_alignment.tsv,417827,edf0a7b5b3e4fd9287c1bb3da99d6cf88bb4b9d15bf6eb7663ecb9fbf65936f9
note_alignment,Liszt/Mephisto_Waltz/ChenGuang24M_note_alignments/note_alignment.tsv,423877,f11ec89f19e7dd57ec028f87bb4887c3d0e215d0fe37d468f81f8918b9e0b5c1
note_alignment,Liszt/Mephisto_Waltz/ChernovA04M_note_alignments/note_alignment.tsv,430261,5e99d6429fa698a59de7ef7f347a6f22cd1551b852ccd6ce37c2b90b50d0c136
note_alignment,Liszt/Mephisto_Waltz/DANILO03_note_alignments/note_alignment.tsv,423690,c2121a75d7ef8b5ecb1dd93825c642752366978554d166c469b4ade9bbcad6cf
note_alignment,Liszt/Mephisto_Waltz/DANILO06_note_alignments/note_alignment.tsv,421722,c7da9d11e5be627632976cc072393daa2b535c49970fdf06d6d2348f3d7cbed1
note_alignment,Liszt/Mephisto_Waltz/Duepree10_note_alignments/note_alignment.tsv,424792,c37836f1b1df89e1625eadd931917604d545de63168bd83469ed72e248395585
note_alignment,Liszt/Mephisto_Waltz/Giltburg03_note_alignments/note_alignment.tsv,428963,c0659288b6cbb7d5f0ab95426b1762966051eff6864200c40a2533f2541f79cb
note_alignment,Liszt/Mephisto_Waltz/HSU04_note_alignments/note_alignment.tsv,424589,e594293733d17272f3e55e9a9f5434181141b8c5a0f005791581250f77e5dea9
note_alignment,Liszt/Mephisto_Waltz/JIA03_note_alignments/note_alignment.tsv,414009,cb5700c3a9ee55d57b4c6f41fe61e58343f54d928bb9a478370a0ea8723c322b
note_alignment,Liszt/Mephisto_Waltz/JIA08_note_alignments/note_alignment.tsv,420193,8f6ae7c557c519daca97d9db0a35af7043562512a8c4634d67ffce1efe6527be
note_alignment,Liszt/Mephisto_Waltz/Pavlovic03_note_alignments/note_alignment.tsv,426168,7ace28e1f5371fa2fc106c052d9aad982a829f07908a76b5a6e88cd96a137619
note_alignment,Liszt/Mephisto_Waltz/Tysman07M_note_alignments/note_alignment.tsv,430469,5defe4cbe562e9ed76ef55b083321cb0b88eb7f7f8e714f6a41282fc65dbad3e
note_alignment,Liszt/Mephisto_Waltz/WangV03_note_alignments/note_alignment.tsv,428920,0f730ac70c2592afa79a4eb59ac5db60f080ead7bc760571d3e354374d343b87
note_alignment,Liszt/Sonata/Dulu07M_note_alignments/note_alignment.tsv,683966,dcfce64d0c693eb20e71c5311c2892954be9bf639c4b36c31a1ec69f88b7691b
note_alignment,Liszt/Sonata/Dvorkine03_note_alignments/note_alignment.tsv,700679,caeec002e1fc4edddbe4380a332482a0a91acedb53ba9b312c7edd7f3d2542e9
note_alignment,Liszt/Sonata/Gasanov06M_note_alignments/note_alignment.tsv,719028,7045561643378787c55b6fff2e7eee6e295cc92b626f5be7f49a2ca5d0c32796
note_alignment,Liszt/Sonata/GiacomelliN11M_note_alignments/note_alignment.tsv,726774,d9c3b05731c32c5060e6498e36ad6dde78860d4147f51a4e53ad772c00821062
note_alignment,Liszt/Sonata/Huang01_note_alignments/note_alignment.tsv,679917,a0f769c2177474e45377a282148e028d5d270b02239c738233c6de2f5be100e2
note_alignment,Liszt/Sonata/Yeletskiy05M_note_alignments/note_alignment.tsv,781425,63d4ba107c9f3027d083897e1c13f9129b6f8ae986b067b8febdfe4a959c28b6
note_alignment,Liszt/Sonata/Zuber07M_note_alignments/note_alignment.tsv,858422,55576e819383d2ba0569ff2b4f3c5889891bdf7b80657ac9b183373b2bd13346
note_alignment,Liszt/Transcendental_Etudes/1/Huang13M_note_alignments/note_alignment.tsv,25132,b5235246992625a7556e2af1fd25e328eabfe0be98fcd90361d9d2f299debaad
note_alignment,Liszt/Transcendental_Etudes/1/LuoJ05M_note_alignments/note_alignment.tsv,25413,84b7305e101603c4eebda8d52478e223de7a9f1a2ef42e4697386a274f9e5100
note_alignment,Liszt/Transcendental_Etudes/10/CaoJ03M_note_alignments/note_alignment.tsv,168488,56c732f0fcc3e3331df777f67e5454e789c553c483eba4cd4db17fa88a18749a
note_alignment,Liszt/Transcendental_Etudes/10/Goldberg02_note_alignments/note_alignment.tsv,182531,bff313bee0b4674b1a754d0a5458b5c96c1087e81cc0b1ffb70610ab23d864dc
note_alignment,Liszt/Transcendental_Etudes/10/HAGINO03_note_alignments/note_alignment.tsv,174610,9deb65b046cb1b6aea5f2d2aea6162ae8c4f65338fb603182e0804d32870366d
note_alignment,Liszt/Transcendental_Etudes/10/Huang17M_note_alignments/note_alignment.tsv,165736,727e0359ccc1b2cad1bc1117415c8887ea27fe8d8777f1ef954c2e1ba362dd85
note_alignment,Liszt/Transcendental_Etudes/10/Hwang03_note_alignments/note_alignment.tsv,167908,52713a8641ad9fa95ad219a13ec619de7234345a828f90d7f969b7fdcaa17d95
note_alignment,Liszt/Transcendental_Etudes/10/Kim02_note_alignments/note_alignment.tsv,169793,1ab1cd216ad3079d99a216b9d6aeed1ad58a784a6911abc07ac4e75d139ae6f8
note_alignment,Liszt/Transcendental_Etudes/10/Ladid02_note_alignments/note_alignment.tsv,176266,ed8009e6c147b3694fc42e8c52f64bdee3ceab59bd8ec11052d86caf9dbfbe0b
note_alignment,Liszt/Transcendental_Etudes/10/LeungM06M_note_alignments/note_alignment.tsv,171039,3c957b19fe5c6cbe89c305f4accccf0799059da309fc22cf7f040b9b3c6fa552
note_alignment,Liszt/Transcendental_Etudes/10/MCVEY02_note_alignments/note_alignment.tsv,182502,7341903364e4ff7f73cd09ce434714d6d5fd040f1cc7b20b6db1a35c35c95e33
note_alignment,Liszt/Transcendental_Etudes/10/MorozovY03_note_alignments/note_alignment.tsv,172810,615586de0681fd51fa420e5dc2cc74c1e805837ade676f65cd95a4ae13a0f335
note_alignment,Liszt/Transcendental_Etudes/10/Qin03_note_alignments/note_alignment.tsv,169539,1f45b3feede1b93558da1001a15373bf55de5b430a7a7bdba71bda170c4dd076
note_alignment,Liszt/Transcendental_Etudes/10/Shamray02_note_alignments/note_alignment.tsv,171520,9c6135456745937c2929bd44ea9ae39a22e923eb006e74ab48fb0db7a39b244f
note_alignment,Liszt/Transcendental_Etudes/10/SUDBIN02_note_alignments/note_alignment.tsv,175943,6ba66213ca60346e87fc17e7631bccb29597df459842799fa62c9dd2a78b8e98
note_alignment,Liszt/Transcendental_Etudes/10/Tran02_note_alignments/note_alignment.tsv,183488,03e88f52289c21c03f53a665c711d5c69851fb98d18cdb41ff69479e1b9418e9
note_alignment,Liszt/Transcendental_Etudes/10/Uiasiuk03_note_alignments/note_alignment.tsv,171835,71c382e47aa349adadb06b4d7ca7fbf07b70d8dc0fe86e377d9dd701e2303927
note_alignment,Liszt/Transcendental_Etudes/10/Yeletskiy03_note_alignments/note_alignment.tsv,169810,f76818c84e87cc317543b76d5c8b3444c0557837648bdb8cc4a2001870947dc4
note_alignment,Liszt/Transcendental_Etudes/11/Huang18M_note_alignments/note_alignment.tsv,210552,69c2e1f343dacc4be4f175aaeebba42082872238d7d2d66ef269f49861eef480
note_alignment,Liszt/Transcendental_Etudes/3/Huang14M_note_alignments/note_alignment.tsv,76394,55cae7b0f8f051bb12f4e13733bab0e8404e48e10775e86858470431f4b08fb6
note_alignment,Liszt/Transcendental_Etudes/4/Cai03_note_alignments/note_alignment.tsv,308064,33783ab6ea913272e00c75e787f0e03537d81253c10934df97ad52c6d61756fb
note_alignment,Liszt/Transcendental_Etudes/4/ChenC02_note_alignments/note_alignment.tsv,313697,d992ba143c6c7a824f81f3dbb3cf1a048770b45eb01fce54dc9748a7a0e12e65
note_alignment,Liszt/Transcendental_Etudes/4/Falzone02_note_alignments/note_alignment.tsv,314708,70e96fa38d8013be572c4e4284ccc871f0bca18c2362deb949b3b484822fde6a
note_alignment,Liszt/Transcendental_Etudes/4/GuoE03M_note_alignments/note_alignment.tsv,317987,59a511d37e63a24d4a850da53a2bf32c2af70279156544d968b616494d56cea0
note_alignment,Liszt/Transcendental_Etudes/4/Huang15M_note_alignments/note_alignment.tsv,306609,b0be643d15d17268d44bec1dd3228b01132fe1430e21ed54e61d3421ad739a79
note_alignment,Liszt/Transcendental_Etudes/4/LeeE04M_note_alignments/note_alignment.tsv,313120,c646da8646f99ba391c053ac1030c02da122ac398f39000bc5f344de7a90104f
note_alignment,Liszt/Transcendental_Etudes/4/LiuC04M_note_alignments/note_alignment.tsv,295288,9c17532ae13fe9defd74ff058270daade546299764ab09431f3458c370799f88
note_alignment,Liszt/Transcendental_Etudes/4/LUO02_note_alignments/note_alignment.tsv,301088,51e454d6d6ee1bd0bd779aa1cda80d04efb9bab9e35e64d6c48d258b7e35049c
note_alignment,Liszt/Transcendental_Etudes/4/Schmitt02_note_alignments/note_alignment.tsv,322954,c2bf879ef41dc1978efbb0e8cf37b376b1e23e567619f0109ca24ff12133ae19
note_alignment,Liszt/Transcendental_Etudes/4/Schneider03_note_alignments/note_alignment.tsv,333001,8c25501b7bb5e01f2479696b4b893fa3453c930d1087df4f28bacb1e35f6f465
note_alignment,Liszt/Transcendental_Etudes/4/Travinskyy03_note_alignments/note_alignment.tsv,311796,5dd5c7b084ac3d9c56e732a2e8567e0fc2838fba48f93c86318c79739a8fc985
note_alignment,Liszt/Transcendental_Etudes/5/Gryaznov02_note_alignments/note_alignment.tsv,182469,f3d20f54121fa65c129262e6bf61959d039cc327e5b51d7145f4a3950db2adb3
note_alignment,Liszt/Transcendental_Etudes/5/HUAN_B03_note_alignments/note_alignment.tsv,180346,0715d96b08e6bb906b1cd50c8fdf384218cd1fc4140beef7e34385f69821181d
note_alignment,Liszt/Transcendental_Etudes/5/Huang16M_note_alignments/note_alignment.tsv,176835,14108a0fe63d3d87d6e1bb38f1fc32e331c47188cf64b5a29605bee39657847a
note_alignment,Liszt/Transcendental_Etudes/5/Huangci01_note_alignments/note_alignment.tsv,179738,022a24f18cf84978bb9aafcc8d803f294e89dc380ef3aa789bfab6ba19112d12
note_alignment,Liszt/Transcendental_Etudes/5/KIM_W02_note_alignments/note_alignment.tsv,183686,dc8a8e4c17dcba52435334915567795e5e5a678fe1ade91b43194431500b9b59
note_alignment,Liszt/Transcendental_Etudes/5/LiuY06M_note_alignments/note_alignment.tsv,178238,0ed667003d87958e971347badfa696ee24b66d0d9ffbe74990af9a8fa6b1efa6
note_alignment,Liszt/Transcendental_Etudes/5/Min03M_note_alignments/note_alignment.tsv,176315,01b068711bece9783ce5d9b82ec345700af02a8c045ed0e6d0399438b63d779a
note_alignment,Liszt/Transcendental_Etudes/5/Park03M_note_alignments/note_alignment.tsv,179802,301c5a917d42ba6ec2fa902bf943338665fd19ab8b4f5d2ebedd34d52aff8fca
note_alignment,Liszt/Transcendental_Etudes/5/Sun09_note_alignments/note_alignment.tsv,183869,114f8f021c87836b2720338db94a3b866f9152076ea021b6fd70c268ff965584
note_alignment,Liszt/Transcendental_Etudes/5/Wang06M_note_alignments/note_alignment.tsv,181846,d2a2dd5765c33692d293836406b69961274da13f6e9a20eabc4b00ecea363641
note_alignment,Liszt/Transcendental_Etudes/5/WangY02M_note_alignments/note_alignment.tsv,171340,7ecb724e58605f57a6d253778bc4ff141661ec5204b5b9f1d6ce780967a6da23
note_alignment,Liszt/Transcendental_Etudes/9/ADIG07_note_alignments/note_alignment.tsv,216483,4709de3b954f01fe5f0c5a1696fca45097097fe635217f2e2b54da845f51a542
note_alignment,Liszt/Transcendental_Etudes/9/WongDoe02_2006_note_alignments/note_alignment.tsv,214122,42f0235096b49e9ab351dfdaa13f7fbf83ba913838773021e592d65112175b9a
note_alignment,Liszt/Transcendental_Etudes/9/WongDoe02_2009_note_alignments/note_alignment.tsv,214633,5c07cc54c69dfa1d5af73b86ea59bc78e0f5de6fb3e1f9f088a2647dc268fb37
note_alignment,Mozart/Fantasie_475/Huangci05M_note_alignments/note_alignment.tsv,160420,3e6b67c4d1430c74337fba1655b342b06a03ff7bd564f3ed480f5d342aaa1cc2
note_alignment,Mozart/Piano_Sonatas/11-3/Stahievitch02_note_alignments/note_alignment.tsv,111796,c4c1507372c3f2e9854be1250245a20eb3e1d56eb725c56d28755048fb61b587
note_alignment,Mozart/Piano_Sonatas/12-1/ADIG01_note_alignments/note_alignment.tsv,99758,fd94bdab67b05fcf94ac2cf003325563bc9abed71c45cc64cc000d1012e4dfbb
note_alignment,Mozart/Piano_Sonatas/12-1/MunA03M_note_alignments/note_alignment.tsv,99688,0a9ff8722420c51075af3ad8a98dfe1c82cc9e6c493949a7db0f70eb47a9b3bf
note_alignment,Mozart/Piano_Sonatas/12-1/TET01_note_alignments/note_alignment.tsv,99605,7cd96ffc5555c6f31d73cbdc8bf80cacd18de11071b5118540b9db6c2c8dfa83
note_alignment,Mozart/Piano_Sonatas/12-1/WuuE02M_note_alignments/note_alignment.tsv,99313,64c32a24ca15a582b5074458eedeb756ff2bcff210bea680ce005848be29f8e4
note_alignment,Mozart/Piano_Sonatas/12-2/MunA04_note_alignments/note_alignment.tsv,55101,1e53bec3dc8e68de92e2226450ccab280e30de01e1001dae60baadce293c2164
note_alignment,Mozart/Piano_Sonatas/12-2/WuuE03_note_alignments/note_alignment.tsv,54654,0b852353b9a8403ecfbd3416c7622e56745791716574f5df515bad3ab5ecdc7e
note_alignment,Mozart/Piano_Sonatas/12-3/BLINOV01_note_alignments/note_alignment.tsv,118658,a8db19e49449dc27b373ff9d5441e96db9680599d1fbe9b5817ee12cb8d6bc6a
note_alignment,Mozart/Piano_Sonatas/12-3/MunA05M_note_alignments/note_alignment.tsv,118032,4ac2fcc5607593cc81c8e9157430d5c7fa3f21ce34c49f8f48de299bb04b55d9
note_alignment,Mozart/Piano_Sonatas/12-3/WuuE04M_note_alignments/note_alignment.tsv,117376,86c644e9bbf0a8340e18b22c624e4786778336a91de6d00a6db469dba0959305
note_alignment,Mozart/Piano_Sonatas/8-1/Bogdanovitch01_note_alignments/note_alignment.tsv,131789,69238d76feb3960eb98651e18a37f27e4287468f5e86271994b39a5ee2dd44a1
note_alignment,Mozart/Piano_Sonatas/8-1/Jia01_note_alignments/note_alignment.tsv,132587,19b41dbf74b0fff2ee525fbb5ae8c056a64ccce199fbdbe0680e3a5ea698d0a5
note_alignment,Mozart/Piano_Sonatas/8-1/LEE_J03_note_alignments/note_alignment.tsv,132100,d32760977898bc9a0c43bc570e8676b65082ad323840f584653d0f9cbfdc9143
note_alignment,Mozart/Piano_Sonatas/8-1/Lo01_note_alignments/note_alignment.tsv,132606,37e4dc2d2e36e68644f4832d830a11b60f90431cfcc04695ec3c712975c397fe
note_alignment,Mozart/Piano_Sonatas/8-1/Rozanski02_note_alignments/note_alignment.tsv,133107,b038cd687268b787cebea22eec822f6baac8071ef4e6a9b7a9f76d935836a5f5
note_alignment,Prokofiev/Toccata/Colafelice11_note_alignments/note_alignment.tsv,192986,f2a0a386e1dcfea2697179e552f3d998aa7e5c763608548798f89e01ddfb0717
note_alignment,Prokofiev/Toccata/Dossin07_note_alignments/note_alignment.tsv,215291,9a78ee1c35b987a6000663cadcc696a6af6f39d4da17020a2491f82720e04a15
note_alignment,Prokofiev/Toccata/Fab13_note_alignments/note_alignment.tsv,195574,e114780362852bb96098dd45c6a80fa120c11cf69c4a259889e29b9c4fec11dd
note_alignment,Prokofiev/Toccata/Guo04_note_alignments/note_alignment.tsv,207862,cb05ea2867d82b8152c2fd2cc03552f5940dabbfbeef5905adfbca6775ad9e09
note_alignment,Prokofiev/Toccata/Kociuban16_note_alignments/note_alignment.tsv,202009,b55ade2df14c060ae743cc010bdbadc2e900aa7736b7e5c5b4873386227c742e
note_alignment,Prokofiev/Toccata/Lin06_note_alignments/note_alignment.tsv,194816,ade9510605b9d07d5d5d474f9f906f95f507727cacba0ada82fdd80beffcd5a8
note_alignment,Prokofiev/Toccata/Song04_note_alignments/note_alignment.tsv,192620,95420fe7275b468760c85b8e5a407941d606d52aa70fffdde03ec1fc64b6ed14
note_alignment,Prokofiev/Toccata/Teo05_note_alignments/note_alignment.tsv,191367,d626db2c330db643cd11e7b18850918c4736734765aae5ac9bc0a6ffe1ed29c0
note_alignment,Rachmaninoff/Preludes_op_23/4/ChenGuang12M_note_alignments/note_alignment.tsv,53502,c059b0a11c2590082ba4e6cc79181bf645815c4685bdf4707d389acbfd45f0fb
note_alignment,Rachmaninoff/Preludes_op_23/4/MorozovS09_note_alignments/note_alignment.tsv,52932,9c8a4b1f762083c8bbf37a3ce80378e93994f7346e100b32746329edc544556b
note_alignment,Rachmaninoff/Preludes_op_23/4/WuuE07M_note_alignments/note_alignment.tsv,52713,f7d7e57850cff8056d5766bb5094c28f23e28dbb2403a89784ec3e2e59cec031
note_alignment,Rachmaninoff/Preludes_op_23/6/Nikiforov14M_note_alignments/note_alignment.tsv,49117,a4d98908fec046a370b8082bb1b8875ce64fa43d95ea5ce1a759ec0fa1bddf23
note_alignment,Rachmaninoff/Preludes_op_32/10/Floril03_note_alignments/note_alignment.tsv,112719,1787e0855089fdc383a023ded89b919b5ba768f4c2bbd54ec2debb47d570df1f
note_alignment,Rachmaninoff/Preludes_op_32/10/FONG08_note_alignments/note_alignment.tsv,96809,261da18d1aaffa5102ce82006517adc0da518c31b4433ab95195f0c72a5fc73b
note_alignment,Rachmaninoff/Preludes_op_32/5/KorchinskayaKogan03_note_alignments/note_alignment.tsv,60017,04c71e63a75b31db65d30b8b2d632b61719a480af1b2761a5805f39b3b39e0eb
note_alignment,Rachmaninoff/Preludes_op_32/5/Namirovsky06M_note_alignments/note_alignment.tsv,58686,5903bd5f5ce16cbf42bd76bdc091ea80127f24e65d4b1a2e8129653db08fef06
note_alignment,Ravel/Gaspard_de_la_Nuit/1_Ondine/Albright01_note_alignments/note_alignment.tsv,192704,71cb87eea8f4cb1edf8ad368fa04dc0fafc75303dfe9f0b658c3e67ce061a294
note_alignment,Ravel/Gaspard_de_la_Nuit/1_Ondine/GarritsonL05_note_alignments/note_alignment.tsv,188359,d50cf95136c1f40fd1737b8e2bbaf7ddb55f84b37fbca52e0b8cc35aa59a0d22
note_alignment,Ravel/Gaspard_de_la_Nuit/1_Ondine/KharselM09_note_alignments/note_alignment.tsv,198331,98442eab9e71c30151a79a1a68348859dc7e1eaab4316ba3b923b5562d173b85
note_alignment,Ravel/Gaspard_de_la_Nuit/1_Ondine/KotysV11_note_alignments/note_alignment.tsv,193848,4d63cd38cfba592890d5cd01312ea56f71a799958797079a424fad8cd8873096
note_alignment,Ravel/Gaspard_de_la_Nuit/1_Ondine/Ladid03_note_alignments/note_alignment.tsv,195930,eb7aa69b6da66b9c0a46332ce8fd0524e256ebc1f661dbed579365476f788009
note_alignment,Ravel/Gaspard_de_la_Nuit/1_Ondine/LiYZ08_note_alignments/note_alignment.tsv,192865,bf7483ef6aa3ea8afba484e1ce47838d0b711397a38ddc3f21beef16dfa2eaca
note_alignment,Ravel/Gaspard_de_la_Nuit/1_Ondine/WangY09_note_alignments/note_alignment.tsv,191343,99a12ad92ed458757c46129f6f491af4228cf4b043f5ec886bb265784ac6146e
note_alignment,Ravel/Miroirs/3_Une_Barque/DupreeF20_note_alignments/note_alignment.tsv,215284,9e0e5b891c56bc6991edc3b4558de41428970638676bb8b7466e5896ce5558f3
note_alignment,Ravel/Miroirs/3_Une_Barque/KimHJ08_note_alignments/note_alignment.tsv,207836,d3a621832e5b9ee76bba1020adf9f429377a4a25b076769c0176bfb7088208fe
note_alignment,Ravel/Miroirs/3_Une_Barque/ShevchenkoO07_note_alignments/note_alignment.tsv,200352,12322d2ecdbdb375d5fb86c889985211c4a6053eb4201ffc34854785d36771a0
note_alignment,Ravel/Miroirs/4_Alborada_del_gracioso/Chan02_note_alignments/note_alignment.tsv,182686,a748a384535372c6cf8c7b8e477a7549796199bc7945f3f14309475bb37a74cf
note_alignment,Ravel/Miroirs/4_Alborada_del_gracioso/CHOE02_note_alignments/note_alignment.tsv,202715,4107fabcd0be73b225c5845581415c84d89c31270ac69db9dcd9112037e0c8ea
note_alignment,Ravel/Miroirs/4_Alborada_del_gracioso/DupreeF21_note_alignments/note_alignment.tsv,188431,7fc20ddacd974d7485c17c5a348dced895c58dcf1460325b8562d18ba1987faa
note_alignment,Ravel/Miroirs/4_Alborada_del_gracioso/HUAN_J07_note_alignments/note_alignment.tsv,186819,9ab10cadaabd2bc0ff3154b218c188636613c2eb03f7f7d65e7305efef0b89d7
note_alignment,Ravel/Miroirs/4_Alborada_del_gracioso/KimHJ09_note_alignments/note_alignment.tsv,181400,8b8ad50d8d4c86abc15b0045d74ef37f623cd35245d1ed51907e06129075b465
note_alignment,Ravel/Miroirs/4_Alborada_del_gracioso/LeeN11_note_alignments/note_alignment.tsv,175717,ddc4b13edf0bc6424b88b2ab5d2892b21b83298959147f481c63466ca8ccd9a0
note_alignment,Ravel/Miroirs/4_Alborada_del_gracioso/Shamray04_note_alignments/note_alignment.tsv,186925,6a533d6f2ebb33d0c1e6240ee7bd7dd0d2ceed666018311fb13727bd2d942ec9
note_alignment,Ravel/Miroirs/4_Alborada_del_gracioso/Shamray08_note_alignments/note_alignment.tsv,201809,90dc41a8b3a875102f81db7cfc1e076b4460a352856f2aca1df82faa95ae7200
note_alignment,Ravel/Miroirs/4_Alborada_del_gracioso/ShevchenkoO08_note_alignments/note_alignment.tsv,180295,338d948e850e1b26551fc95f31b8bf68de734c1cf6e1e8019910639243ca5ead
note_alignment,Ravel/Miroirs/4_Alborada_del_gracioso/Zhdanov09_note_alignments/note_alignment.tsv,185360,95b307cdee098d2da2f91c5b351ed28231e8f4b84ab8e9c81a4eafc628fec317
note_alignment,Ravel/Pavane/ChenS03_note_alignments/note_alignment.tsv,71969,b82409d5c50e97f233f1ec7dc445d372e61e4c6dedefe904c5bca4a2926d60b7
note_alignment,Ravel/Pavane/Zhdanov08_note_alignments/note_alignment.tsv,71774,c408f7cb13e4ff5ad8414e87499a828b0620d40023552e6ecf1bc9aafe5a039c
note_alignment,Schubert/Impromptu_op.90_D.899/1/Duepree08M_note_alignments/note_alignment.tsv,203611,0deb4418266d416f264b88f560b736e75928bc8565aa4c9cd6f6d7157055919e
note_alignment,Schubert/Impromptu_op.90_D.899/1/Jin05M_note_alignments/note_alignment.tsv,201773,c10d22df92fd2ad774a1369d130322b316089c125e64124a40c4c11ca5d39acd
note_alignment,Schubert/Impromptu_op.90_D.899/1/Sun03_note_alignments/note_alignment.tsv,203371,026fbb22dcbe5e45c44fa01a3f6785e5ef228b1a5b13194d5b86e0ab4b84f4a7
note_alignment,Schubert/Impromptu_op.90_D.899/1/Teo06M_note_alignments/note_alignment.tsv,200074,4e34b36b1ade69bc59775e044f98f43f617b92c284b4ae1ed514703a98557a21
note_alignment,Schubert/Impromptu_op.90_D.899/2/Denisova11M_note_alignments/note_alignment.tsv,130538,e5ba5616d0e6d1c31ea982a195ae14594b1d56c5b3fc50b3ecc0e5d3869f4c34
note_alignment,Schubert/Impromptu_op.90_D.899/2/Dossin03_note_alignments/note_alignment.tsv,131893,3bf6b26bd234d5acf0f51e6ead6509bb8ea494f2eeb8c6a641e2bcadf17d0556
note_alignment,Schubert/Impromptu_op.90_D.899/2/FaB06M_note_alignments/note_alignment.tsv,130371,9f530ca57261e0065a27404d29bd5f1d762043a28c99c42439da79f4d2a164d5
note_alignment,Schubert/Impromptu_op.90_D.899/2/HuNY06M_note_alignments/note_alignment.tsv,130413,22b9ce4393751023a7a12ba2c48ace4b4262bcfa5d3f4e900c26caf136a92100
note_alignment,Schubert/Impromptu_op.90_D.899/2/KaiRuiR05M_note_alignments/note_alignment.tsv,130425,dabb3307d68ca1e8968b540fb5bce4c9f7edc86bc103af527d8a65f5a2797d9b
note_alignment,Schubert/Impromptu_op.90_D.899/2/Levitsky09M_note_alignments/note_alignment.tsv,129600,ed1bab6aaf916b7b9cbf3d168a423362950e7b7b026c812781235645c450e854
note_alignment,Schubert/Impromptu_op.90_D.899/2/Nikiforov09M_note_alignments/note_alignment.tsv,130017,eabd2cf3d73f0a1b3a6afec3a7f60318ae7807963bfda2bf5b21325ed0dda32e
note_alignment,Schubert/Impromptu_op.90_D.899/3/Hou06M_note_alignments/note_alignment.tsv,107020,eaa766e59b7a49ad7d66b36227fc2230b6bffff3872194272d02413bbf31878d
note_alignment,Schubert/Impromptu_op.90_D.899/3/JeonH06M_note_alignments/note_alignment.tsv,106172,d310cbe52202b8a280ab9c6f93403f7279493c059349b1a471f8695df158331d
note_alignment,Schubert/Impromptu_op.90_D.899/3/Ko08M_note_alignments/note_alignment.tsv,105949,dc934b9632ba32a20ba4d1909be70890dc94950de7469aa399d1a319eb5b47fa
note_alignment,Schubert/Impromptu_op.90_D.899/3/Kociuban10M_note_alignments/note_alignment.tsv,107229,b885549860ac1e0082fb4ca08d58b188f385b4cb0a4015ff99d45d52da8687ed
note_alignment,Schubert/Impromptu_op.90_D.899/3/LEE_K04M_note_alignments/note_alignment.tsv,106149,b86906290e48faa30a45230faa1727fb2bca147b398b5160a132a14e4229b042
note_alignment,Schubert/Impromptu_op.90_D.899/3/LeeSH08M_note_alignments/note_alignment.tsv,106174,13fe116a27f7e92d28ca9eacd61344775120ecc11b5da89354b634dcf01c6d2c
note_alignment,Schubert/Impromptu_op.90_D.899/3/Mizumoto07M_note_alignments/note_alignment.tsv,105763,905f57997218e4fc8d1c8ad020b8b2f9cfb5aac14bc55e4084a8fc78c7bdd7ba
note_alignment,Schubert/Impromptu_op.90_D.899/3/Sham06_note_alignments/note_alignment.tsv,106043,488e9df932149ce600960d925c64c082267cd056c94b4e6880d49b5eb6d1b0e7
note_alignment,Schubert/Impromptu_op.90_D.899/3/Woo10M_note_alignments/note_alignment.tsv,105747,74c35eb68db83239f3b719bc35e25ac02257eadc4b45da41b76da3d60d8df16f
note_alignment,Schubert/Impromptu_op.90_D.899/3/WuuE10M_note_alignments/note_alignment.tsv,106061,16ffe5071e08dcb126a2c532e4581c0949d91df2db0a6df8145c83feecc40000
note_alignment,Schubert/Impromptu_op.90_D.899/3/ZhangW07M_note_alignments/note_alignment.tsv,106479,fdf76975c44aec83e92deee65b0df1dd2c3b5463608c955139a5588047fca668
note_alignment,Schubert/Impromptu_op.90_D.899/3/ZhaoK10M_note_alignments/note_alignment.tsv,106750,ea71fbbe818613b618d0cb568b6f83430b8743097389caea225bca2b0174a967
note_alignment,Schubert/Impromptu_op.90_D.899/4/Dossin04_note_alignments/note_alignment.tsv,229365,067b3edc092494c1681ef98d3d4568a8ade0898d85053f8c2ef70056f6aa9cae
note_alignment,Schubert/Impromptu_op.90_D.899/4_no_repeat/Huang10M_note_alignments/note_alignment.tsv,178056,1fbb6be930caa36962b9b832ecef235f4b1ab996d521524a79d0e038c7a8abcf
note_alignment,Schubert/Impromptu_op.90_D.899/4_no_repeat/Lin11M_note_alignments/note_alignment.tsv,177337,7e0dbc4669fbc207955be1239dd5cfca57a63f625bdf667fc606ff562dc2c27a
note_alignment,Schubert/Impromptu_op.90_D.899/4_no_repeat/LuoJ09M_note_alignments/note_alignment.tsv,179263,f4571c8fe89813ed446f9e30a486fa1c1b207a9f045748f1b8d6cb285ab0dc27
note_alignment,Schubert/Impromptu_op.90_D.899/4_no_repeat/WongWY08M_note_alignments/note_alignment.tsv,182459,2acf3f5e863f14b0840462e9f303797f716806c18e5c7070f5caf2ef96b1c3f5
note_alignment,Schubert/Impromptu_op142/1/Kleisen02_note_alignments/note_alignment.tsv,245199,7fc30e98da118e4cfd04ceab2164c07b0ab7322191fa7b924e01c01d40bbb810
note_alignment,Schubert/Impromptu_op142/1/Kleisen10M_note_alignments/note_alignment.tsv,245023,22d679d24a3f0292571f25f2949d649373c46deb4e190d932d58dfdfc797a325
note_alignment,Schubert/Impromptu_op142/1/Ozaki07M_note_alignments/note_alignment.tsv,246040,75641f97a70411aeb0378b465a0df004cf1e9f90a500b0648e11d97f35643b15
note_alignment,Schubert/Impromptu_op142/3/Cui04_note_alignments/note_alignment.tsv,261852,bede27682ba0d39cf822b04b06e93bc819294fddb75eb8359dc555c1219a234f
note_alignment,Schubert/Impromptu_op142/3/Lin05_note_alignments/note_alignment.tsv,266072,47f9b856eb5a2d08a9bedbc1627655a982334c0a39fefb3e9c302173e3935afe
note_alignment,Schubert/Impromptu_op142/3/Richardson07M_note_alignments/note_alignment.tsv,267840,b391340476726689ebc9670154331c55858fd50375f6898400523fbfce6c4ff9
note_alignment,Schubert/Impromptu_op142/3/RichardsonC06M_note_alignments/note_alignment.tsv,264248,27fe64963ec9711e6427f93869cbd9ea159347d5e1d76861fac3a506461a2693
note_alignment,Schubert/Impromptu_op142/3/SunY08M_note_alignments/note_alignment.tsv,277215,0e5249f1c20c7bcb865ce5766b022c687c9b11f637eef389e7970b8b99cc927e
note_alignment,Schubert/Impromptu_op142/3/Tuncali02_note_alignments/note_alignment.tsv,264608,c8b80afad2016f99cb062d2302ee8e78d3db193d1ee731e3e035977648021454
note_alignment,Schubert/Impromptu_op142/3/WangH06M_note_alignments/note_alignment.tsv,264421,9cc9cccd88f061eb9ad776c3b36e32603e37bb117d930567dcdea32068e342c0
note_alignment,Schubert/Impromptu_op142/3/YoungS06M_note_alignments/note_alignment.tsv,265808,835cdefffce11fa391e48d3fa44e51a357f0c1c0fed2983f24860a79f0165e47
note_alignment,Schubert/Moment_Musical_no_1/MunA10M_note_alignments/note_alignment.tsv,105261,4515fd3a68a5ff0e7b9a65a8735d764f80ce38b2413d93d32c4e3bcae38e1023
note_alignment,Schubert/Moment_musical_no_3/Tetzloff09M_note_alignments/note_alignment.tsv,39933,5c59fd364d385e6e2ae67d0dbf7cf4d17996f99811a774f793f34c7d44173be2
note_alignment,Schubert/Piano_Sonatas/664-1/BuiJL06M_note_alignments/note_alignment.tsv,95843,1f99ebd910cc474cbcbcfc18de2bcd31cc3cee91c01653da85b659460f9747a4
note_alignment,Schubert/Piano_Sonatas/664-1/KabuliL10M_note_alignments/note_alignment.tsv,97387,401c7f502b2e15569219df52de2079152d79eb65b4f9c7175109295685bdf579
note_alignment,Schubert/Piano_Sonatas/664-1/Lin07_note_alignments/note_alignment.tsv,97112,dd7051c47d27113b32648fbd41cfd44c0d1d00ebcaff994ffb4cfce997b81db6
note_alignment,Schubert/Piano_Sonatas/664-1/Mo10M_note_alignments/note_alignment.tsv,96486,e7a9364e7884ee32b67a613544d2ef49cb263acfc3e81d80a4a02244e640a330
note_alignment,Schubert/Piano_Sonatas/664-2/KabuliL11_note_alignments/note_alignment.tsv,52367,baeec260f84910e0ad438db661042b199146ad8f34aa68a1a500c3690da3ffc4
note_alignment,Schubert/Piano_Sonatas/664-2/Lin07_note_alignments/note_alignment.tsv,54221,ed885828faa5dc1d5f371e7bd8ae41c8012a17ba0e1fcbbb14e9fab59d150bbc
note_alignment,Schubert/Piano_Sonatas/664-3/KabuliL12M_note_alignments/note_alignment.tsv,137098,32b745be0c31cbf30adcfcdde50065d0c9734619ae1600544d8a077497bdd87d
note_alignment,Schubert/Piano_Sonatas/664-3/Lin07_note_alignments/note_alignment.tsv,143911,a64a0792211fb73c5b26b27e455676547cd848050949eba35824d97a1cf3e0af
note_alignment,Schubert/Piano_Sonatas/894-2/KimSY16_note_alignments/note_alignment.tsv,131010,96a7f4cb6948cc494d3f93b6743833af0456f0f2cf59bd5a1bea0e8121170057
note_alignment,Schubert/Piano_Sonatas/894-2/LEE_K08_note_alignments/note_alignment.tsv,133158,46ddf90e348f3abf4e29ce28c52e35321aba7e708a0f1895a9c7aa7c2403f7d6
note_alignment,Schubert/Piano_Sonatas/894-2/Yeletskiy08M_note_alignments/note_alignment.tsv,131493,1ebfb14347500655f4c5c07dbefcfa6ed752a839e17f82f508fd46a14f404d1b
note_alignment,Schubert/Piano_Sonatas/894-2_no_repeat/BianF14_note_alignments/note_alignment.tsv,120579,7d28b90219d2c2b10dbd3c9b40d25219f9f63a3c2e9ee741b303bbcefc72b860
note_alignment,Schubert/Piano_Sonatas/894-2_no_repeat/Chan01_note_alignments/note_alignment.tsv,122818,d5434d47fdae539cb78af7d8466f9761e05709e427b366c7e5bd38dc1dccaf36
note_alignment,Schubert/Piano_Sonatas/894-2_no_repeat/CHEN11M_note_alignments/note_alignment.tsv,121596,e06fff47e8e1192250c3175c799f2b16cafd4d499706205246550d68bbedda13
note_alignment,Schubert/Piano_Sonatas/894-2_no_repeat/HouY09_note_alignments/note_alignment.tsv,118431,d3c3ac5b13fe05bdc9510d13051531ac51d4669ffb441e436328de43621af08a
note_alignment,Schubert/Piano_Sonatas/894-2_no_repeat/Lee10M_note_alignments/note_alignment.tsv,122886,88bed300507c6e77028ea7a664041bc40b662ec0c901cfa5e0d3eddc3d8ef813
note_alignment,Schubert/Piano_Sonatas/894-2_no_repeat/SINKEV12M_note_alignments/note_alignment.tsv,124608,bd8db419994ecba5e8333ec5532bb9abb80a2e0001410bd76f51a01863b56d28
note_alignment,Schubert/Wanderer_fantasie/Kolessova02_note_alignments/note_alignment.tsv,664100,3b3ef69f5738b301a4e2ea3ecd712757ceee61c70a2ba8e3fdb35e3c3587d01e
note_alignment,Schubert/Wanderer_fantasie/Larionova05M_note_alignments/note_alignment.tsv,651209,b685716a5376d239fb07560b9c59428e6f73dca254339eea2df9ba1cdbd39aea
note_alignment,Schubert/Wanderer_fantasie/SunY10M_note_alignments/note_alignment.tsv,656814,a7d00a44f98184b613eb35df2feefa12caa449956b820deb8ee8107e3627dafa
note_alignment,Schumann/Arabeske/Min09M_note_alignments/note_alignment.tsv,109632,89e879cfc4b2b6c2ee99988f84cc4c6c93d732db7c9a84d2e865deeee8da6a6c
note_alignment,Schumann/Arabeske/ParkS15M_note_alignments/note_alignment.tsv,108346,b797ee4be2853074bcec660c6724f2df814ec5c157561ac7e894a38f52d1c1f3
note_alignment,Schumann/Kreisleriana/1/ParkJH04M_note_alignments/note_alignment.tsv,71899,08d09743ae3d20f0c66d29459e101742a732d7310930a563936cbe767c64933a
note_alignment,Schumann/Kreisleriana/1/Yarden09M_note_alignments/note_alignment.tsv,71555,47750e56b79f73b8f96ba9aa38c8056e4a4482f82a7a9dc6e14d00dc7a186663
note_alignment,Schumann/Kreisleriana/1_no_first_repeat/JohannsonP02M_note_alignments/note_alignment.tsv,55597,2e1c558dee8e60455a1f6bc4cd5011593eeda1eeb3e0b0d378340c419649c425
note_alignment,Schumann/Kreisleriana/2/JohannsonP03_note_alignments/note_alignment.tsv,138555,0123e2ca34d8d4b58e942e98f5efe71affffcd54124fda825ea7518eb92e8312
note_alignment,Schumann/Kreisleriana/2/ParkJH05_note_alignments/note_alignment.tsv,143295,68d33f931f249d87ca2f4c994f1ab7f28ad31a67217b1aa1d13f91425feeb3fb
note_alignment,Schumann/Kreisleriana/2/Yarden09_note_alignments/note_alignment.tsv,141229,2c688429285cc1f52aca86b955dd1c8444ba05024a13b93b7599d57b23721982
note_alignment,Schumann/Kreisleriana/3/ParkJH06_note_alignments/note_alignment.tsv,82806,036debee01f61e1f4fed618db07df8928fbf4a75c8a4409a9e2b8750a0acea11
note_alignment,Schumann/Kreisleriana/3_no_repeat/JohannsonP04_note_alignments/note_alignment.tsv,71459,e3d799fe5fe87a2c3bac530a611a20cb8104bd06e6ad1d48f11d7b5d3cc6a0b5
note_alignment,Schumann/Kreisleriana/3_no_repeat/Yarden09_note_alignments/note_alignment.tsv,69700,41c1e7455b73d52649cf4ef6765bed78011ebb79ba3e651e14f5ab175d9fe34e
note_alignment,Schumann/Kreisleriana/4/ParkJH07_note_alignments/note_alignment.tsv,26843,9e9b5d780d325f06bdf3158eede8a56d6bc5e0f273e4da507851fbe3e348dda8
note_alignment,Schumann/Kreisleriana/4/Yarden09_note_alignments/note_alignment.tsv,26391,77f9916bb2a79202b032e514ceda4c70aff3df13c8a7bc182a32046ef6a79ae7
note_alignment,Schumann/Kreisleriana/5/JohannsonP06_note_alignments/note_alignment.tsv,72751,b812ffd9207656215bf6f989d36e3a194d8a9f803a683d9930ad6e4b0b57c614
note_alignment,Schumann/Kreisleriana/5/ParkJH08_note_alignments/note_alignment.tsv,73424,0dfca79fd40098ad91e3359886e273421d7f3652c7770bdfa826560d946be34e
note_alignment,Schumann/Kreisleriana/5/Yarden09_note_alignments/note_alignment.tsv,71929,9299853dd12f972fa305d1b704f4507b8c1676883a2c11d95d2e3e794429fa8d
note_alignment,Schumann/Kreisleriana/6/JohannsonP07_note_alignments/note_alignment.tsv,27661,0d5f0bc9291f33e5fa9b5837e1a720ba33fcc2b900fca06f11084eabd466714d
note_alignment,Schumann/Kreisleriana/6/ParkJH09_note_alignments/note_alignment.tsv,28072,6c8e1bd9922f13a1e6c7b38fcd961f31c60ca9f2df0ab746d8a78e40bab69b72
note_alignment,Schumann/Kreisleriana/6/Yarden09_note_alignments/note_alignment.tsv,27927,dc87d00b3a0f3dc16fbb2325a6d85ad831bdd45bd1141dc805737d33200e9a69
note_alignment,Schumann/Kreisleriana/7/JohannsonP08_note_alignments/note_alignment.tsv,61466,0bbf5a469585f0397584bf03458c005576f791371acc1a50e50a81b520189a66
note_alignment,Schumann/Kreisleriana/7/ParkJH10_note_alignments/note_alignment.tsv,60218,8ab396280117a9d74ef83a17086fb381e9c904e3374bc08f72586a71959e9ad3
note_alignment,Schumann/Kreisleriana/7/Yarden09_note_alignments/note_alignment.tsv,60226,f096e5d0a0876ac44277667bd0d0a9b1c4cd2d0cdfa86018ca93fd69e7065cbb
note_alignment,Schumann/Toccata/BENABD04_note_alignments/note_alignment.tsv,265017,41fb99d6ef4aef678744193b34b0ae39beae56ea1ac6cb86333f2001001e530d
note_alignment,Schumann/Toccata/BENABD10_note_alignments/note_alignment.tsv,268498,7917db8157a2fb5187c80faa196aef1681d9e79e028e3cc8e8e51374d04d323a
note_alignment,Schumann/Toccata/Dulu03_note_alignments/note_alignment.tsv,260344,93154c8d3b3cc802572a506f4dd4b7a633c2372e627238c96ba036e3d2c26bbe
note_alignment,Schumann/Toccata/DupreeF13M_note_alignments/note_alignment.tsv,257383,a6d945273e092ac757c9599d71de09e2b47dd5174e8db0d5e4d54e1d4533d480
note_alignment,Schumann/Toccata_repeat/WangY07M_note_alignments/note_alignment.tsv,344431,c7eab422419e02bcf1b120105e5e02d6f781226d336b76a8099f973be8bbb5df
note_alignment,Schumann/Toccata_repeat/Zhdanov06_note_alignments/note_alignment.tsv,337977,c7b410428ca0c122da147d0f5193cd5327935e37f4f3598c7edce257a06bc30a
note_alignment,Scriabin/Etudes_op_8/11/Shi03_note_alignments/note_alignment.tsv,54117,8625c2919b36081f858f138e967e695dadaf5c928720c894d4df88ddaf5c8d84
note_alignment,Scriabin/Etudes_op_8/11/Shi08M_note_alignments/note_alignment.tsv,53255,4e65ae1d05b099d8a87a29df3da10fe047a1a37c126ea59e2fb93ca16932afc6
note_alignment,Scriabin/Etudes_op_8/11/YeF09_note_alignments/note_alignment.tsv,56740,f62e6a6a067dae035464e8a6ce5d45a19252d71fff5687a997d2a2ac54b70635
note_alignment,Scriabin/Sonatas/5/ChernovA06M_note_alignments/note_alignment.tsv,428923,7e86917de30600b51488b7ffa81dbae8a1b391c0ebdcf16aea86992f5daf6edb
note_alignment,Scriabin/Sonatas/5/FaB05M_note_alignments/note_alignment.tsv,317359,312d451ce03e467ca4d342ac393cd6473306da20933664cce7b2b4b3725952c3
note_alignment,Scriabin/Sonatas/5/FALIKS06_note_alignments/note_alignment.tsv,376791,10e4132d7664bac66faf61ca1060ec2571add439cdf7c0a8b0986054c3918048
note_alignment,Scriabin/Sonatas/5/GarritsonL06M_note_alignments/note_alignment.tsv,333173,de9bb954c9b2cddb4337ccd91f7421bf9b098822f3407b033ccf84eadba0331d
note_alignment,Scriabin/Sonatas/5/Ko07M_note_alignments/note_alignment.tsv,407631,84e5ae7ae2a3abcc5ea1e10c24f517f6459171b86c3b14a334dd5ef377ab4089
note_alignment,Scriabin/Sonatas/5/Na03_note_alignments/note_alignment.tsv,335756,d45e3374034700fd5bb268522730f11132a489fbf2a08a7ac57b38306ec3793b
note_alignment,Scriabin/Sonatas/5/Na07M_note_alignments/note_alignment.tsv,330016,547a58b103baf300dea0c4473d21c1506c13153e68f4444680ee34ecf3c851e9
note_alignment,Scriabin/Sonatas/5/TET02_note_alignments/note_alignment.tsv,325323,2e7a0df0cc531ad86b46c73b0db71aeaa165dcdeebb25142e11c7bc8636c47b4
note_alignment,Scriabin/Sonatas/5/Yeletskiy02_note_alignments/note_alignment.tsv,314141,04106e128ae89066d47d74b733f0d652b0f015226b01253373222318f2ac7f71
note_alignment,Scriabin/Sonatas/5/Yeletskiy07M_note_alignments/note_alignment.tsv,312889,3267b094c8f0ff3efa3d1d9b72e5193daebc29605fbe3f019d26621a17bffafc
